theta,largeur
0.0,5.224826021786458
0.5235987755982988,6.28686874653451
1.0471975511965976,7.564791338762738
1.5707963267948966,9.102475382608285
2.0943951023931953,10.952722207476137
2.617993877991494,13.179065991581542
3.141592653589793,15.857955412390975
3.665191429188092,19.081378757949622
4.1887902047863905,22.960022640739293
4.71238898038469,27.62707277867102
5.235987755982988,33.24278735525708
5.759586531581287,40.0
