x_or,y_or
0.07781868075936593,0.0
0.0810918214605666,0.046818384949335184
0.05633508941232779,0.09757523711108722
8.30142023786424e-18,0.13557248087602095
-0.08156505014287325,0.14127481096935968
-0.1699915346563357,0.09814465829379311
-0.23618875816867324,2.8924780668585396e-17
-0.2461231213573589,-0.14209925036946197
-0.17098355664449452,-0.2961522073670953
-7.558733139207572e-17,-0.4114782670110956
0.24755942551611745,-0.4287855028864793
0.5159441033679385,-0.2978804669662798
