x_ce,y_ce
0.3973395331104042,0.0
0.4140520780331502,0.23905307871096315
0.28764504751814535,0.4982158368469916
4.238676895160865e-17,0.6922284691573108
-0.4164683675647554,0.721344372367427
-0.8679709852950723,0.5011232820088951
-1.2059717535801548,1.4768894478840572e-16
-1.2566962736134306,-0.7255539318603131
-0.8730362157739742,-1.512143082568187
-3.859463392506049e-16,-2.1009940145970565
1.2640299937212078,-2.189364171416105
2.6343930164687257,-1.5209675172094907
