ISO-10303-21;
HEADER;
/****************************************************************
 * Generated by software with PDE/Lib inside                    *
 * PDElib Version v51a, created Fri 12/12/2008                  *
 * International Technegroup Inc. (www.iti-oh.com)              *
 ****************************************************************/
FILE_DESCRIPTION((''),'2;1');
FILE_NAME('G:\\Makerbeam\\PARTS\\100281.stp','2015-07-14T02:28:52',('Jeff'),(''),'Autodesk Inventor 2010','Autodesk Inventor 2010','');
FILE_SCHEMA(('CONFIG_CONTROL_DESIGN'));
ENDSEC;
DATA;
#5=APPLICATION_CONTEXT('configuration controlled 3D designs of mechanical parts and assemblies');
#6=APPLICATION_PROTOCOL_DEFINITION('International Standard','configuration_control_3d_design_ed2_mim_lf',2004,#5);
#7=PRODUCT_CONTEXT('',#5,'mechanical');
#8=PRODUCT('100281','100281',$,(#7));
#9=PRODUCT_RELATED_PRODUCT_CATEGORY('part',$,(#8));
#10=PRODUCT_DEFINITION_FORMATION('',$,#8);
#11=PRODUCT_DEFINITION_CONTEXT('part definition',#5,'design');
#12=PRODUCT_DEFINITION('',$,#10,#11);
#18=(NAMED_UNIT(*)PLANE_ANGLE_UNIT()SI_UNIT($,.RADIAN.));
#19=DIMENSIONAL_EXPONENTS(0.0,0.0,0.0,0.0,0.0,0.0,0.0);
#20=PLANE_ANGLE_MEASURE_WITH_UNIT(PLANE_ANGLE_MEASURE(0.017453292500000),#18);
#24=(CONVERSION_BASED_UNIT('DEGREE',#20)NAMED_UNIT(#19)PLANE_ANGLE_UNIT());
#28=(NAMED_UNIT(*)SI_UNIT($,.STERADIAN.)SOLID_ANGLE_UNIT());
#32=(LENGTH_UNIT()NAMED_UNIT(*)SI_UNIT(.MILLI.,.METRE.));
#34=UNCERTAINTY_MEASURE_WITH_UNIT(LENGTH_MEASURE(0.010000000000000),#32,'DISTANCE_ACCURACY_VALUE','');
#36=(GEOMETRIC_REPRESENTATION_CONTEXT(3)GLOBAL_UNCERTAINTY_ASSIGNED_CONTEXT((#34))GLOBAL_UNIT_ASSIGNED_CONTEXT((#24,#28,#32))REPRESENTATION_CONTEXT('None','None'));
#37=AXIS2_PLACEMENT_3D('',#38,#39,#40);
#38=CARTESIAN_POINT('',(0.0,0.0,0.0));
#39=DIRECTION('',(0.0,0.0,1.0));
#40=DIRECTION('',(1.0,0.0,0.0));
#41=SHAPE_REPRESENTATION('',(#37),#36);
#42=PRODUCT_DEFINITION_SHAPE('','',#12);
#43=SHAPE_DEFINITION_REPRESENTATION(#42,#41);
#49=(NAMED_UNIT(*)PLANE_ANGLE_UNIT()SI_UNIT($,.RADIAN.));
#50=DIMENSIONAL_EXPONENTS(0.0,0.0,0.0,0.0,0.0,0.0,0.0);
#51=PLANE_ANGLE_MEASURE_WITH_UNIT(PLANE_ANGLE_MEASURE(0.017453292500000),#49);
#55=(CONVERSION_BASED_UNIT('DEGREE',#51)NAMED_UNIT(#50)PLANE_ANGLE_UNIT());
#59=(NAMED_UNIT(*)SI_UNIT($,.STERADIAN.)SOLID_ANGLE_UNIT());
#63=(LENGTH_UNIT()NAMED_UNIT(*)SI_UNIT(.MILLI.,.METRE.));
#65=UNCERTAINTY_MEASURE_WITH_UNIT(LENGTH_MEASURE(0.000001000000000),#63,'DISTANCE_ACCURACY_VALUE','');
#67=(GEOMETRIC_REPRESENTATION_CONTEXT(3)GLOBAL_UNCERTAINTY_ASSIGNED_CONTEXT((#65))GLOBAL_UNIT_ASSIGNED_CONTEXT((#55,#59,#63))REPRESENTATION_CONTEXT('','3D'));
#68=CARTESIAN_POINT('',(4.113396042179270,10.713013404998438,-0.750000000000000));
#69=CARTESIAN_POINT('',(4.113396042179270,10.753532044175959,-0.750000000000000));
#70=CARTESIAN_POINT('',(4.046135101144589,10.808637393457383,-0.750000000000000));
#71=CARTESIAN_POINT('',(3.991029751863164,10.808637393457383,-0.750000000000000));
#72=CARTESIAN_POINT('',(4.113396042179270,10.713013404998438,-0.650000000000000));
#73=CARTESIAN_POINT('',(4.113396042179270,10.753532044175959,-0.650000000000000));
#74=CARTESIAN_POINT('',(4.046135101144589,10.808637393457383,-0.650000000000000));
#75=CARTESIAN_POINT('',(3.991029751863164,10.808637393457383,-0.650000000000000));
#76=B_SPLINE_SURFACE_WITH_KNOTS('',2,1,((#68,#72),(#69,#73),(#70,#74),(#71,#75)),.UNSPECIFIED.,.F.,.F.,.U.,(3,1,3),(2,2),(-2.0,-1.0,0.0),(0.0,0.010000000000000),.UNSPECIFIED.);
#77=CARTESIAN_POINT('',(3.991029751863164,10.808637393457383,-0.650000000000000));
#78=VERTEX_POINT('',#77);
#79=CARTESIAN_POINT('',(4.113396042179270,10.713013404998438,-0.650000000000000));
#80=VERTEX_POINT('',#79);
#81=CARTESIAN_POINT('',(3.991029751863164,10.808637393457383,-0.650000000000000));
#82=CARTESIAN_POINT('',(4.046135101144589,10.808637393457383,-0.650000000000000));
#83=CARTESIAN_POINT('',(4.113396042179270,10.753532044175959,-0.650000000000000));
#84=CARTESIAN_POINT('',(4.113396042179270,10.713013404998438,-0.650000000000000));
#85=QUASI_UNIFORM_CURVE('',2,(#81,#82,#83,#84),.UNSPECIFIED.,.F.,.U.);
#86=EDGE_CURVE('',#78,#80,#85,.T.);
#87=ORIENTED_EDGE('',*,*,#86,.T.);
#88=CARTESIAN_POINT('',(4.113396042179270,10.713013404998438,-0.750000000000000));
#89=VERTEX_POINT('',#88);
#90=CARTESIAN_POINT('',(4.113396042179270,10.713013404998438,-0.750000000000000));
#91=DIRECTION('',(0.0,0.0,1.0));
#92=VECTOR('',#91,0.100000000000000);
#93=LINE('',#90,#92);
#94=EDGE_CURVE('',#89,#80,#93,.T.);
#95=ORIENTED_EDGE('',*,*,#94,.F.);
#96=CARTESIAN_POINT('',(3.991029751863164,10.808637393457383,-0.750000000000000));
#97=VERTEX_POINT('',#96);
#98=CARTESIAN_POINT('',(3.991029751863164,10.808637393457383,-0.750000000000000));
#99=CARTESIAN_POINT('',(4.046135101144589,10.808637393457383,-0.750000000000000));
#100=CARTESIAN_POINT('',(4.113396042179270,10.753532044175959,-0.750000000000000));
#101=CARTESIAN_POINT('',(4.113396042179270,10.713013404998438,-0.750000000000000));
#102=QUASI_UNIFORM_CURVE('',2,(#98,#99,#100,#101),.UNSPECIFIED.,.F.,.U.);
#103=EDGE_CURVE('',#97,#89,#102,.T.);
#104=ORIENTED_EDGE('',*,*,#103,.F.);
#105=CARTESIAN_POINT('',(3.991029751863164,10.808637393457383,-0.750000000000000));
#106=DIRECTION('',(0.0,0.0,1.0));
#107=VECTOR('',#106,0.100000000000000);
#108=LINE('',#105,#107);
#109=EDGE_CURVE('',#97,#78,#108,.T.);
#110=ORIENTED_EDGE('',*,*,#109,.T.);
#111=EDGE_LOOP('',(#87,#95,#104,#110));
#112=FACE_OUTER_BOUND('',#111,.T.);
#113=ADVANCED_FACE('',(#112),#76,.T.);
#114=CARTESIAN_POINT('',(4.029927645473582,10.603613079219141,-0.750000000000000));
#115=CARTESIAN_POINT('',(4.072877403001751,10.623872398807899,-0.750000000000000));
#116=CARTESIAN_POINT('',(4.113396042179270,10.673305138604473,-0.750000000000000));
#117=CARTESIAN_POINT('',(4.113396042179270,10.713013404998438,-0.750000000000000));
#118=CARTESIAN_POINT('',(4.029927645473582,10.603613079219141,-0.650000000000000));
#119=CARTESIAN_POINT('',(4.072877403001751,10.623872398807899,-0.650000000000000));
#120=CARTESIAN_POINT('',(4.113396042179270,10.673305138604473,-0.650000000000000));
#121=CARTESIAN_POINT('',(4.113396042179270,10.713013404998438,-0.650000000000000));
#122=B_SPLINE_SURFACE_WITH_KNOTS('',2,1,((#114,#118),(#115,#119),(#116,#120),(#117,#121)),.UNSPECIFIED.,.F.,.F.,.U.,(3,1,3),(2,2),(-2.0,-1.0,0.0),(0.0,0.010000000000000),.UNSPECIFIED.);
#123=CARTESIAN_POINT('',(4.029927645473582,10.603613079219141,-0.650000000000000));
#124=VERTEX_POINT('',#123);
#125=CARTESIAN_POINT('',(4.113396042179270,10.713013404998438,-0.650000000000000));
#126=CARTESIAN_POINT('',(4.113396042179270,10.673305138604473,-0.650000000000000));
#127=CARTESIAN_POINT('',(4.072877403001751,10.623872398807899,-0.650000000000000));
#128=CARTESIAN_POINT('',(4.029927645473582,10.603613079219141,-0.650000000000000));
#129=QUASI_UNIFORM_CURVE('',2,(#125,#126,#127,#128),.UNSPECIFIED.,.F.,.U.);
#130=EDGE_CURVE('',#80,#124,#129,.T.);
#131=ORIENTED_EDGE('',*,*,#130,.T.);
#132=CARTESIAN_POINT('',(4.029927645473582,10.603613079219141,-0.750000000000000));
#133=VERTEX_POINT('',#132);
#134=CARTESIAN_POINT('',(4.029927645473582,10.603613079219141,-0.750000000000000));
#135=DIRECTION('',(0.0,0.0,1.0));
#136=VECTOR('',#135,0.100000000000000);
#137=LINE('',#134,#136);
#138=EDGE_CURVE('',#133,#124,#137,.T.);
#139=ORIENTED_EDGE('',*,*,#138,.F.);
#140=CARTESIAN_POINT('',(4.113396042179270,10.713013404998438,-0.750000000000000));
#141=CARTESIAN_POINT('',(4.113396042179270,10.673305138604473,-0.750000000000000));
#142=CARTESIAN_POINT('',(4.072877403001751,10.623872398807899,-0.750000000000000));
#143=CARTESIAN_POINT('',(4.029927645473582,10.603613079219141,-0.750000000000000));
#144=QUASI_UNIFORM_CURVE('',2,(#140,#141,#142,#143),.UNSPECIFIED.,.F.,.U.);
#145=EDGE_CURVE('',#89,#133,#144,.T.);
#146=ORIENTED_EDGE('',*,*,#145,.F.);
#147=ORIENTED_EDGE('',*,*,#94,.T.);
#148=EDGE_LOOP('',(#131,#139,#146,#147));
#149=FACE_OUTER_BOUND('',#148,.T.);
#150=ADVANCED_FACE('',(#149),#122,.T.);
#151=CARTESIAN_POINT('',(3.916475455776529,10.557421830556768,-0.750000000000000));
#152=CARTESIAN_POINT('',(3.959425213304699,10.573629286227778,-0.750000000000000));
#153=CARTESIAN_POINT('',(4.011289071451923,10.593888605816534,-0.750000000000000));
#154=CARTESIAN_POINT('',(4.029927645473582,10.603613079219141,-0.750000000000000));
#155=CARTESIAN_POINT('',(3.916475455776529,10.557421830556768,-0.650000000000000));
#156=CARTESIAN_POINT('',(3.959425213304699,10.573629286227778,-0.650000000000000));
#157=CARTESIAN_POINT('',(4.011289071451923,10.593888605816534,-0.650000000000000));
#158=CARTESIAN_POINT('',(4.029927645473582,10.603613079219141,-0.650000000000000));
#159=B_SPLINE_SURFACE_WITH_KNOTS('',2,1,((#151,#155),(#152,#156),(#153,#157),(#154,#158)),.UNSPECIFIED.,.F.,.F.,.U.,(3,1,3),(2,2),(-2.0,-1.0,0.0),(0.0,0.010000000000000),.UNSPECIFIED.);
#160=CARTESIAN_POINT('',(3.916475455776529,10.557421830556768,-0.650000000000000));
#161=VERTEX_POINT('',#160);
#162=CARTESIAN_POINT('',(4.029927645473582,10.603613079219141,-0.650000000000000));
#163=CARTESIAN_POINT('',(4.011289071451923,10.593888605816534,-0.650000000000000));
#164=CARTESIAN_POINT('',(3.959425213304699,10.573629286227778,-0.650000000000000));
#165=CARTESIAN_POINT('',(3.916475455776529,10.557421830556768,-0.650000000000000));
#166=QUASI_UNIFORM_CURVE('',2,(#162,#163,#164,#165),.UNSPECIFIED.,.F.,.U.);
#167=EDGE_CURVE('',#124,#161,#166,.T.);
#168=ORIENTED_EDGE('',*,*,#167,.T.);
#169=CARTESIAN_POINT('',(3.916475455776529,10.557421830556768,-0.750000000000000));
#170=VERTEX_POINT('',#169);
#171=CARTESIAN_POINT('',(3.916475455776529,10.557421830556768,-0.750000000000000));
#172=DIRECTION('',(0.0,0.0,1.0));
#173=VECTOR('',#172,0.100000000000000);
#174=LINE('',#171,#173);
#175=EDGE_CURVE('',#170,#161,#174,.T.);
#176=ORIENTED_EDGE('',*,*,#175,.F.);
#177=CARTESIAN_POINT('',(4.029927645473582,10.603613079219141,-0.750000000000000));
#178=CARTESIAN_POINT('',(4.011289071451923,10.593888605816534,-0.750000000000000));
#179=CARTESIAN_POINT('',(3.959425213304699,10.573629286227778,-0.750000000000000));
#180=CARTESIAN_POINT('',(3.916475455776529,10.557421830556768,-0.750000000000000));
#181=QUASI_UNIFORM_CURVE('',2,(#177,#178,#179,#180),.UNSPECIFIED.,.F.,.U.);
#182=EDGE_CURVE('',#133,#170,#181,.T.);
#183=ORIENTED_EDGE('',*,*,#182,.F.);
#184=ORIENTED_EDGE('',*,*,#138,.T.);
#185=EDGE_LOOP('',(#168,#176,#183,#184));
#186=FACE_OUTER_BOUND('',#185,.T.);
#187=ADVANCED_FACE('',(#186),#159,.T.);
#188=CARTESIAN_POINT('',(3.866232343196407,10.696805949327432,-0.750000000000000));
#189=CARTESIAN_POINT('',(3.866232343196407,10.655476937366364,-0.750000000000000));
#190=CARTESIAN_POINT('',(3.890543526702917,10.591457487465885,-0.750000000000000));
#191=CARTESIAN_POINT('',(3.916475455776529,10.557421830556768,-0.750000000000000));
#192=CARTESIAN_POINT('',(3.866232343196407,10.696805949327432,-0.650000000000000));
#193=CARTESIAN_POINT('',(3.866232343196407,10.655476937366364,-0.650000000000000));
#194=CARTESIAN_POINT('',(3.890543526702917,10.591457487465885,-0.650000000000000));
#195=CARTESIAN_POINT('',(3.916475455776529,10.557421830556768,-0.650000000000000));
#196=B_SPLINE_SURFACE_WITH_KNOTS('',2,1,((#188,#192),(#189,#193),(#190,#194),(#191,#195)),.UNSPECIFIED.,.F.,.F.,.U.,(3,1,3),(2,2),(-2.0,-1.0,0.0),(0.0,0.010000000000000),.UNSPECIFIED.);
#197=CARTESIAN_POINT('',(3.866232343196407,10.696805949327432,-0.650000000000000));
#198=VERTEX_POINT('',#197);
#199=CARTESIAN_POINT('',(3.916475455776529,10.557421830556768,-0.650000000000000));
#200=CARTESIAN_POINT('',(3.890543526702917,10.591457487465885,-0.650000000000000));
#201=CARTESIAN_POINT('',(3.866232343196407,10.655476937366364,-0.650000000000000));
#202=CARTESIAN_POINT('',(3.866232343196407,10.696805949327432,-0.650000000000000));
#203=QUASI_UNIFORM_CURVE('',2,(#199,#200,#201,#202),.UNSPECIFIED.,.F.,.U.);
#204=EDGE_CURVE('',#161,#198,#203,.T.);
#205=ORIENTED_EDGE('',*,*,#204,.T.);
#206=CARTESIAN_POINT('',(3.866232343196407,10.696805949327432,-0.750000000000000));
#207=VERTEX_POINT('',#206);
#208=CARTESIAN_POINT('',(3.866232343196407,10.696805949327432,-0.750000000000000));
#209=DIRECTION('',(0.0,0.0,1.0));
#210=VECTOR('',#209,0.100000000000000);
#211=LINE('',#208,#210);
#212=EDGE_CURVE('',#207,#198,#211,.T.);
#213=ORIENTED_EDGE('',*,*,#212,.F.);
#214=CARTESIAN_POINT('',(3.916475455776529,10.557421830556768,-0.750000000000000));
#215=CARTESIAN_POINT('',(3.890543526702917,10.591457487465885,-0.750000000000000));
#216=CARTESIAN_POINT('',(3.866232343196407,10.655476937366364,-0.750000000000000));
#217=CARTESIAN_POINT('',(3.866232343196407,10.696805949327432,-0.750000000000000));
#218=QUASI_UNIFORM_CURVE('',2,(#214,#215,#216,#217),.UNSPECIFIED.,.F.,.U.);
#219=EDGE_CURVE('',#170,#207,#218,.T.);
#220=ORIENTED_EDGE('',*,*,#219,.F.);
#221=ORIENTED_EDGE('',*,*,#175,.T.);
#222=EDGE_LOOP('',(#205,#213,#220,#221));
#223=FACE_OUTER_BOUND('',#222,.T.);
#224=ADVANCED_FACE('',(#223),#196,.T.);
#225=CARTESIAN_POINT('',(3.991029751863164,10.808637393457383,-0.750000000000000));
#226=CARTESIAN_POINT('',(3.933493284231087,10.808637393457383,-0.750000000000000));
#227=CARTESIAN_POINT('',(3.866232343196407,10.747859434691108,-0.750000000000000));
#228=CARTESIAN_POINT('',(3.866232343196407,10.696805949327432,-0.750000000000000));
#229=CARTESIAN_POINT('',(3.991029751863164,10.808637393457383,-0.650000000000000));
#230=CARTESIAN_POINT('',(3.933493284231087,10.808637393457383,-0.650000000000000));
#231=CARTESIAN_POINT('',(3.866232343196407,10.747859434691108,-0.650000000000000));
#232=CARTESIAN_POINT('',(3.866232343196407,10.696805949327432,-0.650000000000000));
#233=B_SPLINE_SURFACE_WITH_KNOTS('',2,1,((#225,#229),(#226,#230),(#227,#231),(#228,#232)),.UNSPECIFIED.,.F.,.F.,.U.,(3,1,3),(2,2),(-2.0,-1.0,0.0),(0.0,0.010000000000000),.UNSPECIFIED.);
#234=CARTESIAN_POINT('',(3.866232343196407,10.696805949327432,-0.650000000000000));
#235=CARTESIAN_POINT('',(3.866232343196407,10.747859434691108,-0.650000000000000));
#236=CARTESIAN_POINT('',(3.933493284231087,10.808637393457383,-0.650000000000000));
#237=CARTESIAN_POINT('',(3.991029751863164,10.808637393457383,-0.650000000000000));
#238=QUASI_UNIFORM_CURVE('',2,(#234,#235,#236,#237),.UNSPECIFIED.,.F.,.U.);
#239=EDGE_CURVE('',#198,#78,#238,.T.);
#240=ORIENTED_EDGE('',*,*,#239,.T.);
#241=ORIENTED_EDGE('',*,*,#109,.F.);
#242=CARTESIAN_POINT('',(3.866232343196407,10.696805949327432,-0.750000000000000));
#243=CARTESIAN_POINT('',(3.866232343196407,10.747859434691108,-0.750000000000000));
#244=CARTESIAN_POINT('',(3.933493284231087,10.808637393457383,-0.750000000000000));
#245=CARTESIAN_POINT('',(3.991029751863164,10.808637393457383,-0.750000000000000));
#246=QUASI_UNIFORM_CURVE('',2,(#242,#243,#244,#245),.UNSPECIFIED.,.F.,.U.);
#247=EDGE_CURVE('',#207,#97,#246,.T.);
#248=ORIENTED_EDGE('',*,*,#247,.F.);
#249=ORIENTED_EDGE('',*,*,#212,.T.);
#250=EDGE_LOOP('',(#240,#241,#248,#249));
#251=FACE_OUTER_BOUND('',#250,.T.);
#252=ADVANCED_FACE('',(#251),#233,.T.);
#253=CARTESIAN_POINT('',(4.076118894135953,10.407502865599948,-0.750000000000000));
#254=CARTESIAN_POINT('',(4.047755846711690,10.395347273846694,-0.750000000000000));
#255=CARTESIAN_POINT('',(3.974011923408606,10.366984226422431,-0.750000000000000));
#256=CARTESIAN_POINT('',(3.954562976603397,10.358070125803376,-0.750000000000000));
#257=CARTESIAN_POINT('',(4.076118894135953,10.407502865599948,-0.650000000000000));
#258=CARTESIAN_POINT('',(4.047755846711690,10.395347273846694,-0.650000000000000));
#259=CARTESIAN_POINT('',(3.974011923408606,10.366984226422431,-0.650000000000000));
#260=CARTESIAN_POINT('',(3.954562976603397,10.358070125803376,-0.650000000000000));
#261=B_SPLINE_SURFACE_WITH_KNOTS('',2,1,((#253,#257),(#254,#258),(#255,#259),(#256,#260)),.UNSPECIFIED.,.F.,.F.,.U.,(3,1,3),(2,2),(-2.0,-1.0,0.0),(0.0,0.010000000000000),.UNSPECIFIED.);
#262=CARTESIAN_POINT('',(3.954562976603397,10.358070125803376,-0.650000000000000));
#263=VERTEX_POINT('',#262);
#264=CARTESIAN_POINT('',(4.076118894135953,10.407502865599948,-0.650000000000000));
#265=VERTEX_POINT('',#264);
#266=CARTESIAN_POINT('',(3.954562976603397,10.358070125803376,-0.650000000000000));
#267=CARTESIAN_POINT('',(3.974011923408606,10.366984226422431,-0.650000000000000));
#268=CARTESIAN_POINT('',(4.047755846711690,10.395347273846694,-0.650000000000000));
#269=CARTESIAN_POINT('',(4.076118894135953,10.407502865599948,-0.650000000000000));
#270=QUASI_UNIFORM_CURVE('',2,(#266,#267,#268,#269),.UNSPECIFIED.,.F.,.U.);
#271=EDGE_CURVE('',#263,#265,#270,.T.);
#272=ORIENTED_EDGE('',*,*,#271,.T.);
#273=CARTESIAN_POINT('',(4.076118894135953,10.407502865599948,-0.750000000000000));
#274=VERTEX_POINT('',#273);
#275=CARTESIAN_POINT('',(4.076118894135953,10.407502865599948,-0.750000000000000));
#276=DIRECTION('',(0.0,0.0,1.0));
#277=VECTOR('',#276,0.100000000000000);
#278=LINE('',#275,#277);
#279=EDGE_CURVE('',#274,#265,#278,.T.);
#280=ORIENTED_EDGE('',*,*,#279,.F.);
#281=CARTESIAN_POINT('',(3.954562976603397,10.358070125803376,-0.750000000000000));
#282=VERTEX_POINT('',#281);
#283=CARTESIAN_POINT('',(3.954562976603397,10.358070125803376,-0.750000000000000));
#284=CARTESIAN_POINT('',(3.974011923408606,10.366984226422431,-0.750000000000000));
#285=CARTESIAN_POINT('',(4.047755846711690,10.395347273846694,-0.750000000000000));
#286=CARTESIAN_POINT('',(4.076118894135953,10.407502865599948,-0.750000000000000));
#287=QUASI_UNIFORM_CURVE('',2,(#283,#284,#285,#286),.UNSPECIFIED.,.F.,.U.);
#288=EDGE_CURVE('',#282,#274,#287,.T.);
#289=ORIENTED_EDGE('',*,*,#288,.F.);
#290=CARTESIAN_POINT('',(3.954562976603397,10.358070125803376,-0.750000000000000));
#291=DIRECTION('',(0.0,0.0,1.0));
#292=VECTOR('',#291,0.100000000000000);
#293=LINE('',#290,#292);
#294=EDGE_CURVE('',#282,#263,#293,.T.);
#295=ORIENTED_EDGE('',*,*,#294,.T.);
#296=EDGE_LOOP('',(#272,#280,#289,#295));
#297=FACE_OUTER_BOUND('',#296,.T.);
#298=ADVANCED_FACE('',(#297),#261,.T.);
#299=CARTESIAN_POINT('',(4.143379835170634,10.257583900643130,-0.750000000000000));
#300=CARTESIAN_POINT('',(4.143379835170634,10.303775149305501,-0.750000000000000));
#301=CARTESIAN_POINT('',(4.102050823209565,10.381570936526337,-0.750000000000000));
#302=CARTESIAN_POINT('',(4.076118894135953,10.407502865599948,-0.750000000000000));
#303=CARTESIAN_POINT('',(4.143379835170634,10.257583900643130,-0.650000000000000));
#304=CARTESIAN_POINT('',(4.143379835170634,10.303775149305501,-0.650000000000000));
#305=CARTESIAN_POINT('',(4.102050823209565,10.381570936526337,-0.650000000000000));
#306=CARTESIAN_POINT('',(4.076118894135953,10.407502865599948,-0.650000000000000));
#307=B_SPLINE_SURFACE_WITH_KNOTS('',2,1,((#299,#303),(#300,#304),(#301,#305),(#302,#306)),.UNSPECIFIED.,.F.,.F.,.U.,(3,1,3),(2,2),(-2.0,-1.0,0.0),(0.0,0.010000000000000),.UNSPECIFIED.);
#308=CARTESIAN_POINT('',(4.143379835170634,10.257583900643130,-0.650000000000000));
#309=VERTEX_POINT('',#308);
#310=CARTESIAN_POINT('',(4.076118894135953,10.407502865599948,-0.650000000000000));
#311=CARTESIAN_POINT('',(4.102050823209565,10.381570936526337,-0.650000000000000));
#312=CARTESIAN_POINT('',(4.143379835170634,10.303775149305501,-0.650000000000000));
#313=CARTESIAN_POINT('',(4.143379835170634,10.257583900643130,-0.650000000000000));
#314=QUASI_UNIFORM_CURVE('',2,(#310,#311,#312,#313),.UNSPECIFIED.,.F.,.U.);
#315=EDGE_CURVE('',#265,#309,#314,.T.);
#316=ORIENTED_EDGE('',*,*,#315,.T.);
#317=CARTESIAN_POINT('',(4.143379835170634,10.257583900643130,-0.750000000000000));
#318=VERTEX_POINT('',#317);
#319=CARTESIAN_POINT('',(4.143379835170634,10.257583900643130,-0.750000000000000));
#320=DIRECTION('',(0.0,0.0,1.0));
#321=VECTOR('',#320,0.100000000000000);
#322=LINE('',#319,#321);
#323=EDGE_CURVE('',#318,#309,#322,.T.);
#324=ORIENTED_EDGE('',*,*,#323,.F.);
#325=CARTESIAN_POINT('',(4.076118894135953,10.407502865599948,-0.750000000000000));
#326=CARTESIAN_POINT('',(4.102050823209565,10.381570936526337,-0.750000000000000));
#327=CARTESIAN_POINT('',(4.143379835170634,10.303775149305501,-0.750000000000000));
#328=CARTESIAN_POINT('',(4.143379835170634,10.257583900643130,-0.750000000000000));
#329=QUASI_UNIFORM_CURVE('',2,(#325,#326,#327,#328),.UNSPECIFIED.,.F.,.U.);
#330=EDGE_CURVE('',#274,#318,#329,.T.);
#331=ORIENTED_EDGE('',*,*,#330,.F.);
#332=ORIENTED_EDGE('',*,*,#279,.T.);
#333=EDGE_LOOP('',(#316,#324,#331,#332));
#334=FACE_OUTER_BOUND('',#333,.T.);
#335=ADVANCED_FACE('',(#334),#307,.T.);
#336=CARTESIAN_POINT('',(3.982115651244109,10.104423444552108,-0.750000000000000));
#337=CARTESIAN_POINT('',(4.054238828980093,10.104423444552108,-0.750000000000000));
#338=CARTESIAN_POINT('',(4.143379835170634,10.187891841257798,-0.750000000000000));
#339=CARTESIAN_POINT('',(4.143379835170634,10.257583900643130,-0.750000000000000));
#340=CARTESIAN_POINT('',(3.982115651244109,10.104423444552108,-0.650000000000000));
#341=CARTESIAN_POINT('',(4.054238828980093,10.104423444552108,-0.650000000000000));
#342=CARTESIAN_POINT('',(4.143379835170634,10.187891841257798,-0.650000000000000));
#343=CARTESIAN_POINT('',(4.143379835170634,10.257583900643130,-0.650000000000000));
#344=B_SPLINE_SURFACE_WITH_KNOTS('',2,1,((#336,#340),(#337,#341),(#338,#342),(#339,#343)),.UNSPECIFIED.,.F.,.F.,.U.,(3,1,3),(2,2),(-2.0,-1.0,0.0),(0.0,0.010000000000000),.UNSPECIFIED.);
#345=CARTESIAN_POINT('',(3.982115651244110,10.104423444552108,-0.650000000000000));
#346=VERTEX_POINT('',#345);
#347=CARTESIAN_POINT('',(4.143379835170634,10.257583900643130,-0.650000000000000));
#348=CARTESIAN_POINT('',(4.143379835170634,10.187891841257798,-0.650000000000000));
#349=CARTESIAN_POINT('',(4.054238828980093,10.104423444552108,-0.650000000000000));
#350=CARTESIAN_POINT('',(3.982115651244109,10.104423444552108,-0.650000000000000));
#351=QUASI_UNIFORM_CURVE('',2,(#347,#348,#349,#350),.UNSPECIFIED.,.F.,.U.);
#352=EDGE_CURVE('',#309,#346,#351,.T.);
#353=ORIENTED_EDGE('',*,*,#352,.T.);
#354=CARTESIAN_POINT('',(3.982115651244110,10.104423444552108,-0.750000000000000));
#355=VERTEX_POINT('',#354);
#356=CARTESIAN_POINT('',(3.982115651244110,10.104423444552108,-0.750000000000000));
#357=DIRECTION('',(0.0,0.0,1.0));
#358=VECTOR('',#357,0.100000000000000);
#359=LINE('',#356,#358);
#360=EDGE_CURVE('',#355,#346,#359,.T.);
#361=ORIENTED_EDGE('',*,*,#360,.F.);
#362=CARTESIAN_POINT('',(4.143379835170634,10.257583900643130,-0.750000000000000));
#363=CARTESIAN_POINT('',(4.143379835170634,10.187891841257798,-0.750000000000000));
#364=CARTESIAN_POINT('',(4.054238828980093,10.104423444552108,-0.750000000000000));
#365=CARTESIAN_POINT('',(3.982115651244109,10.104423444552108,-0.750000000000000));
#366=QUASI_UNIFORM_CURVE('',2,(#362,#363,#364,#365),.UNSPECIFIED.,.F.,.U.);
#367=EDGE_CURVE('',#318,#355,#366,.T.);
#368=ORIENTED_EDGE('',*,*,#367,.F.);
#369=ORIENTED_EDGE('',*,*,#323,.T.);
#370=EDGE_LOOP('',(#353,#361,#368,#369));
#371=FACE_OUTER_BOUND('',#370,.T.);
#372=ADVANCED_FACE('',(#371),#344,.T.);
#373=CARTESIAN_POINT('',(3.892164272270018,10.130355373625722,-0.750000000000000));
#374=CARTESIAN_POINT('',(3.911613219075227,10.117389409088915,-0.750000000000000));
#375=CARTESIAN_POINT('',(3.961856331655350,10.104423444552108,-0.750000000000000));
#376=CARTESIAN_POINT('',(3.982115651244109,10.104423444552108,-0.750000000000000));
#377=CARTESIAN_POINT('',(3.892164272270018,10.130355373625722,-0.650000000000000));
#378=CARTESIAN_POINT('',(3.911613219075227,10.117389409088915,-0.650000000000000));
#379=CARTESIAN_POINT('',(3.961856331655350,10.104423444552108,-0.650000000000000));
#380=CARTESIAN_POINT('',(3.982115651244109,10.104423444552108,-0.650000000000000));
#381=B_SPLINE_SURFACE_WITH_KNOTS('',2,1,((#373,#377),(#374,#378),(#375,#379),(#376,#380)),.UNSPECIFIED.,.F.,.F.,.U.,(3,1,3),(2,2),(-2.0,-1.0,0.0),(0.0,0.010000000000000),.UNSPECIFIED.);
#382=CARTESIAN_POINT('',(3.892164272270018,10.130355373625722,-0.650000000000000));
#383=VERTEX_POINT('',#382);
#384=CARTESIAN_POINT('',(3.982115651244109,10.104423444552108,-0.650000000000000));
#385=CARTESIAN_POINT('',(3.961856331655350,10.104423444552108,-0.650000000000000));
#386=CARTESIAN_POINT('',(3.911613219075227,10.117389409088915,-0.650000000000000));
#387=CARTESIAN_POINT('',(3.892164272270018,10.130355373625722,-0.650000000000000));
#388=QUASI_UNIFORM_CURVE('',2,(#384,#385,#386,#387),.UNSPECIFIED.,.F.,.U.);
#389=EDGE_CURVE('',#346,#383,#388,.T.);
#390=ORIENTED_EDGE('',*,*,#389,.T.);
#391=CARTESIAN_POINT('',(3.892164272270018,10.130355373625722,-0.750000000000000));
#392=VERTEX_POINT('',#391);
#393=CARTESIAN_POINT('',(3.892164272270018,10.130355373625722,-0.750000000000000));
#394=DIRECTION('',(0.0,0.0,1.0));
#395=VECTOR('',#394,0.100000000000000);
#396=LINE('',#393,#395);
#397=EDGE_CURVE('',#392,#383,#396,.T.);
#398=ORIENTED_EDGE('',*,*,#397,.F.);
#399=CARTESIAN_POINT('',(3.982115651244109,10.104423444552108,-0.750000000000000));
#400=CARTESIAN_POINT('',(3.961856331655350,10.104423444552108,-0.750000000000000));
#401=CARTESIAN_POINT('',(3.911613219075227,10.117389409088915,-0.750000000000000));
#402=CARTESIAN_POINT('',(3.892164272270018,10.130355373625722,-0.750000000000000));
#403=QUASI_UNIFORM_CURVE('',2,(#399,#400,#401,#402),.UNSPECIFIED.,.F.,.U.);
#404=EDGE_CURVE('',#355,#392,#403,.T.);
#405=ORIENTED_EDGE('',*,*,#404,.F.);
#406=ORIENTED_EDGE('',*,*,#360,.T.);
#407=EDGE_LOOP('',(#390,#398,#405,#406));
#408=FACE_OUTER_BOUND('',#407,.T.);
#409=ADVANCED_FACE('',(#408),#381,.T.);
#410=CARTESIAN_POINT('',(3.844352278040546,10.223548243734015,-0.750000000000000));
#411=CARTESIAN_POINT('',(3.844352278040546,10.187891841257798,-0.750000000000000));
#412=CARTESIAN_POINT('',(3.870284207114158,10.145752456513179,-0.750000000000000));
#413=CARTESIAN_POINT('',(3.892164272270018,10.130355373625722,-0.750000000000000));
#414=CARTESIAN_POINT('',(3.844352278040546,10.223548243734015,-0.650000000000000));
#415=CARTESIAN_POINT('',(3.844352278040546,10.187891841257798,-0.650000000000000));
#416=CARTESIAN_POINT('',(3.870284207114158,10.145752456513179,-0.650000000000000));
#417=CARTESIAN_POINT('',(3.892164272270018,10.130355373625722,-0.650000000000000));
#418=B_SPLINE_SURFACE_WITH_KNOTS('',2,1,((#410,#414),(#411,#415),(#412,#416),(#413,#417)),.UNSPECIFIED.,.F.,.F.,.U.,(3,1,3),(2,2),(-2.0,-1.0,0.0),(0.0,0.010000000000000),.UNSPECIFIED.);
#419=CARTESIAN_POINT('',(3.844352278040546,10.223548243734015,-0.650000000000000));
#420=VERTEX_POINT('',#419);
#421=CARTESIAN_POINT('',(3.892164272270018,10.130355373625722,-0.650000000000000));
#422=CARTESIAN_POINT('',(3.870284207114158,10.145752456513179,-0.650000000000000));
#423=CARTESIAN_POINT('',(3.844352278040546,10.187891841257798,-0.650000000000000));
#424=CARTESIAN_POINT('',(3.844352278040546,10.223548243734015,-0.650000000000000));
#425=QUASI_UNIFORM_CURVE('',2,(#421,#422,#423,#424),.UNSPECIFIED.,.F.,.U.);
#426=EDGE_CURVE('',#383,#420,#425,.T.);
#427=ORIENTED_EDGE('',*,*,#426,.T.);
#428=CARTESIAN_POINT('',(3.844352278040546,10.223548243734015,-0.750000000000000));
#429=VERTEX_POINT('',#428);
#430=CARTESIAN_POINT('',(3.844352278040546,10.223548243734015,-0.750000000000000));
#431=DIRECTION('',(0.0,0.0,1.0));
#432=VECTOR('',#431,0.100000000000000);
#433=LINE('',#430,#432);
#434=EDGE_CURVE('',#429,#420,#433,.T.);
#435=ORIENTED_EDGE('',*,*,#434,.F.);
#436=CARTESIAN_POINT('',(3.892164272270018,10.130355373625722,-0.750000000000000));
#437=CARTESIAN_POINT('',(3.870284207114158,10.145752456513179,-0.750000000000000));
#438=CARTESIAN_POINT('',(3.844352278040546,10.187891841257798,-0.750000000000000));
#439=CARTESIAN_POINT('',(3.844352278040546,10.223548243734015,-0.750000000000000));
#440=QUASI_UNIFORM_CURVE('',2,(#436,#437,#438,#439),.UNSPECIFIED.,.F.,.U.);
#441=EDGE_CURVE('',#392,#429,#440,.T.);
#442=ORIENTED_EDGE('',*,*,#441,.F.);
#443=ORIENTED_EDGE('',*,*,#397,.T.);
#444=EDGE_LOOP('',(#427,#435,#442,#443));
#445=FACE_OUTER_BOUND('',#444,.T.);
#446=ADVANCED_FACE('',(#445),#418,.T.);
#447=CARTESIAN_POINT('',(3.954562976603397,10.358070125803376,-0.750000000000000));
#448=CARTESIAN_POINT('',(3.886491662785165,10.324844841677812,-0.750000000000000));
#449=CARTESIAN_POINT('',(3.844352278040546,10.272980983530587,-0.750000000000000));
#450=CARTESIAN_POINT('',(3.844352278040546,10.223548243734015,-0.750000000000000));
#451=CARTESIAN_POINT('',(3.954562976603397,10.358070125803376,-0.650000000000000));
#452=CARTESIAN_POINT('',(3.886491662785165,10.324844841677812,-0.650000000000000));
#453=CARTESIAN_POINT('',(3.844352278040546,10.272980983530587,-0.650000000000000));
#454=CARTESIAN_POINT('',(3.844352278040546,10.223548243734015,-0.650000000000000));
#455=B_SPLINE_SURFACE_WITH_KNOTS('',2,1,((#447,#451),(#448,#452),(#449,#453),(#450,#454)),.UNSPECIFIED.,.F.,.F.,.U.,(3,1,3),(2,2),(-2.0,-1.0,0.0),(0.0,0.010000000000000),.UNSPECIFIED.);
#456=CARTESIAN_POINT('',(3.844352278040546,10.223548243734015,-0.650000000000000));
#457=CARTESIAN_POINT('',(3.844352278040546,10.272980983530587,-0.650000000000000));
#458=CARTESIAN_POINT('',(3.886491662785165,10.324844841677812,-0.650000000000000));
#459=CARTESIAN_POINT('',(3.954562976603397,10.358070125803376,-0.650000000000000));
#460=QUASI_UNIFORM_CURVE('',2,(#456,#457,#458,#459),.UNSPECIFIED.,.F.,.U.);
#461=EDGE_CURVE('',#420,#263,#460,.T.);
#462=ORIENTED_EDGE('',*,*,#461,.T.);
#463=ORIENTED_EDGE('',*,*,#294,.F.);
#464=CARTESIAN_POINT('',(3.844352278040546,10.223548243734015,-0.750000000000000));
#465=CARTESIAN_POINT('',(3.844352278040546,10.272980983530587,-0.750000000000000));
#466=CARTESIAN_POINT('',(3.886491662785165,10.324844841677812,-0.750000000000000));
#467=CARTESIAN_POINT('',(3.954562976603397,10.358070125803376,-0.750000000000000));
#468=QUASI_UNIFORM_CURVE('',2,(#464,#465,#466,#467),.UNSPECIFIED.,.F.,.U.);
#469=EDGE_CURVE('',#429,#282,#468,.T.);
#470=ORIENTED_EDGE('',*,*,#469,.F.);
#471=ORIENTED_EDGE('',*,*,#434,.T.);
#472=EDGE_LOOP('',(#462,#463,#470,#471));
#473=FACE_OUTER_BOUND('',#472,.T.);
#474=ADVANCED_FACE('',(#473),#455,.T.);
#475=CARTESIAN_POINT('',(3.790057301542671,10.497454244574040,-0.750000000000000));
#476=CARTESIAN_POINT('',(3.690381449165975,10.456935605396522,-0.750000000000000));
#477=CARTESIAN_POINT('',(3.596378206274132,10.325655214461362,-0.750000000000000));
#478=CARTESIAN_POINT('',(3.596378206274132,10.234083089920169,-0.750000000000000));
#479=CARTESIAN_POINT('',(3.790057301542671,10.497454244574040,-0.650000000000000));
#480=CARTESIAN_POINT('',(3.690381449165975,10.456935605396522,-0.650000000000000));
#481=CARTESIAN_POINT('',(3.596378206274132,10.325655214461362,-0.650000000000000));
#482=CARTESIAN_POINT('',(3.596378206274132,10.234083089920169,-0.650000000000000));
#483=B_SPLINE_SURFACE_WITH_KNOTS('',2,1,((#475,#479),(#476,#480),(#477,#481),(#478,#482)),.UNSPECIFIED.,.F.,.F.,.U.,(3,1,3),(2,2),(0.0,1.0,2.0),(0.0,0.010000000000000),.UNSPECIFIED.);
#484=CARTESIAN_POINT('',(3.596378206274132,10.234083089920169,-0.650000000000000));
#485=VERTEX_POINT('',#484);
#486=CARTESIAN_POINT('',(3.790057301542671,10.497454244574040,-0.650000000000000));
#487=VERTEX_POINT('',#486);
#488=CARTESIAN_POINT('',(3.596378206274132,10.234083089920169,-0.650000000000000));
#489=CARTESIAN_POINT('',(3.596378206274132,10.325655214461362,-0.650000000000000));
#490=CARTESIAN_POINT('',(3.690381449165975,10.456935605396522,-0.650000000000000));
#491=CARTESIAN_POINT('',(3.790057301542671,10.497454244574040,-0.650000000000000));
#492=QUASI_UNIFORM_CURVE('',2,(#488,#489,#490,#491),.UNSPECIFIED.,.F.,.U.);
#493=EDGE_CURVE('',#485,#487,#492,.T.);
#494=ORIENTED_EDGE('',*,*,#493,.F.);
#495=CARTESIAN_POINT('',(3.596378206274132,10.234083089920169,-0.750000000000000));
#496=VERTEX_POINT('',#495);
#497=CARTESIAN_POINT('',(3.596378206274132,10.234083089920169,-0.750000000000000));
#498=DIRECTION('',(0.0,0.0,1.0));
#499=VECTOR('',#498,0.100000000000000);
#500=LINE('',#497,#499);
#501=EDGE_CURVE('',#496,#485,#500,.T.);
#502=ORIENTED_EDGE('',*,*,#501,.F.);
#503=CARTESIAN_POINT('',(3.790057301542671,10.497454244574040,-0.750000000000000));
#504=VERTEX_POINT('',#503);
#505=CARTESIAN_POINT('',(3.790057301542671,10.497454244574040,-0.750000000000000));
#506=CARTESIAN_POINT('',(3.690381449165975,10.456935605396522,-0.750000000000000));
#507=CARTESIAN_POINT('',(3.596378206274132,10.325655214461362,-0.750000000000000));
#508=CARTESIAN_POINT('',(3.596378206274132,10.234083089920169,-0.750000000000000));
#509=QUASI_UNIFORM_CURVE('',2,(#505,#506,#507,#508),.UNSPECIFIED.,.F.,.U.);
#510=EDGE_CURVE('',#504,#496,#509,.T.);
#511=ORIENTED_EDGE('',*,*,#510,.F.);
#512=CARTESIAN_POINT('',(3.790057301542671,10.497454244574040,-0.750000000000000));
#513=DIRECTION('',(0.0,0.0,1.0));
#514=VECTOR('',#513,0.100000000000000);
#515=LINE('',#512,#514);
#516=EDGE_CURVE('',#504,#487,#515,.T.);
#517=ORIENTED_EDGE('',*,*,#516,.T.);
#518=EDGE_LOOP('',(#494,#502,#511,#517));
#519=FACE_OUTER_BOUND('',#518,.T.);
#520=ADVANCED_FACE('',(#519),#483,.F.);
#521=CARTESIAN_POINT('',(3.790057301542671,10.497454244574040,-0.750000000000000));
#522=DIRECTION('',(-1.0,0.0,0.0));
#523=DIRECTION('',(0.0,0.0,1.0));
#524=AXIS2_PLACEMENT_3D('',#521,#522,#523);
#525=PLANE('',#524);
#526=CARTESIAN_POINT('',(3.790057301542671,10.500695735708243,-0.650000000000000));
#527=VERTEX_POINT('',#526);
#528=CARTESIAN_POINT('',(3.790057301542671,10.497454244574040,-0.650000000000000));
#529=DIRECTION('',(0.0,1.0,0.0));
#530=VECTOR('',#529,0.003241491134203);
#531=LINE('',#528,#530);
#532=EDGE_CURVE('',#487,#527,#531,.T.);
#533=ORIENTED_EDGE('',*,*,#532,.F.);
#534=ORIENTED_EDGE('',*,*,#516,.F.);
#535=CARTESIAN_POINT('',(3.790057301542671,10.500695735708243,-0.750000000000000));
#536=VERTEX_POINT('',#535);
#537=CARTESIAN_POINT('',(3.790057301542671,10.500695735708243,-0.750000000000000));
#538=DIRECTION('',(0.0,-1.0,0.0));
#539=VECTOR('',#538,0.003241491134203);
#540=LINE('',#537,#539);
#541=EDGE_CURVE('',#536,#504,#540,.T.);
#542=ORIENTED_EDGE('',*,*,#541,.F.);
#543=CARTESIAN_POINT('',(3.790057301542671,10.500695735708243,-0.750000000000000));
#544=DIRECTION('',(0.0,0.0,1.0));
#545=VECTOR('',#544,0.100000000000000);
#546=LINE('',#543,#545);
#547=EDGE_CURVE('',#536,#527,#546,.T.);
#548=ORIENTED_EDGE('',*,*,#547,.T.);
#549=EDGE_LOOP('',(#533,#534,#542,#548));
#550=FACE_OUTER_BOUND('',#549,.T.);
#551=ADVANCED_FACE('',(#550),#525,.F.);
#552=CARTESIAN_POINT('',(3.622310135347744,10.725979369535246,-0.750000000000000));
#553=CARTESIAN_POINT('',(3.622310135347744,10.654666564582813,-0.750000000000000));
#554=CARTESIAN_POINT('',(3.704968159269881,10.540404002102211,-0.750000000000000));
#555=CARTESIAN_POINT('',(3.790057301542671,10.500695735708243,-0.750000000000000));
#556=CARTESIAN_POINT('',(3.622310135347744,10.725979369535246,-0.650000000000000));
#557=CARTESIAN_POINT('',(3.622310135347744,10.654666564582813,-0.650000000000000));
#558=CARTESIAN_POINT('',(3.704968159269881,10.540404002102211,-0.650000000000000));
#559=CARTESIAN_POINT('',(3.790057301542671,10.500695735708243,-0.650000000000000));
#560=B_SPLINE_SURFACE_WITH_KNOTS('',2,1,((#552,#556),(#553,#557),(#554,#558),(#555,#559)),.UNSPECIFIED.,.F.,.F.,.U.,(3,1,3),(2,2),(0.0,1.0,2.0),(0.0,0.010000000000000),.UNSPECIFIED.);
#561=CARTESIAN_POINT('',(3.622310135347744,10.725979369535244,-0.650000000000000));
#562=VERTEX_POINT('',#561);
#563=CARTESIAN_POINT('',(3.790057301542671,10.500695735708243,-0.650000000000000));
#564=CARTESIAN_POINT('',(3.704968159269881,10.540404002102211,-0.650000000000000));
#565=CARTESIAN_POINT('',(3.622310135347744,10.654666564582813,-0.650000000000000));
#566=CARTESIAN_POINT('',(3.622310135347744,10.725979369535246,-0.650000000000000));
#567=QUASI_UNIFORM_CURVE('',2,(#563,#564,#565,#566),.UNSPECIFIED.,.F.,.U.);
#568=EDGE_CURVE('',#527,#562,#567,.T.);
#569=ORIENTED_EDGE('',*,*,#568,.F.);
#570=ORIENTED_EDGE('',*,*,#547,.F.);
#571=CARTESIAN_POINT('',(3.622310135347744,10.725979369535244,-0.750000000000000));
#572=VERTEX_POINT('',#571);
#573=CARTESIAN_POINT('',(3.622310135347744,10.725979369535246,-0.750000000000000));
#574=CARTESIAN_POINT('',(3.622310135347744,10.654666564582813,-0.750000000000000));
#575=CARTESIAN_POINT('',(3.704968159269881,10.540404002102211,-0.750000000000000));
#576=CARTESIAN_POINT('',(3.790057301542671,10.500695735708243,-0.750000000000000));
#577=QUASI_UNIFORM_CURVE('',2,(#573,#574,#575,#576),.UNSPECIFIED.,.F.,.U.);
#578=EDGE_CURVE('',#572,#536,#577,.T.);
#579=ORIENTED_EDGE('',*,*,#578,.F.);
#580=CARTESIAN_POINT('',(3.622310135347744,10.725979369535244,-0.750000000000000));
#581=DIRECTION('',(0.0,0.0,1.0));
#582=VECTOR('',#581,0.100000000000000);
#583=LINE('',#580,#582);
#584=EDGE_CURVE('',#572,#562,#583,.T.);
#585=ORIENTED_EDGE('',*,*,#584,.T.);
#586=EDGE_LOOP('',(#569,#570,#579,#585));
#587=FACE_OUTER_BOUND('',#586,.T.);
#588=ADVANCED_FACE('',(#587),#560,.F.);
#589=CARTESIAN_POINT('',(3.716313378239587,10.906692500266979,-0.750000000000000));
#590=CARTESIAN_POINT('',(3.670932502360766,10.874277588924965,-0.750000000000000));
#591=CARTESIAN_POINT('',(3.622310135347744,10.780274346033121,-0.750000000000000));
#592=CARTESIAN_POINT('',(3.622310135347744,10.725979369535246,-0.750000000000000));
#593=CARTESIAN_POINT('',(3.716313378239587,10.906692500266979,-0.650000000000000));
#594=CARTESIAN_POINT('',(3.670932502360766,10.874277588924965,-0.650000000000000));
#595=CARTESIAN_POINT('',(3.622310135347744,10.780274346033121,-0.650000000000000));
#596=CARTESIAN_POINT('',(3.622310135347744,10.725979369535246,-0.650000000000000));
#597=B_SPLINE_SURFACE_WITH_KNOTS('',2,1,((#589,#593),(#590,#594),(#591,#595),(#592,#596)),.UNSPECIFIED.,.F.,.F.,.U.,(3,1,3),(2,2),(0.0,1.0,2.0),(0.0,0.010000000000000),.UNSPECIFIED.);
#598=CARTESIAN_POINT('',(3.716313378239586,10.906692500266978,-0.650000000000000));
#599=VERTEX_POINT('',#598);
#600=CARTESIAN_POINT('',(3.622310135347744,10.725979369535246,-0.650000000000000));
#601=CARTESIAN_POINT('',(3.622310135347744,10.780274346033121,-0.650000000000000));
#602=CARTESIAN_POINT('',(3.670932502360766,10.874277588924965,-0.650000000000000));
#603=CARTESIAN_POINT('',(3.716313378239587,10.906692500266979,-0.650000000000000));
#604=QUASI_UNIFORM_CURVE('',2,(#600,#601,#602,#603),.UNSPECIFIED.,.F.,.U.);
#605=EDGE_CURVE('',#562,#599,#604,.T.);
#606=ORIENTED_EDGE('',*,*,#605,.F.);
#607=ORIENTED_EDGE('',*,*,#584,.F.);
#608=CARTESIAN_POINT('',(3.716313378239586,10.906692500266978,-0.750000000000000));
#609=VERTEX_POINT('',#608);
#610=CARTESIAN_POINT('',(3.716313378239587,10.906692500266979,-0.750000000000000));
#611=CARTESIAN_POINT('',(3.670932502360766,10.874277588924965,-0.750000000000000));
#612=CARTESIAN_POINT('',(3.622310135347744,10.780274346033121,-0.750000000000000));
#613=CARTESIAN_POINT('',(3.622310135347744,10.725979369535246,-0.750000000000000));
#614=QUASI_UNIFORM_CURVE('',2,(#610,#611,#612,#613),.UNSPECIFIED.,.F.,.U.);
#615=EDGE_CURVE('',#609,#572,#614,.T.);
#616=ORIENTED_EDGE('',*,*,#615,.F.);
#617=CARTESIAN_POINT('',(3.716313378239586,10.906692500266978,-0.750000000000000));
#618=DIRECTION('',(0.0,0.0,1.0));
#619=VECTOR('',#618,0.100000000000000);
#620=LINE('',#617,#619);
#621=EDGE_CURVE('',#609,#599,#620,.T.);
#622=ORIENTED_EDGE('',*,*,#621,.T.);
#623=EDGE_LOOP('',(#606,#607,#616,#622));
#624=FACE_OUTER_BOUND('',#623,.T.);
#625=ADVANCED_FACE('',(#624),#597,.F.);
#626=CARTESIAN_POINT('',(3.991029751863164,10.978815678002963,-0.750000000000000));
#627=CARTESIAN_POINT('',(3.898647254538421,10.978815678002963,-0.750000000000000));
#628=CARTESIAN_POINT('',(3.760883881334858,10.939107411608994,-0.750000000000000));
#629=CARTESIAN_POINT('',(3.716313378239587,10.906692500266979,-0.750000000000000));
#630=CARTESIAN_POINT('',(3.991029751863164,10.978815678002963,-0.650000000000000));
#631=CARTESIAN_POINT('',(3.898647254538421,10.978815678002963,-0.650000000000000));
#632=CARTESIAN_POINT('',(3.760883881334858,10.939107411608994,-0.650000000000000));
#633=CARTESIAN_POINT('',(3.716313378239587,10.906692500266979,-0.650000000000000));
#634=B_SPLINE_SURFACE_WITH_KNOTS('',2,1,((#626,#630),(#627,#631),(#628,#632),(#629,#633)),.UNSPECIFIED.,.F.,.F.,.U.,(3,1,3),(2,2),(0.0,1.0,2.0),(0.0,0.010000000000000),.UNSPECIFIED.);
#635=CARTESIAN_POINT('',(3.991029751863164,10.978815678002963,-0.650000000000000));
#636=VERTEX_POINT('',#635);
#637=CARTESIAN_POINT('',(3.716313378239587,10.906692500266979,-0.650000000000000));
#638=CARTESIAN_POINT('',(3.760883881334858,10.939107411608994,-0.650000000000000));
#639=CARTESIAN_POINT('',(3.898647254538421,10.978815678002963,-0.650000000000000));
#640=CARTESIAN_POINT('',(3.991029751863164,10.978815678002963,-0.650000000000000));
#641=QUASI_UNIFORM_CURVE('',2,(#637,#638,#639,#640),.UNSPECIFIED.,.F.,.U.);
#642=EDGE_CURVE('',#599,#636,#641,.T.);
#643=ORIENTED_EDGE('',*,*,#642,.F.);
#644=ORIENTED_EDGE('',*,*,#621,.F.);
#645=CARTESIAN_POINT('',(3.991029751863164,10.978815678002963,-0.750000000000000));
#646=VERTEX_POINT('',#645);
#647=CARTESIAN_POINT('',(3.991029751863164,10.978815678002963,-0.750000000000000));
#648=CARTESIAN_POINT('',(3.898647254538421,10.978815678002963,-0.750000000000000));
#649=CARTESIAN_POINT('',(3.760883881334858,10.939107411608994,-0.750000000000000));
#650=CARTESIAN_POINT('',(3.716313378239587,10.906692500266979,-0.750000000000000));
#651=QUASI_UNIFORM_CURVE('',2,(#647,#648,#649,#650),.UNSPECIFIED.,.F.,.U.);
#652=EDGE_CURVE('',#646,#609,#651,.T.);
#653=ORIENTED_EDGE('',*,*,#652,.F.);
#654=CARTESIAN_POINT('',(3.991029751863164,10.978815678002963,-0.750000000000000));
#655=DIRECTION('',(0.0,0.0,1.0));
#656=VECTOR('',#655,0.100000000000000);
#657=LINE('',#654,#656);
#658=EDGE_CURVE('',#646,#636,#657,.T.);
#659=ORIENTED_EDGE('',*,*,#658,.T.);
#660=EDGE_LOOP('',(#643,#644,#653,#659));
#661=FACE_OUTER_BOUND('',#660,.T.);
#662=ADVANCED_FACE('',(#661),#634,.F.);
#663=CARTESIAN_POINT('',(4.264935752703190,10.898588772431477,-0.750000000000000));
#664=CARTESIAN_POINT('',(4.218744504040818,10.935055547691244,-0.750000000000000));
#665=CARTESIAN_POINT('',(4.078550012486604,10.978815678002963,-0.750000000000000));
#666=CARTESIAN_POINT('',(3.991029751863164,10.978815678002963,-0.750000000000000));
#667=CARTESIAN_POINT('',(4.264935752703190,10.898588772431477,-0.650000000000000));
#668=CARTESIAN_POINT('',(4.218744504040818,10.935055547691244,-0.650000000000000));
#669=CARTESIAN_POINT('',(4.078550012486604,10.978815678002963,-0.650000000000000));
#670=CARTESIAN_POINT('',(3.991029751863164,10.978815678002963,-0.650000000000000));
#671=B_SPLINE_SURFACE_WITH_KNOTS('',2,1,((#663,#667),(#664,#668),(#665,#669),(#666,#670)),.UNSPECIFIED.,.F.,.F.,.U.,(3,1,3),(2,2),(0.0,1.0,2.0),(0.0,0.010000000000000),.UNSPECIFIED.);
#672=CARTESIAN_POINT('',(4.264935752703190,10.898588772431477,-0.650000000000000));
#673=VERTEX_POINT('',#672);
#674=CARTESIAN_POINT('',(3.991029751863164,10.978815678002963,-0.650000000000000));
#675=CARTESIAN_POINT('',(4.078550012486604,10.978815678002963,-0.650000000000000));
#676=CARTESIAN_POINT('',(4.218744504040818,10.935055547691244,-0.650000000000000));
#677=CARTESIAN_POINT('',(4.264935752703190,10.898588772431477,-0.650000000000000));
#678=QUASI_UNIFORM_CURVE('',2,(#674,#675,#676,#677),.UNSPECIFIED.,.F.,.U.);
#679=EDGE_CURVE('',#636,#673,#678,.T.);
#680=ORIENTED_EDGE('',*,*,#679,.F.);
#681=ORIENTED_EDGE('',*,*,#658,.F.);
#682=CARTESIAN_POINT('',(4.264935752703190,10.898588772431477,-0.750000000000000));
#683=VERTEX_POINT('',#682);
#684=CARTESIAN_POINT('',(4.264935752703190,10.898588772431477,-0.750000000000000));
#685=CARTESIAN_POINT('',(4.218744504040818,10.935055547691244,-0.750000000000000));
#686=CARTESIAN_POINT('',(4.078550012486604,10.978815678002963,-0.750000000000000));
#687=CARTESIAN_POINT('',(3.991029751863164,10.978815678002963,-0.750000000000000));
#688=QUASI_UNIFORM_CURVE('',2,(#684,#685,#686,#687),.UNSPECIFIED.,.F.,.U.);
#689=EDGE_CURVE('',#683,#646,#688,.T.);
#690=ORIENTED_EDGE('',*,*,#689,.F.);
#691=CARTESIAN_POINT('',(4.264935752703190,10.898588772431477,-0.750000000000000));
#692=DIRECTION('',(0.0,0.0,1.0));
#693=VECTOR('',#692,0.100000000000000);
#694=LINE('',#691,#693);
#695=EDGE_CURVE('',#683,#673,#694,.T.);
#696=ORIENTED_EDGE('',*,*,#695,.T.);
#697=EDGE_LOOP('',(#680,#681,#690,#696));
#698=FACE_OUTER_BOUND('',#697,.T.);
#699=ADVANCED_FACE('',(#698),#671,.F.);
#700=CARTESIAN_POINT('',(4.361370113945685,10.708961541080688,-0.750000000000000));
#701=CARTESIAN_POINT('',(4.361370113945685,10.764066890362114,-0.750000000000000));
#702=CARTESIAN_POINT('',(4.312747746932662,10.860501251604608,-0.750000000000000));
#703=CARTESIAN_POINT('',(4.264935752703190,10.898588772431477,-0.750000000000000));
#704=CARTESIAN_POINT('',(4.361370113945685,10.708961541080688,-0.650000000000000));
#705=CARTESIAN_POINT('',(4.361370113945685,10.764066890362114,-0.650000000000000));
#706=CARTESIAN_POINT('',(4.312747746932662,10.860501251604608,-0.650000000000000));
#707=CARTESIAN_POINT('',(4.264935752703190,10.898588772431477,-0.650000000000000));
#708=B_SPLINE_SURFACE_WITH_KNOTS('',2,1,((#700,#704),(#701,#705),(#702,#706),(#703,#707)),.UNSPECIFIED.,.F.,.F.,.U.,(3,1,3),(2,2),(0.0,1.0,2.0),(0.0,0.010000000000000),.UNSPECIFIED.);
#709=CARTESIAN_POINT('',(4.361370113945685,10.708961541080690,-0.650000000000000));
#710=VERTEX_POINT('',#709);
#711=CARTESIAN_POINT('',(4.264935752703190,10.898588772431477,-0.650000000000000));
#712=CARTESIAN_POINT('',(4.312747746932662,10.860501251604608,-0.650000000000000));
#713=CARTESIAN_POINT('',(4.361370113945685,10.764066890362114,-0.650000000000000));
#714=CARTESIAN_POINT('',(4.361370113945685,10.708961541080688,-0.650000000000000));
#715=QUASI_UNIFORM_CURVE('',2,(#711,#712,#713,#714),.UNSPECIFIED.,.F.,.U.);
#716=EDGE_CURVE('',#673,#710,#715,.T.);
#717=ORIENTED_EDGE('',*,*,#716,.F.);
#718=ORIENTED_EDGE('',*,*,#695,.F.);
#719=CARTESIAN_POINT('',(4.361370113945685,10.708961541080690,-0.750000000000000));
#720=VERTEX_POINT('',#719);
#721=CARTESIAN_POINT('',(4.361370113945685,10.708961541080688,-0.750000000000000));
#722=CARTESIAN_POINT('',(4.361370113945685,10.764066890362114,-0.750000000000000));
#723=CARTESIAN_POINT('',(4.312747746932662,10.860501251604608,-0.750000000000000));
#724=CARTESIAN_POINT('',(4.264935752703190,10.898588772431477,-0.750000000000000));
#725=QUASI_UNIFORM_CURVE('',2,(#721,#722,#723,#724),.UNSPECIFIED.,.F.,.U.);
#726=EDGE_CURVE('',#720,#683,#725,.T.);
#727=ORIENTED_EDGE('',*,*,#726,.F.);
#728=CARTESIAN_POINT('',(4.361370113945685,10.708961541080690,-0.750000000000000));
#729=DIRECTION('',(0.0,0.0,1.0));
#730=VECTOR('',#729,0.100000000000000);
#731=LINE('',#728,#730);
#732=EDGE_CURVE('',#720,#710,#731,.T.);
#733=ORIENTED_EDGE('',*,*,#732,.T.);
#734=EDGE_LOOP('',(#717,#718,#727,#733));
#735=FACE_OUTER_BOUND('',#734,.T.);
#736=ADVANCED_FACE('',(#735),#708,.F.);
#737=CARTESIAN_POINT('',(4.203347421153362,10.468280824366227,-0.750000000000000));
#738=CARTESIAN_POINT('',(4.291678054560352,10.511230581894397,-0.750000000000000));
#739=CARTESIAN_POINT('',(4.361370113945685,10.633596872210504,-0.750000000000000));
#740=CARTESIAN_POINT('',(4.361370113945685,10.708961541080688,-0.750000000000000));
#741=CARTESIAN_POINT('',(4.203347421153362,10.468280824366227,-0.650000000000000));
#742=CARTESIAN_POINT('',(4.291678054560352,10.511230581894397,-0.650000000000000));
#743=CARTESIAN_POINT('',(4.361370113945685,10.633596872210504,-0.650000000000000));
#744=CARTESIAN_POINT('',(4.361370113945685,10.708961541080688,-0.650000000000000));
#745=B_SPLINE_SURFACE_WITH_KNOTS('',2,1,((#737,#741),(#738,#742),(#739,#743),(#740,#744)),.UNSPECIFIED.,.F.,.F.,.U.,(3,1,3),(2,2),(0.0,1.0,2.0),(0.0,0.010000000000000),.UNSPECIFIED.);
#746=CARTESIAN_POINT('',(4.203347421153362,10.468280824366227,-0.650000000000000));
#747=VERTEX_POINT('',#746);
#748=CARTESIAN_POINT('',(4.361370113945685,10.708961541080688,-0.650000000000000));
#749=CARTESIAN_POINT('',(4.361370113945685,10.633596872210504,-0.650000000000000));
#750=CARTESIAN_POINT('',(4.291678054560352,10.511230581894397,-0.650000000000000));
#751=CARTESIAN_POINT('',(4.203347421153362,10.468280824366227,-0.650000000000000));
#752=QUASI_UNIFORM_CURVE('',2,(#748,#749,#750,#751),.UNSPECIFIED.,.F.,.U.);
#753=EDGE_CURVE('',#710,#747,#752,.T.);
#754=ORIENTED_EDGE('',*,*,#753,.F.);
#755=ORIENTED_EDGE('',*,*,#732,.F.);
#756=CARTESIAN_POINT('',(4.203347421153362,10.468280824366227,-0.750000000000000));
#757=VERTEX_POINT('',#756);
#758=CARTESIAN_POINT('',(4.203347421153362,10.468280824366227,-0.750000000000000));
#759=CARTESIAN_POINT('',(4.291678054560352,10.511230581894397,-0.750000000000000));
#760=CARTESIAN_POINT('',(4.361370113945685,10.633596872210504,-0.750000000000000));
#761=CARTESIAN_POINT('',(4.361370113945685,10.708961541080688,-0.750000000000000));
#762=QUASI_UNIFORM_CURVE('',2,(#758,#759,#760,#761),.UNSPECIFIED.,.F.,.U.);
#763=EDGE_CURVE('',#757,#720,#762,.T.);
#764=ORIENTED_EDGE('',*,*,#763,.F.);
#765=CARTESIAN_POINT('',(4.203347421153362,10.468280824366227,-0.750000000000000));
#766=DIRECTION('',(0.0,0.0,1.0));
#767=VECTOR('',#766,0.100000000000000);
#768=LINE('',#765,#767);
#769=EDGE_CURVE('',#757,#747,#768,.T.);
#770=ORIENTED_EDGE('',*,*,#769,.T.);
#771=EDGE_LOOP('',(#754,#755,#764,#770));
#772=FACE_OUTER_BOUND('',#771,.T.);
#773=ADVANCED_FACE('',(#772),#745,.F.);
#774=CARTESIAN_POINT('',(4.203347421153362,10.468280824366227,-0.750000000000000));
#775=DIRECTION('',(1.0,0.0,0.0));
#776=DIRECTION('',(0.0,0.0,-1.0));
#777=AXIS2_PLACEMENT_3D('',#774,#775,#776);
#778=PLANE('',#777);
#779=CARTESIAN_POINT('',(4.203347421153362,10.464228960448478,-0.650000000000000));
#780=VERTEX_POINT('',#779);
#781=CARTESIAN_POINT('',(4.203347421153362,10.468280824366229,-0.650000000000000));
#782=DIRECTION('',(0.0,-1.0,0.0));
#783=VECTOR('',#782,0.004051863917750);
#784=LINE('',#781,#783);
#785=EDGE_CURVE('',#747,#780,#784,.T.);
#786=ORIENTED_EDGE('',*,*,#785,.F.);
#787=ORIENTED_EDGE('',*,*,#769,.F.);
#788=CARTESIAN_POINT('',(4.203347421153362,10.464228960448478,-0.750000000000000));
#789=VERTEX_POINT('',#788);
#790=CARTESIAN_POINT('',(4.203347421153361,10.464228960448478,-0.750000000000000));
#791=DIRECTION('',(0.0,1.0,0.0));
#792=VECTOR('',#791,0.004051863917748);
#793=LINE('',#790,#792);
#794=EDGE_CURVE('',#789,#757,#793,.T.);
#795=ORIENTED_EDGE('',*,*,#794,.F.);
#796=CARTESIAN_POINT('',(4.203347421153362,10.464228960448478,-0.750000000000000));
#797=DIRECTION('',(0.0,0.0,1.0));
#798=VECTOR('',#797,0.100000000000000);
#799=LINE('',#796,#798);
#800=EDGE_CURVE('',#789,#780,#799,.T.);
#801=ORIENTED_EDGE('',*,*,#800,.T.);
#802=EDGE_LOOP('',(#786,#787,#795,#801));
#803=FACE_OUTER_BOUND('',#802,.T.);
#804=ADVANCED_FACE('',(#803),#778,.F.);
#805=CARTESIAN_POINT('',(4.388112415802847,10.225979362084665,-0.750000000000000));
#806=CARTESIAN_POINT('',(4.388112415802847,10.311878877141005,-0.750000000000000));
#807=CARTESIAN_POINT('',(4.293298800127453,10.426141439621608,-0.750000000000000));
#808=CARTESIAN_POINT('',(4.203347421153362,10.464228960448477,-0.750000000000000));
#809=CARTESIAN_POINT('',(4.388112415802847,10.225979362084665,-0.650000000000000));
#810=CARTESIAN_POINT('',(4.388112415802847,10.311878877141005,-0.650000000000000));
#811=CARTESIAN_POINT('',(4.293298800127453,10.426141439621608,-0.650000000000000));
#812=CARTESIAN_POINT('',(4.203347421153362,10.464228960448477,-0.650000000000000));
#813=B_SPLINE_SURFACE_WITH_KNOTS('',2,1,((#805,#809),(#806,#810),(#807,#811),(#808,#812)),.UNSPECIFIED.,.F.,.F.,.U.,(3,1,3),(2,2),(0.0,1.0,2.0),(0.0,0.010000000000000),.UNSPECIFIED.);
#814=CARTESIAN_POINT('',(4.388112415802847,10.225979362084665,-0.650000000000000));
#815=VERTEX_POINT('',#814);
#816=CARTESIAN_POINT('',(4.203347421153362,10.464228960448477,-0.650000000000000));
#817=CARTESIAN_POINT('',(4.293298800127453,10.426141439621608,-0.650000000000000));
#818=CARTESIAN_POINT('',(4.388112415802847,10.311878877141005,-0.650000000000000));
#819=CARTESIAN_POINT('',(4.388112415802847,10.225979362084665,-0.650000000000000));
#820=QUASI_UNIFORM_CURVE('',2,(#816,#817,#818,#819),.UNSPECIFIED.,.F.,.U.);
#821=EDGE_CURVE('',#780,#815,#820,.T.);
#822=ORIENTED_EDGE('',*,*,#821,.F.);
#823=ORIENTED_EDGE('',*,*,#800,.F.);
#824=CARTESIAN_POINT('',(4.388112415802847,10.225979362084665,-0.750000000000000));
#825=VERTEX_POINT('',#824);
#826=CARTESIAN_POINT('',(4.388112415802847,10.225979362084665,-0.750000000000000));
#827=CARTESIAN_POINT('',(4.388112415802847,10.311878877141005,-0.750000000000000));
#828=CARTESIAN_POINT('',(4.293298800127453,10.426141439621608,-0.750000000000000));
#829=CARTESIAN_POINT('',(4.203347421153362,10.464228960448477,-0.750000000000000));
#830=QUASI_UNIFORM_CURVE('',2,(#826,#827,#828,#829),.UNSPECIFIED.,.F.,.U.);
#831=EDGE_CURVE('',#825,#789,#830,.T.);
#832=ORIENTED_EDGE('',*,*,#831,.F.);
#833=CARTESIAN_POINT('',(4.388112415802847,10.225979362084665,-0.750000000000000));
#834=DIRECTION('',(0.0,0.0,1.0));
#835=VECTOR('',#834,0.100000000000000);
#836=LINE('',#833,#835);
#837=EDGE_CURVE('',#825,#815,#836,.T.);
#838=ORIENTED_EDGE('',*,*,#837,.T.);
#839=EDGE_LOOP('',(#822,#823,#832,#838));
#840=FACE_OUTER_BOUND('',#839,.T.);
#841=ADVANCED_FACE('',(#840),#813,.F.);
#842=CARTESIAN_POINT('',(4.294919545694554,10.018523929495771,-0.750000000000000));
#843=CARTESIAN_POINT('',(4.342731539924026,10.058232195889738,-0.750000000000000));
#844=CARTESIAN_POINT('',(4.388112415802847,10.166011776101938,-0.750000000000000));
#845=CARTESIAN_POINT('',(4.388112415802847,10.225979362084665,-0.750000000000000));
#846=CARTESIAN_POINT('',(4.294919545694554,10.018523929495771,-0.650000000000000));
#847=CARTESIAN_POINT('',(4.342731539924026,10.058232195889738,-0.650000000000000));
#848=CARTESIAN_POINT('',(4.388112415802847,10.166011776101938,-0.650000000000000));
#849=CARTESIAN_POINT('',(4.388112415802847,10.225979362084665,-0.650000000000000));
#850=B_SPLINE_SURFACE_WITH_KNOTS('',2,1,((#842,#846),(#843,#847),(#844,#848),(#845,#849)),.UNSPECIFIED.,.F.,.F.,.U.,(3,1,3),(2,2),(0.0,1.0,2.0),(0.0,0.010000000000000),.UNSPECIFIED.);
#851=CARTESIAN_POINT('',(4.294919545694554,10.018523929495771,-0.650000000000000));
#852=VERTEX_POINT('',#851);
#853=CARTESIAN_POINT('',(4.388112415802847,10.225979362084665,-0.650000000000000));
#854=CARTESIAN_POINT('',(4.388112415802847,10.166011776101938,-0.650000000000000));
#855=CARTESIAN_POINT('',(4.342731539924026,10.058232195889738,-0.650000000000000));
#856=CARTESIAN_POINT('',(4.294919545694554,10.018523929495771,-0.650000000000000));
#857=QUASI_UNIFORM_CURVE('',2,(#853,#854,#855,#856),.UNSPECIFIED.,.F.,.U.);
#858=EDGE_CURVE('',#815,#852,#857,.T.);
#859=ORIENTED_EDGE('',*,*,#858,.F.);
#860=ORIENTED_EDGE('',*,*,#837,.F.);
#861=CARTESIAN_POINT('',(4.294919545694554,10.018523929495771,-0.750000000000000));
#862=VERTEX_POINT('',#861);
#863=CARTESIAN_POINT('',(4.294919545694554,10.018523929495771,-0.750000000000000));
#864=CARTESIAN_POINT('',(4.342731539924026,10.058232195889738,-0.750000000000000));
#865=CARTESIAN_POINT('',(4.388112415802847,10.166011776101938,-0.750000000000000));
#866=CARTESIAN_POINT('',(4.388112415802847,10.225979362084665,-0.750000000000000));
#867=QUASI_UNIFORM_CURVE('',2,(#863,#864,#865,#866),.UNSPECIFIED.,.F.,.U.);
#868=EDGE_CURVE('',#862,#825,#867,.T.);
#869=ORIENTED_EDGE('',*,*,#868,.F.);
#870=CARTESIAN_POINT('',(4.294919545694554,10.018523929495771,-0.750000000000000));
#871=DIRECTION('',(0.0,0.0,1.0));
#872=VECTOR('',#871,0.100000000000000);
#873=LINE('',#870,#872);
#874=EDGE_CURVE('',#862,#852,#873,.T.);
#875=ORIENTED_EDGE('',*,*,#874,.T.);
#876=EDGE_LOOP('',(#859,#860,#869,#875));
#877=FACE_OUTER_BOUND('',#876,.T.);
#878=ADVANCED_FACE('',(#877),#850,.F.);
#879=CARTESIAN_POINT('',(3.993460870213815,9.932624414439431,-0.750000000000000));
#880=CARTESIAN_POINT('',(4.094757468157612,9.932624414439431,-0.750000000000000));
#881=CARTESIAN_POINT('',(4.246297178681531,9.978815663101802,-0.750000000000000));
#882=CARTESIAN_POINT('',(4.294919545694554,10.018523929495771,-0.750000000000000));
#883=CARTESIAN_POINT('',(3.993460870213815,9.932624414439431,-0.650000000000000));
#884=CARTESIAN_POINT('',(4.094757468157612,9.932624414439431,-0.650000000000000));
#885=CARTESIAN_POINT('',(4.246297178681531,9.978815663101802,-0.650000000000000));
#886=CARTESIAN_POINT('',(4.294919545694554,10.018523929495771,-0.650000000000000));
#887=B_SPLINE_SURFACE_WITH_KNOTS('',2,1,((#879,#883),(#880,#884),(#881,#885),(#882,#886)),.UNSPECIFIED.,.F.,.F.,.U.,(3,1,3),(2,2),(0.0,1.0,2.0),(0.0,0.010000000000000),.UNSPECIFIED.);
#888=CARTESIAN_POINT('',(3.993460870213815,9.932624414439431,-0.650000000000000));
#889=VERTEX_POINT('',#888);
#890=CARTESIAN_POINT('',(4.294919545694554,10.018523929495771,-0.650000000000000));
#891=CARTESIAN_POINT('',(4.246297178681531,9.978815663101802,-0.650000000000000));
#892=CARTESIAN_POINT('',(4.094757468157612,9.932624414439431,-0.650000000000000));
#893=CARTESIAN_POINT('',(3.993460870213815,9.932624414439431,-0.650000000000000));
#894=QUASI_UNIFORM_CURVE('',2,(#890,#891,#892,#893),.UNSPECIFIED.,.F.,.U.);
#895=EDGE_CURVE('',#852,#889,#894,.T.);
#896=ORIENTED_EDGE('',*,*,#895,.F.);
#897=ORIENTED_EDGE('',*,*,#874,.F.);
#898=CARTESIAN_POINT('',(3.993460870213815,9.932624414439431,-0.750000000000000));
#899=VERTEX_POINT('',#898);
#900=CARTESIAN_POINT('',(3.993460870213815,9.932624414439431,-0.750000000000000));
#901=CARTESIAN_POINT('',(4.094757468157612,9.932624414439431,-0.750000000000000));
#902=CARTESIAN_POINT('',(4.246297178681531,9.978815663101802,-0.750000000000000));
#903=CARTESIAN_POINT('',(4.294919545694554,10.018523929495771,-0.750000000000000));
#904=QUASI_UNIFORM_CURVE('',2,(#900,#901,#902,#903),.UNSPECIFIED.,.F.,.U.);
#905=EDGE_CURVE('',#899,#862,#904,.T.);
#906=ORIENTED_EDGE('',*,*,#905,.F.);
#907=CARTESIAN_POINT('',(3.993460870213815,9.932624414439431,-0.750000000000000));
#908=DIRECTION('',(0.0,0.0,1.0));
#909=VECTOR('',#908,0.100000000000000);
#910=LINE('',#907,#909);
#911=EDGE_CURVE('',#899,#889,#910,.T.);
#912=ORIENTED_EDGE('',*,*,#911,.T.);
#913=EDGE_LOOP('',(#896,#897,#906,#912));
#914=FACE_OUTER_BOUND('',#913,.T.);
#915=ADVANCED_FACE('',(#914),#887,.F.);
#916=CARTESIAN_POINT('',(3.700916295352130,10.018523929495771,-0.750000000000000));
#917=CARTESIAN_POINT('',(3.751969780715804,9.978005290318251,-0.750000000000000));
#918=CARTESIAN_POINT('',(3.898647254538421,9.932624414439431,-0.750000000000000));
#919=CARTESIAN_POINT('',(3.993460870213815,9.932624414439431,-0.750000000000000));
#920=CARTESIAN_POINT('',(3.700916295352130,10.018523929495771,-0.650000000000000));
#921=CARTESIAN_POINT('',(3.751969780715804,9.978005290318251,-0.650000000000000));
#922=CARTESIAN_POINT('',(3.898647254538421,9.932624414439431,-0.650000000000000));
#923=CARTESIAN_POINT('',(3.993460870213815,9.932624414439431,-0.650000000000000));
#924=B_SPLINE_SURFACE_WITH_KNOTS('',2,1,((#916,#920),(#917,#921),(#918,#922),(#919,#923)),.UNSPECIFIED.,.F.,.F.,.U.,(3,1,3),(2,2),(0.0,1.0,2.0),(0.0,0.010000000000000),.UNSPECIFIED.);
#925=CARTESIAN_POINT('',(3.700916295352130,10.018523929495771,-0.650000000000000));
#926=VERTEX_POINT('',#925);
#927=CARTESIAN_POINT('',(3.993460870213815,9.932624414439431,-0.650000000000000));
#928=CARTESIAN_POINT('',(3.898647254538421,9.932624414439431,-0.650000000000000));
#929=CARTESIAN_POINT('',(3.751969780715804,9.978005290318251,-0.650000000000000));
#930=CARTESIAN_POINT('',(3.700916295352130,10.018523929495771,-0.650000000000000));
#931=QUASI_UNIFORM_CURVE('',2,(#927,#928,#929,#930),.UNSPECIFIED.,.F.,.U.);
#932=EDGE_CURVE('',#889,#926,#931,.T.);
#933=ORIENTED_EDGE('',*,*,#932,.F.);
#934=ORIENTED_EDGE('',*,*,#911,.F.);
#935=CARTESIAN_POINT('',(3.700916295352130,10.018523929495771,-0.750000000000000));
#936=VERTEX_POINT('',#935);
#937=CARTESIAN_POINT('',(3.700916295352130,10.018523929495771,-0.750000000000000));
#938=CARTESIAN_POINT('',(3.751969780715804,9.978005290318251,-0.750000000000000));
#939=CARTESIAN_POINT('',(3.898647254538421,9.932624414439431,-0.750000000000000));
#940=CARTESIAN_POINT('',(3.993460870213815,9.932624414439431,-0.750000000000000));
#941=QUASI_UNIFORM_CURVE('',2,(#937,#938,#939,#940),.UNSPECIFIED.,.F.,.U.);
#942=EDGE_CURVE('',#936,#899,#941,.T.);
#943=ORIENTED_EDGE('',*,*,#942,.F.);
#944=CARTESIAN_POINT('',(3.700916295352130,10.018523929495771,-0.750000000000000));
#945=DIRECTION('',(0.0,0.0,1.0));
#946=VECTOR('',#945,0.100000000000000);
#947=LINE('',#944,#946);
#948=EDGE_CURVE('',#936,#926,#947,.T.);
#949=ORIENTED_EDGE('',*,*,#948,.T.);
#950=EDGE_LOOP('',(#933,#934,#943,#949));
#951=FACE_OUTER_BOUND('',#950,.T.);
#952=ADVANCED_FACE('',(#951),#924,.F.);
#953=CARTESIAN_POINT('',(3.596378206274132,10.234083089920169,-0.750000000000000));
#954=CARTESIAN_POINT('',(3.596378206274132,10.170063640019688,-0.750000000000000));
#955=CARTESIAN_POINT('',(3.649862809988456,10.059042568673288,-0.750000000000000));
#956=CARTESIAN_POINT('',(3.700916295352130,10.018523929495771,-0.750000000000000));
#957=CARTESIAN_POINT('',(3.596378206274132,10.234083089920169,-0.650000000000000));
#958=CARTESIAN_POINT('',(3.596378206274132,10.170063640019688,-0.650000000000000));
#959=CARTESIAN_POINT('',(3.649862809988456,10.059042568673288,-0.650000000000000));
#960=CARTESIAN_POINT('',(3.700916295352130,10.018523929495771,-0.650000000000000));
#961=B_SPLINE_SURFACE_WITH_KNOTS('',2,1,((#953,#957),(#954,#958),(#955,#959),(#956,#960)),.UNSPECIFIED.,.F.,.F.,.U.,(3,1,3),(2,2),(0.0,1.0,2.0),(0.0,0.010000000000000),.UNSPECIFIED.);
#962=CARTESIAN_POINT('',(3.700916295352130,10.018523929495771,-0.650000000000000));
#963=CARTESIAN_POINT('',(3.649862809988456,10.059042568673288,-0.650000000000000));
#964=CARTESIAN_POINT('',(3.596378206274132,10.170063640019688,-0.650000000000000));
#965=CARTESIAN_POINT('',(3.596378206274132,10.234083089920169,-0.650000000000000));
#966=QUASI_UNIFORM_CURVE('',2,(#962,#963,#964,#965),.UNSPECIFIED.,.F.,.U.);
#967=EDGE_CURVE('',#926,#485,#966,.T.);
#968=ORIENTED_EDGE('',*,*,#967,.F.);
#969=ORIENTED_EDGE('',*,*,#948,.F.);
#970=CARTESIAN_POINT('',(3.596378206274132,10.234083089920169,-0.750000000000000));
#971=CARTESIAN_POINT('',(3.596378206274132,10.170063640019688,-0.750000000000000));
#972=CARTESIAN_POINT('',(3.649862809988456,10.059042568673288,-0.750000000000000));
#973=CARTESIAN_POINT('',(3.700916295352130,10.018523929495771,-0.750000000000000));
#974=QUASI_UNIFORM_CURVE('',2,(#970,#971,#972,#973),.UNSPECIFIED.,.F.,.U.);
#975=EDGE_CURVE('',#496,#936,#974,.T.);
#976=ORIENTED_EDGE('',*,*,#975,.F.);
#977=ORIENTED_EDGE('',*,*,#501,.T.);
#978=EDGE_LOOP('',(#968,#969,#976,#977));
#979=FACE_OUTER_BOUND('',#978,.T.);
#980=ADVANCED_FACE('',(#979),#961,.F.);
#981=CARTESIAN_POINT('',(3.991674226524269,10.453934149893758,-0.650000000000000));
#982=DIRECTION('',(0.0,0.0,1.0));
#983=DIRECTION('',(1.0,0.0,0.0));
#984=AXIS2_PLACEMENT_3D('',#981,#982,#983);
#985=PLANE('',#984);
#986=ORIENTED_EDGE('',*,*,#493,.T.);
#987=ORIENTED_EDGE('',*,*,#532,.T.);
#988=ORIENTED_EDGE('',*,*,#568,.T.);
#989=ORIENTED_EDGE('',*,*,#605,.T.);
#990=ORIENTED_EDGE('',*,*,#642,.T.);
#991=ORIENTED_EDGE('',*,*,#679,.T.);
#992=ORIENTED_EDGE('',*,*,#716,.T.);
#993=ORIENTED_EDGE('',*,*,#753,.T.);
#994=ORIENTED_EDGE('',*,*,#785,.T.);
#995=ORIENTED_EDGE('',*,*,#821,.T.);
#996=ORIENTED_EDGE('',*,*,#858,.T.);
#997=ORIENTED_EDGE('',*,*,#895,.T.);
#998=ORIENTED_EDGE('',*,*,#932,.T.);
#999=ORIENTED_EDGE('',*,*,#967,.T.);
#1000=EDGE_LOOP('',(#986,#987,#988,#989,#990,#991,#992,#993,#994,#995,#996,#997,#998,#999));
#1001=FACE_OUTER_BOUND('',#1000,.T.);
#1002=ORIENTED_EDGE('',*,*,#86,.F.);
#1003=ORIENTED_EDGE('',*,*,#239,.F.);
#1004=ORIENTED_EDGE('',*,*,#204,.F.);
#1005=ORIENTED_EDGE('',*,*,#167,.F.);
#1006=ORIENTED_EDGE('',*,*,#130,.F.);
#1007=EDGE_LOOP('',(#1002,#1003,#1004,#1005,#1006));
#1008=FACE_BOUND('',#1007,.T.);
#1009=ORIENTED_EDGE('',*,*,#271,.F.);
#1010=ORIENTED_EDGE('',*,*,#461,.F.);
#1011=ORIENTED_EDGE('',*,*,#426,.F.);
#1012=ORIENTED_EDGE('',*,*,#389,.F.);
#1013=ORIENTED_EDGE('',*,*,#352,.F.);
#1014=ORIENTED_EDGE('',*,*,#315,.F.);
#1015=EDGE_LOOP('',(#1009,#1010,#1011,#1012,#1013,#1014));
#1016=FACE_BOUND('',#1015,.T.);
#1017=ADVANCED_FACE('',(#1001,#1008,#1016),#985,.F.);
#1018=CARTESIAN_POINT('',(4.553428463647123,11.000695743158824,-0.750000000000000));
#1019=DIRECTION('',(0.0,1.0,0.0));
#1020=DIRECTION('',(0.0,0.0,1.0));
#1021=AXIS2_PLACEMENT_3D('',#1018,#1019,#1020);
#1022=PLANE('',#1021);
#1023=CARTESIAN_POINT('',(4.553428463647123,11.000695743158824,-0.650000000000000));
#1024=VERTEX_POINT('',#1023);
#1025=CARTESIAN_POINT('',(4.747107558915662,11.000695743158824,-0.650000000000000));
#1026=VERTEX_POINT('',#1025);
#1027=CARTESIAN_POINT('',(4.553428463647123,11.000695743158824,-0.650000000000000));
#1028=DIRECTION('',(1.0,0.0,0.0));
#1029=VECTOR('',#1028,0.193679095268539);
#1030=LINE('',#1027,#1029);
#1031=EDGE_CURVE('',#1024,#1026,#1030,.T.);
#1032=ORIENTED_EDGE('',*,*,#1031,.F.);
#1033=CARTESIAN_POINT('',(4.553428463647123,11.000695743158824,-0.750000000000000));
#1034=VERTEX_POINT('',#1033);
#1035=CARTESIAN_POINT('',(4.553428463647123,11.000695743158824,-0.750000000000000));
#1036=DIRECTION('',(0.0,0.0,1.0));
#1037=VECTOR('',#1036,0.100000000000000);
#1038=LINE('',#1035,#1037);
#1039=EDGE_CURVE('',#1034,#1024,#1038,.T.);
#1040=ORIENTED_EDGE('',*,*,#1039,.F.);
#1041=CARTESIAN_POINT('',(4.747107558915662,11.000695743158824,-0.750000000000000));
#1042=VERTEX_POINT('',#1041);
#1043=CARTESIAN_POINT('',(4.747107558915662,11.000695743158824,-0.750000000000000));
#1044=DIRECTION('',(-1.0,0.0,0.0));
#1045=VECTOR('',#1044,0.193679095268539);
#1046=LINE('',#1043,#1045);
#1047=EDGE_CURVE('',#1042,#1034,#1046,.T.);
#1048=ORIENTED_EDGE('',*,*,#1047,.F.);
#1049=CARTESIAN_POINT('',(4.747107558915662,11.000695743158824,-0.750000000000000));
#1050=DIRECTION('',(0.0,0.0,1.0));
#1051=VECTOR('',#1050,0.100000000000000);
#1052=LINE('',#1049,#1051);
#1053=EDGE_CURVE('',#1042,#1026,#1052,.T.);
#1054=ORIENTED_EDGE('',*,*,#1053,.T.);
#1055=EDGE_LOOP('',(#1032,#1040,#1048,#1054));
#1056=FACE_OUTER_BOUND('',#1055,.T.);
#1057=ADVANCED_FACE('',(#1056),#1022,.F.);
#1058=CARTESIAN_POINT('',(4.747107558915662,11.000695743158824,-0.750000000000000));
#1059=DIRECTION('',(0.953878492307212,0.300192974457632,0.0));
#1060=DIRECTION('',(0.0,0.0,-1.0));
#1061=AXIS2_PLACEMENT_3D('',#1058,#1059,#1060);
#1062=PLANE('',#1061);
#1063=CARTESIAN_POINT('',(5.144190222855345,9.738945319170892,-0.650000000000000));
#1064=VERTEX_POINT('',#1063);
#1065=CARTESIAN_POINT('',(4.747107558915662,11.000695743158825,-0.650000000000000));
#1066=DIRECTION('',(0.300192974457632,-0.953878492307212,0.0));
#1067=VECTOR('',#1066,1.322758018095209);
#1068=LINE('',#1065,#1067);
#1069=EDGE_CURVE('',#1026,#1064,#1068,.T.);
#1070=ORIENTED_EDGE('',*,*,#1069,.F.);
#1071=ORIENTED_EDGE('',*,*,#1053,.F.);
#1072=CARTESIAN_POINT('',(5.144190222855345,9.738945319170892,-0.750000000000000));
#1073=VERTEX_POINT('',#1072);
#1074=CARTESIAN_POINT('',(5.144190222855345,9.738945319170892,-0.750000000000000));
#1075=DIRECTION('',(-0.300192974457632,0.953878492307212,0.0));
#1076=VECTOR('',#1075,1.322758018095208);
#1077=LINE('',#1074,#1076);
#1078=EDGE_CURVE('',#1073,#1042,#1077,.T.);
#1079=ORIENTED_EDGE('',*,*,#1078,.F.);
#1080=CARTESIAN_POINT('',(5.144190222855345,9.738945319170892,-0.750000000000000));
#1081=DIRECTION('',(0.0,0.0,1.0));
#1082=VECTOR('',#1081,0.100000000000000);
#1083=LINE('',#1080,#1082);
#1084=EDGE_CURVE('',#1073,#1064,#1083,.T.);
#1085=ORIENTED_EDGE('',*,*,#1084,.T.);
#1086=EDGE_LOOP('',(#1070,#1071,#1079,#1085));
#1087=FACE_OUTER_BOUND('',#1086,.T.);
#1088=ADVANCED_FACE('',(#1087),#1062,.F.);
#1089=CARTESIAN_POINT('',(5.144190222855345,9.738945319170892,-0.750000000000000));
#1090=DIRECTION('',(0.0,-1.0,0.0));
#1091=DIRECTION('',(0.0,0.0,-1.0));
#1092=AXIS2_PLACEMENT_3D('',#1089,#1090,#1091);
#1093=PLANE('',#1092);
#1094=CARTESIAN_POINT('',(4.951321500370357,9.738945319170892,-0.650000000000000));
#1095=VERTEX_POINT('',#1094);
#1096=CARTESIAN_POINT('',(5.144190222855345,9.738945319170892,-0.650000000000000));
#1097=DIRECTION('',(-1.0,0.0,0.0));
#1098=VECTOR('',#1097,0.192868722484988);
#1099=LINE('',#1096,#1098);
#1100=EDGE_CURVE('',#1064,#1095,#1099,.T.);
#1101=ORIENTED_EDGE('',*,*,#1100,.F.);
#1102=ORIENTED_EDGE('',*,*,#1084,.F.);
#1103=CARTESIAN_POINT('',(4.951321500370357,9.738945319170892,-0.750000000000000));
#1104=VERTEX_POINT('',#1103);
#1105=CARTESIAN_POINT('',(4.951321500370357,9.738945319170890,-0.750000000000000));
#1106=DIRECTION('',(1.0,0.0,0.0));
#1107=VECTOR('',#1106,0.192868722484988);
#1108=LINE('',#1105,#1107);
#1109=EDGE_CURVE('',#1104,#1073,#1108,.T.);
#1110=ORIENTED_EDGE('',*,*,#1109,.F.);
#1111=CARTESIAN_POINT('',(4.951321500370357,9.738945319170892,-0.750000000000000));
#1112=DIRECTION('',(0.0,0.0,1.0));
#1113=VECTOR('',#1112,0.100000000000000);
#1114=LINE('',#1111,#1113);
#1115=EDGE_CURVE('',#1104,#1095,#1114,.T.);
#1116=ORIENTED_EDGE('',*,*,#1115,.T.);
#1117=EDGE_LOOP('',(#1101,#1102,#1110,#1116));
#1118=FACE_OUTER_BOUND('',#1117,.T.);
#1119=ADVANCED_FACE('',(#1118),#1093,.F.);
#1120=CARTESIAN_POINT('',(4.951321500370357,9.738945319170892,-0.750000000000000));
#1121=DIRECTION('',(-0.953702934136148,-0.300750250906133,0.0));
#1122=DIRECTION('',(0.0,0.0,1.0));
#1123=AXIS2_PLACEMENT_3D('',#1120,#1121,#1122);
#1124=PLANE('',#1123);
#1125=CARTESIAN_POINT('',(4.951321500370357,9.738945319170892,-0.650000000000000));
#1126=DIRECTION('',(-0.300750250906133,0.953702934136148,0.0));
#1127=VECTOR('',#1126,1.323001512133136);
#1128=LINE('',#1125,#1127);
#1129=EDGE_CURVE('',#1095,#1024,#1128,.T.);
#1130=ORIENTED_EDGE('',*,*,#1129,.F.);
#1131=ORIENTED_EDGE('',*,*,#1115,.F.);
#1132=CARTESIAN_POINT('',(4.553428463647121,11.000695743158824,-0.750000000000000));
#1133=DIRECTION('',(0.300750250906133,-0.953702934136148,0.0));
#1134=VECTOR('',#1133,1.323001512133137);
#1135=LINE('',#1132,#1134);
#1136=EDGE_CURVE('',#1034,#1104,#1135,.T.);
#1137=ORIENTED_EDGE('',*,*,#1136,.F.);
#1138=ORIENTED_EDGE('',*,*,#1039,.T.);
#1139=EDGE_LOOP('',(#1130,#1131,#1137,#1138));
#1140=FACE_OUTER_BOUND('',#1139,.T.);
#1141=ADVANCED_FACE('',(#1140),#1124,.F.);
#1142=CARTESIAN_POINT('',(4.848951062937640,10.369989130202802,-0.650000000000000));
#1143=DIRECTION('',(0.0,0.0,1.0));
#1144=DIRECTION('',(1.0,0.0,0.0));
#1145=AXIS2_PLACEMENT_3D('',#1142,#1143,#1144);
#1146=PLANE('',#1145);
#1147=ORIENTED_EDGE('',*,*,#1031,.T.);
#1148=ORIENTED_EDGE('',*,*,#1069,.T.);
#1149=ORIENTED_EDGE('',*,*,#1100,.T.);
#1150=ORIENTED_EDGE('',*,*,#1129,.T.);
#1151=EDGE_LOOP('',(#1147,#1148,#1149,#1150));
#1152=FACE_OUTER_BOUND('',#1151,.T.);
#1153=ADVANCED_FACE('',(#1152),#1146,.F.);
#1154=CARTESIAN_POINT('',(5.252570163440158,10.786917920468998,-0.750000000000000));
#1155=DIRECTION('',(-1.0,0.0,0.0));
#1156=DIRECTION('',(0.0,0.0,1.0));
#1157=AXIS2_PLACEMENT_3D('',#1154,#1155,#1156);
#1158=PLANE('',#1157);
#1159=CARTESIAN_POINT('',(5.252570163440158,10.786917920468998,-0.650000000000000));
#1160=VERTEX_POINT('',#1159);
#1161=CARTESIAN_POINT('',(5.252570163440158,10.956125240063553,-0.650000000000000));
#1162=VERTEX_POINT('',#1161);
#1163=CARTESIAN_POINT('',(5.252570163440158,10.786917920468998,-0.650000000000000));
#1164=DIRECTION('',(0.0,1.0,0.0));
#1165=VECTOR('',#1164,0.169207319594555);
#1166=LINE('',#1163,#1165);
#1167=EDGE_CURVE('',#1160,#1162,#1166,.T.);
#1168=ORIENTED_EDGE('',*,*,#1167,.F.);
#1169=CARTESIAN_POINT('',(5.252570163440158,10.786917920468998,-0.750000000000000));
#1170=VERTEX_POINT('',#1169);
#1171=CARTESIAN_POINT('',(5.252570163440158,10.786917920468998,-0.750000000000000));
#1172=DIRECTION('',(0.0,0.0,1.0));
#1173=VECTOR('',#1172,0.100000000000000);
#1174=LINE('',#1171,#1173);
#1175=EDGE_CURVE('',#1170,#1160,#1174,.T.);
#1176=ORIENTED_EDGE('',*,*,#1175,.F.);
#1177=CARTESIAN_POINT('',(5.252570163440158,10.956125240063553,-0.750000000000000));
#1178=VERTEX_POINT('',#1177);
#1179=CARTESIAN_POINT('',(5.252570163440158,10.956125240063553,-0.750000000000000));
#1180=DIRECTION('',(0.0,-1.0,0.0));
#1181=VECTOR('',#1180,0.169207319594555);
#1182=LINE('',#1179,#1181);
#1183=EDGE_CURVE('',#1178,#1170,#1182,.T.);
#1184=ORIENTED_EDGE('',*,*,#1183,.F.);
#1185=CARTESIAN_POINT('',(5.252570163440158,10.956125240063553,-0.750000000000000));
#1186=DIRECTION('',(0.0,0.0,1.0));
#1187=VECTOR('',#1186,0.100000000000000);
#1188=LINE('',#1185,#1187);
#1189=EDGE_CURVE('',#1178,#1162,#1188,.T.);
#1190=ORIENTED_EDGE('',*,*,#1189,.T.);
#1191=EDGE_LOOP('',(#1168,#1176,#1184,#1190));
#1192=FACE_OUTER_BOUND('',#1191,.T.);
#1193=ADVANCED_FACE('',(#1192),#1158,.F.);
#1194=CARTESIAN_POINT('',(5.252570163440158,10.956125240063553,-0.750000000000000));
#1195=DIRECTION('',(0.0,1.0,0.0));
#1196=DIRECTION('',(0.0,0.0,1.0));
#1197=AXIS2_PLACEMENT_3D('',#1194,#1195,#1196);
#1198=PLANE('',#1197);
#1199=CARTESIAN_POINT('',(6.046015297214630,10.956125240063553,-0.650000000000000));
#1200=VERTEX_POINT('',#1199);
#1201=CARTESIAN_POINT('',(5.252570163440158,10.956125240063553,-0.650000000000000));
#1202=DIRECTION('',(1.0,0.0,0.0));
#1203=VECTOR('',#1202,0.793445133774473);
#1204=LINE('',#1201,#1203);
#1205=EDGE_CURVE('',#1162,#1200,#1204,.T.);
#1206=ORIENTED_EDGE('',*,*,#1205,.F.);
#1207=ORIENTED_EDGE('',*,*,#1189,.F.);
#1208=CARTESIAN_POINT('',(6.046015297214630,10.956125240063553,-0.750000000000000));
#1209=VERTEX_POINT('',#1208);
#1210=CARTESIAN_POINT('',(6.046015297214631,10.956125240063553,-0.750000000000000));
#1211=DIRECTION('',(-1.0,0.0,0.0));
#1212=VECTOR('',#1211,0.793445133774473);
#1213=LINE('',#1210,#1212);
#1214=EDGE_CURVE('',#1209,#1178,#1213,.T.);
#1215=ORIENTED_EDGE('',*,*,#1214,.F.);
#1216=CARTESIAN_POINT('',(6.046015297214630,10.956125240063553,-0.750000000000000));
#1217=DIRECTION('',(0.0,0.0,1.0));
#1218=VECTOR('',#1217,0.100000000000000);
#1219=LINE('',#1216,#1218);
#1220=EDGE_CURVE('',#1209,#1200,#1219,.T.);
#1221=ORIENTED_EDGE('',*,*,#1220,.T.);
#1222=EDGE_LOOP('',(#1206,#1207,#1215,#1221));
#1223=FACE_OUTER_BOUND('',#1222,.T.);
#1224=ADVANCED_FACE('',(#1223),#1198,.F.);
#1225=CARTESIAN_POINT('',(6.046015297214630,10.956125240063553,-0.750000000000000));
#1226=DIRECTION('',(1.0,0.0,0.0));
#1227=DIRECTION('',(0.0,0.0,-1.0));
#1228=AXIS2_PLACEMENT_3D('',#1225,#1226,#1227);
#1229=PLANE('',#1228);
#1230=CARTESIAN_POINT('',(6.046015297214630,10.786917920468998,-0.650000000000000));
#1231=VERTEX_POINT('',#1230);
#1232=CARTESIAN_POINT('',(6.046015297214630,10.956125240063553,-0.650000000000000));
#1233=DIRECTION('',(0.0,-1.0,0.0));
#1234=VECTOR('',#1233,0.169207319594555);
#1235=LINE('',#1232,#1234);
#1236=EDGE_CURVE('',#1200,#1231,#1235,.T.);
#1237=ORIENTED_EDGE('',*,*,#1236,.F.);
#1238=ORIENTED_EDGE('',*,*,#1220,.F.);
#1239=CARTESIAN_POINT('',(6.046015297214630,10.786917920468998,-0.750000000000000));
#1240=VERTEX_POINT('',#1239);
#1241=CARTESIAN_POINT('',(6.046015297214630,10.786917920468998,-0.750000000000000));
#1242=DIRECTION('',(0.0,1.0,0.0));
#1243=VECTOR('',#1242,0.169207319594555);
#1244=LINE('',#1241,#1243);
#1245=EDGE_CURVE('',#1240,#1209,#1244,.T.);
#1246=ORIENTED_EDGE('',*,*,#1245,.F.);
#1247=CARTESIAN_POINT('',(6.046015297214630,10.786917920468998,-0.750000000000000));
#1248=DIRECTION('',(0.0,0.0,1.0));
#1249=VECTOR('',#1248,0.100000000000000);
#1250=LINE('',#1247,#1249);
#1251=EDGE_CURVE('',#1240,#1231,#1250,.T.);
#1252=ORIENTED_EDGE('',*,*,#1251,.T.);
#1253=EDGE_LOOP('',(#1237,#1238,#1246,#1252));
#1254=FACE_OUTER_BOUND('',#1253,.T.);
#1255=ADVANCED_FACE('',(#1254),#1229,.F.);
#1256=CARTESIAN_POINT('',(6.046015297214630,10.786917920468998,-0.750000000000000));
#1257=DIRECTION('',(0.0,-1.0,0.0));
#1258=DIRECTION('',(0.0,0.0,-1.0));
#1259=AXIS2_PLACEMENT_3D('',#1256,#1257,#1258);
#1260=PLANE('',#1259);
#1261=CARTESIAN_POINT('',(5.750283585490812,10.786917920468998,-0.650000000000000));
#1262=VERTEX_POINT('',#1261);
#1263=CARTESIAN_POINT('',(6.046015297214630,10.786917920468998,-0.650000000000000));
#1264=DIRECTION('',(-1.0,0.0,0.0));
#1265=VECTOR('',#1264,0.295731711723819);
#1266=LINE('',#1263,#1265);
#1267=EDGE_CURVE('',#1231,#1262,#1266,.T.);
#1268=ORIENTED_EDGE('',*,*,#1267,.F.);
#1269=ORIENTED_EDGE('',*,*,#1251,.F.);
#1270=CARTESIAN_POINT('',(5.750283585490812,10.786917920468998,-0.750000000000000));
#1271=VERTEX_POINT('',#1270);
#1272=CARTESIAN_POINT('',(5.750283585490813,10.786917920468998,-0.750000000000000));
#1273=DIRECTION('',(1.0,0.0,0.0));
#1274=VECTOR('',#1273,0.295731711723819);
#1275=LINE('',#1272,#1274);
#1276=EDGE_CURVE('',#1271,#1240,#1275,.T.);
#1277=ORIENTED_EDGE('',*,*,#1276,.F.);
#1278=CARTESIAN_POINT('',(5.750283585490812,10.786917920468998,-0.750000000000000));
#1279=DIRECTION('',(0.0,0.0,1.0));
#1280=VECTOR('',#1279,0.100000000000000);
#1281=LINE('',#1278,#1280);
#1282=EDGE_CURVE('',#1271,#1262,#1281,.T.);
#1283=ORIENTED_EDGE('',*,*,#1282,.T.);
#1284=EDGE_LOOP('',(#1268,#1269,#1277,#1283));
#1285=FACE_OUTER_BOUND('',#1284,.T.);
#1286=ADVANCED_FACE('',(#1285),#1260,.F.);
#1287=CARTESIAN_POINT('',(5.750283585490812,10.786917920468998,-0.750000000000000));
#1288=DIRECTION('',(1.0,0.0,0.0));
#1289=DIRECTION('',(0.0,0.0,-1.0));
#1290=AXIS2_PLACEMENT_3D('',#1287,#1288,#1289);
#1291=PLANE('',#1290);
#1292=CARTESIAN_POINT('',(5.750283585490812,9.978228884028347,-0.650000000000000));
#1293=VERTEX_POINT('',#1292);
#1294=CARTESIAN_POINT('',(5.750283585490812,10.786917920468998,-0.650000000000000));
#1295=DIRECTION('',(0.0,-1.0,0.0));
#1296=VECTOR('',#1295,0.808689036440651);
#1297=LINE('',#1294,#1296);
#1298=EDGE_CURVE('',#1262,#1293,#1297,.T.);
#1299=ORIENTED_EDGE('',*,*,#1298,.F.);
#1300=ORIENTED_EDGE('',*,*,#1282,.F.);
#1301=CARTESIAN_POINT('',(5.750283585490812,9.978228884028347,-0.750000000000000));
#1302=VERTEX_POINT('',#1301);
#1303=CARTESIAN_POINT('',(5.750283585490812,9.978228884028347,-0.750000000000000));
#1304=DIRECTION('',(0.0,1.0,0.0));
#1305=VECTOR('',#1304,0.808689036440651);
#1306=LINE('',#1303,#1305);
#1307=EDGE_CURVE('',#1302,#1271,#1306,.T.);
#1308=ORIENTED_EDGE('',*,*,#1307,.F.);
#1309=CARTESIAN_POINT('',(5.750283585490812,9.978228884028347,-0.750000000000000));
#1310=DIRECTION('',(0.0,0.0,1.0));
#1311=VECTOR('',#1310,0.100000000000000);
#1312=LINE('',#1309,#1311);
#1313=EDGE_CURVE('',#1302,#1293,#1312,.T.);
#1314=ORIENTED_EDGE('',*,*,#1313,.T.);
#1315=EDGE_LOOP('',(#1299,#1300,#1308,#1314));
#1316=FACE_OUTER_BOUND('',#1315,.T.);
#1317=ADVANCED_FACE('',(#1316),#1291,.F.);
#1318=CARTESIAN_POINT('',(5.721320170425077,9.759478880768718,-0.750000000000000));
#1319=CARTESIAN_POINT('',(5.750283585490812,9.818167906033496,-0.750000000000000));
#1320=CARTESIAN_POINT('',(5.750283585490812,9.978228884028347,-0.750000000000000));
#1321=CARTESIAN_POINT('',(5.721320170425077,9.759478880768718,-0.650000000000000));
#1322=CARTESIAN_POINT('',(5.750283585490812,9.818167906033496,-0.650000000000000));
#1323=CARTESIAN_POINT('',(5.750283585490812,9.978228884028347,-0.650000000000000));
#1324=B_SPLINE_SURFACE_WITH_KNOTS('',2,1,((#1318,#1321),(#1319,#1322),(#1320,#1323)),.UNSPECIFIED.,.F.,.F.,.U.,(3,3),(2,2),(0.0,1.0),(0.0,0.010000000000000),.UNSPECIFIED.);
#1325=CARTESIAN_POINT('',(5.721320170425077,9.759478880768718,-0.650000000000000));
#1326=VERTEX_POINT('',#1325);
#1327=CARTESIAN_POINT('',(5.750283585490812,9.978228884028347,-0.650000000000000));
#1328=CARTESIAN_POINT('',(5.750283585490812,9.818167906033496,-0.650000000000000));
#1329=CARTESIAN_POINT('',(5.721320170425077,9.759478880768718,-0.650000000000000));
#1330=QUASI_UNIFORM_CURVE('',2,(#1327,#1328,#1329),.UNSPECIFIED.,.F.,.U.);
#1331=EDGE_CURVE('',#1293,#1326,#1330,.T.);
#1332=ORIENTED_EDGE('',*,*,#1331,.F.);
#1333=ORIENTED_EDGE('',*,*,#1313,.F.);
#1334=CARTESIAN_POINT('',(5.721320170425077,9.759478880768718,-0.750000000000000));
#1335=VERTEX_POINT('',#1334);
#1336=CARTESIAN_POINT('',(5.721320170425077,9.759478880768718,-0.750000000000000));
#1337=CARTESIAN_POINT('',(5.750283585490812,9.818167906033496,-0.750000000000000));
#1338=CARTESIAN_POINT('',(5.750283585490812,9.978228884028347,-0.750000000000000));
#1339=QUASI_UNIFORM_CURVE('',2,(#1336,#1337,#1338),.UNSPECIFIED.,.F.,.U.);
#1340=EDGE_CURVE('',#1335,#1302,#1339,.T.);
#1341=ORIENTED_EDGE('',*,*,#1340,.F.);
#1342=CARTESIAN_POINT('',(5.721320170425077,9.759478880768718,-0.750000000000000));
#1343=DIRECTION('',(0.0,0.0,1.0));
#1344=VECTOR('',#1343,0.100000000000000);
#1345=LINE('',#1342,#1344);
#1346=EDGE_CURVE('',#1335,#1326,#1345,.T.);
#1347=ORIENTED_EDGE('',*,*,#1346,.T.);
#1348=EDGE_LOOP('',(#1332,#1333,#1341,#1347));
#1349=FACE_OUTER_BOUND('',#1348,.T.);
#1350=ADVANCED_FACE('',(#1349),#1324,.F.);
#1351=CARTESIAN_POINT('',(5.520862850364860,9.661917903705190,-0.750000000000000));
#1352=CARTESIAN_POINT('',(5.674826267293240,9.661917903705190,-0.750000000000000));
#1353=CARTESIAN_POINT('',(5.721320170425077,9.759478880768718,-0.750000000000000));
#1354=CARTESIAN_POINT('',(5.520862850364860,9.661917903705190,-0.650000000000000));
#1355=CARTESIAN_POINT('',(5.674826267293240,9.661917903705190,-0.650000000000000));
#1356=CARTESIAN_POINT('',(5.721320170425077,9.759478880768718,-0.650000000000000));
#1357=B_SPLINE_SURFACE_WITH_KNOTS('',2,1,((#1351,#1354),(#1352,#1355),(#1353,#1356)),.UNSPECIFIED.,.F.,.F.,.U.,(3,3),(2,2),(0.0,1.0),(0.0,0.010000000000000),.UNSPECIFIED.);
#1358=CARTESIAN_POINT('',(5.520862850364860,9.661917903705190,-0.650000000000000));
#1359=VERTEX_POINT('',#1358);
#1360=CARTESIAN_POINT('',(5.721320170425077,9.759478880768718,-0.650000000000000));
#1361=CARTESIAN_POINT('',(5.674826267293240,9.661917903705190,-0.650000000000000));
#1362=CARTESIAN_POINT('',(5.520862850364860,9.661917903705190,-0.650000000000000));
#1363=QUASI_UNIFORM_CURVE('',2,(#1360,#1361,#1362),.UNSPECIFIED.,.F.,.U.);
#1364=EDGE_CURVE('',#1326,#1359,#1363,.T.);
#1365=ORIENTED_EDGE('',*,*,#1364,.F.);
#1366=ORIENTED_EDGE('',*,*,#1346,.F.);
#1367=CARTESIAN_POINT('',(5.520862850364860,9.661917903705190,-0.750000000000000));
#1368=VERTEX_POINT('',#1367);
#1369=CARTESIAN_POINT('',(5.520862850364860,9.661917903705190,-0.750000000000000));
#1370=CARTESIAN_POINT('',(5.674826267293240,9.661917903705190,-0.750000000000000));
#1371=CARTESIAN_POINT('',(5.721320170425077,9.759478880768718,-0.750000000000000));
#1372=QUASI_UNIFORM_CURVE('',2,(#1369,#1370,#1371),.UNSPECIFIED.,.F.,.U.);
#1373=EDGE_CURVE('',#1368,#1335,#1372,.T.);
#1374=ORIENTED_EDGE('',*,*,#1373,.F.);
#1375=CARTESIAN_POINT('',(5.520862850364860,9.661917903705190,-0.750000000000000));
#1376=DIRECTION('',(0.0,0.0,1.0));
#1377=VECTOR('',#1376,0.100000000000000);
#1378=LINE('',#1375,#1377);
#1379=EDGE_CURVE('',#1368,#1359,#1378,.T.);
#1380=ORIENTED_EDGE('',*,*,#1379,.T.);
#1381=EDGE_LOOP('',(#1365,#1366,#1374,#1380));
#1382=FACE_OUTER_BOUND('',#1381,.T.);
#1383=ADVANCED_FACE('',(#1382),#1357,.F.);
#1384=CARTESIAN_POINT('',(5.388240897169126,9.682497172304528,-0.750000000000000));
#1385=CARTESIAN_POINT('',(5.464460410500007,9.661917903705190,-0.750000000000000));
#1386=CARTESIAN_POINT('',(5.520862850364860,9.661917903705190,-0.750000000000000));
#1387=CARTESIAN_POINT('',(5.388240897169126,9.682497172304528,-0.650000000000000));
#1388=CARTESIAN_POINT('',(5.464460410500007,9.661917903705190,-0.650000000000000));
#1389=CARTESIAN_POINT('',(5.520862850364860,9.661917903705190,-0.650000000000000));
#1390=B_SPLINE_SURFACE_WITH_KNOTS('',2,1,((#1384,#1387),(#1385,#1388),(#1386,#1389)),.UNSPECIFIED.,.F.,.F.,.U.,(3,3),(2,2),(0.0,1.0),(0.0,0.010000000000000),.UNSPECIFIED.);
#1391=CARTESIAN_POINT('',(5.388240897169126,9.682497172304528,-0.650000000000000));
#1392=VERTEX_POINT('',#1391);
#1393=CARTESIAN_POINT('',(5.520862850364860,9.661917903705190,-0.650000000000000));
#1394=CARTESIAN_POINT('',(5.464460410500007,9.661917903705190,-0.650000000000000));
#1395=CARTESIAN_POINT('',(5.388240897169126,9.682497172304528,-0.650000000000000));
#1396=QUASI_UNIFORM_CURVE('',2,(#1393,#1394,#1395),.UNSPECIFIED.,.F.,.U.);
#1397=EDGE_CURVE('',#1359,#1392,#1396,.T.);
#1398=ORIENTED_EDGE('',*,*,#1397,.F.);
#1399=ORIENTED_EDGE('',*,*,#1379,.F.);
#1400=CARTESIAN_POINT('',(5.388240897169126,9.682497172304528,-0.750000000000000));
#1401=VERTEX_POINT('',#1400);
#1402=CARTESIAN_POINT('',(5.388240897169126,9.682497172304528,-0.750000000000000));
#1403=CARTESIAN_POINT('',(5.464460410500007,9.661917903705190,-0.750000000000000));
#1404=CARTESIAN_POINT('',(5.520862850364860,9.661917903705190,-0.750000000000000));
#1405=QUASI_UNIFORM_CURVE('',2,(#1402,#1403,#1404),.UNSPECIFIED.,.F.,.U.);
#1406=EDGE_CURVE('',#1401,#1368,#1405,.T.);
#1407=ORIENTED_EDGE('',*,*,#1406,.F.);
#1408=CARTESIAN_POINT('',(5.388240897169126,9.682497172304528,-0.750000000000000));
#1409=DIRECTION('',(0.0,0.0,1.0));
#1410=VECTOR('',#1409,0.100000000000000);
#1411=LINE('',#1408,#1410);
#1412=EDGE_CURVE('',#1401,#1392,#1411,.T.);
#1413=ORIENTED_EDGE('',*,*,#1412,.T.);
#1414=EDGE_LOOP('',(#1398,#1399,#1407,#1413));
#1415=FACE_OUTER_BOUND('',#1414,.T.);
#1416=ADVANCED_FACE('',(#1415),#1390,.F.);
#1417=CARTESIAN_POINT('',(5.388240897169126,9.682497172304528,-0.750000000000000));
#1418=DIRECTION('',(-0.979694594829586,0.200495638011636,0.0));
#1419=DIRECTION('',(0.0,0.0,1.0));
#1420=AXIS2_PLACEMENT_3D('',#1417,#1418,#1419);
#1421=PLANE('',#1420);
#1422=CARTESIAN_POINT('',(5.421777483034714,9.846369125965923,-0.650000000000000));
#1423=VERTEX_POINT('',#1422);
#1424=CARTESIAN_POINT('',(5.388240897169126,9.682497172304528,-0.650000000000000));
#1425=DIRECTION('',(0.200495638011636,0.979694594829586,0.0));
#1426=VECTOR('',#1425,0.167268406426087);
#1427=LINE('',#1424,#1426);
#1428=EDGE_CURVE('',#1392,#1423,#1427,.T.);
#1429=ORIENTED_EDGE('',*,*,#1428,.F.);
#1430=ORIENTED_EDGE('',*,*,#1412,.F.);
#1431=CARTESIAN_POINT('',(5.421777483034714,9.846369125965923,-0.750000000000000));
#1432=VERTEX_POINT('',#1431);
#1433=CARTESIAN_POINT('',(5.421777483034715,9.846369125965923,-0.750000000000000));
#1434=DIRECTION('',(-0.200495638011636,-0.979694594829586,0.0));
#1435=VECTOR('',#1434,0.167268406426087);
#1436=LINE('',#1433,#1435);
#1437=EDGE_CURVE('',#1432,#1401,#1436,.T.);
#1438=ORIENTED_EDGE('',*,*,#1437,.F.);
#1439=CARTESIAN_POINT('',(5.421777483034714,9.846369125965923,-0.750000000000000));
#1440=DIRECTION('',(0.0,0.0,1.0));
#1441=VECTOR('',#1440,0.100000000000000);
#1442=LINE('',#1439,#1441);
#1443=EDGE_CURVE('',#1432,#1423,#1442,.T.);
#1444=ORIENTED_EDGE('',*,*,#1443,.T.);
#1445=EDGE_LOOP('',(#1429,#1430,#1438,#1444));
#1446=FACE_OUTER_BOUND('',#1445,.T.);
#1447=ADVANCED_FACE('',(#1446),#1421,.F.);
#1448=CARTESIAN_POINT('',(5.469033581299860,9.840271564899453,-0.750000000000000));
#1449=CARTESIAN_POINT('',(5.452265288367066,9.840271564899453,-0.750000000000000));
#1450=CARTESIAN_POINT('',(5.421777483034714,9.846369125965923,-0.750000000000000));
#1451=CARTESIAN_POINT('',(5.469033581299860,9.840271564899453,-0.650000000000000));
#1452=CARTESIAN_POINT('',(5.452265288367066,9.840271564899453,-0.650000000000000));
#1453=CARTESIAN_POINT('',(5.421777483034714,9.846369125965923,-0.650000000000000));
#1454=B_SPLINE_SURFACE_WITH_KNOTS('',2,1,((#1448,#1451),(#1449,#1452),(#1450,#1453)),.UNSPECIFIED.,.F.,.F.,.U.,(3,3),(2,2),(0.0,1.0),(0.0,0.010000000000000),.UNSPECIFIED.);
#1455=CARTESIAN_POINT('',(5.469033581299860,9.840271564899453,-0.650000000000000));
#1456=VERTEX_POINT('',#1455);
#1457=CARTESIAN_POINT('',(5.421777483034714,9.846369125965923,-0.650000000000000));
#1458=CARTESIAN_POINT('',(5.452265288367066,9.840271564899453,-0.650000000000000));
#1459=CARTESIAN_POINT('',(5.469033581299860,9.840271564899453,-0.650000000000000));
#1460=QUASI_UNIFORM_CURVE('',2,(#1457,#1458,#1459),.UNSPECIFIED.,.F.,.U.);
#1461=EDGE_CURVE('',#1423,#1456,#1460,.T.);
#1462=ORIENTED_EDGE('',*,*,#1461,.F.);
#1463=ORIENTED_EDGE('',*,*,#1443,.F.);
#1464=CARTESIAN_POINT('',(5.469033581299860,9.840271564899453,-0.750000000000000));
#1465=VERTEX_POINT('',#1464);
#1466=CARTESIAN_POINT('',(5.469033581299860,9.840271564899453,-0.750000000000000));
#1467=CARTESIAN_POINT('',(5.452265288367066,9.840271564899453,-0.750000000000000));
#1468=CARTESIAN_POINT('',(5.421777483034714,9.846369125965923,-0.750000000000000));
#1469=QUASI_UNIFORM_CURVE('',2,(#1466,#1467,#1468),.UNSPECIFIED.,.F.,.U.);
#1470=EDGE_CURVE('',#1465,#1432,#1469,.T.);
#1471=ORIENTED_EDGE('',*,*,#1470,.F.);
#1472=CARTESIAN_POINT('',(5.469033581299860,9.840271564899453,-0.750000000000000));
#1473=DIRECTION('',(0.0,0.0,1.0));
#1474=VECTOR('',#1473,0.100000000000000);
#1475=LINE('',#1472,#1474);
#1476=EDGE_CURVE('',#1465,#1456,#1475,.T.);
#1477=ORIENTED_EDGE('',*,*,#1476,.T.);
#1478=EDGE_LOOP('',(#1462,#1463,#1471,#1477));
#1479=FACE_OUTER_BOUND('',#1478,.T.);
#1480=ADVANCED_FACE('',(#1479),#1454,.F.);
#1481=CARTESIAN_POINT('',(5.542966509230815,9.889052053431215,-0.750000000000000));
#1482=CARTESIAN_POINT('',(5.528484801697947,9.840271564899453,-0.750000000000000));
#1483=CARTESIAN_POINT('',(5.469033581299860,9.840271564899453,-0.750000000000000));
#1484=CARTESIAN_POINT('',(5.542966509230815,9.889052053431215,-0.650000000000000));
#1485=CARTESIAN_POINT('',(5.528484801697947,9.840271564899453,-0.650000000000000));
#1486=CARTESIAN_POINT('',(5.469033581299860,9.840271564899453,-0.650000000000000));
#1487=B_SPLINE_SURFACE_WITH_KNOTS('',2,1,((#1481,#1484),(#1482,#1485),(#1483,#1486)),.UNSPECIFIED.,.F.,.F.,.U.,(3,3),(2,2),(0.0,1.0),(0.0,0.010000000000000),.UNSPECIFIED.);
#1488=CARTESIAN_POINT('',(5.542966509230815,9.889052053431215,-0.650000000000000));
#1489=VERTEX_POINT('',#1488);
#1490=CARTESIAN_POINT('',(5.469033581299860,9.840271564899453,-0.650000000000000));
#1491=CARTESIAN_POINT('',(5.528484801697947,9.840271564899453,-0.650000000000000));
#1492=CARTESIAN_POINT('',(5.542966509230815,9.889052053431215,-0.650000000000000));
#1493=QUASI_UNIFORM_CURVE('',2,(#1490,#1491,#1492),.UNSPECIFIED.,.F.,.U.);
#1494=EDGE_CURVE('',#1456,#1489,#1493,.T.);
#1495=ORIENTED_EDGE('',*,*,#1494,.F.);
#1496=ORIENTED_EDGE('',*,*,#1476,.F.);
#1497=CARTESIAN_POINT('',(5.542966509230815,9.889052053431215,-0.750000000000000));
#1498=VERTEX_POINT('',#1497);
#1499=CARTESIAN_POINT('',(5.542966509230815,9.889052053431215,-0.750000000000000));
#1500=CARTESIAN_POINT('',(5.528484801697947,9.840271564899453,-0.750000000000000));
#1501=CARTESIAN_POINT('',(5.469033581299860,9.840271564899453,-0.750000000000000));
#1502=QUASI_UNIFORM_CURVE('',2,(#1499,#1500,#1501),.UNSPECIFIED.,.F.,.U.);
#1503=EDGE_CURVE('',#1498,#1465,#1502,.T.);
#1504=ORIENTED_EDGE('',*,*,#1503,.F.);
#1505=CARTESIAN_POINT('',(5.542966509230815,9.889052053431215,-0.750000000000000));
#1506=DIRECTION('',(0.0,0.0,1.0));
#1507=VECTOR('',#1506,0.100000000000000);
#1508=LINE('',#1505,#1507);
#1509=EDGE_CURVE('',#1498,#1489,#1508,.T.);
#1510=ORIENTED_EDGE('',*,*,#1509,.T.);
#1511=EDGE_LOOP('',(#1495,#1496,#1504,#1510));
#1512=FACE_OUTER_BOUND('',#1511,.T.);
#1513=ADVANCED_FACE('',(#1512),#1487,.F.);
#1514=CARTESIAN_POINT('',(5.548301875163977,9.987375225628053,-0.750000000000000));
#1515=CARTESIAN_POINT('',(5.548301875163977,9.908106931763935,-0.750000000000000));
#1516=CARTESIAN_POINT('',(5.542966509230815,9.889052053431215,-0.750000000000000));
#1517=CARTESIAN_POINT('',(5.548301875163977,9.987375225628053,-0.650000000000000));
#1518=CARTESIAN_POINT('',(5.548301875163977,9.908106931763935,-0.650000000000000));
#1519=CARTESIAN_POINT('',(5.542966509230815,9.889052053431215,-0.650000000000000));
#1520=B_SPLINE_SURFACE_WITH_KNOTS('',2,1,((#1514,#1517),(#1515,#1518),(#1516,#1519)),.UNSPECIFIED.,.F.,.F.,.U.,(3,3),(2,2),(0.0,1.0),(0.0,0.010000000000000),.UNSPECIFIED.);
#1521=CARTESIAN_POINT('',(5.548301875163977,9.987375225628053,-0.650000000000000));
#1522=VERTEX_POINT('',#1521);
#1523=CARTESIAN_POINT('',(5.542966509230815,9.889052053431215,-0.650000000000000));
#1524=CARTESIAN_POINT('',(5.548301875163977,9.908106931763935,-0.650000000000000));
#1525=CARTESIAN_POINT('',(5.548301875163977,9.987375225628053,-0.650000000000000));
#1526=QUASI_UNIFORM_CURVE('',2,(#1523,#1524,#1525),.UNSPECIFIED.,.F.,.U.);
#1527=EDGE_CURVE('',#1489,#1522,#1526,.T.);
#1528=ORIENTED_EDGE('',*,*,#1527,.F.);
#1529=ORIENTED_EDGE('',*,*,#1509,.F.);
#1530=CARTESIAN_POINT('',(5.548301875163977,9.987375225628053,-0.750000000000000));
#1531=VERTEX_POINT('',#1530);
#1532=CARTESIAN_POINT('',(5.548301875163977,9.987375225628053,-0.750000000000000));
#1533=CARTESIAN_POINT('',(5.548301875163977,9.908106931763935,-0.750000000000000));
#1534=CARTESIAN_POINT('',(5.542966509230815,9.889052053431215,-0.750000000000000));
#1535=QUASI_UNIFORM_CURVE('',2,(#1532,#1533,#1534),.UNSPECIFIED.,.F.,.U.);
#1536=EDGE_CURVE('',#1531,#1498,#1535,.T.);
#1537=ORIENTED_EDGE('',*,*,#1536,.F.);
#1538=CARTESIAN_POINT('',(5.548301875163977,9.987375225628053,-0.750000000000000));
#1539=DIRECTION('',(0.0,0.0,1.0));
#1540=VECTOR('',#1539,0.100000000000000);
#1541=LINE('',#1538,#1540);
#1542=EDGE_CURVE('',#1531,#1522,#1541,.T.);
#1543=ORIENTED_EDGE('',*,*,#1542,.T.);
#1544=EDGE_LOOP('',(#1528,#1529,#1537,#1543));
#1545=FACE_OUTER_BOUND('',#1544,.T.);
#1546=ADVANCED_FACE('',(#1545),#1520,.F.);
#1547=CARTESIAN_POINT('',(5.548301875163977,9.987375225628053,-0.750000000000000));
#1548=DIRECTION('',(-1.0,0.0,0.0));
#1549=DIRECTION('',(0.0,0.0,1.0));
#1550=AXIS2_PLACEMENT_3D('',#1547,#1548,#1549);
#1551=PLANE('',#1550);
#1552=CARTESIAN_POINT('',(5.548301875163977,10.786917920468998,-0.650000000000000));
#1553=VERTEX_POINT('',#1552);
#1554=CARTESIAN_POINT('',(5.548301875163977,9.987375225628053,-0.650000000000000));
#1555=DIRECTION('',(0.0,1.0,0.0));
#1556=VECTOR('',#1555,0.799542694840945);
#1557=LINE('',#1554,#1556);
#1558=EDGE_CURVE('',#1522,#1553,#1557,.T.);
#1559=ORIENTED_EDGE('',*,*,#1558,.F.);
#1560=ORIENTED_EDGE('',*,*,#1542,.F.);
#1561=CARTESIAN_POINT('',(5.548301875163977,10.786917920468998,-0.750000000000000));
#1562=VERTEX_POINT('',#1561);
#1563=CARTESIAN_POINT('',(5.548301875163977,10.786917920468998,-0.750000000000000));
#1564=DIRECTION('',(0.0,-1.0,0.0));
#1565=VECTOR('',#1564,0.799542694840945);
#1566=LINE('',#1563,#1565);
#1567=EDGE_CURVE('',#1562,#1531,#1566,.T.);
#1568=ORIENTED_EDGE('',*,*,#1567,.F.);
#1569=CARTESIAN_POINT('',(5.548301875163977,10.786917920468998,-0.750000000000000));
#1570=DIRECTION('',(0.0,0.0,1.0));
#1571=VECTOR('',#1570,0.100000000000000);
#1572=LINE('',#1569,#1571);
#1573=EDGE_CURVE('',#1562,#1553,#1572,.T.);
#1574=ORIENTED_EDGE('',*,*,#1573,.T.);
#1575=EDGE_LOOP('',(#1559,#1560,#1568,#1574));
#1576=FACE_OUTER_BOUND('',#1575,.T.);
#1577=ADVANCED_FACE('',(#1576),#1551,.F.);
#1578=CARTESIAN_POINT('',(5.548301875163977,10.786917920468998,-0.750000000000000));
#1579=DIRECTION('',(0.0,-1.0,0.0));
#1580=DIRECTION('',(0.0,0.0,-1.0));
#1581=AXIS2_PLACEMENT_3D('',#1578,#1579,#1580);
#1582=PLANE('',#1581);
#1583=CARTESIAN_POINT('',(5.548301875163977,10.786917920468998,-0.650000000000000));
#1584=DIRECTION('',(-1.0,0.0,0.0));
#1585=VECTOR('',#1584,0.295731711723819);
#1586=LINE('',#1583,#1585);
#1587=EDGE_CURVE('',#1553,#1160,#1586,.T.);
#1588=ORIENTED_EDGE('',*,*,#1587,.F.);
#1589=ORIENTED_EDGE('',*,*,#1573,.F.);
#1590=CARTESIAN_POINT('',(5.252570163440158,10.786917920468998,-0.750000000000000));
#1591=DIRECTION('',(1.0,0.0,0.0));
#1592=VECTOR('',#1591,0.295731711723819);
#1593=LINE('',#1590,#1592);
#1594=EDGE_CURVE('',#1170,#1562,#1593,.T.);
#1595=ORIENTED_EDGE('',*,*,#1594,.F.);
#1596=ORIENTED_EDGE('',*,*,#1175,.T.);
#1597=EDGE_LOOP('',(#1588,#1589,#1595,#1596));
#1598=FACE_OUTER_BOUND('',#1597,.T.);
#1599=ADVANCED_FACE('',(#1598),#1582,.F.);
#1600=CARTESIAN_POINT('',(5.630530999166586,10.443322810344959,-0.650000000000000));
#1601=DIRECTION('',(0.0,0.0,1.0));
#1602=DIRECTION('',(1.0,0.0,0.0));
#1603=AXIS2_PLACEMENT_3D('',#1600,#1601,#1602);
#1604=PLANE('',#1603);
#1605=ORIENTED_EDGE('',*,*,#1167,.T.);
#1606=ORIENTED_EDGE('',*,*,#1205,.T.);
#1607=ORIENTED_EDGE('',*,*,#1236,.T.);
#1608=ORIENTED_EDGE('',*,*,#1267,.T.);
#1609=ORIENTED_EDGE('',*,*,#1298,.T.);
#1610=ORIENTED_EDGE('',*,*,#1331,.T.);
#1611=ORIENTED_EDGE('',*,*,#1364,.T.);
#1612=ORIENTED_EDGE('',*,*,#1397,.T.);
#1613=ORIENTED_EDGE('',*,*,#1428,.T.);
#1614=ORIENTED_EDGE('',*,*,#1461,.T.);
#1615=ORIENTED_EDGE('',*,*,#1494,.T.);
#1616=ORIENTED_EDGE('',*,*,#1527,.T.);
#1617=ORIENTED_EDGE('',*,*,#1558,.T.);
#1618=ORIENTED_EDGE('',*,*,#1587,.T.);
#1619=EDGE_LOOP('',(#1605,#1606,#1607,#1608,#1609,#1610,#1611,#1612,#1613,#1614,#1615,#1616,#1617,#1618));
#1620=FACE_OUTER_BOUND('',#1619,.T.);
#1621=ADVANCED_FACE('',(#1620),#1604,.F.);
#1622=CARTESIAN_POINT('',(10.371185865280806,12.339722657251569,-0.750000000000000));
#1623=DIRECTION('',(0.0,0.0,1.0));
#1624=DIRECTION('',(1.0,0.0,0.0));
#1625=AXIS2_PLACEMENT_3D('',#1622,#1623,#1624);
#1626=PLANE('',#1625);
#1627=CARTESIAN_POINT('',(14.717157287525378,27.184062043356604,-0.750000000000000));
#1628=VERTEX_POINT('',#1627);
#1629=CARTESIAN_POINT('',(16.984062043356598,24.917157287525384,-0.750000000000000));
#1630=VERTEX_POINT('',#1629);
#1631=CARTESIAN_POINT('',(14.717157287525378,27.184062043356601,-0.750000000000000));
#1632=DIRECTION('',(0.707106781186548,-0.707106781186547,0.0));
#1633=VECTOR('',#1632,3.205887450304578);
#1634=LINE('',#1631,#1633);
#1635=EDGE_CURVE('',#1628,#1630,#1634,.T.);
#1636=ORIENTED_EDGE('',*,*,#1635,.T.);
#1637=CARTESIAN_POINT('',(16.984062043356598,23.082842712474623,-0.750000000000000));
#1638=VERTEX_POINT('',#1637);
#1639=CARTESIAN_POINT('',(16.984062043356598,24.917157287525384,-0.750000000000000));
#1640=DIRECTION('',(0.0,-1.0,0.0));
#1641=VECTOR('',#1640,1.834314575050762);
#1642=LINE('',#1639,#1641);
#1643=EDGE_CURVE('',#1630,#1638,#1642,.T.);
#1644=ORIENTED_EDGE('',*,*,#1643,.T.);
#1645=CARTESIAN_POINT('',(7.890928218044035,13.989708887162060,-0.750000000000000));
#1646=VERTEX_POINT('',#1645);
#1647=CARTESIAN_POINT('',(16.984062043356598,23.082842712474623,-0.750000000000000));
#1648=DIRECTION('',(-0.707106781186548,-0.707106781186548,0.0));
#1649=VECTOR('',#1648,12.859633180230571);
#1650=LINE('',#1647,#1649);
#1651=EDGE_CURVE('',#1638,#1646,#1650,.T.);
#1652=ORIENTED_EDGE('',*,*,#1651,.T.);
#1653=CARTESIAN_POINT('',(8.305141780417131,12.989708887162061,-0.750000000000000));
#1654=VERTEX_POINT('',#1653);
#1655=CARTESIAN_POINT('',(7.890928218044036,13.989708887162060,-0.750000000000000));
#1656=DIRECTION('',(0.382683432365092,-0.923879532511286,0.0));
#1657=VECTOR('',#1656,1.082392200292393);
#1658=LINE('',#1655,#1657);
#1659=EDGE_CURVE('',#1646,#1654,#1658,.T.);
#1660=ORIENTED_EDGE('',*,*,#1659,.T.);
#1661=CARTESIAN_POINT('',(7.539774915686952,12.224342022431882,-0.750000000000000));
#1662=VERTEX_POINT('',#1661);
#1663=CARTESIAN_POINT('',(8.305141780417131,12.989708887162063,-0.750000000000000));
#1664=DIRECTION('',(-0.707106781186547,-0.707106781186548,0.0));
#1665=VECTOR('',#1664,1.082392200292393);
#1666=LINE('',#1663,#1665);
#1667=EDGE_CURVE('',#1654,#1662,#1666,.T.);
#1668=ORIENTED_EDGE('',*,*,#1667,.T.);
#1669=CARTESIAN_POINT('',(8.916762467345045,8.900000000000008,-0.750000000000000));
#1670=VERTEX_POINT('',#1669);
#1671=CARTESIAN_POINT('',(7.539774915686953,12.224342022431882,-0.750000000000000));
#1672=DIRECTION('',(0.382683432365091,-0.923879532511286,0.0));
#1673=VECTOR('',#1672,3.598241876184504);
#1674=LINE('',#1671,#1673);
#1675=EDGE_CURVE('',#1662,#1670,#1674,.T.);
#1676=ORIENTED_EDGE('',*,*,#1675,.T.);
#1677=CARTESIAN_POINT('',(9.999154667637438,8.900000000000008,-0.750000000000000));
#1678=VERTEX_POINT('',#1677);
#1679=CARTESIAN_POINT('',(8.916762467345045,8.900000000000008,-0.750000000000000));
#1680=DIRECTION('',(1.0,0.0,0.0));
#1681=VECTOR('',#1680,1.082392200292393);
#1682=LINE('',#1679,#1681);
#1683=EDGE_CURVE('',#1670,#1678,#1682,.T.);
#1684=ORIENTED_EDGE('',*,*,#1683,.T.);
#1685=CARTESIAN_POINT('',(10.413368230010532,7.900000000000015,-0.750000000000000));
#1686=VERTEX_POINT('',#1685);
#1687=CARTESIAN_POINT('',(9.999154667637438,8.900000000000008,-0.750000000000000));
#1688=DIRECTION('',(0.382683432365091,-0.923879532511286,0.0));
#1689=VECTOR('',#1688,1.082392200292387);
#1690=LINE('',#1687,#1689);
#1691=EDGE_CURVE('',#1678,#1686,#1690,.T.);
#1692=ORIENTED_EDGE('',*,*,#1691,.T.);
#1693=CARTESIAN_POINT('',(16.905896833329784,7.900000000000008,-0.750000000000000));
#1694=VERTEX_POINT('',#1693);
#1695=CARTESIAN_POINT('',(10.413368230010530,7.900000000000016,-0.750000000000000));
#1696=DIRECTION('',(1.0,0.0,0.0));
#1697=VECTOR('',#1696,6.492528603319254);
#1698=LINE('',#1695,#1697);
#1699=EDGE_CURVE('',#1686,#1694,#1698,.T.);
#1700=ORIENTED_EDGE('',*,*,#1699,.T.);
#1701=CARTESIAN_POINT('',(17.492435953037745,8.244822347165306,-0.750000000000000));
#1702=VERTEX_POINT('',#1701);
#1703=CARTESIAN_POINT('',(16.905896833329788,7.900000000000007,-0.750000000000000));
#1704=DIRECTION('',(0.862063075096460,0.506801000941430,0.0));
#1705=VECTOR('',#1704,0.680390027890160);
#1706=LINE('',#1703,#1705);
#1707=EDGE_CURVE('',#1694,#1702,#1706,.T.);
#1708=ORIENTED_EDGE('',*,*,#1707,.T.);
#1709=CARTESIAN_POINT('',(18.244822347165307,7.492435953037742,-0.750000000000000));
#1710=VERTEX_POINT('',#1709);
#1711=CARTESIAN_POINT('',(17.492435953037745,8.244822347165304,-0.750000000000000));
#1712=DIRECTION('',(0.707106781186549,-0.707106781186546,0.0));
#1713=VECTOR('',#1712,1.064035042720190);
#1714=LINE('',#1711,#1713);
#1715=EDGE_CURVE('',#1702,#1710,#1714,.T.);
#1716=ORIENTED_EDGE('',*,*,#1715,.T.);
#1717=CARTESIAN_POINT('',(17.899999999999999,6.905896833329770,-0.750000000000000));
#1718=VERTEX_POINT('',#1717);
#1719=CARTESIAN_POINT('',(18.244822347165311,7.492435953037741,-0.750000000000000));
#1720=DIRECTION('',(-0.506801000941434,-0.862063075096458,0.0));
#1721=VECTOR('',#1720,0.680390027890178);
#1722=LINE('',#1719,#1721);
#1723=EDGE_CURVE('',#1710,#1718,#1722,.T.);
#1724=ORIENTED_EDGE('',*,*,#1723,.T.);
#1725=CARTESIAN_POINT('',(17.900000000000006,3.094103166670215,-0.750000000000000));
#1726=VERTEX_POINT('',#1725);
#1727=CARTESIAN_POINT('',(17.899999999999999,6.905896833329770,-0.750000000000000));
#1728=DIRECTION('',(0.0,-1.0,0.0));
#1729=VECTOR('',#1728,3.811793666659556);
#1730=LINE('',#1727,#1729);
#1731=EDGE_CURVE('',#1718,#1726,#1730,.T.);
#1732=ORIENTED_EDGE('',*,*,#1731,.T.);
#1733=CARTESIAN_POINT('',(18.244822347165307,2.507564046962256,-0.750000000000000));
#1734=VERTEX_POINT('',#1733);
#1735=CARTESIAN_POINT('',(17.900000000000009,3.094103166670214,-0.750000000000000));
#1736=DIRECTION('',(0.506801000941427,-0.862063075096462,0.0));
#1737=VECTOR('',#1736,0.680390027890159);
#1738=LINE('',#1735,#1737);
#1739=EDGE_CURVE('',#1726,#1734,#1738,.T.);
#1740=ORIENTED_EDGE('',*,*,#1739,.T.);
#1741=CARTESIAN_POINT('',(17.492435953037742,1.755177652834690,-0.750000000000000));
#1742=VERTEX_POINT('',#1741);
#1743=CARTESIAN_POINT('',(18.244822347165307,2.507564046962256,-0.750000000000000));
#1744=DIRECTION('',(-0.707106781186547,-0.707106781186548,0.0));
#1745=VECTOR('',#1744,1.064035042720193);
#1746=LINE('',#1743,#1745);
#1747=EDGE_CURVE('',#1734,#1742,#1746,.T.);
#1748=ORIENTED_EDGE('',*,*,#1747,.T.);
#1749=CARTESIAN_POINT('',(16.905896833329766,2.100000000000000,-0.750000000000000));
#1750=VERTEX_POINT('',#1749);
#1751=CARTESIAN_POINT('',(17.492435953037742,1.755177652834690,-0.750000000000000));
#1752=DIRECTION('',(-0.862063075096461,0.506801000941429,0.0));
#1753=VECTOR('',#1752,0.680390027890180);
#1754=LINE('',#1751,#1753);
#1755=EDGE_CURVE('',#1742,#1750,#1754,.T.);
#1756=ORIENTED_EDGE('',*,*,#1755,.T.);
#1757=CARTESIAN_POINT('',(3.094103166670215,2.099999999999991,-0.750000000000000));
#1758=VERTEX_POINT('',#1757);
#1759=CARTESIAN_POINT('',(16.905896833329770,2.099999999999999,-0.750000000000000));
#1760=DIRECTION('',(-1.0,0.0,0.0));
#1761=VECTOR('',#1760,13.811793666659556);
#1762=LINE('',#1759,#1761);
#1763=EDGE_CURVE('',#1750,#1758,#1762,.T.);
#1764=ORIENTED_EDGE('',*,*,#1763,.T.);
#1765=CARTESIAN_POINT('',(2.507564046962255,1.755177652834691,-0.750000000000000));
#1766=VERTEX_POINT('',#1765);
#1767=CARTESIAN_POINT('',(3.094103166670214,2.099999999999992,-0.750000000000000));
#1768=DIRECTION('',(-0.862063075096460,-0.506801000941429,0.0));
#1769=VECTOR('',#1768,0.680390027890161);
#1770=LINE('',#1767,#1769);
#1771=EDGE_CURVE('',#1758,#1766,#1770,.T.);
#1772=ORIENTED_EDGE('',*,*,#1771,.T.);
#1773=CARTESIAN_POINT('',(1.755177652834692,2.507564046962254,-0.750000000000000));
#1774=VERTEX_POINT('',#1773);
#1775=CARTESIAN_POINT('',(2.507564046962255,1.755177652834691,-0.750000000000000));
#1776=DIRECTION('',(-0.707106781186548,0.707106781186547,0.0));
#1777=VECTOR('',#1776,1.064035042720189);
#1778=LINE('',#1775,#1777);
#1779=EDGE_CURVE('',#1766,#1774,#1778,.T.);
#1780=ORIENTED_EDGE('',*,*,#1779,.T.);
#1781=CARTESIAN_POINT('',(2.100000000000002,3.094103166670228,-0.750000000000000));
#1782=VERTEX_POINT('',#1781);
#1783=CARTESIAN_POINT('',(1.755177652834691,2.507564046962254,-0.750000000000000));
#1784=DIRECTION('',(0.506801000941430,0.862063075096460,0.0));
#1785=VECTOR('',#1784,0.680390027890180);
#1786=LINE('',#1783,#1785);
#1787=EDGE_CURVE('',#1774,#1782,#1786,.T.);
#1788=ORIENTED_EDGE('',*,*,#1787,.T.);
#1789=CARTESIAN_POINT('',(2.099999999999997,16.401219330881986,-0.750000000000000));
#1790=VERTEX_POINT('',#1789);
#1791=CARTESIAN_POINT('',(2.100000000000002,3.094103166670227,-0.750000000000000));
#1792=DIRECTION('',(0.0,1.0,0.0));
#1793=VECTOR('',#1792,13.307116164211759);
#1794=LINE('',#1791,#1793);
#1795=EDGE_CURVE('',#1782,#1790,#1794,.T.);
#1796=ORIENTED_EDGE('',*,*,#1795,.T.);
#1797=CARTESIAN_POINT('',(12.882842712474609,27.184062043356608,-0.750000000000000));
#1798=VERTEX_POINT('',#1797);
#1799=CARTESIAN_POINT('',(2.099999999999997,16.401219330881986,-0.750000000000000));
#1800=DIRECTION('',(0.707106781186547,0.707106781186548,0.0));
#1801=VECTOR('',#1800,15.249242404917494);
#1802=LINE('',#1799,#1801);
#1803=EDGE_CURVE('',#1790,#1798,#1802,.T.);
#1804=ORIENTED_EDGE('',*,*,#1803,.T.);
#1805=CARTESIAN_POINT('',(12.882842712474609,27.184062043356604,-0.750000000000000));
#1806=DIRECTION('',(1.0,0.0,0.0));
#1807=VECTOR('',#1806,1.834314575050769);
#1808=LINE('',#1805,#1807);
#1809=EDGE_CURVE('',#1798,#1628,#1808,.T.);
#1810=ORIENTED_EDGE('',*,*,#1809,.T.);
#1811=EDGE_LOOP('',(#1636,#1644,#1652,#1660,#1668,#1676,#1684,#1692,#1700,#1708,#1716,#1724,#1732,#1740,#1748,#1756,#1764,#1772,#1780,#1788,#1796,#1804,#1810));
#1812=FACE_OUTER_BOUND('',#1811,.T.);
#1813=ORIENTED_EDGE('',*,*,#510,.T.);
#1814=ORIENTED_EDGE('',*,*,#975,.T.);
#1815=ORIENTED_EDGE('',*,*,#942,.T.);
#1816=ORIENTED_EDGE('',*,*,#905,.T.);
#1817=ORIENTED_EDGE('',*,*,#868,.T.);
#1818=ORIENTED_EDGE('',*,*,#831,.T.);
#1819=ORIENTED_EDGE('',*,*,#794,.T.);
#1820=ORIENTED_EDGE('',*,*,#763,.T.);
#1821=ORIENTED_EDGE('',*,*,#726,.T.);
#1822=ORIENTED_EDGE('',*,*,#689,.T.);
#1823=ORIENTED_EDGE('',*,*,#652,.T.);
#1824=ORIENTED_EDGE('',*,*,#615,.T.);
#1825=ORIENTED_EDGE('',*,*,#578,.T.);
#1826=ORIENTED_EDGE('',*,*,#541,.T.);
#1827=EDGE_LOOP('',(#1813,#1814,#1815,#1816,#1817,#1818,#1819,#1820,#1821,#1822,#1823,#1824,#1825,#1826));
#1828=FACE_BOUND('',#1827,.T.);
#1829=ORIENTED_EDGE('',*,*,#1047,.T.);
#1830=ORIENTED_EDGE('',*,*,#1136,.T.);
#1831=ORIENTED_EDGE('',*,*,#1109,.T.);
#1832=ORIENTED_EDGE('',*,*,#1078,.T.);
#1833=EDGE_LOOP('',(#1829,#1830,#1831,#1832));
#1834=FACE_BOUND('',#1833,.T.);
#1835=ORIENTED_EDGE('',*,*,#1183,.T.);
#1836=ORIENTED_EDGE('',*,*,#1594,.T.);
#1837=ORIENTED_EDGE('',*,*,#1567,.T.);
#1838=ORIENTED_EDGE('',*,*,#1536,.T.);
#1839=ORIENTED_EDGE('',*,*,#1503,.T.);
#1840=ORIENTED_EDGE('',*,*,#1470,.T.);
#1841=ORIENTED_EDGE('',*,*,#1437,.T.);
#1842=ORIENTED_EDGE('',*,*,#1406,.T.);
#1843=ORIENTED_EDGE('',*,*,#1373,.T.);
#1844=ORIENTED_EDGE('',*,*,#1340,.T.);
#1845=ORIENTED_EDGE('',*,*,#1307,.T.);
#1846=ORIENTED_EDGE('',*,*,#1276,.T.);
#1847=ORIENTED_EDGE('',*,*,#1245,.T.);
#1848=ORIENTED_EDGE('',*,*,#1214,.T.);
#1849=EDGE_LOOP('',(#1835,#1836,#1837,#1838,#1839,#1840,#1841,#1842,#1843,#1844,#1845,#1846,#1847,#1848));
#1850=FACE_BOUND('',#1849,.T.);
#1851=CARTESIAN_POINT('',(8.158571571457150,17.0,-0.750000000000000));
#1852=VERTEX_POINT('',#1851);
#1853=CARTESIAN_POINT('',(6.658571571457150,17.0,-0.750000000000000));
#1854=DIRECTION('',(0.0,0.0,1.0));
#1855=DIRECTION('',(-1.0,0.0,0.0));
#1856=AXIS2_PLACEMENT_3D('',#1853,#1854,#1855);
#1857=CIRCLE('',#1856,1.500000000000000);
#1858=EDGE_CURVE('',#1852,#1852,#1857,.T.);
#1859=ORIENTED_EDGE('',*,*,#1858,.T.);
#1860=EDGE_LOOP('',(#1859));
#1861=FACE_BOUND('',#1860,.T.);
#1862=CARTESIAN_POINT('',(15.299999999999997,24.000000000000004,-0.750000000000000));
#1863=VERTEX_POINT('',#1862);
#1864=CARTESIAN_POINT('',(13.799999999999999,24.000000000000004,-0.750000000000000));
#1865=DIRECTION('',(0.0,0.0,1.0));
#1866=DIRECTION('',(-1.0,0.0,0.0));
#1867=AXIS2_PLACEMENT_3D('',#1864,#1865,#1866);
#1868=CIRCLE('',#1867,1.500000000000000);
#1869=EDGE_CURVE('',#1863,#1863,#1868,.T.);
#1870=ORIENTED_EDGE('',*,*,#1869,.T.);
#1871=EDGE_LOOP('',(#1870));
#1872=FACE_BOUND('',#1871,.T.);
#1873=CARTESIAN_POINT('',(16.500000000000000,5.0,-0.750000000000000));
#1874=VERTEX_POINT('',#1873);
#1875=CARTESIAN_POINT('',(14.999999999999998,5.0,-0.750000000000000));
#1876=DIRECTION('',(0.0,0.0,1.0));
#1877=DIRECTION('',(-1.0,0.0,0.0));
#1878=AXIS2_PLACEMENT_3D('',#1875,#1876,#1877);
#1879=CIRCLE('',#1878,1.500000000000000);
#1880=EDGE_CURVE('',#1874,#1874,#1879,.T.);
#1881=ORIENTED_EDGE('',*,*,#1880,.T.);
#1882=EDGE_LOOP('',(#1881));
#1883=FACE_BOUND('',#1882,.T.);
#1884=CARTESIAN_POINT('',(6.500000000000000,5.000000000000001,-0.750000000000000));
#1885=VERTEX_POINT('',#1884);
#1886=CARTESIAN_POINT('',(5.0,5.000000000000001,-0.750000000000000));
#1887=DIRECTION('',(0.0,0.0,1.0));
#1888=DIRECTION('',(-1.0,0.0,0.0));
#1889=AXIS2_PLACEMENT_3D('',#1886,#1887,#1888);
#1890=CIRCLE('',#1889,1.500000000000000);
#1891=EDGE_CURVE('',#1885,#1885,#1890,.T.);
#1892=ORIENTED_EDGE('',*,*,#1891,.T.);
#1893=EDGE_LOOP('',(#1892));
#1894=FACE_BOUND('',#1893,.T.);
#1895=ADVANCED_FACE('',(#1812,#1828,#1834,#1850,#1861,#1872,#1883,#1894),#1626,.F.);
#1896=CARTESIAN_POINT('',(10.371185865280806,12.339722657251569,-0.750000000000000));
#1897=DIRECTION('',(0.0,0.0,1.0));
#1898=DIRECTION('',(1.0,0.0,0.0));
#1899=AXIS2_PLACEMENT_3D('',#1896,#1897,#1898);
#1900=PLANE('',#1899);
#1901=ORIENTED_EDGE('',*,*,#288,.T.);
#1902=ORIENTED_EDGE('',*,*,#330,.T.);
#1903=ORIENTED_EDGE('',*,*,#367,.T.);
#1904=ORIENTED_EDGE('',*,*,#404,.T.);
#1905=ORIENTED_EDGE('',*,*,#441,.T.);
#1906=ORIENTED_EDGE('',*,*,#469,.T.);
#1907=EDGE_LOOP('',(#1901,#1902,#1903,#1904,#1905,#1906));
#1908=FACE_OUTER_BOUND('',#1907,.T.);
#1909=ADVANCED_FACE('',(#1908),#1900,.F.);
#1910=CARTESIAN_POINT('',(5.779561899966906,10.447430649727846,0.750000000000000));
#1911=CARTESIAN_POINT('',(5.779561899966906,10.487949288905366,0.750000000000000));
#1912=CARTESIAN_POINT('',(5.846822841001586,10.543054638186788,0.750000000000000));
#1913=CARTESIAN_POINT('',(5.901928190283011,10.543054638186788,0.750000000000000));
#1914=CARTESIAN_POINT('',(5.779561899966906,10.447430649727846,0.650000000000000));
#1915=CARTESIAN_POINT('',(5.779561899966906,10.487949288905366,0.650000000000000));
#1916=CARTESIAN_POINT('',(5.846822841001586,10.543054638186788,0.650000000000000));
#1917=CARTESIAN_POINT('',(5.901928190283011,10.543054638186788,0.650000000000000));
#1918=B_SPLINE_SURFACE_WITH_KNOTS('',2,1,((#1910,#1914),(#1911,#1915),(#1912,#1916),(#1913,#1917)),.UNSPECIFIED.,.F.,.F.,.U.,(3,1,3),(2,2),(-2.0,-1.0,0.0),(0.0,0.010000000000000),.UNSPECIFIED.);
#1919=CARTESIAN_POINT('',(5.901928190283011,10.543054638186788,0.650000000000000));
#1920=VERTEX_POINT('',#1919);
#1921=CARTESIAN_POINT('',(5.779561899966906,10.447430649727846,0.650000000000000));
#1922=VERTEX_POINT('',#1921);
#1923=CARTESIAN_POINT('',(5.901928190283011,10.543054638186788,0.650000000000000));
#1924=CARTESIAN_POINT('',(5.846822841001586,10.543054638186788,0.650000000000000));
#1925=CARTESIAN_POINT('',(5.779561899966906,10.487949288905366,0.650000000000000));
#1926=CARTESIAN_POINT('',(5.779561899966906,10.447430649727846,0.650000000000000));
#1927=QUASI_UNIFORM_CURVE('',2,(#1923,#1924,#1925,#1926),.UNSPECIFIED.,.F.,.U.);
#1928=EDGE_CURVE('',#1920,#1922,#1927,.T.);
#1929=ORIENTED_EDGE('',*,*,#1928,.T.);
#1930=CARTESIAN_POINT('',(5.779561899966906,10.447430649727846,0.750000000000000));
#1931=VERTEX_POINT('',#1930);
#1932=CARTESIAN_POINT('',(5.779561899966906,10.447430649727846,0.750000000000000));
#1933=DIRECTION('',(0.0,0.0,-1.0));
#1934=VECTOR('',#1933,0.100000000000000);
#1935=LINE('',#1932,#1934);
#1936=EDGE_CURVE('',#1931,#1922,#1935,.T.);
#1937=ORIENTED_EDGE('',*,*,#1936,.F.);
#1938=CARTESIAN_POINT('',(5.901928190283011,10.543054638186788,0.750000000000000));
#1939=VERTEX_POINT('',#1938);
#1940=CARTESIAN_POINT('',(5.901928190283011,10.543054638186788,0.750000000000000));
#1941=CARTESIAN_POINT('',(5.846822841001586,10.543054638186788,0.750000000000000));
#1942=CARTESIAN_POINT('',(5.779561899966906,10.487949288905366,0.750000000000000));
#1943=CARTESIAN_POINT('',(5.779561899966906,10.447430649727846,0.750000000000000));
#1944=QUASI_UNIFORM_CURVE('',2,(#1940,#1941,#1942,#1943),.UNSPECIFIED.,.F.,.U.);
#1945=EDGE_CURVE('',#1939,#1931,#1944,.T.);
#1946=ORIENTED_EDGE('',*,*,#1945,.F.);
#1947=CARTESIAN_POINT('',(5.901928190283011,10.543054638186788,0.750000000000000));
#1948=DIRECTION('',(0.0,0.0,-1.0));
#1949=VECTOR('',#1948,0.100000000000000);
#1950=LINE('',#1947,#1949);
#1951=EDGE_CURVE('',#1939,#1920,#1950,.T.);
#1952=ORIENTED_EDGE('',*,*,#1951,.T.);
#1953=EDGE_LOOP('',(#1929,#1937,#1946,#1952));
#1954=FACE_OUTER_BOUND('',#1953,.T.);
#1955=ADVANCED_FACE('',(#1954),#1918,.T.);
#1956=CARTESIAN_POINT('',(5.863030296672593,10.338030323948546,0.750000000000000));
#1957=CARTESIAN_POINT('',(5.820080539144423,10.358289643537304,0.750000000000000));
#1958=CARTESIAN_POINT('',(5.779561899966906,10.407722383333876,0.750000000000000));
#1959=CARTESIAN_POINT('',(5.779561899966906,10.447430649727846,0.750000000000000));
#1960=CARTESIAN_POINT('',(5.863030296672593,10.338030323948546,0.650000000000000));
#1961=CARTESIAN_POINT('',(5.820080539144423,10.358289643537304,0.650000000000000));
#1962=CARTESIAN_POINT('',(5.779561899966906,10.407722383333876,0.650000000000000));
#1963=CARTESIAN_POINT('',(5.779561899966906,10.447430649727846,0.650000000000000));
#1964=B_SPLINE_SURFACE_WITH_KNOTS('',2,1,((#1956,#1960),(#1957,#1961),(#1958,#1962),(#1959,#1963)),.UNSPECIFIED.,.F.,.F.,.U.,(3,1,3),(2,2),(-2.0,-1.0,0.0),(0.0,0.010000000000000),.UNSPECIFIED.);
#1965=CARTESIAN_POINT('',(5.863030296672593,10.338030323948546,0.650000000000000));
#1966=VERTEX_POINT('',#1965);
#1967=CARTESIAN_POINT('',(5.779561899966906,10.447430649727846,0.650000000000000));
#1968=CARTESIAN_POINT('',(5.779561899966906,10.407722383333876,0.650000000000000));
#1969=CARTESIAN_POINT('',(5.820080539144423,10.358289643537304,0.650000000000000));
#1970=CARTESIAN_POINT('',(5.863030296672593,10.338030323948546,0.650000000000000));
#1971=QUASI_UNIFORM_CURVE('',2,(#1967,#1968,#1969,#1970),.UNSPECIFIED.,.F.,.U.);
#1972=EDGE_CURVE('',#1922,#1966,#1971,.T.);
#1973=ORIENTED_EDGE('',*,*,#1972,.T.);
#1974=CARTESIAN_POINT('',(5.863030296672593,10.338030323948546,0.750000000000000));
#1975=VERTEX_POINT('',#1974);
#1976=CARTESIAN_POINT('',(5.863030296672593,10.338030323948546,0.750000000000000));
#1977=DIRECTION('',(0.0,0.0,-1.0));
#1978=VECTOR('',#1977,0.100000000000000);
#1979=LINE('',#1976,#1978);
#1980=EDGE_CURVE('',#1975,#1966,#1979,.T.);
#1981=ORIENTED_EDGE('',*,*,#1980,.F.);
#1982=CARTESIAN_POINT('',(5.779561899966906,10.447430649727846,0.750000000000000));
#1983=CARTESIAN_POINT('',(5.779561899966906,10.407722383333876,0.750000000000000));
#1984=CARTESIAN_POINT('',(5.820080539144423,10.358289643537304,0.750000000000000));
#1985=CARTESIAN_POINT('',(5.863030296672593,10.338030323948546,0.750000000000000));
#1986=QUASI_UNIFORM_CURVE('',2,(#1982,#1983,#1984,#1985),.UNSPECIFIED.,.F.,.U.);
#1987=EDGE_CURVE('',#1931,#1975,#1986,.T.);
#1988=ORIENTED_EDGE('',*,*,#1987,.F.);
#1989=ORIENTED_EDGE('',*,*,#1936,.T.);
#1990=EDGE_LOOP('',(#1973,#1981,#1988,#1989));
#1991=FACE_OUTER_BOUND('',#1990,.T.);
#1992=ADVANCED_FACE('',(#1991),#1964,.T.);
#1993=CARTESIAN_POINT('',(5.976482486369646,10.291839075286173,0.750000000000000));
#1994=CARTESIAN_POINT('',(5.933532728841477,10.308046530957181,0.750000000000000));
#1995=CARTESIAN_POINT('',(5.881668870694252,10.328305850545940,0.750000000000000));
#1996=CARTESIAN_POINT('',(5.863030296672593,10.338030323948546,0.750000000000000));
#1997=CARTESIAN_POINT('',(5.976482486369646,10.291839075286173,0.650000000000000));
#1998=CARTESIAN_POINT('',(5.933532728841477,10.308046530957181,0.650000000000000));
#1999=CARTESIAN_POINT('',(5.881668870694252,10.328305850545940,0.650000000000000));
#2000=CARTESIAN_POINT('',(5.863030296672593,10.338030323948546,0.650000000000000));
#2001=B_SPLINE_SURFACE_WITH_KNOTS('',2,1,((#1993,#1997),(#1994,#1998),(#1995,#1999),(#1996,#2000)),.UNSPECIFIED.,.F.,.F.,.U.,(3,1,3),(2,2),(-2.0,-1.0,0.0),(0.0,0.010000000000000),.UNSPECIFIED.);
#2002=CARTESIAN_POINT('',(5.976482486369646,10.291839075286173,0.650000000000000));
#2003=VERTEX_POINT('',#2002);
#2004=CARTESIAN_POINT('',(5.863030296672593,10.338030323948546,0.650000000000000));
#2005=CARTESIAN_POINT('',(5.881668870694252,10.328305850545940,0.650000000000000));
#2006=CARTESIAN_POINT('',(5.933532728841477,10.308046530957181,0.650000000000000));
#2007=CARTESIAN_POINT('',(5.976482486369646,10.291839075286173,0.650000000000000));
#2008=QUASI_UNIFORM_CURVE('',2,(#2004,#2005,#2006,#2007),.UNSPECIFIED.,.F.,.U.);
#2009=EDGE_CURVE('',#1966,#2003,#2008,.T.);
#2010=ORIENTED_EDGE('',*,*,#2009,.T.);
#2011=CARTESIAN_POINT('',(5.976482486369646,10.291839075286173,0.750000000000000));
#2012=VERTEX_POINT('',#2011);
#2013=CARTESIAN_POINT('',(5.976482486369646,10.291839075286173,0.750000000000000));
#2014=DIRECTION('',(0.0,0.0,-1.0));
#2015=VECTOR('',#2014,0.100000000000000);
#2016=LINE('',#2013,#2015);
#2017=EDGE_CURVE('',#2012,#2003,#2016,.T.);
#2018=ORIENTED_EDGE('',*,*,#2017,.F.);
#2019=CARTESIAN_POINT('',(5.863030296672593,10.338030323948546,0.750000000000000));
#2020=CARTESIAN_POINT('',(5.881668870694252,10.328305850545940,0.750000000000000));
#2021=CARTESIAN_POINT('',(5.933532728841477,10.308046530957181,0.750000000000000));
#2022=CARTESIAN_POINT('',(5.976482486369646,10.291839075286173,0.750000000000000));
#2023=QUASI_UNIFORM_CURVE('',2,(#2019,#2020,#2021,#2022),.UNSPECIFIED.,.F.,.U.);
#2024=EDGE_CURVE('',#1975,#2012,#2023,.T.);
#2025=ORIENTED_EDGE('',*,*,#2024,.F.);
#2026=ORIENTED_EDGE('',*,*,#1980,.T.);
#2027=EDGE_LOOP('',(#2010,#2018,#2025,#2026));
#2028=FACE_OUTER_BOUND('',#2027,.T.);
#2029=ADVANCED_FACE('',(#2028),#2001,.T.);
#2030=CARTESIAN_POINT('',(6.026725598949769,10.431223194056837,0.750000000000000));
#2031=CARTESIAN_POINT('',(6.026725598949769,10.389894182095770,0.750000000000000));
#2032=CARTESIAN_POINT('',(6.002414415443258,10.325874732195290,0.750000000000000));
#2033=CARTESIAN_POINT('',(5.976482486369646,10.291839075286173,0.750000000000000));
#2034=CARTESIAN_POINT('',(6.026725598949769,10.431223194056837,0.650000000000000));
#2035=CARTESIAN_POINT('',(6.026725598949769,10.389894182095770,0.650000000000000));
#2036=CARTESIAN_POINT('',(6.002414415443258,10.325874732195290,0.650000000000000));
#2037=CARTESIAN_POINT('',(5.976482486369646,10.291839075286173,0.650000000000000));
#2038=B_SPLINE_SURFACE_WITH_KNOTS('',2,1,((#2030,#2034),(#2031,#2035),(#2032,#2036),(#2033,#2037)),.UNSPECIFIED.,.F.,.F.,.U.,(3,1,3),(2,2),(-2.0,-1.0,0.0),(0.0,0.010000000000000),.UNSPECIFIED.);
#2039=CARTESIAN_POINT('',(6.026725598949769,10.431223194056837,0.650000000000000));
#2040=VERTEX_POINT('',#2039);
#2041=CARTESIAN_POINT('',(5.976482486369646,10.291839075286173,0.650000000000000));
#2042=CARTESIAN_POINT('',(6.002414415443258,10.325874732195290,0.650000000000000));
#2043=CARTESIAN_POINT('',(6.026725598949769,10.389894182095770,0.650000000000000));
#2044=CARTESIAN_POINT('',(6.026725598949769,10.431223194056837,0.650000000000000));
#2045=QUASI_UNIFORM_CURVE('',2,(#2041,#2042,#2043,#2044),.UNSPECIFIED.,.F.,.U.);
#2046=EDGE_CURVE('',#2003,#2040,#2045,.T.);
#2047=ORIENTED_EDGE('',*,*,#2046,.T.);
#2048=CARTESIAN_POINT('',(6.026725598949769,10.431223194056837,0.750000000000000));
#2049=VERTEX_POINT('',#2048);
#2050=CARTESIAN_POINT('',(6.026725598949769,10.431223194056837,0.750000000000000));
#2051=DIRECTION('',(0.0,0.0,-1.0));
#2052=VECTOR('',#2051,0.100000000000000);
#2053=LINE('',#2050,#2052);
#2054=EDGE_CURVE('',#2049,#2040,#2053,.T.);
#2055=ORIENTED_EDGE('',*,*,#2054,.F.);
#2056=CARTESIAN_POINT('',(5.976482486369646,10.291839075286173,0.750000000000000));
#2057=CARTESIAN_POINT('',(6.002414415443258,10.325874732195290,0.750000000000000));
#2058=CARTESIAN_POINT('',(6.026725598949769,10.389894182095770,0.750000000000000));
#2059=CARTESIAN_POINT('',(6.026725598949769,10.431223194056837,0.750000000000000));
#2060=QUASI_UNIFORM_CURVE('',2,(#2056,#2057,#2058,#2059),.UNSPECIFIED.,.F.,.U.);
#2061=EDGE_CURVE('',#2012,#2049,#2060,.T.);
#2062=ORIENTED_EDGE('',*,*,#2061,.F.);
#2063=ORIENTED_EDGE('',*,*,#2017,.T.);
#2064=EDGE_LOOP('',(#2047,#2055,#2062,#2063));
#2065=FACE_OUTER_BOUND('',#2064,.T.);
#2066=ADVANCED_FACE('',(#2065),#2038,.T.);
#2067=CARTESIAN_POINT('',(5.901928190283011,10.543054638186788,0.750000000000000));
#2068=CARTESIAN_POINT('',(5.959464657915088,10.543054638186788,0.750000000000000));
#2069=CARTESIAN_POINT('',(6.026725598949769,10.482276679420512,0.750000000000000));
#2070=CARTESIAN_POINT('',(6.026725598949769,10.431223194056837,0.750000000000000));
#2071=CARTESIAN_POINT('',(5.901928190283011,10.543054638186788,0.650000000000000));
#2072=CARTESIAN_POINT('',(5.959464657915088,10.543054638186788,0.650000000000000));
#2073=CARTESIAN_POINT('',(6.026725598949769,10.482276679420512,0.650000000000000));
#2074=CARTESIAN_POINT('',(6.026725598949769,10.431223194056837,0.650000000000000));
#2075=B_SPLINE_SURFACE_WITH_KNOTS('',2,1,((#2067,#2071),(#2068,#2072),(#2069,#2073),(#2070,#2074)),.UNSPECIFIED.,.F.,.F.,.U.,(3,1,3),(2,2),(-2.0,-1.0,0.0),(0.0,0.010000000000000),.UNSPECIFIED.);
#2076=CARTESIAN_POINT('',(6.026725598949769,10.431223194056837,0.650000000000000));
#2077=CARTESIAN_POINT('',(6.026725598949769,10.482276679420512,0.650000000000000));
#2078=CARTESIAN_POINT('',(5.959464657915088,10.543054638186788,0.650000000000000));
#2079=CARTESIAN_POINT('',(5.901928190283011,10.543054638186788,0.650000000000000));
#2080=QUASI_UNIFORM_CURVE('',2,(#2076,#2077,#2078,#2079),.UNSPECIFIED.,.F.,.U.);
#2081=EDGE_CURVE('',#2040,#1920,#2080,.T.);
#2082=ORIENTED_EDGE('',*,*,#2081,.T.);
#2083=ORIENTED_EDGE('',*,*,#1951,.F.);
#2084=CARTESIAN_POINT('',(6.026725598949769,10.431223194056837,0.750000000000000));
#2085=CARTESIAN_POINT('',(6.026725598949769,10.482276679420512,0.750000000000000));
#2086=CARTESIAN_POINT('',(5.959464657915088,10.543054638186788,0.750000000000000));
#2087=CARTESIAN_POINT('',(5.901928190283011,10.543054638186788,0.750000000000000));
#2088=QUASI_UNIFORM_CURVE('',2,(#2084,#2085,#2086,#2087),.UNSPECIFIED.,.F.,.U.);
#2089=EDGE_CURVE('',#2049,#1939,#2088,.T.);
#2090=ORIENTED_EDGE('',*,*,#2089,.F.);
#2091=ORIENTED_EDGE('',*,*,#2054,.T.);
#2092=EDGE_LOOP('',(#2082,#2083,#2090,#2091));
#2093=FACE_OUTER_BOUND('',#2092,.T.);
#2094=ADVANCED_FACE('',(#2093),#2075,.T.);
#2095=CARTESIAN_POINT('',(5.816839048010221,10.141920110329355,0.750000000000000));
#2096=CARTESIAN_POINT('',(5.845202095434486,10.129764518576099,0.750000000000000));
#2097=CARTESIAN_POINT('',(5.918946018737570,10.101401471151837,0.750000000000000));
#2098=CARTESIAN_POINT('',(5.938394965542778,10.092487370532782,0.750000000000000));
#2099=CARTESIAN_POINT('',(5.816839048010221,10.141920110329355,0.650000000000000));
#2100=CARTESIAN_POINT('',(5.845202095434486,10.129764518576099,0.650000000000000));
#2101=CARTESIAN_POINT('',(5.918946018737570,10.101401471151837,0.650000000000000));
#2102=CARTESIAN_POINT('',(5.938394965542778,10.092487370532782,0.650000000000000));
#2103=B_SPLINE_SURFACE_WITH_KNOTS('',2,1,((#2095,#2099),(#2096,#2100),(#2097,#2101),(#2098,#2102)),.UNSPECIFIED.,.F.,.F.,.U.,(3,1,3),(2,2),(-2.0,-1.0,0.0),(0.0,0.010000000000000),.UNSPECIFIED.);
#2104=CARTESIAN_POINT('',(5.938394965542778,10.092487370532782,0.650000000000000));
#2105=VERTEX_POINT('',#2104);
#2106=CARTESIAN_POINT('',(5.816839048010221,10.141920110329355,0.650000000000000));
#2107=VERTEX_POINT('',#2106);
#2108=CARTESIAN_POINT('',(5.938394965542778,10.092487370532782,0.650000000000000));
#2109=CARTESIAN_POINT('',(5.918946018737570,10.101401471151837,0.650000000000000));
#2110=CARTESIAN_POINT('',(5.845202095434486,10.129764518576099,0.650000000000000));
#2111=CARTESIAN_POINT('',(5.816839048010221,10.141920110329355,0.650000000000000));
#2112=QUASI_UNIFORM_CURVE('',2,(#2108,#2109,#2110,#2111),.UNSPECIFIED.,.F.,.U.);
#2113=EDGE_CURVE('',#2105,#2107,#2112,.T.);
#2114=ORIENTED_EDGE('',*,*,#2113,.T.);
#2115=CARTESIAN_POINT('',(5.816839048010221,10.141920110329355,0.750000000000000));
#2116=VERTEX_POINT('',#2115);
#2117=CARTESIAN_POINT('',(5.816839048010221,10.141920110329355,0.750000000000000));
#2118=DIRECTION('',(0.0,0.0,-1.0));
#2119=VECTOR('',#2118,0.100000000000000);
#2120=LINE('',#2117,#2119);
#2121=EDGE_CURVE('',#2116,#2107,#2120,.T.);
#2122=ORIENTED_EDGE('',*,*,#2121,.F.);
#2123=CARTESIAN_POINT('',(5.938394965542778,10.092487370532782,0.750000000000000));
#2124=VERTEX_POINT('',#2123);
#2125=CARTESIAN_POINT('',(5.938394965542778,10.092487370532782,0.750000000000000));
#2126=CARTESIAN_POINT('',(5.918946018737570,10.101401471151837,0.750000000000000));
#2127=CARTESIAN_POINT('',(5.845202095434486,10.129764518576099,0.750000000000000));
#2128=CARTESIAN_POINT('',(5.816839048010221,10.141920110329355,0.750000000000000));
#2129=QUASI_UNIFORM_CURVE('',2,(#2125,#2126,#2127,#2128),.UNSPECIFIED.,.F.,.U.);
#2130=EDGE_CURVE('',#2124,#2116,#2129,.T.);
#2131=ORIENTED_EDGE('',*,*,#2130,.F.);
#2132=CARTESIAN_POINT('',(5.938394965542778,10.092487370532782,0.750000000000000));
#2133=DIRECTION('',(0.0,0.0,-1.0));
#2134=VECTOR('',#2133,0.100000000000000);
#2135=LINE('',#2132,#2134);
#2136=EDGE_CURVE('',#2124,#2105,#2135,.T.);
#2137=ORIENTED_EDGE('',*,*,#2136,.T.);
#2138=EDGE_LOOP('',(#2114,#2122,#2131,#2137));
#2139=FACE_OUTER_BOUND('',#2138,.T.);
#2140=ADVANCED_FACE('',(#2139),#2103,.T.);
#2141=CARTESIAN_POINT('',(5.749578106975541,9.992001145372536,0.750000000000000));
#2142=CARTESIAN_POINT('',(5.749578106975541,10.038192394034906,0.750000000000000));
#2143=CARTESIAN_POINT('',(5.790907118936611,10.115988181255741,0.750000000000000));
#2144=CARTESIAN_POINT('',(5.816839048010221,10.141920110329355,0.750000000000000));
#2145=CARTESIAN_POINT('',(5.749578106975541,9.992001145372536,0.650000000000000));
#2146=CARTESIAN_POINT('',(5.749578106975541,10.038192394034906,0.650000000000000));
#2147=CARTESIAN_POINT('',(5.790907118936611,10.115988181255741,0.650000000000000));
#2148=CARTESIAN_POINT('',(5.816839048010221,10.141920110329355,0.650000000000000));
#2149=B_SPLINE_SURFACE_WITH_KNOTS('',2,1,((#2141,#2145),(#2142,#2146),(#2143,#2147),(#2144,#2148)),.UNSPECIFIED.,.F.,.F.,.U.,(3,1,3),(2,2),(-2.0,-1.0,0.0),(0.0,0.010000000000000),.UNSPECIFIED.);
#2150=CARTESIAN_POINT('',(5.749578106975541,9.992001145372536,0.650000000000000));
#2151=VERTEX_POINT('',#2150);
#2152=CARTESIAN_POINT('',(5.816839048010221,10.141920110329355,0.650000000000000));
#2153=CARTESIAN_POINT('',(5.790907118936611,10.115988181255741,0.650000000000000));
#2154=CARTESIAN_POINT('',(5.749578106975541,10.038192394034906,0.650000000000000));
#2155=CARTESIAN_POINT('',(5.749578106975541,9.992001145372536,0.650000000000000));
#2156=QUASI_UNIFORM_CURVE('',2,(#2152,#2153,#2154,#2155),.UNSPECIFIED.,.F.,.U.);
#2157=EDGE_CURVE('',#2107,#2151,#2156,.T.);
#2158=ORIENTED_EDGE('',*,*,#2157,.T.);
#2159=CARTESIAN_POINT('',(5.749578106975541,9.992001145372536,0.750000000000000));
#2160=VERTEX_POINT('',#2159);
#2161=CARTESIAN_POINT('',(5.749578106975541,9.992001145372536,0.750000000000000));
#2162=DIRECTION('',(0.0,0.0,-1.0));
#2163=VECTOR('',#2162,0.100000000000000);
#2164=LINE('',#2161,#2163);
#2165=EDGE_CURVE('',#2160,#2151,#2164,.T.);
#2166=ORIENTED_EDGE('',*,*,#2165,.F.);
#2167=CARTESIAN_POINT('',(5.816839048010221,10.141920110329355,0.750000000000000));
#2168=CARTESIAN_POINT('',(5.790907118936611,10.115988181255741,0.750000000000000));
#2169=CARTESIAN_POINT('',(5.749578106975541,10.038192394034906,0.750000000000000));
#2170=CARTESIAN_POINT('',(5.749578106975541,9.992001145372536,0.750000000000000));
#2171=QUASI_UNIFORM_CURVE('',2,(#2167,#2168,#2169,#2170),.UNSPECIFIED.,.F.,.U.);
#2172=EDGE_CURVE('',#2116,#2160,#2171,.T.);
#2173=ORIENTED_EDGE('',*,*,#2172,.F.);
#2174=ORIENTED_EDGE('',*,*,#2121,.T.);
#2175=EDGE_LOOP('',(#2158,#2166,#2173,#2174));
#2176=FACE_OUTER_BOUND('',#2175,.T.);
#2177=ADVANCED_FACE('',(#2176),#2149,.T.);
#2178=CARTESIAN_POINT('',(5.910842290902066,9.838840689281515,0.750000000000000));
#2179=CARTESIAN_POINT('',(5.838719113166082,9.838840689281515,0.750000000000000));
#2180=CARTESIAN_POINT('',(5.749578106975541,9.922309085987203,0.750000000000000));
#2181=CARTESIAN_POINT('',(5.749578106975541,9.992001145372536,0.750000000000000));
#2182=CARTESIAN_POINT('',(5.910842290902066,9.838840689281515,0.650000000000000));
#2183=CARTESIAN_POINT('',(5.838719113166082,9.838840689281515,0.650000000000000));
#2184=CARTESIAN_POINT('',(5.749578106975541,9.922309085987203,0.650000000000000));
#2185=CARTESIAN_POINT('',(5.749578106975541,9.992001145372536,0.650000000000000));
#2186=B_SPLINE_SURFACE_WITH_KNOTS('',2,1,((#2178,#2182),(#2179,#2183),(#2180,#2184),(#2181,#2185)),.UNSPECIFIED.,.F.,.F.,.U.,(3,1,3),(2,2),(-2.0,-1.0,0.0),(0.0,0.010000000000000),.UNSPECIFIED.);
#2187=CARTESIAN_POINT('',(5.910842290902067,9.838840689281515,0.650000000000000));
#2188=VERTEX_POINT('',#2187);
#2189=CARTESIAN_POINT('',(5.749578106975541,9.992001145372536,0.650000000000000));
#2190=CARTESIAN_POINT('',(5.749578106975541,9.922309085987203,0.650000000000000));
#2191=CARTESIAN_POINT('',(5.838719113166082,9.838840689281515,0.650000000000000));
#2192=CARTESIAN_POINT('',(5.910842290902066,9.838840689281515,0.650000000000000));
#2193=QUASI_UNIFORM_CURVE('',2,(#2189,#2190,#2191,#2192),.UNSPECIFIED.,.F.,.U.);
#2194=EDGE_CURVE('',#2151,#2188,#2193,.T.);
#2195=ORIENTED_EDGE('',*,*,#2194,.T.);
#2196=CARTESIAN_POINT('',(5.910842290902067,9.838840689281515,0.750000000000000));
#2197=VERTEX_POINT('',#2196);
#2198=CARTESIAN_POINT('',(5.910842290902067,9.838840689281515,0.750000000000000));
#2199=DIRECTION('',(0.0,0.0,-1.0));
#2200=VECTOR('',#2199,0.100000000000000);
#2201=LINE('',#2198,#2200);
#2202=EDGE_CURVE('',#2197,#2188,#2201,.T.);
#2203=ORIENTED_EDGE('',*,*,#2202,.F.);
#2204=CARTESIAN_POINT('',(5.749578106975541,9.992001145372536,0.750000000000000));
#2205=CARTESIAN_POINT('',(5.749578106975541,9.922309085987203,0.750000000000000));
#2206=CARTESIAN_POINT('',(5.838719113166082,9.838840689281515,0.750000000000000));
#2207=CARTESIAN_POINT('',(5.910842290902066,9.838840689281515,0.750000000000000));
#2208=QUASI_UNIFORM_CURVE('',2,(#2204,#2205,#2206,#2207),.UNSPECIFIED.,.F.,.U.);
#2209=EDGE_CURVE('',#2160,#2197,#2208,.T.);
#2210=ORIENTED_EDGE('',*,*,#2209,.F.);
#2211=ORIENTED_EDGE('',*,*,#2165,.T.);
#2212=EDGE_LOOP('',(#2195,#2203,#2210,#2211));
#2213=FACE_OUTER_BOUND('',#2212,.T.);
#2214=ADVANCED_FACE('',(#2213),#2186,.T.);
#2215=CARTESIAN_POINT('',(6.000793669876156,9.864772618355126,0.750000000000000));
#2216=CARTESIAN_POINT('',(5.981344723070948,9.851806653818320,0.750000000000000));
#2217=CARTESIAN_POINT('',(5.931101610490826,9.838840689281515,0.750000000000000));
#2218=CARTESIAN_POINT('',(5.910842290902066,9.838840689281515,0.750000000000000));
#2219=CARTESIAN_POINT('',(6.000793669876156,9.864772618355126,0.650000000000000));
#2220=CARTESIAN_POINT('',(5.981344723070948,9.851806653818320,0.650000000000000));
#2221=CARTESIAN_POINT('',(5.931101610490826,9.838840689281515,0.650000000000000));
#2222=CARTESIAN_POINT('',(5.910842290902066,9.838840689281515,0.650000000000000));
#2223=B_SPLINE_SURFACE_WITH_KNOTS('',2,1,((#2215,#2219),(#2216,#2220),(#2217,#2221),(#2218,#2222)),.UNSPECIFIED.,.F.,.F.,.U.,(3,1,3),(2,2),(-2.0,-1.0,0.0),(0.0,0.010000000000000),.UNSPECIFIED.);
#2224=CARTESIAN_POINT('',(6.000793669876156,9.864772618355126,0.650000000000000));
#2225=VERTEX_POINT('',#2224);
#2226=CARTESIAN_POINT('',(5.910842290902066,9.838840689281515,0.650000000000000));
#2227=CARTESIAN_POINT('',(5.931101610490826,9.838840689281515,0.650000000000000));
#2228=CARTESIAN_POINT('',(5.981344723070948,9.851806653818320,0.650000000000000));
#2229=CARTESIAN_POINT('',(6.000793669876156,9.864772618355126,0.650000000000000));
#2230=QUASI_UNIFORM_CURVE('',2,(#2226,#2227,#2228,#2229),.UNSPECIFIED.,.F.,.U.);
#2231=EDGE_CURVE('',#2188,#2225,#2230,.T.);
#2232=ORIENTED_EDGE('',*,*,#2231,.T.);
#2233=CARTESIAN_POINT('',(6.000793669876156,9.864772618355126,0.750000000000000));
#2234=VERTEX_POINT('',#2233);
#2235=CARTESIAN_POINT('',(6.000793669876156,9.864772618355126,0.750000000000000));
#2236=DIRECTION('',(0.0,0.0,-1.0));
#2237=VECTOR('',#2236,0.100000000000000);
#2238=LINE('',#2235,#2237);
#2239=EDGE_CURVE('',#2234,#2225,#2238,.T.);
#2240=ORIENTED_EDGE('',*,*,#2239,.F.);
#2241=CARTESIAN_POINT('',(5.910842290902066,9.838840689281515,0.750000000000000));
#2242=CARTESIAN_POINT('',(5.931101610490826,9.838840689281515,0.750000000000000));
#2243=CARTESIAN_POINT('',(5.981344723070948,9.851806653818320,0.750000000000000));
#2244=CARTESIAN_POINT('',(6.000793669876156,9.864772618355126,0.750000000000000));
#2245=QUASI_UNIFORM_CURVE('',2,(#2241,#2242,#2243,#2244),.UNSPECIFIED.,.F.,.U.);
#2246=EDGE_CURVE('',#2197,#2234,#2245,.T.);
#2247=ORIENTED_EDGE('',*,*,#2246,.F.);
#2248=ORIENTED_EDGE('',*,*,#2202,.T.);
#2249=EDGE_LOOP('',(#2232,#2240,#2247,#2248));
#2250=FACE_OUTER_BOUND('',#2249,.T.);
#2251=ADVANCED_FACE('',(#2250),#2223,.T.);
#2252=CARTESIAN_POINT('',(6.048605664105629,9.957965488463419,0.750000000000000));
#2253=CARTESIAN_POINT('',(6.048605664105629,9.922309085987203,0.750000000000000));
#2254=CARTESIAN_POINT('',(6.022673735032017,9.880169701242584,0.750000000000000));
#2255=CARTESIAN_POINT('',(6.000793669876156,9.864772618355126,0.750000000000000));
#2256=CARTESIAN_POINT('',(6.048605664105629,9.957965488463419,0.650000000000000));
#2257=CARTESIAN_POINT('',(6.048605664105629,9.922309085987203,0.650000000000000));
#2258=CARTESIAN_POINT('',(6.022673735032017,9.880169701242584,0.650000000000000));
#2259=CARTESIAN_POINT('',(6.000793669876156,9.864772618355126,0.650000000000000));
#2260=B_SPLINE_SURFACE_WITH_KNOTS('',2,1,((#2252,#2256),(#2253,#2257),(#2254,#2258),(#2255,#2259)),.UNSPECIFIED.,.F.,.F.,.U.,(3,1,3),(2,2),(-2.0,-1.0,0.0),(0.0,0.010000000000000),.UNSPECIFIED.);
#2261=CARTESIAN_POINT('',(6.048605664105629,9.957965488463419,0.650000000000000));
#2262=VERTEX_POINT('',#2261);
#2263=CARTESIAN_POINT('',(6.000793669876156,9.864772618355126,0.650000000000000));
#2264=CARTESIAN_POINT('',(6.022673735032017,9.880169701242584,0.650000000000000));
#2265=CARTESIAN_POINT('',(6.048605664105629,9.922309085987203,0.650000000000000));
#2266=CARTESIAN_POINT('',(6.048605664105629,9.957965488463419,0.650000000000000));
#2267=QUASI_UNIFORM_CURVE('',2,(#2263,#2264,#2265,#2266),.UNSPECIFIED.,.F.,.U.);
#2268=EDGE_CURVE('',#2225,#2262,#2267,.T.);
#2269=ORIENTED_EDGE('',*,*,#2268,.T.);
#2270=CARTESIAN_POINT('',(6.048605664105629,9.957965488463419,0.750000000000000));
#2271=VERTEX_POINT('',#2270);
#2272=CARTESIAN_POINT('',(6.048605664105629,9.957965488463419,0.750000000000000));
#2273=DIRECTION('',(0.0,0.0,-1.0));
#2274=VECTOR('',#2273,0.100000000000000);
#2275=LINE('',#2272,#2274);
#2276=EDGE_CURVE('',#2271,#2262,#2275,.T.);
#2277=ORIENTED_EDGE('',*,*,#2276,.F.);
#2278=CARTESIAN_POINT('',(6.000793669876156,9.864772618355126,0.750000000000000));
#2279=CARTESIAN_POINT('',(6.022673735032017,9.880169701242584,0.750000000000000));
#2280=CARTESIAN_POINT('',(6.048605664105629,9.922309085987203,0.750000000000000));
#2281=CARTESIAN_POINT('',(6.048605664105629,9.957965488463419,0.750000000000000));
#2282=QUASI_UNIFORM_CURVE('',2,(#2278,#2279,#2280,#2281),.UNSPECIFIED.,.F.,.U.);
#2283=EDGE_CURVE('',#2234,#2271,#2282,.T.);
#2284=ORIENTED_EDGE('',*,*,#2283,.F.);
#2285=ORIENTED_EDGE('',*,*,#2239,.T.);
#2286=EDGE_LOOP('',(#2269,#2277,#2284,#2285));
#2287=FACE_OUTER_BOUND('',#2286,.T.);
#2288=ADVANCED_FACE('',(#2287),#2260,.T.);
#2289=CARTESIAN_POINT('',(5.938394965542778,10.092487370532782,0.750000000000000));
#2290=CARTESIAN_POINT('',(6.006466279361009,10.059262086407216,0.750000000000000));
#2291=CARTESIAN_POINT('',(6.048605664105629,10.007398228259991,0.750000000000000));
#2292=CARTESIAN_POINT('',(6.048605664105629,9.957965488463419,0.750000000000000));
#2293=CARTESIAN_POINT('',(5.938394965542778,10.092487370532782,0.650000000000000));
#2294=CARTESIAN_POINT('',(6.006466279361009,10.059262086407216,0.650000000000000));
#2295=CARTESIAN_POINT('',(6.048605664105629,10.007398228259991,0.650000000000000));
#2296=CARTESIAN_POINT('',(6.048605664105629,9.957965488463419,0.650000000000000));
#2297=B_SPLINE_SURFACE_WITH_KNOTS('',2,1,((#2289,#2293),(#2290,#2294),(#2291,#2295),(#2292,#2296)),.UNSPECIFIED.,.F.,.F.,.U.,(3,1,3),(2,2),(-2.0,-1.0,0.0),(0.0,0.010000000000000),.UNSPECIFIED.);
#2298=CARTESIAN_POINT('',(6.048605664105629,9.957965488463419,0.650000000000000));
#2299=CARTESIAN_POINT('',(6.048605664105629,10.007398228259991,0.650000000000000));
#2300=CARTESIAN_POINT('',(6.006466279361009,10.059262086407216,0.650000000000000));
#2301=CARTESIAN_POINT('',(5.938394965542778,10.092487370532782,0.650000000000000));
#2302=QUASI_UNIFORM_CURVE('',2,(#2298,#2299,#2300,#2301),.UNSPECIFIED.,.F.,.U.);
#2303=EDGE_CURVE('',#2262,#2105,#2302,.T.);
#2304=ORIENTED_EDGE('',*,*,#2303,.T.);
#2305=ORIENTED_EDGE('',*,*,#2136,.F.);
#2306=CARTESIAN_POINT('',(6.048605664105629,9.957965488463419,0.750000000000000));
#2307=CARTESIAN_POINT('',(6.048605664105629,10.007398228259991,0.750000000000000));
#2308=CARTESIAN_POINT('',(6.006466279361009,10.059262086407216,0.750000000000000));
#2309=CARTESIAN_POINT('',(5.938394965542778,10.092487370532782,0.750000000000000));
#2310=QUASI_UNIFORM_CURVE('',2,(#2306,#2307,#2308,#2309),.UNSPECIFIED.,.F.,.U.);
#2311=EDGE_CURVE('',#2271,#2124,#2310,.T.);
#2312=ORIENTED_EDGE('',*,*,#2311,.F.);
#2313=ORIENTED_EDGE('',*,*,#2276,.T.);
#2314=EDGE_LOOP('',(#2304,#2305,#2312,#2313));
#2315=FACE_OUTER_BOUND('',#2314,.T.);
#2316=ADVANCED_FACE('',(#2315),#2297,.T.);
#2317=CARTESIAN_POINT('',(6.102900640603504,10.231871489303446,0.750000000000000));
#2318=CARTESIAN_POINT('',(6.202576492980199,10.191352850125927,0.750000000000000));
#2319=CARTESIAN_POINT('',(6.296579735872044,10.060072459190767,0.750000000000000));
#2320=CARTESIAN_POINT('',(6.296579735872044,9.968500334649574,0.750000000000000));
#2321=CARTESIAN_POINT('',(6.102900640603504,10.231871489303446,0.650000000000000));
#2322=CARTESIAN_POINT('',(6.202576492980199,10.191352850125927,0.650000000000000));
#2323=CARTESIAN_POINT('',(6.296579735872044,10.060072459190767,0.650000000000000));
#2324=CARTESIAN_POINT('',(6.296579735872044,9.968500334649574,0.650000000000000));
#2325=B_SPLINE_SURFACE_WITH_KNOTS('',2,1,((#2317,#2321),(#2318,#2322),(#2319,#2323),(#2320,#2324)),.UNSPECIFIED.,.F.,.F.,.U.,(3,1,3),(2,2),(0.0,1.0,2.0),(0.0,0.010000000000000),.UNSPECIFIED.);
#2326=CARTESIAN_POINT('',(6.296579735872044,9.968500334649574,0.650000000000000));
#2327=VERTEX_POINT('',#2326);
#2328=CARTESIAN_POINT('',(6.102900640603504,10.231871489303446,0.650000000000000));
#2329=VERTEX_POINT('',#2328);
#2330=CARTESIAN_POINT('',(6.296579735872044,9.968500334649574,0.650000000000000));
#2331=CARTESIAN_POINT('',(6.296579735872044,10.060072459190767,0.650000000000000));
#2332=CARTESIAN_POINT('',(6.202576492980199,10.191352850125927,0.650000000000000));
#2333=CARTESIAN_POINT('',(6.102900640603504,10.231871489303446,0.650000000000000));
#2334=QUASI_UNIFORM_CURVE('',2,(#2330,#2331,#2332,#2333),.UNSPECIFIED.,.F.,.U.);
#2335=EDGE_CURVE('',#2327,#2329,#2334,.T.);
#2336=ORIENTED_EDGE('',*,*,#2335,.F.);
#2337=CARTESIAN_POINT('',(6.296579735872044,9.968500334649574,0.750000000000000));
#2338=VERTEX_POINT('',#2337);
#2339=CARTESIAN_POINT('',(6.296579735872044,9.968500334649574,0.750000000000000));
#2340=DIRECTION('',(0.0,0.0,-1.0));
#2341=VECTOR('',#2340,0.100000000000000);
#2342=LINE('',#2339,#2341);
#2343=EDGE_CURVE('',#2338,#2327,#2342,.T.);
#2344=ORIENTED_EDGE('',*,*,#2343,.F.);
#2345=CARTESIAN_POINT('',(6.102900640603504,10.231871489303446,0.750000000000000));
#2346=VERTEX_POINT('',#2345);
#2347=CARTESIAN_POINT('',(6.102900640603504,10.231871489303446,0.750000000000000));
#2348=CARTESIAN_POINT('',(6.202576492980199,10.191352850125927,0.750000000000000));
#2349=CARTESIAN_POINT('',(6.296579735872044,10.060072459190767,0.750000000000000));
#2350=CARTESIAN_POINT('',(6.296579735872044,9.968500334649574,0.750000000000000));
#2351=QUASI_UNIFORM_CURVE('',2,(#2347,#2348,#2349,#2350),.UNSPECIFIED.,.F.,.U.);
#2352=EDGE_CURVE('',#2346,#2338,#2351,.T.);
#2353=ORIENTED_EDGE('',*,*,#2352,.F.);
#2354=CARTESIAN_POINT('',(6.102900640603504,10.231871489303446,0.750000000000000));
#2355=DIRECTION('',(0.0,0.0,-1.0));
#2356=VECTOR('',#2355,0.100000000000000);
#2357=LINE('',#2354,#2356);
#2358=EDGE_CURVE('',#2346,#2329,#2357,.T.);
#2359=ORIENTED_EDGE('',*,*,#2358,.T.);
#2360=EDGE_LOOP('',(#2336,#2344,#2353,#2359));
#2361=FACE_OUTER_BOUND('',#2360,.T.);
#2362=ADVANCED_FACE('',(#2361),#2325,.F.);
#2363=CARTESIAN_POINT('',(6.102900640603504,10.231871489303446,0.750000000000000));
#2364=DIRECTION('',(1.0,0.0,0.0));
#2365=DIRECTION('',(0.0,0.0,-1.0));
#2366=AXIS2_PLACEMENT_3D('',#2363,#2364,#2365);
#2367=PLANE('',#2366);
#2368=CARTESIAN_POINT('',(6.102900640603504,10.235112980437648,0.650000000000000));
#2369=VERTEX_POINT('',#2368);
#2370=CARTESIAN_POINT('',(6.102900640603504,10.231871489303446,0.650000000000000));
#2371=DIRECTION('',(0.0,1.0,0.0));
#2372=VECTOR('',#2371,0.003241491134203);
#2373=LINE('',#2370,#2372);
#2374=EDGE_CURVE('',#2329,#2369,#2373,.T.);
#2375=ORIENTED_EDGE('',*,*,#2374,.F.);
#2376=ORIENTED_EDGE('',*,*,#2358,.F.);
#2377=CARTESIAN_POINT('',(6.102900640603504,10.235112980437648,0.750000000000000));
#2378=VERTEX_POINT('',#2377);
#2379=CARTESIAN_POINT('',(6.102900640603504,10.235112980437648,0.750000000000000));
#2380=DIRECTION('',(0.0,-1.0,0.0));
#2381=VECTOR('',#2380,0.003241491134204);
#2382=LINE('',#2379,#2381);
#2383=EDGE_CURVE('',#2378,#2346,#2382,.T.);
#2384=ORIENTED_EDGE('',*,*,#2383,.F.);
#2385=CARTESIAN_POINT('',(6.102900640603504,10.235112980437648,0.750000000000000));
#2386=DIRECTION('',(0.0,0.0,-1.0));
#2387=VECTOR('',#2386,0.100000000000000);
#2388=LINE('',#2385,#2387);
#2389=EDGE_CURVE('',#2378,#2369,#2388,.T.);
#2390=ORIENTED_EDGE('',*,*,#2389,.T.);
#2391=EDGE_LOOP('',(#2375,#2376,#2384,#2390));
#2392=FACE_OUTER_BOUND('',#2391,.T.);
#2393=ADVANCED_FACE('',(#2392),#2367,.F.);
#2394=CARTESIAN_POINT('',(6.270647806798432,10.460396614264651,0.750000000000000));
#2395=CARTESIAN_POINT('',(6.270647806798432,10.389083809312218,0.750000000000000));
#2396=CARTESIAN_POINT('',(6.187989782876294,10.274821246831616,0.750000000000000));
#2397=CARTESIAN_POINT('',(6.102900640603504,10.235112980437648,0.750000000000000));
#2398=CARTESIAN_POINT('',(6.270647806798432,10.460396614264651,0.650000000000000));
#2399=CARTESIAN_POINT('',(6.270647806798432,10.389083809312218,0.650000000000000));
#2400=CARTESIAN_POINT('',(6.187989782876294,10.274821246831616,0.650000000000000));
#2401=CARTESIAN_POINT('',(6.102900640603504,10.235112980437648,0.650000000000000));
#2402=B_SPLINE_SURFACE_WITH_KNOTS('',2,1,((#2394,#2398),(#2395,#2399),(#2396,#2400),(#2397,#2401)),.UNSPECIFIED.,.F.,.F.,.U.,(3,1,3),(2,2),(0.0,1.0,2.0),(0.0,0.010000000000000),.UNSPECIFIED.);
#2403=CARTESIAN_POINT('',(6.270647806798432,10.460396614264649,0.650000000000000));
#2404=VERTEX_POINT('',#2403);
#2405=CARTESIAN_POINT('',(6.102900640603504,10.235112980437648,0.650000000000000));
#2406=CARTESIAN_POINT('',(6.187989782876294,10.274821246831616,0.650000000000000));
#2407=CARTESIAN_POINT('',(6.270647806798432,10.389083809312218,0.650000000000000));
#2408=CARTESIAN_POINT('',(6.270647806798432,10.460396614264651,0.650000000000000));
#2409=QUASI_UNIFORM_CURVE('',2,(#2405,#2406,#2407,#2408),.UNSPECIFIED.,.F.,.U.);
#2410=EDGE_CURVE('',#2369,#2404,#2409,.T.);
#2411=ORIENTED_EDGE('',*,*,#2410,.F.);
#2412=ORIENTED_EDGE('',*,*,#2389,.F.);
#2413=CARTESIAN_POINT('',(6.270647806798432,10.460396614264649,0.750000000000000));
#2414=VERTEX_POINT('',#2413);
#2415=CARTESIAN_POINT('',(6.270647806798432,10.460396614264651,0.750000000000000));
#2416=CARTESIAN_POINT('',(6.270647806798432,10.389083809312218,0.750000000000000));
#2417=CARTESIAN_POINT('',(6.187989782876294,10.274821246831616,0.750000000000000));
#2418=CARTESIAN_POINT('',(6.102900640603504,10.235112980437648,0.750000000000000));
#2419=QUASI_UNIFORM_CURVE('',2,(#2415,#2416,#2417,#2418),.UNSPECIFIED.,.F.,.U.);
#2420=EDGE_CURVE('',#2414,#2378,#2419,.T.);
#2421=ORIENTED_EDGE('',*,*,#2420,.F.);
#2422=CARTESIAN_POINT('',(6.270647806798432,10.460396614264649,0.750000000000000));
#2423=DIRECTION('',(0.0,0.0,-1.0));
#2424=VECTOR('',#2423,0.100000000000000);
#2425=LINE('',#2422,#2424);
#2426=EDGE_CURVE('',#2414,#2404,#2425,.T.);
#2427=ORIENTED_EDGE('',*,*,#2426,.T.);
#2428=EDGE_LOOP('',(#2411,#2412,#2421,#2427));
#2429=FACE_OUTER_BOUND('',#2428,.T.);
#2430=ADVANCED_FACE('',(#2429),#2402,.F.);
#2431=CARTESIAN_POINT('',(6.176644563906589,10.641109744996385,0.750000000000000));
#2432=CARTESIAN_POINT('',(6.222025439785409,10.608694833654370,0.750000000000000));
#2433=CARTESIAN_POINT('',(6.270647806798432,10.514691590762526,0.750000000000000));
#2434=CARTESIAN_POINT('',(6.270647806798432,10.460396614264651,0.750000000000000));
#2435=CARTESIAN_POINT('',(6.176644563906589,10.641109744996385,0.650000000000000));
#2436=CARTESIAN_POINT('',(6.222025439785409,10.608694833654370,0.650000000000000));
#2437=CARTESIAN_POINT('',(6.270647806798432,10.514691590762526,0.650000000000000));
#2438=CARTESIAN_POINT('',(6.270647806798432,10.460396614264651,0.650000000000000));
#2439=B_SPLINE_SURFACE_WITH_KNOTS('',2,1,((#2431,#2435),(#2432,#2436),(#2433,#2437),(#2434,#2438)),.UNSPECIFIED.,.F.,.F.,.U.,(3,1,3),(2,2),(0.0,1.0,2.0),(0.0,0.010000000000000),.UNSPECIFIED.);
#2440=CARTESIAN_POINT('',(6.176644563906589,10.641109744996381,0.650000000000000));
#2441=VERTEX_POINT('',#2440);
#2442=CARTESIAN_POINT('',(6.270647806798432,10.460396614264651,0.650000000000000));
#2443=CARTESIAN_POINT('',(6.270647806798432,10.514691590762526,0.650000000000000));
#2444=CARTESIAN_POINT('',(6.222025439785409,10.608694833654370,0.650000000000000));
#2445=CARTESIAN_POINT('',(6.176644563906589,10.641109744996385,0.650000000000000));
#2446=QUASI_UNIFORM_CURVE('',2,(#2442,#2443,#2444,#2445),.UNSPECIFIED.,.F.,.U.);
#2447=EDGE_CURVE('',#2404,#2441,#2446,.T.);
#2448=ORIENTED_EDGE('',*,*,#2447,.F.);
#2449=ORIENTED_EDGE('',*,*,#2426,.F.);
#2450=CARTESIAN_POINT('',(6.176644563906589,10.641109744996381,0.750000000000000));
#2451=VERTEX_POINT('',#2450);
#2452=CARTESIAN_POINT('',(6.176644563906589,10.641109744996385,0.750000000000000));
#2453=CARTESIAN_POINT('',(6.222025439785409,10.608694833654370,0.750000000000000));
#2454=CARTESIAN_POINT('',(6.270647806798432,10.514691590762526,0.750000000000000));
#2455=CARTESIAN_POINT('',(6.270647806798432,10.460396614264651,0.750000000000000));
#2456=QUASI_UNIFORM_CURVE('',2,(#2452,#2453,#2454,#2455),.UNSPECIFIED.,.F.,.U.);
#2457=EDGE_CURVE('',#2451,#2414,#2456,.T.);
#2458=ORIENTED_EDGE('',*,*,#2457,.F.);
#2459=CARTESIAN_POINT('',(6.176644563906589,10.641109744996381,0.750000000000000));
#2460=DIRECTION('',(0.0,0.0,-1.0));
#2461=VECTOR('',#2460,0.100000000000000);
#2462=LINE('',#2459,#2461);
#2463=EDGE_CURVE('',#2451,#2441,#2462,.T.);
#2464=ORIENTED_EDGE('',*,*,#2463,.T.);
#2465=EDGE_LOOP('',(#2448,#2449,#2458,#2464));
#2466=FACE_OUTER_BOUND('',#2465,.T.);
#2467=ADVANCED_FACE('',(#2466),#2439,.F.);
#2468=CARTESIAN_POINT('',(5.901928190283011,10.713232922732367,0.750000000000000));
#2469=CARTESIAN_POINT('',(5.994310687607753,10.713232922732367,0.750000000000000));
#2470=CARTESIAN_POINT('',(6.132074060811318,10.673524656338401,0.750000000000000));
#2471=CARTESIAN_POINT('',(6.176644563906589,10.641109744996385,0.750000000000000));
#2472=CARTESIAN_POINT('',(5.901928190283011,10.713232922732367,0.650000000000000));
#2473=CARTESIAN_POINT('',(5.994310687607753,10.713232922732367,0.650000000000000));
#2474=CARTESIAN_POINT('',(6.132074060811318,10.673524656338401,0.650000000000000));
#2475=CARTESIAN_POINT('',(6.176644563906589,10.641109744996385,0.650000000000000));
#2476=B_SPLINE_SURFACE_WITH_KNOTS('',2,1,((#2468,#2472),(#2469,#2473),(#2470,#2474),(#2471,#2475)),.UNSPECIFIED.,.F.,.F.,.U.,(3,1,3),(2,2),(0.0,1.0,2.0),(0.0,0.010000000000000),.UNSPECIFIED.);
#2477=CARTESIAN_POINT('',(5.901928190283011,10.713232922732367,0.650000000000000));
#2478=VERTEX_POINT('',#2477);
#2479=CARTESIAN_POINT('',(6.176644563906589,10.641109744996385,0.650000000000000));
#2480=CARTESIAN_POINT('',(6.132074060811318,10.673524656338401,0.650000000000000));
#2481=CARTESIAN_POINT('',(5.994310687607753,10.713232922732367,0.650000000000000));
#2482=CARTESIAN_POINT('',(5.901928190283011,10.713232922732367,0.650000000000000));
#2483=QUASI_UNIFORM_CURVE('',2,(#2479,#2480,#2481,#2482),.UNSPECIFIED.,.F.,.U.);
#2484=EDGE_CURVE('',#2441,#2478,#2483,.T.);
#2485=ORIENTED_EDGE('',*,*,#2484,.F.);
#2486=ORIENTED_EDGE('',*,*,#2463,.F.);
#2487=CARTESIAN_POINT('',(5.901928190283011,10.713232922732367,0.750000000000000));
#2488=VERTEX_POINT('',#2487);
#2489=CARTESIAN_POINT('',(5.901928190283011,10.713232922732367,0.750000000000000));
#2490=CARTESIAN_POINT('',(5.994310687607753,10.713232922732367,0.750000000000000));
#2491=CARTESIAN_POINT('',(6.132074060811318,10.673524656338401,0.750000000000000));
#2492=CARTESIAN_POINT('',(6.176644563906589,10.641109744996385,0.750000000000000));
#2493=QUASI_UNIFORM_CURVE('',2,(#2489,#2490,#2491,#2492),.UNSPECIFIED.,.F.,.U.);
#2494=EDGE_CURVE('',#2488,#2451,#2493,.T.);
#2495=ORIENTED_EDGE('',*,*,#2494,.F.);
#2496=CARTESIAN_POINT('',(5.901928190283011,10.713232922732367,0.750000000000000));
#2497=DIRECTION('',(0.0,0.0,-1.0));
#2498=VECTOR('',#2497,0.100000000000000);
#2499=LINE('',#2496,#2498);
#2500=EDGE_CURVE('',#2488,#2478,#2499,.T.);
#2501=ORIENTED_EDGE('',*,*,#2500,.T.);
#2502=EDGE_LOOP('',(#2485,#2486,#2495,#2501));
#2503=FACE_OUTER_BOUND('',#2502,.T.);
#2504=ADVANCED_FACE('',(#2503),#2476,.F.);
#2505=CARTESIAN_POINT('',(5.628022189442985,10.633006017160882,0.750000000000000));
#2506=CARTESIAN_POINT('',(5.674213438105356,10.669472792420649,0.750000000000000));
#2507=CARTESIAN_POINT('',(5.814407929659571,10.713232922732367,0.750000000000000));
#2508=CARTESIAN_POINT('',(5.901928190283011,10.713232922732367,0.750000000000000));
#2509=CARTESIAN_POINT('',(5.628022189442985,10.633006017160882,0.650000000000000));
#2510=CARTESIAN_POINT('',(5.674213438105356,10.669472792420649,0.650000000000000));
#2511=CARTESIAN_POINT('',(5.814407929659571,10.713232922732367,0.650000000000000));
#2512=CARTESIAN_POINT('',(5.901928190283011,10.713232922732367,0.650000000000000));
#2513=B_SPLINE_SURFACE_WITH_KNOTS('',2,1,((#2505,#2509),(#2506,#2510),(#2507,#2511),(#2508,#2512)),.UNSPECIFIED.,.F.,.F.,.U.,(3,1,3),(2,2),(0.0,1.0,2.0),(0.0,0.010000000000000),.UNSPECIFIED.);
#2514=CARTESIAN_POINT('',(5.628022189442984,10.633006017160882,0.650000000000000));
#2515=VERTEX_POINT('',#2514);
#2516=CARTESIAN_POINT('',(5.901928190283011,10.713232922732367,0.650000000000000));
#2517=CARTESIAN_POINT('',(5.814407929659571,10.713232922732367,0.650000000000000));
#2518=CARTESIAN_POINT('',(5.674213438105356,10.669472792420649,0.650000000000000));
#2519=CARTESIAN_POINT('',(5.628022189442985,10.633006017160882,0.650000000000000));
#2520=QUASI_UNIFORM_CURVE('',2,(#2516,#2517,#2518,#2519),.UNSPECIFIED.,.F.,.U.);
#2521=EDGE_CURVE('',#2478,#2515,#2520,.T.);
#2522=ORIENTED_EDGE('',*,*,#2521,.F.);
#2523=ORIENTED_EDGE('',*,*,#2500,.F.);
#2524=CARTESIAN_POINT('',(5.628022189442984,10.633006017160882,0.750000000000000));
#2525=VERTEX_POINT('',#2524);
#2526=CARTESIAN_POINT('',(5.628022189442985,10.633006017160882,0.750000000000000));
#2527=CARTESIAN_POINT('',(5.674213438105356,10.669472792420649,0.750000000000000));
#2528=CARTESIAN_POINT('',(5.814407929659571,10.713232922732367,0.750000000000000));
#2529=CARTESIAN_POINT('',(5.901928190283011,10.713232922732367,0.750000000000000));
#2530=QUASI_UNIFORM_CURVE('',2,(#2526,#2527,#2528,#2529),.UNSPECIFIED.,.F.,.U.);
#2531=EDGE_CURVE('',#2525,#2488,#2530,.T.);
#2532=ORIENTED_EDGE('',*,*,#2531,.F.);
#2533=CARTESIAN_POINT('',(5.628022189442984,10.633006017160882,0.750000000000000));
#2534=DIRECTION('',(0.0,0.0,-1.0));
#2535=VECTOR('',#2534,0.100000000000000);
#2536=LINE('',#2533,#2535);
#2537=EDGE_CURVE('',#2525,#2515,#2536,.T.);
#2538=ORIENTED_EDGE('',*,*,#2537,.T.);
#2539=EDGE_LOOP('',(#2522,#2523,#2532,#2538));
#2540=FACE_OUTER_BOUND('',#2539,.T.);
#2541=ADVANCED_FACE('',(#2540),#2513,.F.);
#2542=CARTESIAN_POINT('',(5.531587828200490,10.443378785810093,0.750000000000000));
#2543=CARTESIAN_POINT('',(5.531587828200490,10.498484135091520,0.750000000000000));
#2544=CARTESIAN_POINT('',(5.580210195213513,10.594918496334014,0.750000000000000));
#2545=CARTESIAN_POINT('',(5.628022189442985,10.633006017160882,0.750000000000000));
#2546=CARTESIAN_POINT('',(5.531587828200490,10.443378785810093,0.650000000000000));
#2547=CARTESIAN_POINT('',(5.531587828200490,10.498484135091520,0.650000000000000));
#2548=CARTESIAN_POINT('',(5.580210195213513,10.594918496334014,0.650000000000000));
#2549=CARTESIAN_POINT('',(5.628022189442985,10.633006017160882,0.650000000000000));
#2550=B_SPLINE_SURFACE_WITH_KNOTS('',2,1,((#2542,#2546),(#2543,#2547),(#2544,#2548),(#2545,#2549)),.UNSPECIFIED.,.F.,.F.,.U.,(3,1,3),(2,2),(0.0,1.0,2.0),(0.0,0.010000000000000),.UNSPECIFIED.);
#2551=CARTESIAN_POINT('',(5.531587828200490,10.443378785810095,0.650000000000000));
#2552=VERTEX_POINT('',#2551);
#2553=CARTESIAN_POINT('',(5.628022189442985,10.633006017160882,0.650000000000000));
#2554=CARTESIAN_POINT('',(5.580210195213513,10.594918496334014,0.650000000000000));
#2555=CARTESIAN_POINT('',(5.531587828200490,10.498484135091520,0.650000000000000));
#2556=CARTESIAN_POINT('',(5.531587828200490,10.443378785810093,0.650000000000000));
#2557=QUASI_UNIFORM_CURVE('',2,(#2553,#2554,#2555,#2556),.UNSPECIFIED.,.F.,.U.);
#2558=EDGE_CURVE('',#2515,#2552,#2557,.T.);
#2559=ORIENTED_EDGE('',*,*,#2558,.F.);
#2560=ORIENTED_EDGE('',*,*,#2537,.F.);
#2561=CARTESIAN_POINT('',(5.531587828200490,10.443378785810095,0.750000000000000));
#2562=VERTEX_POINT('',#2561);
#2563=CARTESIAN_POINT('',(5.531587828200490,10.443378785810093,0.750000000000000));
#2564=CARTESIAN_POINT('',(5.531587828200490,10.498484135091520,0.750000000000000));
#2565=CARTESIAN_POINT('',(5.580210195213513,10.594918496334014,0.750000000000000));
#2566=CARTESIAN_POINT('',(5.628022189442985,10.633006017160882,0.750000000000000));
#2567=QUASI_UNIFORM_CURVE('',2,(#2563,#2564,#2565,#2566),.UNSPECIFIED.,.F.,.U.);
#2568=EDGE_CURVE('',#2562,#2525,#2567,.T.);
#2569=ORIENTED_EDGE('',*,*,#2568,.F.);
#2570=CARTESIAN_POINT('',(5.531587828200490,10.443378785810095,0.750000000000000));
#2571=DIRECTION('',(0.0,0.0,-1.0));
#2572=VECTOR('',#2571,0.100000000000000);
#2573=LINE('',#2570,#2572);
#2574=EDGE_CURVE('',#2562,#2552,#2573,.T.);
#2575=ORIENTED_EDGE('',*,*,#2574,.T.);
#2576=EDGE_LOOP('',(#2559,#2560,#2569,#2575));
#2577=FACE_OUTER_BOUND('',#2576,.T.);
#2578=ADVANCED_FACE('',(#2577),#2550,.F.);
#2579=CARTESIAN_POINT('',(5.689610520992813,10.202698069095632,0.750000000000000));
#2580=CARTESIAN_POINT('',(5.601279887585823,10.245647826623802,0.750000000000000));
#2581=CARTESIAN_POINT('',(5.531587828200490,10.368014116939911,0.750000000000000));
#2582=CARTESIAN_POINT('',(5.531587828200490,10.443378785810093,0.750000000000000));
#2583=CARTESIAN_POINT('',(5.689610520992813,10.202698069095632,0.650000000000000));
#2584=CARTESIAN_POINT('',(5.601279887585823,10.245647826623802,0.650000000000000));
#2585=CARTESIAN_POINT('',(5.531587828200490,10.368014116939911,0.650000000000000));
#2586=CARTESIAN_POINT('',(5.531587828200490,10.443378785810093,0.650000000000000));
#2587=B_SPLINE_SURFACE_WITH_KNOTS('',2,1,((#2579,#2583),(#2580,#2584),(#2581,#2585),(#2582,#2586)),.UNSPECIFIED.,.F.,.F.,.U.,(3,1,3),(2,2),(0.0,1.0,2.0),(0.0,0.010000000000000),.UNSPECIFIED.);
#2588=CARTESIAN_POINT('',(5.689610520992813,10.202698069095632,0.650000000000000));
#2589=VERTEX_POINT('',#2588);
#2590=CARTESIAN_POINT('',(5.531587828200490,10.443378785810093,0.650000000000000));
#2591=CARTESIAN_POINT('',(5.531587828200490,10.368014116939911,0.650000000000000));
#2592=CARTESIAN_POINT('',(5.601279887585823,10.245647826623802,0.650000000000000));
#2593=CARTESIAN_POINT('',(5.689610520992813,10.202698069095632,0.650000000000000));
#2594=QUASI_UNIFORM_CURVE('',2,(#2590,#2591,#2592,#2593),.UNSPECIFIED.,.F.,.U.);
#2595=EDGE_CURVE('',#2552,#2589,#2594,.T.);
#2596=ORIENTED_EDGE('',*,*,#2595,.F.);
#2597=ORIENTED_EDGE('',*,*,#2574,.F.);
#2598=CARTESIAN_POINT('',(5.689610520992813,10.202698069095632,0.750000000000000));
#2599=VERTEX_POINT('',#2598);
#2600=CARTESIAN_POINT('',(5.689610520992813,10.202698069095632,0.750000000000000));
#2601=CARTESIAN_POINT('',(5.601279887585823,10.245647826623802,0.750000000000000));
#2602=CARTESIAN_POINT('',(5.531587828200490,10.368014116939911,0.750000000000000));
#2603=CARTESIAN_POINT('',(5.531587828200490,10.443378785810093,0.750000000000000));
#2604=QUASI_UNIFORM_CURVE('',2,(#2600,#2601,#2602,#2603),.UNSPECIFIED.,.F.,.U.);
#2605=EDGE_CURVE('',#2599,#2562,#2604,.T.);
#2606=ORIENTED_EDGE('',*,*,#2605,.F.);
#2607=CARTESIAN_POINT('',(5.689610520992813,10.202698069095632,0.750000000000000));
#2608=DIRECTION('',(0.0,0.0,-1.0));
#2609=VECTOR('',#2608,0.100000000000000);
#2610=LINE('',#2607,#2609);
#2611=EDGE_CURVE('',#2599,#2589,#2610,.T.);
#2612=ORIENTED_EDGE('',*,*,#2611,.T.);
#2613=EDGE_LOOP('',(#2596,#2597,#2606,#2612));
#2614=FACE_OUTER_BOUND('',#2613,.T.);
#2615=ADVANCED_FACE('',(#2614),#2587,.F.);
#2616=CARTESIAN_POINT('',(5.689610520992813,10.202698069095632,0.750000000000000));
#2617=DIRECTION('',(-1.0,0.0,0.0));
#2618=DIRECTION('',(0.0,0.0,1.0));
#2619=AXIS2_PLACEMENT_3D('',#2616,#2617,#2618);
#2620=PLANE('',#2619);
#2621=CARTESIAN_POINT('',(5.689610520992813,10.198646205177884,0.650000000000000));
#2622=VERTEX_POINT('',#2621);
#2623=CARTESIAN_POINT('',(5.689610520992813,10.202698069095632,0.650000000000000));
#2624=DIRECTION('',(0.0,-1.0,0.0));
#2625=VECTOR('',#2624,0.004051863917748);
#2626=LINE('',#2623,#2625);
#2627=EDGE_CURVE('',#2589,#2622,#2626,.T.);
#2628=ORIENTED_EDGE('',*,*,#2627,.F.);
#2629=ORIENTED_EDGE('',*,*,#2611,.F.);
#2630=CARTESIAN_POINT('',(5.689610520992813,10.198646205177884,0.750000000000000));
#2631=VERTEX_POINT('',#2630);
#2632=CARTESIAN_POINT('',(5.689610520992813,10.198646205177884,0.750000000000000));
#2633=DIRECTION('',(0.0,1.0,0.0));
#2634=VECTOR('',#2633,0.004051863917750);
#2635=LINE('',#2632,#2634);
#2636=EDGE_CURVE('',#2631,#2599,#2635,.T.);
#2637=ORIENTED_EDGE('',*,*,#2636,.F.);
#2638=CARTESIAN_POINT('',(5.689610520992813,10.198646205177884,0.750000000000000));
#2639=DIRECTION('',(0.0,0.0,-1.0));
#2640=VECTOR('',#2639,0.100000000000000);
#2641=LINE('',#2638,#2640);
#2642=EDGE_CURVE('',#2631,#2622,#2641,.T.);
#2643=ORIENTED_EDGE('',*,*,#2642,.T.);
#2644=EDGE_LOOP('',(#2628,#2629,#2637,#2643));
#2645=FACE_OUTER_BOUND('',#2644,.T.);
#2646=ADVANCED_FACE('',(#2645),#2620,.F.);
#2647=CARTESIAN_POINT('',(5.504845526343329,9.960396606814070,0.750000000000000));
#2648=CARTESIAN_POINT('',(5.504845526343329,10.046296121870411,0.750000000000000));
#2649=CARTESIAN_POINT('',(5.599659142018723,10.160558684351013,0.750000000000000));
#2650=CARTESIAN_POINT('',(5.689610520992813,10.198646205177882,0.750000000000000));
#2651=CARTESIAN_POINT('',(5.504845526343329,9.960396606814070,0.650000000000000));
#2652=CARTESIAN_POINT('',(5.504845526343329,10.046296121870411,0.650000000000000));
#2653=CARTESIAN_POINT('',(5.599659142018723,10.160558684351013,0.650000000000000));
#2654=CARTESIAN_POINT('',(5.689610520992813,10.198646205177882,0.650000000000000));
#2655=B_SPLINE_SURFACE_WITH_KNOTS('',2,1,((#2647,#2651),(#2648,#2652),(#2649,#2653),(#2650,#2654)),.UNSPECIFIED.,.F.,.F.,.U.,(3,1,3),(2,2),(0.0,1.0,2.0),(0.0,0.010000000000000),.UNSPECIFIED.);
#2656=CARTESIAN_POINT('',(5.504845526343329,9.960396606814070,0.650000000000000));
#2657=VERTEX_POINT('',#2656);
#2658=CARTESIAN_POINT('',(5.689610520992813,10.198646205177882,0.650000000000000));
#2659=CARTESIAN_POINT('',(5.599659142018723,10.160558684351013,0.650000000000000));
#2660=CARTESIAN_POINT('',(5.504845526343329,10.046296121870411,0.650000000000000));
#2661=CARTESIAN_POINT('',(5.504845526343329,9.960396606814070,0.650000000000000));
#2662=QUASI_UNIFORM_CURVE('',2,(#2658,#2659,#2660,#2661),.UNSPECIFIED.,.F.,.U.);
#2663=EDGE_CURVE('',#2622,#2657,#2662,.T.);
#2664=ORIENTED_EDGE('',*,*,#2663,.F.);
#2665=ORIENTED_EDGE('',*,*,#2642,.F.);
#2666=CARTESIAN_POINT('',(5.504845526343329,9.960396606814070,0.750000000000000));
#2667=VERTEX_POINT('',#2666);
#2668=CARTESIAN_POINT('',(5.504845526343329,9.960396606814070,0.750000000000000));
#2669=CARTESIAN_POINT('',(5.504845526343329,10.046296121870411,0.750000000000000));
#2670=CARTESIAN_POINT('',(5.599659142018723,10.160558684351013,0.750000000000000));
#2671=CARTESIAN_POINT('',(5.689610520992813,10.198646205177882,0.750000000000000));
#2672=QUASI_UNIFORM_CURVE('',2,(#2668,#2669,#2670,#2671),.UNSPECIFIED.,.F.,.U.);
#2673=EDGE_CURVE('',#2667,#2631,#2672,.T.);
#2674=ORIENTED_EDGE('',*,*,#2673,.F.);
#2675=CARTESIAN_POINT('',(5.504845526343329,9.960396606814070,0.750000000000000));
#2676=DIRECTION('',(0.0,0.0,-1.0));
#2677=VECTOR('',#2676,0.100000000000000);
#2678=LINE('',#2675,#2677);
#2679=EDGE_CURVE('',#2667,#2657,#2678,.T.);
#2680=ORIENTED_EDGE('',*,*,#2679,.T.);
#2681=EDGE_LOOP('',(#2664,#2665,#2674,#2680));
#2682=FACE_OUTER_BOUND('',#2681,.T.);
#2683=ADVANCED_FACE('',(#2682),#2655,.F.);
#2684=CARTESIAN_POINT('',(5.598038396451621,9.752941174225175,0.750000000000000));
#2685=CARTESIAN_POINT('',(5.550226402222149,9.792649440619144,0.750000000000000));
#2686=CARTESIAN_POINT('',(5.504845526343329,9.900429020831343,0.750000000000000));
#2687=CARTESIAN_POINT('',(5.504845526343329,9.960396606814070,0.750000000000000));
#2688=CARTESIAN_POINT('',(5.598038396451621,9.752941174225175,0.650000000000000));
#2689=CARTESIAN_POINT('',(5.550226402222149,9.792649440619144,0.650000000000000));
#2690=CARTESIAN_POINT('',(5.504845526343329,9.900429020831343,0.650000000000000));
#2691=CARTESIAN_POINT('',(5.504845526343329,9.960396606814070,0.650000000000000));
#2692=B_SPLINE_SURFACE_WITH_KNOTS('',2,1,((#2684,#2688),(#2685,#2689),(#2686,#2690),(#2687,#2691)),.UNSPECIFIED.,.F.,.F.,.U.,(3,1,3),(2,2),(0.0,1.0,2.0),(0.0,0.010000000000000),.UNSPECIFIED.);
#2693=CARTESIAN_POINT('',(5.598038396451621,9.752941174225175,0.650000000000000));
#2694=VERTEX_POINT('',#2693);
#2695=CARTESIAN_POINT('',(5.504845526343329,9.960396606814070,0.650000000000000));
#2696=CARTESIAN_POINT('',(5.504845526343329,9.900429020831343,0.650000000000000));
#2697=CARTESIAN_POINT('',(5.550226402222149,9.792649440619144,0.650000000000000));
#2698=CARTESIAN_POINT('',(5.598038396451621,9.752941174225175,0.650000000000000));
#2699=QUASI_UNIFORM_CURVE('',2,(#2695,#2696,#2697,#2698),.UNSPECIFIED.,.F.,.U.);
#2700=EDGE_CURVE('',#2657,#2694,#2699,.T.);
#2701=ORIENTED_EDGE('',*,*,#2700,.F.);
#2702=ORIENTED_EDGE('',*,*,#2679,.F.);
#2703=CARTESIAN_POINT('',(5.598038396451621,9.752941174225175,0.750000000000000));
#2704=VERTEX_POINT('',#2703);
#2705=CARTESIAN_POINT('',(5.598038396451621,9.752941174225175,0.750000000000000));
#2706=CARTESIAN_POINT('',(5.550226402222149,9.792649440619144,0.750000000000000));
#2707=CARTESIAN_POINT('',(5.504845526343329,9.900429020831343,0.750000000000000));
#2708=CARTESIAN_POINT('',(5.504845526343329,9.960396606814070,0.750000000000000));
#2709=QUASI_UNIFORM_CURVE('',2,(#2705,#2706,#2707,#2708),.UNSPECIFIED.,.F.,.U.);
#2710=EDGE_CURVE('',#2704,#2667,#2709,.T.);
#2711=ORIENTED_EDGE('',*,*,#2710,.F.);
#2712=CARTESIAN_POINT('',(5.598038396451621,9.752941174225175,0.750000000000000));
#2713=DIRECTION('',(0.0,0.0,-1.0));
#2714=VECTOR('',#2713,0.100000000000000);
#2715=LINE('',#2712,#2714);
#2716=EDGE_CURVE('',#2704,#2694,#2715,.T.);
#2717=ORIENTED_EDGE('',*,*,#2716,.T.);
#2718=EDGE_LOOP('',(#2701,#2702,#2711,#2717));
#2719=FACE_OUTER_BOUND('',#2718,.T.);
#2720=ADVANCED_FACE('',(#2719),#2692,.F.);
#2721=CARTESIAN_POINT('',(5.899497071932361,9.667041659168836,0.750000000000000));
#2722=CARTESIAN_POINT('',(5.798200473988564,9.667041659168836,0.750000000000000));
#2723=CARTESIAN_POINT('',(5.646660763464643,9.713232907831205,0.750000000000000));
#2724=CARTESIAN_POINT('',(5.598038396451621,9.752941174225175,0.750000000000000));
#2725=CARTESIAN_POINT('',(5.899497071932361,9.667041659168836,0.650000000000000));
#2726=CARTESIAN_POINT('',(5.798200473988564,9.667041659168836,0.650000000000000));
#2727=CARTESIAN_POINT('',(5.646660763464643,9.713232907831205,0.650000000000000));
#2728=CARTESIAN_POINT('',(5.598038396451621,9.752941174225175,0.650000000000000));
#2729=B_SPLINE_SURFACE_WITH_KNOTS('',2,1,((#2721,#2725),(#2722,#2726),(#2723,#2727),(#2724,#2728)),.UNSPECIFIED.,.F.,.F.,.U.,(3,1,3),(2,2),(0.0,1.0,2.0),(0.0,0.010000000000000),.UNSPECIFIED.);
#2730=CARTESIAN_POINT('',(5.899497071932362,9.667041659168836,0.650000000000000));
#2731=VERTEX_POINT('',#2730);
#2732=CARTESIAN_POINT('',(5.598038396451621,9.752941174225175,0.650000000000000));
#2733=CARTESIAN_POINT('',(5.646660763464643,9.713232907831205,0.650000000000000));
#2734=CARTESIAN_POINT('',(5.798200473988564,9.667041659168836,0.650000000000000));
#2735=CARTESIAN_POINT('',(5.899497071932361,9.667041659168836,0.650000000000000));
#2736=QUASI_UNIFORM_CURVE('',2,(#2732,#2733,#2734,#2735),.UNSPECIFIED.,.F.,.U.);
#2737=EDGE_CURVE('',#2694,#2731,#2736,.T.);
#2738=ORIENTED_EDGE('',*,*,#2737,.F.);
#2739=ORIENTED_EDGE('',*,*,#2716,.F.);
#2740=CARTESIAN_POINT('',(5.899497071932362,9.667041659168836,0.750000000000000));
#2741=VERTEX_POINT('',#2740);
#2742=CARTESIAN_POINT('',(5.899497071932361,9.667041659168836,0.750000000000000));
#2743=CARTESIAN_POINT('',(5.798200473988564,9.667041659168836,0.750000000000000));
#2744=CARTESIAN_POINT('',(5.646660763464643,9.713232907831205,0.750000000000000));
#2745=CARTESIAN_POINT('',(5.598038396451621,9.752941174225175,0.750000000000000));
#2746=QUASI_UNIFORM_CURVE('',2,(#2742,#2743,#2744,#2745),.UNSPECIFIED.,.F.,.U.);
#2747=EDGE_CURVE('',#2741,#2704,#2746,.T.);
#2748=ORIENTED_EDGE('',*,*,#2747,.F.);
#2749=CARTESIAN_POINT('',(5.899497071932362,9.667041659168836,0.750000000000000));
#2750=DIRECTION('',(0.0,0.0,-1.0));
#2751=VECTOR('',#2750,0.100000000000000);
#2752=LINE('',#2749,#2751);
#2753=EDGE_CURVE('',#2741,#2731,#2752,.T.);
#2754=ORIENTED_EDGE('',*,*,#2753,.T.);
#2755=EDGE_LOOP('',(#2738,#2739,#2748,#2754));
#2756=FACE_OUTER_BOUND('',#2755,.T.);
#2757=ADVANCED_FACE('',(#2756),#2729,.F.);
#2758=CARTESIAN_POINT('',(6.192041646794046,9.752941174225175,0.750000000000000));
#2759=CARTESIAN_POINT('',(6.140988161430371,9.712422535047656,0.750000000000000));
#2760=CARTESIAN_POINT('',(5.994310687607753,9.667041659168836,0.750000000000000));
#2761=CARTESIAN_POINT('',(5.899497071932361,9.667041659168836,0.750000000000000));
#2762=CARTESIAN_POINT('',(6.192041646794046,9.752941174225175,0.650000000000000));
#2763=CARTESIAN_POINT('',(6.140988161430371,9.712422535047656,0.650000000000000));
#2764=CARTESIAN_POINT('',(5.994310687607753,9.667041659168836,0.650000000000000));
#2765=CARTESIAN_POINT('',(5.899497071932361,9.667041659168836,0.650000000000000));
#2766=B_SPLINE_SURFACE_WITH_KNOTS('',2,1,((#2758,#2762),(#2759,#2763),(#2760,#2764),(#2761,#2765)),.UNSPECIFIED.,.F.,.F.,.U.,(3,1,3),(2,2),(0.0,1.0,2.0),(0.0,0.010000000000000),.UNSPECIFIED.);
#2767=CARTESIAN_POINT('',(6.192041646794046,9.752941174225175,0.650000000000000));
#2768=VERTEX_POINT('',#2767);
#2769=CARTESIAN_POINT('',(5.899497071932361,9.667041659168836,0.650000000000000));
#2770=CARTESIAN_POINT('',(5.994310687607753,9.667041659168836,0.650000000000000));
#2771=CARTESIAN_POINT('',(6.140988161430371,9.712422535047656,0.650000000000000));
#2772=CARTESIAN_POINT('',(6.192041646794046,9.752941174225175,0.650000000000000));
#2773=QUASI_UNIFORM_CURVE('',2,(#2769,#2770,#2771,#2772),.UNSPECIFIED.,.F.,.U.);
#2774=EDGE_CURVE('',#2731,#2768,#2773,.T.);
#2775=ORIENTED_EDGE('',*,*,#2774,.F.);
#2776=ORIENTED_EDGE('',*,*,#2753,.F.);
#2777=CARTESIAN_POINT('',(6.192041646794046,9.752941174225175,0.750000000000000));
#2778=VERTEX_POINT('',#2777);
#2779=CARTESIAN_POINT('',(6.192041646794046,9.752941174225175,0.750000000000000));
#2780=CARTESIAN_POINT('',(6.140988161430371,9.712422535047656,0.750000000000000));
#2781=CARTESIAN_POINT('',(5.994310687607753,9.667041659168836,0.750000000000000));
#2782=CARTESIAN_POINT('',(5.899497071932361,9.667041659168836,0.750000000000000));
#2783=QUASI_UNIFORM_CURVE('',2,(#2779,#2780,#2781,#2782),.UNSPECIFIED.,.F.,.U.);
#2784=EDGE_CURVE('',#2778,#2741,#2783,.T.);
#2785=ORIENTED_EDGE('',*,*,#2784,.F.);
#2786=CARTESIAN_POINT('',(6.192041646794046,9.752941174225175,0.750000000000000));
#2787=DIRECTION('',(0.0,0.0,-1.0));
#2788=VECTOR('',#2787,0.100000000000000);
#2789=LINE('',#2786,#2788);
#2790=EDGE_CURVE('',#2778,#2768,#2789,.T.);
#2791=ORIENTED_EDGE('',*,*,#2790,.T.);
#2792=EDGE_LOOP('',(#2775,#2776,#2785,#2791));
#2793=FACE_OUTER_BOUND('',#2792,.T.);
#2794=ADVANCED_FACE('',(#2793),#2766,.F.);
#2795=CARTESIAN_POINT('',(6.296579735872044,9.968500334649574,0.750000000000000));
#2796=CARTESIAN_POINT('',(6.296579735872044,9.904480884749095,0.750000000000000));
#2797=CARTESIAN_POINT('',(6.243095132157719,9.793459813402695,0.750000000000000));
#2798=CARTESIAN_POINT('',(6.192041646794046,9.752941174225175,0.750000000000000));
#2799=CARTESIAN_POINT('',(6.296579735872044,9.968500334649574,0.650000000000000));
#2800=CARTESIAN_POINT('',(6.296579735872044,9.904480884749095,0.650000000000000));
#2801=CARTESIAN_POINT('',(6.243095132157719,9.793459813402695,0.650000000000000));
#2802=CARTESIAN_POINT('',(6.192041646794046,9.752941174225175,0.650000000000000));
#2803=B_SPLINE_SURFACE_WITH_KNOTS('',2,1,((#2795,#2799),(#2796,#2800),(#2797,#2801),(#2798,#2802)),.UNSPECIFIED.,.F.,.F.,.U.,(3,1,3),(2,2),(0.0,1.0,2.0),(0.0,0.010000000000000),.UNSPECIFIED.);
#2804=CARTESIAN_POINT('',(6.192041646794046,9.752941174225175,0.650000000000000));
#2805=CARTESIAN_POINT('',(6.243095132157719,9.793459813402695,0.650000000000000));
#2806=CARTESIAN_POINT('',(6.296579735872044,9.904480884749095,0.650000000000000));
#2807=CARTESIAN_POINT('',(6.296579735872044,9.968500334649574,0.650000000000000));
#2808=QUASI_UNIFORM_CURVE('',2,(#2804,#2805,#2806,#2807),.UNSPECIFIED.,.F.,.U.);
#2809=EDGE_CURVE('',#2768,#2327,#2808,.T.);
#2810=ORIENTED_EDGE('',*,*,#2809,.F.);
#2811=ORIENTED_EDGE('',*,*,#2790,.F.);
#2812=CARTESIAN_POINT('',(6.296579735872044,9.968500334649574,0.750000000000000));
#2813=CARTESIAN_POINT('',(6.296579735872044,9.904480884749095,0.750000000000000));
#2814=CARTESIAN_POINT('',(6.243095132157719,9.793459813402695,0.750000000000000));
#2815=CARTESIAN_POINT('',(6.192041646794046,9.752941174225175,0.750000000000000));
#2816=QUASI_UNIFORM_CURVE('',2,(#2812,#2813,#2814,#2815),.UNSPECIFIED.,.F.,.U.);
#2817=EDGE_CURVE('',#2338,#2778,#2816,.T.);
#2818=ORIENTED_EDGE('',*,*,#2817,.F.);
#2819=ORIENTED_EDGE('',*,*,#2343,.T.);
#2820=EDGE_LOOP('',(#2810,#2811,#2818,#2819));
#2821=FACE_OUTER_BOUND('',#2820,.T.);
#2822=ADVANCED_FACE('',(#2821),#2803,.F.);
#2823=CARTESIAN_POINT('',(5.901283715621907,10.188351394623162,0.650000000000000));
#2824=DIRECTION('',(0.0,0.0,1.0));
#2825=DIRECTION('',(1.0,0.0,0.0));
#2826=AXIS2_PLACEMENT_3D('',#2823,#2824,#2825);
#2827=PLANE('',#2826);
#2828=ORIENTED_EDGE('',*,*,#2335,.T.);
#2829=ORIENTED_EDGE('',*,*,#2374,.T.);
#2830=ORIENTED_EDGE('',*,*,#2410,.T.);
#2831=ORIENTED_EDGE('',*,*,#2447,.T.);
#2832=ORIENTED_EDGE('',*,*,#2484,.T.);
#2833=ORIENTED_EDGE('',*,*,#2521,.T.);
#2834=ORIENTED_EDGE('',*,*,#2558,.T.);
#2835=ORIENTED_EDGE('',*,*,#2595,.T.);
#2836=ORIENTED_EDGE('',*,*,#2627,.T.);
#2837=ORIENTED_EDGE('',*,*,#2663,.T.);
#2838=ORIENTED_EDGE('',*,*,#2700,.T.);
#2839=ORIENTED_EDGE('',*,*,#2737,.T.);
#2840=ORIENTED_EDGE('',*,*,#2774,.T.);
#2841=ORIENTED_EDGE('',*,*,#2809,.T.);
#2842=EDGE_LOOP('',(#2828,#2829,#2830,#2831,#2832,#2833,#2834,#2835,#2836,#2837,#2838,#2839,#2840,#2841));
#2843=FACE_OUTER_BOUND('',#2842,.T.);
#2844=ORIENTED_EDGE('',*,*,#1928,.F.);
#2845=ORIENTED_EDGE('',*,*,#2081,.F.);
#2846=ORIENTED_EDGE('',*,*,#2046,.F.);
#2847=ORIENTED_EDGE('',*,*,#2009,.F.);
#2848=ORIENTED_EDGE('',*,*,#1972,.F.);
#2849=EDGE_LOOP('',(#2844,#2845,#2846,#2847,#2848));
#2850=FACE_BOUND('',#2849,.T.);
#2851=ORIENTED_EDGE('',*,*,#2113,.F.);
#2852=ORIENTED_EDGE('',*,*,#2303,.F.);
#2853=ORIENTED_EDGE('',*,*,#2268,.F.);
#2854=ORIENTED_EDGE('',*,*,#2231,.F.);
#2855=ORIENTED_EDGE('',*,*,#2194,.F.);
#2856=ORIENTED_EDGE('',*,*,#2157,.F.);
#2857=EDGE_LOOP('',(#2851,#2852,#2853,#2854,#2855,#2856));
#2858=FACE_BOUND('',#2857,.T.);
#2859=ADVANCED_FACE('',(#2843,#2850,#2858),#2827,.T.);
#2860=CARTESIAN_POINT('',(5.339529478499053,10.735112987888229,0.750000000000000));
#2861=DIRECTION('',(0.0,1.0,0.0));
#2862=DIRECTION('',(0.0,0.0,1.0));
#2863=AXIS2_PLACEMENT_3D('',#2860,#2861,#2862);
#2864=PLANE('',#2863);
#2865=CARTESIAN_POINT('',(5.339529478499053,10.735112987888229,0.650000000000000));
#2866=VERTEX_POINT('',#2865);
#2867=CARTESIAN_POINT('',(5.145850383230513,10.735112987888229,0.650000000000000));
#2868=VERTEX_POINT('',#2867);
#2869=CARTESIAN_POINT('',(5.339529478499053,10.735112987888229,0.650000000000000));
#2870=DIRECTION('',(-1.0,0.0,0.0));
#2871=VECTOR('',#2870,0.193679095268540);
#2872=LINE('',#2869,#2871);
#2873=EDGE_CURVE('',#2866,#2868,#2872,.T.);
#2874=ORIENTED_EDGE('',*,*,#2873,.F.);
#2875=CARTESIAN_POINT('',(5.339529478499053,10.735112987888229,0.750000000000000));
#2876=VERTEX_POINT('',#2875);
#2877=CARTESIAN_POINT('',(5.339529478499053,10.735112987888229,0.750000000000000));
#2878=DIRECTION('',(0.0,0.0,-1.0));
#2879=VECTOR('',#2878,0.100000000000000);
#2880=LINE('',#2877,#2879);
#2881=EDGE_CURVE('',#2876,#2866,#2880,.T.);
#2882=ORIENTED_EDGE('',*,*,#2881,.F.);
#2883=CARTESIAN_POINT('',(5.145850383230513,10.735112987888229,0.750000000000000));
#2884=VERTEX_POINT('',#2883);
#2885=CARTESIAN_POINT('',(5.145850383230512,10.735112987888229,0.750000000000000));
#2886=DIRECTION('',(1.0,0.0,0.0));
#2887=VECTOR('',#2886,0.193679095268540);
#2888=LINE('',#2885,#2887);
#2889=EDGE_CURVE('',#2884,#2876,#2888,.T.);
#2890=ORIENTED_EDGE('',*,*,#2889,.F.);
#2891=CARTESIAN_POINT('',(5.145850383230513,10.735112987888229,0.750000000000000));
#2892=DIRECTION('',(0.0,0.0,-1.0));
#2893=VECTOR('',#2892,0.100000000000000);
#2894=LINE('',#2891,#2893);
#2895=EDGE_CURVE('',#2884,#2868,#2894,.T.);
#2896=ORIENTED_EDGE('',*,*,#2895,.T.);
#2897=EDGE_LOOP('',(#2874,#2882,#2890,#2896));
#2898=FACE_OUTER_BOUND('',#2897,.T.);
#2899=ADVANCED_FACE('',(#2898),#2864,.F.);
#2900=CARTESIAN_POINT('',(5.145850383230513,10.735112987888229,0.750000000000000));
#2901=DIRECTION('',(-0.953878492307212,0.300192974457632,0.0));
#2902=DIRECTION('',(0.0,0.0,1.0));
#2903=AXIS2_PLACEMENT_3D('',#2900,#2901,#2902);
#2904=PLANE('',#2903);
#2905=CARTESIAN_POINT('',(4.748767719290830,9.473362563900295,0.650000000000000));
#2906=VERTEX_POINT('',#2905);
#2907=CARTESIAN_POINT('',(5.145850383230513,10.735112987888229,0.650000000000000));
#2908=DIRECTION('',(-0.300192974457632,-0.953878492307212,0.0));
#2909=VECTOR('',#2908,1.322758018095209);
#2910=LINE('',#2907,#2909);
#2911=EDGE_CURVE('',#2868,#2906,#2910,.T.);
#2912=ORIENTED_EDGE('',*,*,#2911,.F.);
#2913=ORIENTED_EDGE('',*,*,#2895,.F.);
#2914=CARTESIAN_POINT('',(4.748767719290830,9.473362563900295,0.750000000000000));
#2915=VERTEX_POINT('',#2914);
#2916=CARTESIAN_POINT('',(4.748767719290829,9.473362563900297,0.750000000000000));
#2917=DIRECTION('',(0.300192974457633,0.953878492307211,0.0));
#2918=VECTOR('',#2917,1.322758018095208);
#2919=LINE('',#2916,#2918);
#2920=EDGE_CURVE('',#2915,#2884,#2919,.T.);
#2921=ORIENTED_EDGE('',*,*,#2920,.F.);
#2922=CARTESIAN_POINT('',(4.748767719290830,9.473362563900295,0.750000000000000));
#2923=DIRECTION('',(0.0,0.0,-1.0));
#2924=VECTOR('',#2923,0.100000000000000);
#2925=LINE('',#2922,#2924);
#2926=EDGE_CURVE('',#2915,#2906,#2925,.T.);
#2927=ORIENTED_EDGE('',*,*,#2926,.T.);
#2928=EDGE_LOOP('',(#2912,#2913,#2921,#2927));
#2929=FACE_OUTER_BOUND('',#2928,.T.);
#2930=ADVANCED_FACE('',(#2929),#2904,.F.);
#2931=CARTESIAN_POINT('',(4.748767719290830,9.473362563900295,0.750000000000000));
#2932=DIRECTION('',(0.0,-1.0,0.0));
#2933=DIRECTION('',(0.0,0.0,-1.0));
#2934=AXIS2_PLACEMENT_3D('',#2931,#2932,#2933);
#2935=PLANE('',#2934);
#2936=CARTESIAN_POINT('',(4.941636441775819,9.473362563900295,0.650000000000000));
#2937=VERTEX_POINT('',#2936);
#2938=CARTESIAN_POINT('',(4.748767719290830,9.473362563900295,0.650000000000000));
#2939=DIRECTION('',(1.0,0.0,0.0));
#2940=VECTOR('',#2939,0.192868722484989);
#2941=LINE('',#2938,#2940);
#2942=EDGE_CURVE('',#2906,#2937,#2941,.T.);
#2943=ORIENTED_EDGE('',*,*,#2942,.F.);
#2944=ORIENTED_EDGE('',*,*,#2926,.F.);
#2945=CARTESIAN_POINT('',(4.941636441775819,9.473362563900295,0.750000000000000));
#2946=VERTEX_POINT('',#2945);
#2947=CARTESIAN_POINT('',(4.941636441775819,9.473362563900295,0.750000000000000));
#2948=DIRECTION('',(-1.0,0.0,0.0));
#2949=VECTOR('',#2948,0.192868722484989);
#2950=LINE('',#2947,#2949);
#2951=EDGE_CURVE('',#2946,#2915,#2950,.T.);
#2952=ORIENTED_EDGE('',*,*,#2951,.F.);
#2953=CARTESIAN_POINT('',(4.941636441775819,9.473362563900295,0.750000000000000));
#2954=DIRECTION('',(0.0,0.0,-1.0));
#2955=VECTOR('',#2954,0.100000000000000);
#2956=LINE('',#2953,#2955);
#2957=EDGE_CURVE('',#2946,#2937,#2956,.T.);
#2958=ORIENTED_EDGE('',*,*,#2957,.T.);
#2959=EDGE_LOOP('',(#2943,#2944,#2952,#2958));
#2960=FACE_OUTER_BOUND('',#2959,.T.);
#2961=ADVANCED_FACE('',(#2960),#2935,.F.);
#2962=CARTESIAN_POINT('',(4.941636441775819,9.473362563900295,0.750000000000000));
#2963=DIRECTION('',(0.953702934136148,-0.300750250906133,0.0));
#2964=DIRECTION('',(0.0,0.0,-1.0));
#2965=AXIS2_PLACEMENT_3D('',#2962,#2963,#2964);
#2966=PLANE('',#2965);
#2967=CARTESIAN_POINT('',(4.941636441775819,9.473362563900295,0.650000000000000));
#2968=DIRECTION('',(0.300750250906133,0.953702934136148,0.0));
#2969=VECTOR('',#2968,1.323001512133137);
#2970=LINE('',#2967,#2969);
#2971=EDGE_CURVE('',#2937,#2866,#2970,.T.);
#2972=ORIENTED_EDGE('',*,*,#2971,.F.);
#2973=ORIENTED_EDGE('',*,*,#2957,.F.);
#2974=CARTESIAN_POINT('',(5.339529478499053,10.735112987888229,0.750000000000000));
#2975=DIRECTION('',(-0.300750250906133,-0.953702934136148,0.0));
#2976=VECTOR('',#2975,1.323001512133137);
#2977=LINE('',#2974,#2976);
#2978=EDGE_CURVE('',#2876,#2946,#2977,.T.);
#2979=ORIENTED_EDGE('',*,*,#2978,.F.);
#2980=ORIENTED_EDGE('',*,*,#2881,.T.);
#2981=EDGE_LOOP('',(#2972,#2973,#2979,#2980));
#2982=FACE_OUTER_BOUND('',#2981,.T.);
#2983=ADVANCED_FACE('',(#2982),#2966,.F.);
#2984=CARTESIAN_POINT('',(5.044006879208536,10.104406374932207,0.650000000000000));
#2985=DIRECTION('',(0.0,0.0,1.0));
#2986=DIRECTION('',(1.0,0.0,0.0));
#2987=AXIS2_PLACEMENT_3D('',#2984,#2985,#2986);
#2988=PLANE('',#2987);
#2989=ORIENTED_EDGE('',*,*,#2873,.T.);
#2990=ORIENTED_EDGE('',*,*,#2911,.T.);
#2991=ORIENTED_EDGE('',*,*,#2942,.T.);
#2992=ORIENTED_EDGE('',*,*,#2971,.T.);
#2993=EDGE_LOOP('',(#2989,#2990,#2991,#2992));
#2994=FACE_OUTER_BOUND('',#2993,.T.);
#2995=ADVANCED_FACE('',(#2994),#2988,.T.);
#2996=CARTESIAN_POINT('',(4.640387778706018,10.521335165198401,0.750000000000000));
#2997=DIRECTION('',(1.0,0.0,0.0));
#2998=DIRECTION('',(0.0,0.0,-1.0));
#2999=AXIS2_PLACEMENT_3D('',#2996,#2997,#2998);
#3000=PLANE('',#2999);
#3001=CARTESIAN_POINT('',(4.640387778706018,10.521335165198401,0.650000000000000));
#3002=VERTEX_POINT('',#3001);
#3003=CARTESIAN_POINT('',(4.640387778706018,10.690542484792957,0.650000000000000));
#3004=VERTEX_POINT('',#3003);
#3005=CARTESIAN_POINT('',(4.640387778706018,10.521335165198401,0.650000000000000));
#3006=DIRECTION('',(0.0,1.0,0.0));
#3007=VECTOR('',#3006,0.169207319594555);
#3008=LINE('',#3005,#3007);
#3009=EDGE_CURVE('',#3002,#3004,#3008,.T.);
#3010=ORIENTED_EDGE('',*,*,#3009,.F.);
#3011=CARTESIAN_POINT('',(4.640387778706018,10.521335165198401,0.750000000000000));
#3012=VERTEX_POINT('',#3011);
#3013=CARTESIAN_POINT('',(4.640387778706018,10.521335165198401,0.750000000000000));
#3014=DIRECTION('',(0.0,0.0,-1.0));
#3015=VECTOR('',#3014,0.100000000000000);
#3016=LINE('',#3013,#3015);
#3017=EDGE_CURVE('',#3012,#3002,#3016,.T.);
#3018=ORIENTED_EDGE('',*,*,#3017,.F.);
#3019=CARTESIAN_POINT('',(4.640387778706018,10.690542484792957,0.750000000000000));
#3020=VERTEX_POINT('',#3019);
#3021=CARTESIAN_POINT('',(4.640387778706017,10.690542484792957,0.750000000000000));
#3022=DIRECTION('',(0.0,-1.0,0.0));
#3023=VECTOR('',#3022,0.169207319594555);
#3024=LINE('',#3021,#3023);
#3025=EDGE_CURVE('',#3020,#3012,#3024,.T.);
#3026=ORIENTED_EDGE('',*,*,#3025,.F.);
#3027=CARTESIAN_POINT('',(4.640387778706018,10.690542484792957,0.750000000000000));
#3028=DIRECTION('',(0.0,0.0,-1.0));
#3029=VECTOR('',#3028,0.100000000000000);
#3030=LINE('',#3027,#3029);
#3031=EDGE_CURVE('',#3020,#3004,#3030,.T.);
#3032=ORIENTED_EDGE('',*,*,#3031,.T.);
#3033=EDGE_LOOP('',(#3010,#3018,#3026,#3032));
#3034=FACE_OUTER_BOUND('',#3033,.T.);
#3035=ADVANCED_FACE('',(#3034),#3000,.F.);
#3036=CARTESIAN_POINT('',(4.640387778706018,10.690542484792957,0.750000000000000));
#3037=DIRECTION('',(0.0,1.0,0.0));
#3038=DIRECTION('',(0.0,0.0,1.0));
#3039=AXIS2_PLACEMENT_3D('',#3036,#3037,#3038);
#3040=PLANE('',#3039);
#3041=CARTESIAN_POINT('',(3.846942644931544,10.690542484792957,0.650000000000000));
#3042=VERTEX_POINT('',#3041);
#3043=CARTESIAN_POINT('',(4.640387778706018,10.690542484792957,0.650000000000000));
#3044=DIRECTION('',(-1.0,0.0,0.0));
#3045=VECTOR('',#3044,0.793445133774473);
#3046=LINE('',#3043,#3045);
#3047=EDGE_CURVE('',#3004,#3042,#3046,.T.);
#3048=ORIENTED_EDGE('',*,*,#3047,.F.);
#3049=ORIENTED_EDGE('',*,*,#3031,.F.);
#3050=CARTESIAN_POINT('',(3.846942644931544,10.690542484792957,0.750000000000000));
#3051=VERTEX_POINT('',#3050);
#3052=CARTESIAN_POINT('',(3.846942644931544,10.690542484792957,0.750000000000000));
#3053=DIRECTION('',(1.0,0.0,0.0));
#3054=VECTOR('',#3053,0.793445133774473);
#3055=LINE('',#3052,#3054);
#3056=EDGE_CURVE('',#3051,#3020,#3055,.T.);
#3057=ORIENTED_EDGE('',*,*,#3056,.F.);
#3058=CARTESIAN_POINT('',(3.846942644931544,10.690542484792957,0.750000000000000));
#3059=DIRECTION('',(0.0,0.0,-1.0));
#3060=VECTOR('',#3059,0.100000000000000);
#3061=LINE('',#3058,#3060);
#3062=EDGE_CURVE('',#3051,#3042,#3061,.T.);
#3063=ORIENTED_EDGE('',*,*,#3062,.T.);
#3064=EDGE_LOOP('',(#3048,#3049,#3057,#3063));
#3065=FACE_OUTER_BOUND('',#3064,.T.);
#3066=ADVANCED_FACE('',(#3065),#3040,.F.);
#3067=CARTESIAN_POINT('',(3.846942644931544,10.690542484792957,0.750000000000000));
#3068=DIRECTION('',(-1.0,0.0,0.0));
#3069=DIRECTION('',(0.0,0.0,1.0));
#3070=AXIS2_PLACEMENT_3D('',#3067,#3068,#3069);
#3071=PLANE('',#3070);
#3072=CARTESIAN_POINT('',(3.846942644931544,10.521335165198401,0.650000000000000));
#3073=VERTEX_POINT('',#3072);
#3074=CARTESIAN_POINT('',(3.846942644931544,10.690542484792957,0.650000000000000));
#3075=DIRECTION('',(0.0,-1.0,0.0));
#3076=VECTOR('',#3075,0.169207319594555);
#3077=LINE('',#3074,#3076);
#3078=EDGE_CURVE('',#3042,#3073,#3077,.T.);
#3079=ORIENTED_EDGE('',*,*,#3078,.F.);
#3080=ORIENTED_EDGE('',*,*,#3062,.F.);
#3081=CARTESIAN_POINT('',(3.846942644931544,10.521335165198401,0.750000000000000));
#3082=VERTEX_POINT('',#3081);
#3083=CARTESIAN_POINT('',(3.846942644931544,10.521335165198401,0.750000000000000));
#3084=DIRECTION('',(0.0,1.0,0.0));
#3085=VECTOR('',#3084,0.169207319594555);
#3086=LINE('',#3083,#3085);
#3087=EDGE_CURVE('',#3082,#3051,#3086,.T.);
#3088=ORIENTED_EDGE('',*,*,#3087,.F.);
#3089=CARTESIAN_POINT('',(3.846942644931544,10.521335165198401,0.750000000000000));
#3090=DIRECTION('',(0.0,0.0,-1.0));
#3091=VECTOR('',#3090,0.100000000000000);
#3092=LINE('',#3089,#3091);
#3093=EDGE_CURVE('',#3082,#3073,#3092,.T.);
#3094=ORIENTED_EDGE('',*,*,#3093,.T.);
#3095=EDGE_LOOP('',(#3079,#3080,#3088,#3094));
#3096=FACE_OUTER_BOUND('',#3095,.T.);
#3097=ADVANCED_FACE('',(#3096),#3071,.F.);
#3098=CARTESIAN_POINT('',(3.846942644931544,10.521335165198401,0.750000000000000));
#3099=DIRECTION('',(0.0,-1.0,0.0));
#3100=DIRECTION('',(0.0,0.0,-1.0));
#3101=AXIS2_PLACEMENT_3D('',#3098,#3099,#3100);
#3102=PLANE('',#3101);
#3103=CARTESIAN_POINT('',(4.142674356655363,10.521335165198401,0.650000000000000));
#3104=VERTEX_POINT('',#3103);
#3105=CARTESIAN_POINT('',(3.846942644931545,10.521335165198401,0.650000000000000));
#3106=DIRECTION('',(1.0,0.0,0.0));
#3107=VECTOR('',#3106,0.295731711723819);
#3108=LINE('',#3105,#3107);
#3109=EDGE_CURVE('',#3073,#3104,#3108,.T.);
#3110=ORIENTED_EDGE('',*,*,#3109,.F.);
#3111=ORIENTED_EDGE('',*,*,#3093,.F.);
#3112=CARTESIAN_POINT('',(4.142674356655363,10.521335165198401,0.750000000000000));
#3113=VERTEX_POINT('',#3112);
#3114=CARTESIAN_POINT('',(4.142674356655363,10.521335165198401,0.750000000000000));
#3115=DIRECTION('',(-1.0,0.0,0.0));
#3116=VECTOR('',#3115,0.295731711723819);
#3117=LINE('',#3114,#3116);
#3118=EDGE_CURVE('',#3113,#3082,#3117,.T.);
#3119=ORIENTED_EDGE('',*,*,#3118,.F.);
#3120=CARTESIAN_POINT('',(4.142674356655363,10.521335165198401,0.750000000000000));
#3121=DIRECTION('',(0.0,0.0,-1.0));
#3122=VECTOR('',#3121,0.100000000000000);
#3123=LINE('',#3120,#3122);
#3124=EDGE_CURVE('',#3113,#3104,#3123,.T.);
#3125=ORIENTED_EDGE('',*,*,#3124,.T.);
#3126=EDGE_LOOP('',(#3110,#3111,#3119,#3125));
#3127=FACE_OUTER_BOUND('',#3126,.T.);
#3128=ADVANCED_FACE('',(#3127),#3102,.F.);
#3129=CARTESIAN_POINT('',(4.142674356655363,10.521335165198401,0.750000000000000));
#3130=DIRECTION('',(-1.0,0.0,0.0));
#3131=DIRECTION('',(0.0,0.0,1.0));
#3132=AXIS2_PLACEMENT_3D('',#3129,#3130,#3131);
#3133=PLANE('',#3132);
#3134=CARTESIAN_POINT('',(4.142674356655363,9.712646128757751,0.650000000000000));
#3135=VERTEX_POINT('',#3134);
#3136=CARTESIAN_POINT('',(4.142674356655363,10.521335165198401,0.650000000000000));
#3137=DIRECTION('',(0.0,-1.0,0.0));
#3138=VECTOR('',#3137,0.808689036440651);
#3139=LINE('',#3136,#3138);
#3140=EDGE_CURVE('',#3104,#3135,#3139,.T.);
#3141=ORIENTED_EDGE('',*,*,#3140,.F.);
#3142=ORIENTED_EDGE('',*,*,#3124,.F.);
#3143=CARTESIAN_POINT('',(4.142674356655363,9.712646128757751,0.750000000000000));
#3144=VERTEX_POINT('',#3143);
#3145=CARTESIAN_POINT('',(4.142674356655363,9.712646128757751,0.750000000000000));
#3146=DIRECTION('',(0.0,1.0,0.0));
#3147=VECTOR('',#3146,0.808689036440651);
#3148=LINE('',#3145,#3147);
#3149=EDGE_CURVE('',#3144,#3113,#3148,.T.);
#3150=ORIENTED_EDGE('',*,*,#3149,.F.);
#3151=CARTESIAN_POINT('',(4.142674356655363,9.712646128757751,0.750000000000000));
#3152=DIRECTION('',(0.0,0.0,-1.0));
#3153=VECTOR('',#3152,0.100000000000000);
#3154=LINE('',#3151,#3153);
#3155=EDGE_CURVE('',#3144,#3135,#3154,.T.);
#3156=ORIENTED_EDGE('',*,*,#3155,.T.);
#3157=EDGE_LOOP('',(#3141,#3142,#3150,#3156));
#3158=FACE_OUTER_BOUND('',#3157,.T.);
#3159=ADVANCED_FACE('',(#3158),#3133,.F.);
#3160=CARTESIAN_POINT('',(4.171637771721098,9.493896125498122,0.750000000000000));
#3161=CARTESIAN_POINT('',(4.142674356655363,9.552585150762901,0.750000000000000));
#3162=CARTESIAN_POINT('',(4.142674356655363,9.712646128757751,0.750000000000000));
#3163=CARTESIAN_POINT('',(4.171637771721098,9.493896125498122,0.650000000000000));
#3164=CARTESIAN_POINT('',(4.142674356655363,9.552585150762901,0.650000000000000));
#3165=CARTESIAN_POINT('',(4.142674356655363,9.712646128757751,0.650000000000000));
#3166=B_SPLINE_SURFACE_WITH_KNOTS('',2,1,((#3160,#3163),(#3161,#3164),(#3162,#3165)),.UNSPECIFIED.,.F.,.F.,.U.,(3,3),(2,2),(0.0,1.0),(0.0,0.010000000000000),.UNSPECIFIED.);
#3167=CARTESIAN_POINT('',(4.171637771721098,9.493896125498122,0.650000000000000));
#3168=VERTEX_POINT('',#3167);
#3169=CARTESIAN_POINT('',(4.142674356655363,9.712646128757751,0.650000000000000));
#3170=CARTESIAN_POINT('',(4.142674356655363,9.552585150762901,0.650000000000000));
#3171=CARTESIAN_POINT('',(4.171637771721098,9.493896125498122,0.650000000000000));
#3172=QUASI_UNIFORM_CURVE('',2,(#3169,#3170,#3171),.UNSPECIFIED.,.F.,.U.);
#3173=EDGE_CURVE('',#3135,#3168,#3172,.T.);
#3174=ORIENTED_EDGE('',*,*,#3173,.F.);
#3175=ORIENTED_EDGE('',*,*,#3155,.F.);
#3176=CARTESIAN_POINT('',(4.171637771721098,9.493896125498122,0.750000000000000));
#3177=VERTEX_POINT('',#3176);
#3178=CARTESIAN_POINT('',(4.171637771721098,9.493896125498122,0.750000000000000));
#3179=CARTESIAN_POINT('',(4.142674356655363,9.552585150762901,0.750000000000000));
#3180=CARTESIAN_POINT('',(4.142674356655363,9.712646128757751,0.750000000000000));
#3181=QUASI_UNIFORM_CURVE('',2,(#3178,#3179,#3180),.UNSPECIFIED.,.F.,.U.);
#3182=EDGE_CURVE('',#3177,#3144,#3181,.T.);
#3183=ORIENTED_EDGE('',*,*,#3182,.F.);
#3184=CARTESIAN_POINT('',(4.171637771721098,9.493896125498122,0.750000000000000));
#3185=DIRECTION('',(0.0,0.0,-1.0));
#3186=VECTOR('',#3185,0.100000000000000);
#3187=LINE('',#3184,#3186);
#3188=EDGE_CURVE('',#3177,#3168,#3187,.T.);
#3189=ORIENTED_EDGE('',*,*,#3188,.T.);
#3190=EDGE_LOOP('',(#3174,#3175,#3183,#3189));
#3191=FACE_OUTER_BOUND('',#3190,.T.);
#3192=ADVANCED_FACE('',(#3191),#3166,.F.);
#3193=CARTESIAN_POINT('',(4.372095091781316,9.396335148434595,0.750000000000000));
#3194=CARTESIAN_POINT('',(4.218131674852936,9.396335148434595,0.750000000000000));
#3195=CARTESIAN_POINT('',(4.171637771721098,9.493896125498122,0.750000000000000));
#3196=CARTESIAN_POINT('',(4.372095091781316,9.396335148434595,0.650000000000000));
#3197=CARTESIAN_POINT('',(4.218131674852936,9.396335148434595,0.650000000000000));
#3198=CARTESIAN_POINT('',(4.171637771721098,9.493896125498122,0.650000000000000));
#3199=B_SPLINE_SURFACE_WITH_KNOTS('',2,1,((#3193,#3196),(#3194,#3197),(#3195,#3198)),.UNSPECIFIED.,.F.,.F.,.U.,(3,3),(2,2),(0.0,1.0),(0.0,0.010000000000000),.UNSPECIFIED.);
#3200=CARTESIAN_POINT('',(4.372095091781316,9.396335148434595,0.650000000000000));
#3201=VERTEX_POINT('',#3200);
#3202=CARTESIAN_POINT('',(4.171637771721098,9.493896125498122,0.650000000000000));
#3203=CARTESIAN_POINT('',(4.218131674852936,9.396335148434595,0.650000000000000));
#3204=CARTESIAN_POINT('',(4.372095091781316,9.396335148434595,0.650000000000000));
#3205=QUASI_UNIFORM_CURVE('',2,(#3202,#3203,#3204),.UNSPECIFIED.,.F.,.U.);
#3206=EDGE_CURVE('',#3168,#3201,#3205,.T.);
#3207=ORIENTED_EDGE('',*,*,#3206,.F.);
#3208=ORIENTED_EDGE('',*,*,#3188,.F.);
#3209=CARTESIAN_POINT('',(4.372095091781316,9.396335148434595,0.750000000000000));
#3210=VERTEX_POINT('',#3209);
#3211=CARTESIAN_POINT('',(4.372095091781316,9.396335148434595,0.750000000000000));
#3212=CARTESIAN_POINT('',(4.218131674852936,9.396335148434595,0.750000000000000));
#3213=CARTESIAN_POINT('',(4.171637771721098,9.493896125498122,0.750000000000000));
#3214=QUASI_UNIFORM_CURVE('',2,(#3211,#3212,#3213),.UNSPECIFIED.,.F.,.U.);
#3215=EDGE_CURVE('',#3210,#3177,#3214,.T.);
#3216=ORIENTED_EDGE('',*,*,#3215,.F.);
#3217=CARTESIAN_POINT('',(4.372095091781316,9.396335148434595,0.750000000000000));
#3218=DIRECTION('',(0.0,0.0,-1.0));
#3219=VECTOR('',#3218,0.100000000000000);
#3220=LINE('',#3217,#3219);
#3221=EDGE_CURVE('',#3210,#3201,#3220,.T.);
#3222=ORIENTED_EDGE('',*,*,#3221,.T.);
#3223=EDGE_LOOP('',(#3207,#3208,#3216,#3222));
#3224=FACE_OUTER_BOUND('',#3223,.T.);
#3225=ADVANCED_FACE('',(#3224),#3199,.F.);
#3226=CARTESIAN_POINT('',(4.504717044977049,9.416914417033933,0.750000000000000));
#3227=CARTESIAN_POINT('',(4.428497531646168,9.396335148434595,0.750000000000000));
#3228=CARTESIAN_POINT('',(4.372095091781316,9.396335148434595,0.750000000000000));
#3229=CARTESIAN_POINT('',(4.504717044977049,9.416914417033933,0.650000000000000));
#3230=CARTESIAN_POINT('',(4.428497531646168,9.396335148434595,0.650000000000000));
#3231=CARTESIAN_POINT('',(4.372095091781316,9.396335148434595,0.650000000000000));
#3232=B_SPLINE_SURFACE_WITH_KNOTS('',2,1,((#3226,#3229),(#3227,#3230),(#3228,#3231)),.UNSPECIFIED.,.F.,.F.,.U.,(3,3),(2,2),(0.0,1.0),(0.0,0.010000000000000),.UNSPECIFIED.);
#3233=CARTESIAN_POINT('',(4.504717044977049,9.416914417033933,0.650000000000000));
#3234=VERTEX_POINT('',#3233);
#3235=CARTESIAN_POINT('',(4.372095091781316,9.396335148434595,0.650000000000000));
#3236=CARTESIAN_POINT('',(4.428497531646168,9.396335148434595,0.650000000000000));
#3237=CARTESIAN_POINT('',(4.504717044977049,9.416914417033933,0.650000000000000));
#3238=QUASI_UNIFORM_CURVE('',2,(#3235,#3236,#3237),.UNSPECIFIED.,.F.,.U.);
#3239=EDGE_CURVE('',#3201,#3234,#3238,.T.);
#3240=ORIENTED_EDGE('',*,*,#3239,.F.);
#3241=ORIENTED_EDGE('',*,*,#3221,.F.);
#3242=CARTESIAN_POINT('',(4.504717044977049,9.416914417033933,0.750000000000000));
#3243=VERTEX_POINT('',#3242);
#3244=CARTESIAN_POINT('',(4.504717044977049,9.416914417033933,0.750000000000000));
#3245=CARTESIAN_POINT('',(4.428497531646168,9.396335148434595,0.750000000000000));
#3246=CARTESIAN_POINT('',(4.372095091781316,9.396335148434595,0.750000000000000));
#3247=QUASI_UNIFORM_CURVE('',2,(#3244,#3245,#3246),.UNSPECIFIED.,.F.,.U.);
#3248=EDGE_CURVE('',#3243,#3210,#3247,.T.);
#3249=ORIENTED_EDGE('',*,*,#3248,.F.);
#3250=CARTESIAN_POINT('',(4.504717044977049,9.416914417033933,0.750000000000000));
#3251=DIRECTION('',(0.0,0.0,-1.0));
#3252=VECTOR('',#3251,0.100000000000000);
#3253=LINE('',#3250,#3252);
#3254=EDGE_CURVE('',#3243,#3234,#3253,.T.);
#3255=ORIENTED_EDGE('',*,*,#3254,.T.);
#3256=EDGE_LOOP('',(#3240,#3241,#3249,#3255));
#3257=FACE_OUTER_BOUND('',#3256,.T.);
#3258=ADVANCED_FACE('',(#3257),#3232,.F.);
#3259=CARTESIAN_POINT('',(4.504717044977049,9.416914417033933,0.750000000000000));
#3260=DIRECTION('',(0.979694594829586,0.200495638011636,0.0));
#3261=DIRECTION('',(0.0,0.0,-1.0));
#3262=AXIS2_PLACEMENT_3D('',#3259,#3260,#3261);
#3263=PLANE('',#3262);
#3264=CARTESIAN_POINT('',(4.471180459111461,9.580786370695329,0.650000000000000));
#3265=VERTEX_POINT('',#3264);
#3266=CARTESIAN_POINT('',(4.504717044977049,9.416914417033933,0.650000000000000));
#3267=DIRECTION('',(-0.200495638011636,0.979694594829586,0.0));
#3268=VECTOR('',#3267,0.167268406426087);
#3269=LINE('',#3266,#3268);
#3270=EDGE_CURVE('',#3234,#3265,#3269,.T.);
#3271=ORIENTED_EDGE('',*,*,#3270,.F.);
#3272=ORIENTED_EDGE('',*,*,#3254,.F.);
#3273=CARTESIAN_POINT('',(4.471180459111461,9.580786370695329,0.750000000000000));
#3274=VERTEX_POINT('',#3273);
#3275=CARTESIAN_POINT('',(4.471180459111461,9.580786370695329,0.750000000000000));
#3276=DIRECTION('',(0.200495638011636,-0.979694594829586,0.0));
#3277=VECTOR('',#3276,0.167268406426087);
#3278=LINE('',#3275,#3277);
#3279=EDGE_CURVE('',#3274,#3243,#3278,.T.);
#3280=ORIENTED_EDGE('',*,*,#3279,.F.);
#3281=CARTESIAN_POINT('',(4.471180459111461,9.580786370695329,0.750000000000000));
#3282=DIRECTION('',(0.0,0.0,-1.0));
#3283=VECTOR('',#3282,0.100000000000000);
#3284=LINE('',#3281,#3283);
#3285=EDGE_CURVE('',#3274,#3265,#3284,.T.);
#3286=ORIENTED_EDGE('',*,*,#3285,.T.);
#3287=EDGE_LOOP('',(#3271,#3272,#3280,#3286));
#3288=FACE_OUTER_BOUND('',#3287,.T.);
#3289=ADVANCED_FACE('',(#3288),#3263,.F.);
#3290=CARTESIAN_POINT('',(4.423924360846315,9.574688809628857,0.750000000000000));
#3291=CARTESIAN_POINT('',(4.440692653779109,9.574688809628857,0.750000000000000));
#3292=CARTESIAN_POINT('',(4.471180459111461,9.580786370695329,0.750000000000000));
#3293=CARTESIAN_POINT('',(4.423924360846315,9.574688809628857,0.650000000000000));
#3294=CARTESIAN_POINT('',(4.440692653779109,9.574688809628857,0.650000000000000));
#3295=CARTESIAN_POINT('',(4.471180459111461,9.580786370695329,0.650000000000000));
#3296=B_SPLINE_SURFACE_WITH_KNOTS('',2,1,((#3290,#3293),(#3291,#3294),(#3292,#3295)),.UNSPECIFIED.,.F.,.F.,.U.,(3,3),(2,2),(0.0,1.0),(0.0,0.010000000000000),.UNSPECIFIED.);
#3297=CARTESIAN_POINT('',(4.423924360846315,9.574688809628857,0.650000000000000));
#3298=VERTEX_POINT('',#3297);
#3299=CARTESIAN_POINT('',(4.471180459111461,9.580786370695329,0.650000000000000));
#3300=CARTESIAN_POINT('',(4.440692653779109,9.574688809628857,0.650000000000000));
#3301=CARTESIAN_POINT('',(4.423924360846315,9.574688809628857,0.650000000000000));
#3302=QUASI_UNIFORM_CURVE('',2,(#3299,#3300,#3301),.UNSPECIFIED.,.F.,.U.);
#3303=EDGE_CURVE('',#3265,#3298,#3302,.T.);
#3304=ORIENTED_EDGE('',*,*,#3303,.F.);
#3305=ORIENTED_EDGE('',*,*,#3285,.F.);
#3306=CARTESIAN_POINT('',(4.423924360846315,9.574688809628857,0.750000000000000));
#3307=VERTEX_POINT('',#3306);
#3308=CARTESIAN_POINT('',(4.423924360846315,9.574688809628857,0.750000000000000));
#3309=CARTESIAN_POINT('',(4.440692653779109,9.574688809628857,0.750000000000000));
#3310=CARTESIAN_POINT('',(4.471180459111461,9.580786370695329,0.750000000000000));
#3311=QUASI_UNIFORM_CURVE('',2,(#3308,#3309,#3310),.UNSPECIFIED.,.F.,.U.);
#3312=EDGE_CURVE('',#3307,#3274,#3311,.T.);
#3313=ORIENTED_EDGE('',*,*,#3312,.F.);
#3314=CARTESIAN_POINT('',(4.423924360846315,9.574688809628857,0.750000000000000));
#3315=DIRECTION('',(0.0,0.0,-1.0));
#3316=VECTOR('',#3315,0.100000000000000);
#3317=LINE('',#3314,#3316);
#3318=EDGE_CURVE('',#3307,#3298,#3317,.T.);
#3319=ORIENTED_EDGE('',*,*,#3318,.T.);
#3320=EDGE_LOOP('',(#3304,#3305,#3313,#3319));
#3321=FACE_OUTER_BOUND('',#3320,.T.);
#3322=ADVANCED_FACE('',(#3321),#3296,.F.);
#3323=CARTESIAN_POINT('',(4.349991432915360,9.623469298160622,0.750000000000000));
#3324=CARTESIAN_POINT('',(4.364473140448228,9.574688809628857,0.750000000000000));
#3325=CARTESIAN_POINT('',(4.423924360846315,9.574688809628857,0.750000000000000));
#3326=CARTESIAN_POINT('',(4.349991432915360,9.623469298160622,0.650000000000000));
#3327=CARTESIAN_POINT('',(4.364473140448228,9.574688809628857,0.650000000000000));
#3328=CARTESIAN_POINT('',(4.423924360846315,9.574688809628857,0.650000000000000));
#3329=B_SPLINE_SURFACE_WITH_KNOTS('',2,1,((#3323,#3326),(#3324,#3327),(#3325,#3328)),.UNSPECIFIED.,.F.,.F.,.U.,(3,3),(2,2),(0.0,1.0),(0.0,0.010000000000000),.UNSPECIFIED.);
#3330=CARTESIAN_POINT('',(4.349991432915360,9.623469298160622,0.650000000000000));
#3331=VERTEX_POINT('',#3330);
#3332=CARTESIAN_POINT('',(4.423924360846315,9.574688809628857,0.650000000000000));
#3333=CARTESIAN_POINT('',(4.364473140448228,9.574688809628857,0.650000000000000));
#3334=CARTESIAN_POINT('',(4.349991432915360,9.623469298160622,0.650000000000000));
#3335=QUASI_UNIFORM_CURVE('',2,(#3332,#3333,#3334),.UNSPECIFIED.,.F.,.U.);
#3336=EDGE_CURVE('',#3298,#3331,#3335,.T.);
#3337=ORIENTED_EDGE('',*,*,#3336,.F.);
#3338=ORIENTED_EDGE('',*,*,#3318,.F.);
#3339=CARTESIAN_POINT('',(4.349991432915360,9.623469298160622,0.750000000000000));
#3340=VERTEX_POINT('',#3339);
#3341=CARTESIAN_POINT('',(4.349991432915360,9.623469298160622,0.750000000000000));
#3342=CARTESIAN_POINT('',(4.364473140448228,9.574688809628857,0.750000000000000));
#3343=CARTESIAN_POINT('',(4.423924360846315,9.574688809628857,0.750000000000000));
#3344=QUASI_UNIFORM_CURVE('',2,(#3341,#3342,#3343),.UNSPECIFIED.,.F.,.U.);
#3345=EDGE_CURVE('',#3340,#3307,#3344,.T.);
#3346=ORIENTED_EDGE('',*,*,#3345,.F.);
#3347=CARTESIAN_POINT('',(4.349991432915360,9.623469298160622,0.750000000000000));
#3348=DIRECTION('',(0.0,0.0,-1.0));
#3349=VECTOR('',#3348,0.100000000000000);
#3350=LINE('',#3347,#3349);
#3351=EDGE_CURVE('',#3340,#3331,#3350,.T.);
#3352=ORIENTED_EDGE('',*,*,#3351,.T.);
#3353=EDGE_LOOP('',(#3337,#3338,#3346,#3352));
#3354=FACE_OUTER_BOUND('',#3353,.T.);
#3355=ADVANCED_FACE('',(#3354),#3329,.F.);
#3356=CARTESIAN_POINT('',(4.344656066982198,9.721792470357457,0.750000000000000));
#3357=CARTESIAN_POINT('',(4.344656066982198,9.642524176493341,0.750000000000000));
#3358=CARTESIAN_POINT('',(4.349991432915360,9.623469298160622,0.750000000000000));
#3359=CARTESIAN_POINT('',(4.344656066982198,9.721792470357457,0.650000000000000));
#3360=CARTESIAN_POINT('',(4.344656066982198,9.642524176493341,0.650000000000000));
#3361=CARTESIAN_POINT('',(4.349991432915360,9.623469298160622,0.650000000000000));
#3362=B_SPLINE_SURFACE_WITH_KNOTS('',2,1,((#3356,#3359),(#3357,#3360),(#3358,#3361)),.UNSPECIFIED.,.F.,.F.,.U.,(3,3),(2,2),(0.0,1.0),(0.0,0.010000000000000),.UNSPECIFIED.);
#3363=CARTESIAN_POINT('',(4.344656066982198,9.721792470357457,0.650000000000000));
#3364=VERTEX_POINT('',#3363);
#3365=CARTESIAN_POINT('',(4.349991432915360,9.623469298160622,0.650000000000000));
#3366=CARTESIAN_POINT('',(4.344656066982198,9.642524176493341,0.650000000000000));
#3367=CARTESIAN_POINT('',(4.344656066982198,9.721792470357457,0.650000000000000));
#3368=QUASI_UNIFORM_CURVE('',2,(#3365,#3366,#3367),.UNSPECIFIED.,.F.,.U.);
#3369=EDGE_CURVE('',#3331,#3364,#3368,.T.);
#3370=ORIENTED_EDGE('',*,*,#3369,.F.);
#3371=ORIENTED_EDGE('',*,*,#3351,.F.);
#3372=CARTESIAN_POINT('',(4.344656066982198,9.721792470357457,0.750000000000000));
#3373=VERTEX_POINT('',#3372);
#3374=CARTESIAN_POINT('',(4.344656066982198,9.721792470357457,0.750000000000000));
#3375=CARTESIAN_POINT('',(4.344656066982198,9.642524176493341,0.750000000000000));
#3376=CARTESIAN_POINT('',(4.349991432915360,9.623469298160622,0.750000000000000));
#3377=QUASI_UNIFORM_CURVE('',2,(#3374,#3375,#3376),.UNSPECIFIED.,.F.,.U.);
#3378=EDGE_CURVE('',#3373,#3340,#3377,.T.);
#3379=ORIENTED_EDGE('',*,*,#3378,.F.);
#3380=CARTESIAN_POINT('',(4.344656066982198,9.721792470357457,0.750000000000000));
#3381=DIRECTION('',(0.0,0.0,-1.0));
#3382=VECTOR('',#3381,0.100000000000000);
#3383=LINE('',#3380,#3382);
#3384=EDGE_CURVE('',#3373,#3364,#3383,.T.);
#3385=ORIENTED_EDGE('',*,*,#3384,.T.);
#3386=EDGE_LOOP('',(#3370,#3371,#3379,#3385));
#3387=FACE_OUTER_BOUND('',#3386,.T.);
#3388=ADVANCED_FACE('',(#3387),#3362,.F.);
#3389=CARTESIAN_POINT('',(4.344656066982198,9.721792470357457,0.750000000000000));
#3390=DIRECTION('',(1.0,0.0,0.0));
#3391=DIRECTION('',(0.0,0.0,-1.0));
#3392=AXIS2_PLACEMENT_3D('',#3389,#3390,#3391);
#3393=PLANE('',#3392);
#3394=CARTESIAN_POINT('',(4.344656066982198,10.521335165198401,0.650000000000000));
#3395=VERTEX_POINT('',#3394);
#3396=CARTESIAN_POINT('',(4.344656066982198,9.721792470357457,0.650000000000000));
#3397=DIRECTION('',(0.0,1.0,0.0));
#3398=VECTOR('',#3397,0.799542694840945);
#3399=LINE('',#3396,#3398);
#3400=EDGE_CURVE('',#3364,#3395,#3399,.T.);
#3401=ORIENTED_EDGE('',*,*,#3400,.F.);
#3402=ORIENTED_EDGE('',*,*,#3384,.F.);
#3403=CARTESIAN_POINT('',(4.344656066982198,10.521335165198401,0.750000000000000));
#3404=VERTEX_POINT('',#3403);
#3405=CARTESIAN_POINT('',(4.344656066982198,10.521335165198401,0.750000000000000));
#3406=DIRECTION('',(0.0,-1.0,0.0));
#3407=VECTOR('',#3406,0.799542694840945);
#3408=LINE('',#3405,#3407);
#3409=EDGE_CURVE('',#3404,#3373,#3408,.T.);
#3410=ORIENTED_EDGE('',*,*,#3409,.F.);
#3411=CARTESIAN_POINT('',(4.344656066982198,10.521335165198401,0.750000000000000));
#3412=DIRECTION('',(0.0,0.0,-1.0));
#3413=VECTOR('',#3412,0.100000000000000);
#3414=LINE('',#3411,#3413);
#3415=EDGE_CURVE('',#3404,#3395,#3414,.T.);
#3416=ORIENTED_EDGE('',*,*,#3415,.T.);
#3417=EDGE_LOOP('',(#3401,#3402,#3410,#3416));
#3418=FACE_OUTER_BOUND('',#3417,.T.);
#3419=ADVANCED_FACE('',(#3418),#3393,.F.);
#3420=CARTESIAN_POINT('',(4.344656066982198,10.521335165198401,0.750000000000000));
#3421=DIRECTION('',(0.0,-1.0,0.0));
#3422=DIRECTION('',(0.0,0.0,-1.0));
#3423=AXIS2_PLACEMENT_3D('',#3420,#3421,#3422);
#3424=PLANE('',#3423);
#3425=CARTESIAN_POINT('',(4.344656066982198,10.521335165198401,0.650000000000000));
#3426=DIRECTION('',(1.0,0.0,0.0));
#3427=VECTOR('',#3426,0.295731711723819);
#3428=LINE('',#3425,#3427);
#3429=EDGE_CURVE('',#3395,#3002,#3428,.T.);
#3430=ORIENTED_EDGE('',*,*,#3429,.F.);
#3431=ORIENTED_EDGE('',*,*,#3415,.F.);
#3432=CARTESIAN_POINT('',(4.640387778706018,10.521335165198401,0.750000000000000));
#3433=DIRECTION('',(-1.0,0.0,0.0));
#3434=VECTOR('',#3433,0.295731711723819);
#3435=LINE('',#3432,#3434);
#3436=EDGE_CURVE('',#3012,#3404,#3435,.T.);
#3437=ORIENTED_EDGE('',*,*,#3436,.F.);
#3438=ORIENTED_EDGE('',*,*,#3017,.T.);
#3439=EDGE_LOOP('',(#3430,#3431,#3437,#3438));
#3440=FACE_OUTER_BOUND('',#3439,.T.);
#3441=ADVANCED_FACE('',(#3440),#3424,.F.);
#3442=CARTESIAN_POINT('',(4.262426942979588,10.177740055074363,0.650000000000000));
#3443=DIRECTION('',(0.0,0.0,1.0));
#3444=DIRECTION('',(1.0,0.0,0.0));
#3445=AXIS2_PLACEMENT_3D('',#3442,#3443,#3444);
#3446=PLANE('',#3445);
#3447=ORIENTED_EDGE('',*,*,#3009,.T.);
#3448=ORIENTED_EDGE('',*,*,#3047,.T.);
#3449=ORIENTED_EDGE('',*,*,#3078,.T.);
#3450=ORIENTED_EDGE('',*,*,#3109,.T.);
#3451=ORIENTED_EDGE('',*,*,#3140,.T.);
#3452=ORIENTED_EDGE('',*,*,#3173,.T.);
#3453=ORIENTED_EDGE('',*,*,#3206,.T.);
#3454=ORIENTED_EDGE('',*,*,#3239,.T.);
#3455=ORIENTED_EDGE('',*,*,#3270,.T.);
#3456=ORIENTED_EDGE('',*,*,#3303,.T.);
#3457=ORIENTED_EDGE('',*,*,#3336,.T.);
#3458=ORIENTED_EDGE('',*,*,#3369,.T.);
#3459=ORIENTED_EDGE('',*,*,#3400,.T.);
#3460=ORIENTED_EDGE('',*,*,#3429,.T.);
#3461=EDGE_LOOP('',(#3447,#3448,#3449,#3450,#3451,#3452,#3453,#3454,#3455,#3456,#3457,#3458,#3459,#3460));
#3462=FACE_OUTER_BOUND('',#3461,.T.);
#3463=ADVANCED_FACE('',(#3462),#3446,.T.);
#3464=CARTESIAN_POINT('',(10.371185865280806,12.339722657251569,0.750000000000000));
#3465=DIRECTION('',(0.0,0.0,1.0));
#3466=DIRECTION('',(1.0,0.0,0.0));
#3467=AXIS2_PLACEMENT_3D('',#3464,#3465,#3466);
#3468=PLANE('',#3467);
#3469=CARTESIAN_POINT('',(16.984062043356598,24.917157287525384,0.750000000000000));
#3470=VERTEX_POINT('',#3469);
#3471=CARTESIAN_POINT('',(14.717157287525378,27.184062043356604,0.750000000000000));
#3472=VERTEX_POINT('',#3471);
#3473=CARTESIAN_POINT('',(16.984062043356598,24.917157287525384,0.750000000000000));
#3474=DIRECTION('',(-0.707106781186548,0.707106781186547,0.0));
#3475=VECTOR('',#3474,3.205887450304578);
#3476=LINE('',#3473,#3475);
#3477=EDGE_CURVE('',#3470,#3472,#3476,.T.);
#3478=ORIENTED_EDGE('',*,*,#3477,.T.);
#3479=CARTESIAN_POINT('',(12.882842712474609,27.184062043356608,0.750000000000000));
#3480=VERTEX_POINT('',#3479);
#3481=CARTESIAN_POINT('',(14.717157287525378,27.184062043356604,0.750000000000000));
#3482=DIRECTION('',(-1.0,0.0,0.0));
#3483=VECTOR('',#3482,1.834314575050769);
#3484=LINE('',#3481,#3483);
#3485=EDGE_CURVE('',#3472,#3480,#3484,.T.);
#3486=ORIENTED_EDGE('',*,*,#3485,.T.);
#3487=CARTESIAN_POINT('',(2.099999999999997,16.401219330881986,0.750000000000000));
#3488=VERTEX_POINT('',#3487);
#3489=CARTESIAN_POINT('',(12.882842712474611,27.184062043356604,0.750000000000000));
#3490=DIRECTION('',(-0.707106781186547,-0.707106781186548,0.0));
#3491=VECTOR('',#3490,15.249242404917494);
#3492=LINE('',#3489,#3491);
#3493=EDGE_CURVE('',#3480,#3488,#3492,.T.);
#3494=ORIENTED_EDGE('',*,*,#3493,.T.);
#3495=CARTESIAN_POINT('',(2.100000000000002,3.094103166670228,0.750000000000000));
#3496=VERTEX_POINT('',#3495);
#3497=CARTESIAN_POINT('',(2.099999999999997,16.401219330881986,0.750000000000000));
#3498=DIRECTION('',(0.0,-1.0,0.0));
#3499=VECTOR('',#3498,13.307116164211759);
#3500=LINE('',#3497,#3499);
#3501=EDGE_CURVE('',#3488,#3496,#3500,.T.);
#3502=ORIENTED_EDGE('',*,*,#3501,.T.);
#3503=CARTESIAN_POINT('',(1.755177652834692,2.507564046962254,0.750000000000000));
#3504=VERTEX_POINT('',#3503);
#3505=CARTESIAN_POINT('',(2.100000000000001,3.094103166670228,0.750000000000000));
#3506=DIRECTION('',(-0.506801000941430,-0.862063075096460,0.0));
#3507=VECTOR('',#3506,0.680390027890180);
#3508=LINE('',#3505,#3507);
#3509=EDGE_CURVE('',#3496,#3504,#3508,.T.);
#3510=ORIENTED_EDGE('',*,*,#3509,.T.);
#3511=CARTESIAN_POINT('',(2.507564046962255,1.755177652834691,0.750000000000000));
#3512=VERTEX_POINT('',#3511);
#3513=CARTESIAN_POINT('',(1.755177652834691,2.507564046962253,0.750000000000000));
#3514=DIRECTION('',(0.707106781186548,-0.707106781186547,0.0));
#3515=VECTOR('',#3514,1.064035042720189);
#3516=LINE('',#3513,#3515);
#3517=EDGE_CURVE('',#3504,#3512,#3516,.T.);
#3518=ORIENTED_EDGE('',*,*,#3517,.T.);
#3519=CARTESIAN_POINT('',(3.094103166670215,2.099999999999991,0.750000000000000));
#3520=VERTEX_POINT('',#3519);
#3521=CARTESIAN_POINT('',(2.507564046962256,1.755177652834691,0.750000000000000));
#3522=DIRECTION('',(0.862063075096460,0.506801000941429,0.0));
#3523=VECTOR('',#3522,0.680390027890161);
#3524=LINE('',#3521,#3523);
#3525=EDGE_CURVE('',#3512,#3520,#3524,.T.);
#3526=ORIENTED_EDGE('',*,*,#3525,.T.);
#3527=CARTESIAN_POINT('',(16.905896833329766,2.100000000000000,0.750000000000000));
#3528=VERTEX_POINT('',#3527);
#3529=CARTESIAN_POINT('',(3.094103166670214,2.100000000000001,0.750000000000000));
#3530=DIRECTION('',(1.0,0.0,0.0));
#3531=VECTOR('',#3530,13.811793666659556);
#3532=LINE('',#3529,#3531);
#3533=EDGE_CURVE('',#3520,#3528,#3532,.T.);
#3534=ORIENTED_EDGE('',*,*,#3533,.T.);
#3535=CARTESIAN_POINT('',(17.492435953037742,1.755177652834690,0.750000000000000));
#3536=VERTEX_POINT('',#3535);
#3537=CARTESIAN_POINT('',(16.905896833329766,2.100000000000000,0.750000000000000));
#3538=DIRECTION('',(0.862063075096461,-0.506801000941429,0.0));
#3539=VECTOR('',#3538,0.680390027890180);
#3540=LINE('',#3537,#3539);
#3541=EDGE_CURVE('',#3528,#3536,#3540,.T.);
#3542=ORIENTED_EDGE('',*,*,#3541,.T.);
#3543=CARTESIAN_POINT('',(18.244822347165307,2.507564046962256,0.750000000000000));
#3544=VERTEX_POINT('',#3543);
#3545=CARTESIAN_POINT('',(17.492435953037742,1.755177652834690,0.750000000000000));
#3546=DIRECTION('',(0.707106781186547,0.707106781186548,0.0));
#3547=VECTOR('',#3546,1.064035042720193);
#3548=LINE('',#3545,#3547);
#3549=EDGE_CURVE('',#3536,#3544,#3548,.T.);
#3550=ORIENTED_EDGE('',*,*,#3549,.T.);
#3551=CARTESIAN_POINT('',(17.900000000000006,3.094103166670215,0.750000000000000));
#3552=VERTEX_POINT('',#3551);
#3553=CARTESIAN_POINT('',(18.244822347165307,2.507564046962257,0.750000000000000));
#3554=DIRECTION('',(-0.506801000941427,0.862063075096462,0.0));
#3555=VECTOR('',#3554,0.680390027890159);
#3556=LINE('',#3553,#3555);
#3557=EDGE_CURVE('',#3544,#3552,#3556,.T.);
#3558=ORIENTED_EDGE('',*,*,#3557,.T.);
#3559=CARTESIAN_POINT('',(17.899999999999999,6.905896833329770,0.750000000000000));
#3560=VERTEX_POINT('',#3559);
#3561=CARTESIAN_POINT('',(17.899999999999995,3.094103166670214,0.750000000000000));
#3562=DIRECTION('',(0.0,1.0,0.0));
#3563=VECTOR('',#3562,3.811793666659556);
#3564=LINE('',#3561,#3563);
#3565=EDGE_CURVE('',#3552,#3560,#3564,.T.);
#3566=ORIENTED_EDGE('',*,*,#3565,.T.);
#3567=CARTESIAN_POINT('',(18.244822347165307,7.492435953037742,0.750000000000000));
#3568=VERTEX_POINT('',#3567);
#3569=CARTESIAN_POINT('',(17.899999999999999,6.905896833329769,0.750000000000000));
#3570=DIRECTION('',(0.506801000941434,0.862063075096458,0.0));
#3571=VECTOR('',#3570,0.680390027890178);
#3572=LINE('',#3569,#3571);
#3573=EDGE_CURVE('',#3560,#3568,#3572,.T.);
#3574=ORIENTED_EDGE('',*,*,#3573,.T.);
#3575=CARTESIAN_POINT('',(17.492435953037745,8.244822347165306,0.750000000000000));
#3576=VERTEX_POINT('',#3575);
#3577=CARTESIAN_POINT('',(18.244822347165311,7.492435953037742,0.750000000000000));
#3578=DIRECTION('',(-0.707106781186549,0.707106781186546,0.0));
#3579=VECTOR('',#3578,1.064035042720190);
#3580=LINE('',#3577,#3579);
#3581=EDGE_CURVE('',#3568,#3576,#3580,.T.);
#3582=ORIENTED_EDGE('',*,*,#3581,.T.);
#3583=CARTESIAN_POINT('',(16.905896833329784,7.900000000000008,0.750000000000000));
#3584=VERTEX_POINT('',#3583);
#3585=CARTESIAN_POINT('',(17.492435953037745,8.244822347165307,0.750000000000000));
#3586=DIRECTION('',(-0.862063075096460,-0.506801000941430,0.0));
#3587=VECTOR('',#3586,0.680390027890160);
#3588=LINE('',#3585,#3587);
#3589=EDGE_CURVE('',#3576,#3584,#3588,.T.);
#3590=ORIENTED_EDGE('',*,*,#3589,.T.);
#3591=CARTESIAN_POINT('',(10.413368230010532,7.900000000000015,0.750000000000000));
#3592=VERTEX_POINT('',#3591);
#3593=CARTESIAN_POINT('',(16.905896833329784,7.900000000000002,0.750000000000000));
#3594=DIRECTION('',(-1.0,0.0,0.0));
#3595=VECTOR('',#3594,6.492528603319254);
#3596=LINE('',#3593,#3595);
#3597=EDGE_CURVE('',#3584,#3592,#3596,.T.);
#3598=ORIENTED_EDGE('',*,*,#3597,.T.);
#3599=CARTESIAN_POINT('',(9.999154667637438,8.900000000000008,0.750000000000000));
#3600=VERTEX_POINT('',#3599);
#3601=CARTESIAN_POINT('',(10.413368230010532,7.900000000000015,0.750000000000000));
#3602=DIRECTION('',(-0.382683432365091,0.923879532511286,0.0));
#3603=VECTOR('',#3602,1.082392200292387);
#3604=LINE('',#3601,#3603);
#3605=EDGE_CURVE('',#3592,#3600,#3604,.T.);
#3606=ORIENTED_EDGE('',*,*,#3605,.T.);
#3607=CARTESIAN_POINT('',(8.916762467345045,8.900000000000008,0.750000000000000));
#3608=VERTEX_POINT('',#3607);
#3609=CARTESIAN_POINT('',(9.999154667637438,8.900000000000008,0.750000000000000));
#3610=DIRECTION('',(-1.0,0.0,0.0));
#3611=VECTOR('',#3610,1.082392200292393);
#3612=LINE('',#3609,#3611);
#3613=EDGE_CURVE('',#3600,#3608,#3612,.T.);
#3614=ORIENTED_EDGE('',*,*,#3613,.T.);
#3615=CARTESIAN_POINT('',(7.539774915686952,12.224342022431882,0.750000000000000));
#3616=VERTEX_POINT('',#3615);
#3617=CARTESIAN_POINT('',(8.916762467345045,8.900000000000009,0.750000000000000));
#3618=DIRECTION('',(-0.382683432365091,0.923879532511286,0.0));
#3619=VECTOR('',#3618,3.598241876184504);
#3620=LINE('',#3617,#3619);
#3621=EDGE_CURVE('',#3608,#3616,#3620,.T.);
#3622=ORIENTED_EDGE('',*,*,#3621,.T.);
#3623=CARTESIAN_POINT('',(8.305141780417131,12.989708887162061,0.750000000000000));
#3624=VERTEX_POINT('',#3623);
#3625=CARTESIAN_POINT('',(7.539774915686953,12.224342022431884,0.750000000000000));
#3626=DIRECTION('',(0.707106781186547,0.707106781186548,0.0));
#3627=VECTOR('',#3626,1.082392200292393);
#3628=LINE('',#3625,#3627);
#3629=EDGE_CURVE('',#3616,#3624,#3628,.T.);
#3630=ORIENTED_EDGE('',*,*,#3629,.T.);
#3631=CARTESIAN_POINT('',(7.890928218044035,13.989708887162060,0.750000000000000));
#3632=VERTEX_POINT('',#3631);
#3633=CARTESIAN_POINT('',(8.305141780417133,12.989708887162061,0.750000000000000));
#3634=DIRECTION('',(-0.382683432365092,0.923879532511286,0.0));
#3635=VECTOR('',#3634,1.082392200292393);
#3636=LINE('',#3633,#3635);
#3637=EDGE_CURVE('',#3624,#3632,#3636,.T.);
#3638=ORIENTED_EDGE('',*,*,#3637,.T.);
#3639=CARTESIAN_POINT('',(16.984062043356598,23.082842712474623,0.750000000000000));
#3640=VERTEX_POINT('',#3639);
#3641=CARTESIAN_POINT('',(7.890928218044033,13.989708887162058,0.750000000000000));
#3642=DIRECTION('',(0.707106781186548,0.707106781186548,0.0));
#3643=VECTOR('',#3642,12.859633180230571);
#3644=LINE('',#3641,#3643);
#3645=EDGE_CURVE('',#3632,#3640,#3644,.T.);
#3646=ORIENTED_EDGE('',*,*,#3645,.T.);
#3647=CARTESIAN_POINT('',(16.984062043356598,23.082842712474623,0.750000000000000));
#3648=DIRECTION('',(0.0,1.0,0.0));
#3649=VECTOR('',#3648,1.834314575050762);
#3650=LINE('',#3647,#3649);
#3651=EDGE_CURVE('',#3640,#3470,#3650,.T.);
#3652=ORIENTED_EDGE('',*,*,#3651,.T.);
#3653=EDGE_LOOP('',(#3478,#3486,#3494,#3502,#3510,#3518,#3526,#3534,#3542,#3550,#3558,#3566,#3574,#3582,#3590,#3598,#3606,#3614,#3622,#3630,#3638,#3646,#3652));
#3654=FACE_OUTER_BOUND('',#3653,.T.);
#3655=ORIENTED_EDGE('',*,*,#2352,.T.);
#3656=ORIENTED_EDGE('',*,*,#2817,.T.);
#3657=ORIENTED_EDGE('',*,*,#2784,.T.);
#3658=ORIENTED_EDGE('',*,*,#2747,.T.);
#3659=ORIENTED_EDGE('',*,*,#2710,.T.);
#3660=ORIENTED_EDGE('',*,*,#2673,.T.);
#3661=ORIENTED_EDGE('',*,*,#2636,.T.);
#3662=ORIENTED_EDGE('',*,*,#2605,.T.);
#3663=ORIENTED_EDGE('',*,*,#2568,.T.);
#3664=ORIENTED_EDGE('',*,*,#2531,.T.);
#3665=ORIENTED_EDGE('',*,*,#2494,.T.);
#3666=ORIENTED_EDGE('',*,*,#2457,.T.);
#3667=ORIENTED_EDGE('',*,*,#2420,.T.);
#3668=ORIENTED_EDGE('',*,*,#2383,.T.);
#3669=EDGE_LOOP('',(#3655,#3656,#3657,#3658,#3659,#3660,#3661,#3662,#3663,#3664,#3665,#3666,#3667,#3668));
#3670=FACE_BOUND('',#3669,.T.);
#3671=ORIENTED_EDGE('',*,*,#2889,.T.);
#3672=ORIENTED_EDGE('',*,*,#2978,.T.);
#3673=ORIENTED_EDGE('',*,*,#2951,.T.);
#3674=ORIENTED_EDGE('',*,*,#2920,.T.);
#3675=EDGE_LOOP('',(#3671,#3672,#3673,#3674));
#3676=FACE_BOUND('',#3675,.T.);
#3677=ORIENTED_EDGE('',*,*,#3025,.T.);
#3678=ORIENTED_EDGE('',*,*,#3436,.T.);
#3679=ORIENTED_EDGE('',*,*,#3409,.T.);
#3680=ORIENTED_EDGE('',*,*,#3378,.T.);
#3681=ORIENTED_EDGE('',*,*,#3345,.T.);
#3682=ORIENTED_EDGE('',*,*,#3312,.T.);
#3683=ORIENTED_EDGE('',*,*,#3279,.T.);
#3684=ORIENTED_EDGE('',*,*,#3248,.T.);
#3685=ORIENTED_EDGE('',*,*,#3215,.T.);
#3686=ORIENTED_EDGE('',*,*,#3182,.T.);
#3687=ORIENTED_EDGE('',*,*,#3149,.T.);
#3688=ORIENTED_EDGE('',*,*,#3118,.T.);
#3689=ORIENTED_EDGE('',*,*,#3087,.T.);
#3690=ORIENTED_EDGE('',*,*,#3056,.T.);
#3691=EDGE_LOOP('',(#3677,#3678,#3679,#3680,#3681,#3682,#3683,#3684,#3685,#3686,#3687,#3688,#3689,#3690));
#3692=FACE_BOUND('',#3691,.T.);
#3693=CARTESIAN_POINT('',(8.158571571457150,17.0,0.750000000000000));
#3694=VERTEX_POINT('',#3693);
#3695=CARTESIAN_POINT('',(6.658571571457150,17.0,0.750000000000000));
#3696=DIRECTION('',(0.0,0.0,-1.0));
#3697=DIRECTION('',(-1.0,0.0,0.0));
#3698=AXIS2_PLACEMENT_3D('',#3695,#3696,#3697);
#3699=CIRCLE('',#3698,1.500000000000000);
#3700=EDGE_CURVE('',#3694,#3694,#3699,.T.);
#3701=ORIENTED_EDGE('',*,*,#3700,.T.);
#3702=EDGE_LOOP('',(#3701));
#3703=FACE_BOUND('',#3702,.T.);
#3704=CARTESIAN_POINT('',(15.299999999999997,24.000000000000004,0.750000000000000));
#3705=VERTEX_POINT('',#3704);
#3706=CARTESIAN_POINT('',(13.799999999999999,24.000000000000004,0.750000000000000));
#3707=DIRECTION('',(0.0,0.0,-1.0));
#3708=DIRECTION('',(-1.0,0.0,0.0));
#3709=AXIS2_PLACEMENT_3D('',#3706,#3707,#3708);
#3710=CIRCLE('',#3709,1.500000000000000);
#3711=EDGE_CURVE('',#3705,#3705,#3710,.T.);
#3712=ORIENTED_EDGE('',*,*,#3711,.T.);
#3713=EDGE_LOOP('',(#3712));
#3714=FACE_BOUND('',#3713,.T.);
#3715=CARTESIAN_POINT('',(16.500000000000000,5.0,0.750000000000000));
#3716=VERTEX_POINT('',#3715);
#3717=CARTESIAN_POINT('',(14.999999999999998,5.0,0.750000000000000));
#3718=DIRECTION('',(0.0,0.0,-1.0));
#3719=DIRECTION('',(-1.0,0.0,0.0));
#3720=AXIS2_PLACEMENT_3D('',#3717,#3718,#3719);
#3721=CIRCLE('',#3720,1.500000000000000);
#3722=EDGE_CURVE('',#3716,#3716,#3721,.T.);
#3723=ORIENTED_EDGE('',*,*,#3722,.T.);
#3724=EDGE_LOOP('',(#3723));
#3725=FACE_BOUND('',#3724,.T.);
#3726=CARTESIAN_POINT('',(6.500000000000000,5.000000000000001,0.750000000000000));
#3727=VERTEX_POINT('',#3726);
#3728=CARTESIAN_POINT('',(5.0,5.000000000000001,0.750000000000000));
#3729=DIRECTION('',(0.0,0.0,-1.0));
#3730=DIRECTION('',(-1.0,0.0,0.0));
#3731=AXIS2_PLACEMENT_3D('',#3728,#3729,#3730);
#3732=CIRCLE('',#3731,1.500000000000000);
#3733=EDGE_CURVE('',#3727,#3727,#3732,.T.);
#3734=ORIENTED_EDGE('',*,*,#3733,.T.);
#3735=EDGE_LOOP('',(#3734));
#3736=FACE_BOUND('',#3735,.T.);
#3737=ADVANCED_FACE('',(#3654,#3670,#3676,#3692,#3703,#3714,#3725,#3736),#3468,.T.);
#3738=CARTESIAN_POINT('',(10.371185865280806,12.339722657251569,0.750000000000000));
#3739=DIRECTION('',(0.0,0.0,1.0));
#3740=DIRECTION('',(1.0,0.0,0.0));
#3741=AXIS2_PLACEMENT_3D('',#3738,#3739,#3740);
#3742=PLANE('',#3741);
#3743=ORIENTED_EDGE('',*,*,#2130,.T.);
#3744=ORIENTED_EDGE('',*,*,#2172,.T.);
#3745=ORIENTED_EDGE('',*,*,#2209,.T.);
#3746=ORIENTED_EDGE('',*,*,#2246,.T.);
#3747=ORIENTED_EDGE('',*,*,#2283,.T.);
#3748=ORIENTED_EDGE('',*,*,#2311,.T.);
#3749=EDGE_LOOP('',(#3743,#3744,#3745,#3746,#3747,#3748));
#3750=FACE_OUTER_BOUND('',#3749,.T.);
#3751=ADVANCED_FACE('',(#3750),#3742,.T.);
#3752=CARTESIAN_POINT('',(13.799999999999995,28.101219330881989,-0.750000000000000));
#3753=CARTESIAN_POINT('',(13.799999999999995,28.101219330881989,-0.740000000000000));
#3754=CARTESIAN_POINT('',(13.082842712474610,27.384062043356604,-0.750000000000000));
#3755=CARTESIAN_POINT('',(13.082842712474610,27.384062043356607,-0.740000000000000));
#3756=B_SPLINE_SURFACE_WITH_KNOTS('',1,1,((#3752,#3754),(#3753,#3755)),.UNSPECIFIED.,.F.,.F.,.U.,(2,2),(2,2),(0.0,0.010000000000000),(0.0,1.014213562373101),.UNSPECIFIED.);
#3757=CARTESIAN_POINT('',(13.082842712474612,27.384062043356607,-0.740000000000000));
#3758=VERTEX_POINT('',#3757);
#3759=CARTESIAN_POINT('',(13.082842712474612,27.384062043356607,-0.750000000000000));
#3760=VERTEX_POINT('',#3759);
#3761=CARTESIAN_POINT('',(13.082842712474614,27.384062043356607,-0.740000000000000));
#3762=DIRECTION('',(0.0,0.0,-1.0));
#3763=VECTOR('',#3762,0.010000000000000);
#3764=LINE('',#3761,#3763);
#3765=EDGE_CURVE('',#3758,#3760,#3764,.T.);
#3766=ORIENTED_EDGE('',*,*,#3765,.F.);
#3767=CARTESIAN_POINT('',(13.799999999999992,28.101219330881989,-0.740000000000000));
#3768=VERTEX_POINT('',#3767);
#3769=CARTESIAN_POINT('',(13.082842712474614,27.384062043356607,-0.740000000000000));
#3770=DIRECTION('',(0.707106781186546,0.707106781186548,0.0));
#3771=VECTOR('',#3770,1.014213562373095);
#3772=LINE('',#3769,#3771);
#3773=EDGE_CURVE('',#3758,#3768,#3772,.T.);
#3774=ORIENTED_EDGE('',*,*,#3773,.T.);
#3775=CARTESIAN_POINT('',(13.799999999999992,28.101219330881989,-0.750000000000000));
#3776=VERTEX_POINT('',#3775);
#3777=CARTESIAN_POINT('',(13.799999999999994,28.101219330881989,-0.750000000000000));
#3778=DIRECTION('',(0.0,0.0,1.0));
#3779=VECTOR('',#3778,0.010000000000000);
#3780=LINE('',#3777,#3779);
#3781=EDGE_CURVE('',#3776,#3768,#3780,.T.);
#3782=ORIENTED_EDGE('',*,*,#3781,.F.);
#3783=CARTESIAN_POINT('',(13.082842712474612,27.384062043356607,-0.750000000000000));
#3784=DIRECTION('',(0.707106781186546,0.707106781186548,0.0));
#3785=VECTOR('',#3784,1.014213562373095);
#3786=LINE('',#3783,#3785);
#3787=EDGE_CURVE('',#3760,#3776,#3786,.T.);
#3788=ORIENTED_EDGE('',*,*,#3787,.F.);
#3789=EDGE_LOOP('',(#3766,#3774,#3782,#3788));
#3790=FACE_OUTER_BOUND('',#3789,.T.);
#3791=ADVANCED_FACE('',(#3790),#3756,.F.);
#3792=CARTESIAN_POINT('',(1.899999999999995,16.201219330881983,-0.750000000000000));
#3793=CARTESIAN_POINT('',(1.899999999999995,16.201219330881983,-0.740000000000000));
#3794=CARTESIAN_POINT('',(1.099999999999990,15.401219330881979,-0.750000000000000));
#3795=CARTESIAN_POINT('',(1.099999999999990,15.401219330881979,-0.740000000000000));
#3796=B_SPLINE_SURFACE_WITH_KNOTS('',1,1,((#3792,#3794),(#3793,#3795)),.UNSPECIFIED.,.F.,.F.,.U.,(2,2),(2,2),(0.0,0.010000000000000),(0.0,1.131370849898482),.UNSPECIFIED.);
#3797=CARTESIAN_POINT('',(1.899999999999993,16.201219330881983,-0.750000000000000));
#3798=VERTEX_POINT('',#3797);
#3799=CARTESIAN_POINT('',(1.899999999999993,16.201219330881983,-0.740000000000000));
#3800=VERTEX_POINT('',#3799);
#3801=CARTESIAN_POINT('',(1.899999999999993,16.201219330881983,-0.750000000000000));
#3802=DIRECTION('',(0.0,0.0,1.0));
#3803=VECTOR('',#3802,0.010000000000000);
#3804=LINE('',#3801,#3803);
#3805=EDGE_CURVE('',#3798,#3800,#3804,.T.);
#3806=ORIENTED_EDGE('',*,*,#3805,.F.);
#3807=CARTESIAN_POINT('',(1.099999999999992,15.401219330881981,-0.750000000000000));
#3808=VERTEX_POINT('',#3807);
#3809=CARTESIAN_POINT('',(1.099999999999993,15.401219330881981,-0.750000000000000));
#3810=DIRECTION('',(0.707106781186547,0.707106781186548,0.0));
#3811=VECTOR('',#3810,1.131370849898478);
#3812=LINE('',#3809,#3811);
#3813=EDGE_CURVE('',#3808,#3798,#3812,.T.);
#3814=ORIENTED_EDGE('',*,*,#3813,.F.);
#3815=CARTESIAN_POINT('',(1.099999999999992,15.401219330881981,-0.740000000000000));
#3816=VERTEX_POINT('',#3815);
#3817=CARTESIAN_POINT('',(1.099999999999992,15.401219330881979,-0.740000000000000));
#3818=DIRECTION('',(0.0,0.0,-1.0));
#3819=VECTOR('',#3818,0.010000000000000);
#3820=LINE('',#3817,#3819);
#3821=EDGE_CURVE('',#3816,#3808,#3820,.T.);
#3822=ORIENTED_EDGE('',*,*,#3821,.F.);
#3823=CARTESIAN_POINT('',(1.099999999999992,15.401219330881981,-0.740000000000000));
#3824=DIRECTION('',(0.707106781186547,0.707106781186548,0.0));
#3825=VECTOR('',#3824,1.131370849898478);
#3826=LINE('',#3823,#3825);
#3827=EDGE_CURVE('',#3816,#3800,#3826,.T.);
#3828=ORIENTED_EDGE('',*,*,#3827,.T.);
#3829=EDGE_LOOP('',(#3806,#3814,#3822,#3828));
#3830=FACE_OUTER_BOUND('',#3829,.T.);
#3831=ADVANCED_FACE('',(#3830),#3796,.F.);
#3832=CARTESIAN_POINT('',(12.882842712474611,27.184062043356604,-0.750000000000000));
#3833=CARTESIAN_POINT('',(12.882842712474611,27.184062043356604,-0.740000000000000));
#3834=CARTESIAN_POINT('',(2.099999999999996,16.401219330881986,-0.750000000000000));
#3835=CARTESIAN_POINT('',(2.099999999999996,16.401219330881986,-0.740000000000000));
#3836=B_SPLINE_SURFACE_WITH_KNOTS('',1,1,((#3832,#3834),(#3833,#3835)),.UNSPECIFIED.,.F.,.F.,.U.,(2,2),(2,2),(0.0,0.010000000000000),(0.0,15.249242404917496),.UNSPECIFIED.);
#3837=CARTESIAN_POINT('',(2.099999999999997,16.401219330881986,-0.740000000000000));
#3838=VERTEX_POINT('',#3837);
#3839=CARTESIAN_POINT('',(2.099999999999997,16.401219330881986,-0.740000000000000));
#3840=DIRECTION('',(0.0,0.0,-1.0));
#3841=VECTOR('',#3840,0.010000000000000);
#3842=LINE('',#3839,#3841);
#3843=EDGE_CURVE('',#3838,#1790,#3842,.T.);
#3844=ORIENTED_EDGE('',*,*,#3843,.F.);
#3845=CARTESIAN_POINT('',(12.882842712474609,27.184062043356604,-0.740000000000000));
#3846=VERTEX_POINT('',#3845);
#3847=CARTESIAN_POINT('',(2.099999999999997,16.401219330881986,-0.740000000000000));
#3848=DIRECTION('',(0.707106781186547,0.707106781186548,0.0));
#3849=VECTOR('',#3848,15.249242404917492);
#3850=LINE('',#3847,#3849);
#3851=EDGE_CURVE('',#3838,#3846,#3850,.T.);
#3852=ORIENTED_EDGE('',*,*,#3851,.T.);
#3853=CARTESIAN_POINT('',(12.882842712474611,27.184062043356604,-0.750000000000000));
#3854=DIRECTION('',(0.0,0.0,1.0));
#3855=VECTOR('',#3854,0.010000000000000);
#3856=LINE('',#3853,#3855);
#3857=EDGE_CURVE('',#1798,#3846,#3856,.T.);
#3858=ORIENTED_EDGE('',*,*,#3857,.F.);
#3859=ORIENTED_EDGE('',*,*,#1803,.F.);
#3860=EDGE_LOOP('',(#3844,#3852,#3858,#3859));
#3861=FACE_OUTER_BOUND('',#3860,.T.);
#3862=ADVANCED_FACE('',(#3861),#3836,.F.);
#3863=CARTESIAN_POINT('',(1.899999999999998,16.484062043356605,-0.740000000000000));
#3864=CARTESIAN_POINT('',(1.899999999999998,16.484062043356605,-0.750000000000000));
#3865=CARTESIAN_POINT('',(0.899999999999992,15.484062043356600,-0.740000000000000));
#3866=CARTESIAN_POINT('',(0.899999999999992,15.484062043356598,-0.750000000000000));
#3867=B_SPLINE_SURFACE_WITH_KNOTS('',1,1,((#3863,#3865),(#3864,#3866)),.UNSPECIFIED.,.F.,.F.,.U.,(2,2),(2,2),(0.0,0.010000000000000),(0.0,1.414213562373103),.UNSPECIFIED.);
#3868=CARTESIAN_POINT('',(1.899999999999993,16.484062043356605,-0.740000000000000));
#3869=VERTEX_POINT('',#3868);
#3870=CARTESIAN_POINT('',(1.899999999999993,16.484062043356605,-0.750000000000000));
#3871=VERTEX_POINT('',#3870);
#3872=CARTESIAN_POINT('',(1.899999999999993,16.484062043356598,-0.740000000000000));
#3873=DIRECTION('',(0.0,0.0,-1.0));
#3874=VECTOR('',#3873,0.010000000000000);
#3875=LINE('',#3872,#3874);
#3876=EDGE_CURVE('',#3869,#3871,#3875,.T.);
#3877=ORIENTED_EDGE('',*,*,#3876,.F.);
#3878=CARTESIAN_POINT('',(0.899999999999992,15.484062043356603,-0.740000000000000));
#3879=VERTEX_POINT('',#3878);
#3880=CARTESIAN_POINT('',(1.899999999999993,16.484062043356605,-0.740000000000000));
#3881=DIRECTION('',(-0.707106781186548,-0.707106781186548,0.0));
#3882=VECTOR('',#3881,1.414213562373100);
#3883=LINE('',#3880,#3882);
#3884=EDGE_CURVE('',#3869,#3879,#3883,.T.);
#3885=ORIENTED_EDGE('',*,*,#3884,.T.);
#3886=CARTESIAN_POINT('',(0.899999999999992,15.484062043356603,-0.750000000000000));
#3887=VERTEX_POINT('',#3886);
#3888=CARTESIAN_POINT('',(0.899999999999992,15.484062043356603,-0.750000000000000));
#3889=DIRECTION('',(0.0,0.0,1.0));
#3890=VECTOR('',#3889,0.010000000000000);
#3891=LINE('',#3888,#3890);
#3892=EDGE_CURVE('',#3887,#3879,#3891,.T.);
#3893=ORIENTED_EDGE('',*,*,#3892,.F.);
#3894=CARTESIAN_POINT('',(1.899999999999997,16.484062043356602,-0.750000000000000));
#3895=DIRECTION('',(-0.707106781186548,-0.707106781186547,0.0));
#3896=VECTOR('',#3895,1.414213562373098);
#3897=LINE('',#3894,#3896);
#3898=EDGE_CURVE('',#3871,#3887,#3897,.T.);
#3899=ORIENTED_EDGE('',*,*,#3898,.F.);
#3900=EDGE_LOOP('',(#3877,#3885,#3893,#3899));
#3901=FACE_OUTER_BOUND('',#3900,.T.);
#3902=ADVANCED_FACE('',(#3901),#3867,.F.);
#3903=CARTESIAN_POINT('',(12.600000000000001,27.184062043356612,-0.740000000000000));
#3904=CARTESIAN_POINT('',(12.600000000000001,27.184062043356612,-0.750000000000000));
#3905=CARTESIAN_POINT('',(2.099999999999996,16.684062043356604,-0.740000000000000));
#3906=CARTESIAN_POINT('',(2.099999999999996,16.684062043356604,-0.750000000000000));
#3907=B_SPLINE_SURFACE_WITH_KNOTS('',1,1,((#3903,#3905),(#3904,#3906)),.UNSPECIFIED.,.F.,.F.,.U.,(2,2),(2,2),(0.0,0.010000000000000),(0.0,14.849242404917508),.UNSPECIFIED.);
#3908=CARTESIAN_POINT('',(2.099999999999997,16.684062043356608,-0.750000000000000));
#3909=VERTEX_POINT('',#3908);
#3910=CARTESIAN_POINT('',(2.099999999999997,16.684062043356608,-0.740000000000000));
#3911=VERTEX_POINT('',#3910);
#3912=CARTESIAN_POINT('',(2.099999999999997,16.684062043356604,-0.750000000000000));
#3913=DIRECTION('',(0.0,0.0,1.0));
#3914=VECTOR('',#3913,0.010000000000000);
#3915=LINE('',#3912,#3914);
#3916=EDGE_CURVE('',#3909,#3911,#3915,.T.);
#3917=ORIENTED_EDGE('',*,*,#3916,.F.);
#3918=CARTESIAN_POINT('',(12.599999999999998,27.184062043356608,-0.750000000000000));
#3919=VERTEX_POINT('',#3918);
#3920=CARTESIAN_POINT('',(12.600000000000000,27.184062043356608,-0.750000000000000));
#3921=DIRECTION('',(-0.707106781186547,-0.707106781186548,0.0));
#3922=VECTOR('',#3921,14.849242404917501);
#3923=LINE('',#3920,#3922);
#3924=EDGE_CURVE('',#3919,#3909,#3923,.T.);
#3925=ORIENTED_EDGE('',*,*,#3924,.F.);
#3926=CARTESIAN_POINT('',(12.599999999999991,27.184062043356608,-0.740000000000000));
#3927=VERTEX_POINT('',#3926);
#3928=CARTESIAN_POINT('',(12.599999999999998,27.184062043356604,-0.740000000000000));
#3929=DIRECTION('',(0.0,0.0,-1.0));
#3930=VECTOR('',#3929,0.010000000000000);
#3931=LINE('',#3928,#3930);
#3932=EDGE_CURVE('',#3927,#3919,#3931,.T.);
#3933=ORIENTED_EDGE('',*,*,#3932,.F.);
#3934=CARTESIAN_POINT('',(12.599999999999991,27.184062043356608,-0.740000000000000));
#3935=DIRECTION('',(-0.707106781186547,-0.707106781186548,0.0));
#3936=VECTOR('',#3935,14.849242404917497);
#3937=LINE('',#3934,#3936);
#3938=EDGE_CURVE('',#3927,#3911,#3937,.T.);
#3939=ORIENTED_EDGE('',*,*,#3938,.T.);
#3940=EDGE_LOOP('',(#3917,#3925,#3933,#3939));
#3941=FACE_OUTER_BOUND('',#3940,.T.);
#3942=ADVANCED_FACE('',(#3941),#3907,.F.);
#3943=CARTESIAN_POINT('',(2.099999999999997,17.815432893255085,-0.750000000000000));
#3944=CARTESIAN_POINT('',(2.099999999999997,17.815432893255085,-0.740000000000000));
#3945=CARTESIAN_POINT('',(2.099999999999997,16.684062043356604,-0.750000000000000));
#3946=CARTESIAN_POINT('',(2.099999999999997,16.684062043356604,-0.740000000000000));
#3947=B_SPLINE_SURFACE_WITH_KNOTS('',1,1,((#3943,#3945),(#3944,#3946)),.UNSPECIFIED.,.F.,.F.,.U.,(2,2),(2,2),(0.0,0.010000000000000),(0.0,1.131370849898481),.UNSPECIFIED.);
#3948=ORIENTED_EDGE('',*,*,#3916,.T.);
#3949=CARTESIAN_POINT('',(2.099999999999997,17.815432893255085,-0.740000000000000));
#3950=VERTEX_POINT('',#3949);
#3951=CARTESIAN_POINT('',(2.100000000000000,16.684062043356604,-0.740000000000000));
#3952=DIRECTION('',(0.0,1.0,0.0));
#3953=VECTOR('',#3952,1.131370849898481);
#3954=LINE('',#3951,#3953);
#3955=EDGE_CURVE('',#3911,#3950,#3954,.T.);
#3956=ORIENTED_EDGE('',*,*,#3955,.T.);
#3957=CARTESIAN_POINT('',(2.099999999999997,17.815432893255085,-0.750000000000000));
#3958=VERTEX_POINT('',#3957);
#3959=CARTESIAN_POINT('',(2.099999999999997,17.815432893255085,-0.750000000000000));
#3960=DIRECTION('',(0.0,0.0,1.0));
#3961=VECTOR('',#3960,0.010000000000000);
#3962=LINE('',#3959,#3961);
#3963=EDGE_CURVE('',#3958,#3950,#3962,.T.);
#3964=ORIENTED_EDGE('',*,*,#3963,.F.);
#3965=CARTESIAN_POINT('',(2.099999999999997,16.684062043356608,-0.750000000000000));
#3966=DIRECTION('',(0.0,1.0,0.0));
#3967=VECTOR('',#3966,1.131370849898477);
#3968=LINE('',#3965,#3967);
#3969=EDGE_CURVE('',#3909,#3958,#3968,.T.);
#3970=ORIENTED_EDGE('',*,*,#3969,.F.);
#3971=EDGE_LOOP('',(#3948,#3956,#3964,#3970));
#3972=FACE_OUTER_BOUND('',#3971,.T.);
#3973=ADVANCED_FACE('',(#3972),#3947,.F.);
#3974=CARTESIAN_POINT('',(1.899999999999992,17.898275605729708,-0.740000000000000));
#3975=CARTESIAN_POINT('',(1.899999999999992,17.898275605729708,-0.750000000000000));
#3976=CARTESIAN_POINT('',(1.899999999999993,16.484062043356598,-0.740000000000000));
#3977=CARTESIAN_POINT('',(1.899999999999993,16.484062043356602,-0.750000000000000));
#3978=B_SPLINE_SURFACE_WITH_KNOTS('',1,1,((#3974,#3976),(#3975,#3977)),.UNSPECIFIED.,.F.,.F.,.U.,(2,2),(2,2),(0.0,0.010000000000000),(0.0,1.414213562373110),.UNSPECIFIED.);
#3979=ORIENTED_EDGE('',*,*,#3876,.T.);
#3980=CARTESIAN_POINT('',(1.899999999999992,17.898275605729708,-0.750000000000000));
#3981=VERTEX_POINT('',#3980);
#3982=CARTESIAN_POINT('',(1.899999999999992,17.898275605729708,-0.750000000000000));
#3983=DIRECTION('',(0.0,-1.0,0.0));
#3984=VECTOR('',#3983,1.414213562373103);
#3985=LINE('',#3982,#3984);
#3986=EDGE_CURVE('',#3981,#3871,#3985,.T.);
#3987=ORIENTED_EDGE('',*,*,#3986,.F.);
#3988=CARTESIAN_POINT('',(1.899999999999992,17.898275605729708,-0.740000000000000));
#3989=VERTEX_POINT('',#3988);
#3990=CARTESIAN_POINT('',(1.899999999999992,17.898275605729708,-0.750000000000000));
#3991=DIRECTION('',(0.0,0.0,1.0));
#3992=VECTOR('',#3991,0.010000000000000);
#3993=LINE('',#3990,#3992);
#3994=EDGE_CURVE('',#3981,#3989,#3993,.T.);
#3995=ORIENTED_EDGE('',*,*,#3994,.T.);
#3996=CARTESIAN_POINT('',(1.899999999999992,17.898275605729708,-0.740000000000000));
#3997=DIRECTION('',(0.0,-1.0,0.0));
#3998=VECTOR('',#3997,1.414213562373110);
#3999=LINE('',#3996,#3998);
#4000=EDGE_CURVE('',#3989,#3869,#3999,.T.);
#4001=ORIENTED_EDGE('',*,*,#4000,.T.);
#4002=EDGE_LOOP('',(#3979,#3987,#3995,#4001));
#4003=FACE_OUTER_BOUND('',#4002,.T.);
#4004=ADVANCED_FACE('',(#4003),#3978,.F.);
#4005=CARTESIAN_POINT('',(0.899999999999992,15.484062043356603,-0.740000000000000));
#4006=CARTESIAN_POINT('',(0.899999999999992,15.484062043356603,-0.750000000000000));
#4007=CARTESIAN_POINT('',(0.899999999999994,3.079898987322327,-0.740000000000000));
#4008=CARTESIAN_POINT('',(0.899999999999994,3.079898987322329,-0.750000000000000));
#4009=B_SPLINE_SURFACE_WITH_KNOTS('',1,1,((#4005,#4007),(#4006,#4008)),.UNSPECIFIED.,.F.,.F.,.U.,(2,2),(2,2),(0.0,0.010000000000000),(0.0,12.404163056034276),.UNSPECIFIED.);
#4010=CARTESIAN_POINT('',(0.900000000000001,3.079898987322327,-0.750000000000000));
#4011=VERTEX_POINT('',#4010);
#4012=CARTESIAN_POINT('',(0.899999999999992,15.484062043356603,-0.750000000000000));
#4013=DIRECTION('',(0.0,-1.0,0.0));
#4014=VECTOR('',#4013,12.404163056034276);
#4015=LINE('',#4012,#4014);
#4016=EDGE_CURVE('',#3887,#4011,#4015,.T.);
#4017=ORIENTED_EDGE('',*,*,#4016,.F.);
#4018=ORIENTED_EDGE('',*,*,#3892,.T.);
#4019=CARTESIAN_POINT('',(0.900000000000001,3.079898987322327,-0.740000000000000));
#4020=VERTEX_POINT('',#4019);
#4021=CARTESIAN_POINT('',(0.899999999999966,15.484062043356605,-0.740000000000000));
#4022=DIRECTION('',(0.0,-1.0,0.0));
#4023=VECTOR('',#4022,12.404163056034278);
#4024=LINE('',#4021,#4023);
#4025=EDGE_CURVE('',#3879,#4020,#4024,.T.);
#4026=ORIENTED_EDGE('',*,*,#4025,.T.);
#4027=CARTESIAN_POINT('',(0.900000000000001,3.079898987322327,-0.750000000000000));
#4028=DIRECTION('',(0.0,0.0,1.0));
#4029=VECTOR('',#4028,0.010000000000000);
#4030=LINE('',#4027,#4029);
#4031=EDGE_CURVE('',#4011,#4020,#4030,.T.);
#4032=ORIENTED_EDGE('',*,*,#4031,.F.);
#4033=EDGE_LOOP('',(#4017,#4018,#4026,#4032));
#4034=FACE_OUTER_BOUND('',#4033,.T.);
#4035=ADVANCED_FACE('',(#4034),#4009,.F.);
#4036=CARTESIAN_POINT('',(12.799999999999997,27.384062043356607,-0.740000000000000));
#4037=CARTESIAN_POINT('',(12.799999999999997,27.384062043356607,-0.750000000000000));
#4038=CARTESIAN_POINT('',(11.385786437626898,27.384062043356607,-0.740000000000000));
#4039=CARTESIAN_POINT('',(11.385786437626898,27.384062043356607,-0.750000000000000));
#4040=B_SPLINE_SURFACE_WITH_KNOTS('',1,1,((#4036,#4038),(#4037,#4039)),.UNSPECIFIED.,.F.,.F.,.U.,(2,2),(2,2),(0.0,0.010000000000000),(0.0,1.414213562373099),.UNSPECIFIED.);
#4041=CARTESIAN_POINT('',(12.799999999999997,27.384062043356607,-0.750000000000000));
#4042=VERTEX_POINT('',#4041);
#4043=CARTESIAN_POINT('',(12.799999999999992,27.384062043356607,-0.740000000000000));
#4044=VERTEX_POINT('',#4043);
#4045=CARTESIAN_POINT('',(12.799999999999997,27.384062043356607,-0.750000000000000));
#4046=DIRECTION('',(0.0,0.0,1.0));
#4047=VECTOR('',#4046,0.010000000000000);
#4048=LINE('',#4045,#4047);
#4049=EDGE_CURVE('',#4042,#4044,#4048,.T.);
#4050=ORIENTED_EDGE('',*,*,#4049,.T.);
#4051=CARTESIAN_POINT('',(11.385786437626898,27.384062043356607,-0.740000000000000));
#4052=VERTEX_POINT('',#4051);
#4053=CARTESIAN_POINT('',(12.799999999999997,27.384062043356607,-0.740000000000000));
#4054=DIRECTION('',(-1.0,0.0,0.0));
#4055=VECTOR('',#4054,1.414213562373101);
#4056=LINE('',#4053,#4055);
#4057=EDGE_CURVE('',#4044,#4052,#4056,.T.);
#4058=ORIENTED_EDGE('',*,*,#4057,.T.);
#4059=CARTESIAN_POINT('',(11.385786437626898,27.384062043356607,-0.750000000000000));
#4060=VERTEX_POINT('',#4059);
#4061=CARTESIAN_POINT('',(11.385786437626898,27.384062043356607,-0.750000000000000));
#4062=DIRECTION('',(0.0,0.0,1.0));
#4063=VECTOR('',#4062,0.010000000000000);
#4064=LINE('',#4061,#4063);
#4065=EDGE_CURVE('',#4060,#4052,#4064,.T.);
#4066=ORIENTED_EDGE('',*,*,#4065,.F.);
#4067=CARTESIAN_POINT('',(12.799999999999999,27.384062043356607,-0.750000000000000));
#4068=DIRECTION('',(-1.0,0.0,0.0));
#4069=VECTOR('',#4068,1.414213562373101);
#4070=LINE('',#4067,#4069);
#4071=EDGE_CURVE('',#4042,#4060,#4070,.T.);
#4072=ORIENTED_EDGE('',*,*,#4071,.F.);
#4073=EDGE_LOOP('',(#4050,#4058,#4066,#4072));
#4074=FACE_OUTER_BOUND('',#4073,.T.);
#4075=ADVANCED_FACE('',(#4074),#4040,.F.);
#4076=CARTESIAN_POINT('',(14.517157287525375,27.384062043356607,-0.740000000000000));
#4077=CARTESIAN_POINT('',(14.517157287525375,27.384062043356607,-0.750000000000000));
#4078=CARTESIAN_POINT('',(13.082842712474612,27.384062043356607,-0.740000000000000));
#4079=CARTESIAN_POINT('',(13.082842712474612,27.384062043356607,-0.750000000000000));
#4080=B_SPLINE_SURFACE_WITH_KNOTS('',1,1,((#4076,#4078),(#4077,#4079)),.UNSPECIFIED.,.F.,.F.,.U.,(2,2),(2,2),(0.0,0.010000000000000),(0.0,1.434314575050763),.UNSPECIFIED.);
#4081=ORIENTED_EDGE('',*,*,#3765,.T.);
#4082=CARTESIAN_POINT('',(14.517157287525373,27.384062043356607,-0.750000000000000));
#4083=VERTEX_POINT('',#4082);
#4084=CARTESIAN_POINT('',(14.517157287525373,27.384062043356607,-0.750000000000000));
#4085=DIRECTION('',(-1.0,0.0,0.0));
#4086=VECTOR('',#4085,1.434314575050761);
#4087=LINE('',#4084,#4086);
#4088=EDGE_CURVE('',#4083,#3760,#4087,.T.);
#4089=ORIENTED_EDGE('',*,*,#4088,.F.);
#4090=CARTESIAN_POINT('',(14.517157287525373,27.384062043356607,-0.740000000000000));
#4091=VERTEX_POINT('',#4090);
#4092=CARTESIAN_POINT('',(14.517157287525375,27.384062043356607,-0.750000000000000));
#4093=DIRECTION('',(0.0,0.0,1.0));
#4094=VECTOR('',#4093,0.010000000000000);
#4095=LINE('',#4092,#4094);
#4096=EDGE_CURVE('',#4083,#4091,#4095,.T.);
#4097=ORIENTED_EDGE('',*,*,#4096,.T.);
#4098=CARTESIAN_POINT('',(14.517157287525372,27.384062043356607,-0.740000000000000));
#4099=DIRECTION('',(-1.0,0.0,0.0));
#4100=VECTOR('',#4099,1.434314575050760);
#4101=LINE('',#4098,#4100);
#4102=EDGE_CURVE('',#4091,#3758,#4101,.T.);
#4103=ORIENTED_EDGE('',*,*,#4102,.T.);
#4104=EDGE_LOOP('',(#4081,#4089,#4097,#4103));
#4105=FACE_OUTER_BOUND('',#4104,.T.);
#4106=ADVANCED_FACE('',(#4105),#4080,.F.);
#4107=CARTESIAN_POINT('',(12.599999999999998,27.184062043356608,-0.750000000000000));
#4108=CARTESIAN_POINT('',(12.599999999999998,27.184062043356608,-0.740000000000000));
#4109=CARTESIAN_POINT('',(11.468629150101519,27.184062043356608,-0.750000000000000));
#4110=CARTESIAN_POINT('',(11.468629150101517,27.184062043356608,-0.740000000000000));
#4111=B_SPLINE_SURFACE_WITH_KNOTS('',1,1,((#4107,#4109),(#4108,#4110)),.UNSPECIFIED.,.F.,.F.,.U.,(2,2),(2,2),(0.0,0.010000000000000),(0.0,1.131370849898479),.UNSPECIFIED.);
#4112=ORIENTED_EDGE('',*,*,#3932,.T.);
#4113=CARTESIAN_POINT('',(11.468629150101519,27.184062043356608,-0.750000000000000));
#4114=VERTEX_POINT('',#4113);
#4115=CARTESIAN_POINT('',(11.468629150101521,27.184062043356608,-0.750000000000000));
#4116=DIRECTION('',(1.0,0.0,0.0));
#4117=VECTOR('',#4116,1.131370849898477);
#4118=LINE('',#4115,#4117);
#4119=EDGE_CURVE('',#4114,#3919,#4118,.T.);
#4120=ORIENTED_EDGE('',*,*,#4119,.F.);
#4121=CARTESIAN_POINT('',(11.468629150101519,27.184062043356608,-0.740000000000000));
#4122=VERTEX_POINT('',#4121);
#4123=CARTESIAN_POINT('',(11.468629150101519,27.184062043356608,-0.750000000000000));
#4124=DIRECTION('',(0.0,0.0,1.0));
#4125=VECTOR('',#4124,0.010000000000000);
#4126=LINE('',#4123,#4125);
#4127=EDGE_CURVE('',#4114,#4122,#4126,.T.);
#4128=ORIENTED_EDGE('',*,*,#4127,.T.);
#4129=CARTESIAN_POINT('',(11.468629150101521,27.184062043356608,-0.740000000000000));
#4130=DIRECTION('',(1.0,0.0,0.0));
#4131=VECTOR('',#4130,1.131370849898477);
#4132=LINE('',#4129,#4131);
#4133=EDGE_CURVE('',#4122,#3927,#4132,.T.);
#4134=ORIENTED_EDGE('',*,*,#4133,.T.);
#4135=EDGE_LOOP('',(#4112,#4120,#4128,#4134));
#4136=FACE_OUTER_BOUND('',#4135,.T.);
#4137=ADVANCED_FACE('',(#4136),#4111,.F.);
#4138=CARTESIAN_POINT('',(16.984062043356598,23.082842712474623,-0.740000000000000));
#4139=CARTESIAN_POINT('',(16.984062043356598,23.082842712474623,-0.750000000000000));
#4140=CARTESIAN_POINT('',(7.890928218044033,13.989708887162058,-0.740000000000000));
#4141=CARTESIAN_POINT('',(7.890928218044035,13.989708887162060,-0.750000000000000));
#4142=B_SPLINE_SURFACE_WITH_KNOTS('',1,1,((#4138,#4140),(#4139,#4141)),.UNSPECIFIED.,.F.,.F.,.U.,(2,2),(2,2),(0.0,0.010000000000000),(0.0,12.859633180230571),.UNSPECIFIED.);
#4143=CARTESIAN_POINT('',(16.984062043356598,23.082842712474623,-0.740000000000000));
#4144=VERTEX_POINT('',#4143);
#4145=CARTESIAN_POINT('',(16.984062043356598,23.082842712474623,-0.740000000000000));
#4146=DIRECTION('',(0.0,0.0,-1.0));
#4147=VECTOR('',#4146,0.010000000000000);
#4148=LINE('',#4145,#4147);
#4149=EDGE_CURVE('',#4144,#1638,#4148,.T.);
#4150=ORIENTED_EDGE('',*,*,#4149,.F.);
#4151=CARTESIAN_POINT('',(7.890928218044035,13.989708887162060,-0.740000000000000));
#4152=VERTEX_POINT('',#4151);
#4153=CARTESIAN_POINT('',(16.984062043356598,23.082842712474623,-0.740000000000000));
#4154=DIRECTION('',(-0.707106781186548,-0.707106781186548,0.0));
#4155=VECTOR('',#4154,12.859633180230571);
#4156=LINE('',#4153,#4155);
#4157=EDGE_CURVE('',#4144,#4152,#4156,.T.);
#4158=ORIENTED_EDGE('',*,*,#4157,.T.);
#4159=CARTESIAN_POINT('',(7.890928218044035,13.989708887162060,-0.750000000000000));
#4160=DIRECTION('',(0.0,0.0,1.0));
#4161=VECTOR('',#4160,0.010000000000000);
#4162=LINE('',#4159,#4161);
#4163=EDGE_CURVE('',#1646,#4152,#4162,.T.);
#4164=ORIENTED_EDGE('',*,*,#4163,.F.);
#4165=ORIENTED_EDGE('',*,*,#1651,.F.);
#4166=EDGE_LOOP('',(#4150,#4158,#4164,#4165));
#4167=FACE_OUTER_BOUND('',#4166,.T.);
#4168=ADVANCED_FACE('',(#4167),#4142,.F.);
#4169=CARTESIAN_POINT('',(18.184062043356583,23.999999999999989,-0.750000000000000));
#4170=CARTESIAN_POINT('',(18.184062043356583,23.999999999999989,-0.740000000000000));
#4171=CARTESIAN_POINT('',(17.184062043356569,22.999999999999975,-0.750000000000000));
#4172=CARTESIAN_POINT('',(17.184062043356569,22.999999999999975,-0.740000000000000));
#4173=B_SPLINE_SURFACE_WITH_KNOTS('',1,1,((#4169,#4171),(#4170,#4172)),.UNSPECIFIED.,.F.,.F.,.U.,(2,2),(2,2),(0.0,0.010000000000000),(0.0,1.414213562373115),.UNSPECIFIED.);
#4174=CARTESIAN_POINT('',(17.184062043356601,23.000000000000007,-0.740000000000000));
#4175=VERTEX_POINT('',#4174);
#4176=CARTESIAN_POINT('',(17.184062043356601,23.000000000000004,-0.750000000000000));
#4177=VERTEX_POINT('',#4176);
#4178=CARTESIAN_POINT('',(17.184062043356601,23.000000000000007,-0.740000000000000));
#4179=DIRECTION('',(0.0,0.0,-1.0));
#4180=VECTOR('',#4179,0.010000000000000);
#4181=LINE('',#4178,#4180);
#4182=EDGE_CURVE('',#4175,#4177,#4181,.T.);
#4183=ORIENTED_EDGE('',*,*,#4182,.F.);
#4184=CARTESIAN_POINT('',(18.184062043356576,23.999999999999993,-0.740000000000000));
#4185=VERTEX_POINT('',#4184);
#4186=CARTESIAN_POINT('',(17.184062043356658,22.999999999999950,-0.740000000000000));
#4187=DIRECTION('',(0.707106781186502,0.707106781186593,0.0));
#4188=VECTOR('',#4187,1.414213562373070);
#4189=LINE('',#4186,#4188);
#4190=EDGE_CURVE('',#4175,#4185,#4189,.T.);
#4191=ORIENTED_EDGE('',*,*,#4190,.T.);
#4192=CARTESIAN_POINT('',(18.184062043356576,23.999999999999993,-0.750000000000000));
#4193=VERTEX_POINT('',#4192);
#4194=CARTESIAN_POINT('',(18.184062043356576,23.999999999999993,-0.750000000000000));
#4195=DIRECTION('',(0.0,0.0,1.0));
#4196=VECTOR('',#4195,0.010000000000000);
#4197=LINE('',#4194,#4196);
#4198=EDGE_CURVE('',#4193,#4185,#4197,.T.);
#4199=ORIENTED_EDGE('',*,*,#4198,.F.);
#4200=CARTESIAN_POINT('',(17.184062043356597,23.000000000000007,-0.750000000000000));
#4201=DIRECTION('',(0.707106781186549,0.707106781186546,0.0));
#4202=VECTOR('',#4201,1.414213562373067);
#4203=LINE('',#4200,#4202);
#4204=EDGE_CURVE('',#4177,#4193,#4203,.T.);
#4205=ORIENTED_EDGE('',*,*,#4204,.F.);
#4206=EDGE_LOOP('',(#4183,#4191,#4199,#4205));
#4207=FACE_OUTER_BOUND('',#4206,.T.);
#4208=ADVANCED_FACE('',(#4207),#4173,.F.);
#4209=CARTESIAN_POINT('',(17.901219330881979,24.000000000000004,-0.740000000000000));
#4210=CARTESIAN_POINT('',(17.901219330881979,24.000000000000004,-0.750000000000000));
#4211=CARTESIAN_POINT('',(17.184062043356597,23.282842712474622,-0.740000000000000));
#4212=CARTESIAN_POINT('',(17.184062043356597,23.282842712474622,-0.750000000000000));
#4213=B_SPLINE_SURFACE_WITH_KNOTS('',1,1,((#4209,#4211),(#4210,#4212)),.UNSPECIFIED.,.F.,.F.,.U.,(2,2),(2,2),(0.0,0.010000000000000),(0.0,1.014213562373096),.UNSPECIFIED.);
#4214=CARTESIAN_POINT('',(17.184062043356601,23.282842712474626,-0.750000000000000));
#4215=VERTEX_POINT('',#4214);
#4216=CARTESIAN_POINT('',(17.184062043356601,23.282842712474626,-0.740000000000000));
#4217=VERTEX_POINT('',#4216);
#4218=CARTESIAN_POINT('',(17.184062043356601,23.282842712474618,-0.750000000000000));
#4219=DIRECTION('',(0.0,0.0,1.0));
#4220=VECTOR('',#4219,0.010000000000000);
#4221=LINE('',#4218,#4220);
#4222=EDGE_CURVE('',#4215,#4217,#4221,.T.);
#4223=ORIENTED_EDGE('',*,*,#4222,.F.);
#4224=CARTESIAN_POINT('',(17.901219330881979,24.000000000000004,-0.750000000000000));
#4225=VERTEX_POINT('',#4224);
#4226=CARTESIAN_POINT('',(17.901219330881979,24.000000000000004,-0.750000000000000));
#4227=DIRECTION('',(-0.707106781186548,-0.707106781186548,0.0));
#4228=VECTOR('',#4227,1.014213562373091);
#4229=LINE('',#4226,#4228);
#4230=EDGE_CURVE('',#4225,#4215,#4229,.T.);
#4231=ORIENTED_EDGE('',*,*,#4230,.F.);
#4232=CARTESIAN_POINT('',(17.901219330881979,24.000000000000004,-0.740000000000000));
#4233=VERTEX_POINT('',#4232);
#4234=CARTESIAN_POINT('',(17.901219330881979,24.000000000000004,-0.740000000000000));
#4235=DIRECTION('',(0.0,0.0,-1.0));
#4236=VECTOR('',#4235,0.010000000000000);
#4237=LINE('',#4234,#4236);
#4238=EDGE_CURVE('',#4233,#4225,#4237,.T.);
#4239=ORIENTED_EDGE('',*,*,#4238,.F.);
#4240=CARTESIAN_POINT('',(17.901219330881979,24.000000000000004,-0.740000000000000));
#4241=DIRECTION('',(-0.707106781186548,-0.707106781186548,0.0));
#4242=VECTOR('',#4241,1.014213562373091);
#4243=LINE('',#4240,#4242);
#4244=EDGE_CURVE('',#4233,#4217,#4243,.T.);
#4245=ORIENTED_EDGE('',*,*,#4244,.T.);
#4246=EDGE_LOOP('',(#4223,#4231,#4239,#4245));
#4247=FACE_OUTER_BOUND('',#4246,.T.);
#4248=ADVANCED_FACE('',(#4247),#4213,.F.);
#4249=CARTESIAN_POINT('',(16.984062043356598,22.800000000000004,-0.750000000000000));
#4250=CARTESIAN_POINT('',(16.984062043356598,22.800000000000004,-0.740000000000000));
#4251=CARTESIAN_POINT('',(8.126844303464688,13.942782260108098,-0.750000000000000));
#4252=CARTESIAN_POINT('',(8.126844303464690,13.942782260108096,-0.740000000000000));
#4253=B_SPLINE_SURFACE_WITH_KNOTS('',1,1,((#4249,#4251),(#4250,#4252)),.UNSPECIFIED.,.F.,.F.,.U.,(2,2),(2,2),(0.0,0.010000000000000),(0.0,12.525997452646710),.UNSPECIFIED.);
#4254=CARTESIAN_POINT('',(8.126844303464690,13.942782260108100,-0.750000000000000));
#4255=VERTEX_POINT('',#4254);
#4256=CARTESIAN_POINT('',(8.126844303464690,13.942782260108100,-0.740000000000000));
#4257=VERTEX_POINT('',#4256);
#4258=CARTESIAN_POINT('',(8.126844303464690,13.942782260108100,-0.750000000000000));
#4259=DIRECTION('',(0.0,0.0,1.0));
#4260=VECTOR('',#4259,0.010000000000000);
#4261=LINE('',#4258,#4260);
#4262=EDGE_CURVE('',#4255,#4257,#4261,.T.);
#4263=ORIENTED_EDGE('',*,*,#4262,.T.);
#4264=CARTESIAN_POINT('',(16.984062043356598,22.800000000000004,-0.740000000000000));
#4265=VERTEX_POINT('',#4264);
#4266=CARTESIAN_POINT('',(8.126844303464692,13.942782260108098,-0.740000000000000));
#4267=DIRECTION('',(0.707106781186548,0.707106781186547,0.0));
#4268=VECTOR('',#4267,12.525997452646703);
#4269=LINE('',#4266,#4268);
#4270=EDGE_CURVE('',#4257,#4265,#4269,.T.);
#4271=ORIENTED_EDGE('',*,*,#4270,.T.);
#4272=CARTESIAN_POINT('',(16.984062043356598,22.800000000000004,-0.750000000000000));
#4273=VERTEX_POINT('',#4272);
#4274=CARTESIAN_POINT('',(16.984062043356598,22.800000000000004,-0.750000000000000));
#4275=DIRECTION('',(0.0,0.0,1.0));
#4276=VECTOR('',#4275,0.010000000000000);
#4277=LINE('',#4274,#4276);
#4278=EDGE_CURVE('',#4273,#4265,#4277,.T.);
#4279=ORIENTED_EDGE('',*,*,#4278,.F.);
#4280=CARTESIAN_POINT('',(8.126844303464690,13.942782260108102,-0.750000000000000));
#4281=DIRECTION('',(0.707106781186548,0.707106781186547,0.0));
#4282=VECTOR('',#4281,12.525997452646706);
#4283=LINE('',#4280,#4282);
#4284=EDGE_CURVE('',#4255,#4273,#4283,.T.);
#4285=ORIENTED_EDGE('',*,*,#4284,.F.);
#4286=EDGE_LOOP('',(#4263,#4271,#4279,#4285));
#4287=FACE_OUTER_BOUND('',#4286,.T.);
#4288=ADVANCED_FACE('',(#4287),#4253,.F.);
#4289=CARTESIAN_POINT('',(17.184062043356597,24.717157287525389,-0.740000000000000));
#4290=CARTESIAN_POINT('',(17.184062043356597,24.717157287525389,-0.750000000000000));
#4291=CARTESIAN_POINT('',(17.901219330881979,24.000000000000007,-0.740000000000000));
#4292=CARTESIAN_POINT('',(17.901219330881979,24.000000000000007,-0.750000000000000));
#4293=B_SPLINE_SURFACE_WITH_KNOTS('',1,1,((#4289,#4291),(#4290,#4292)),.UNSPECIFIED.,.F.,.F.,.U.,(2,2),(2,2),(0.0,0.010000000000000),(0.0,1.014213562373096),.UNSPECIFIED.);
#4294=ORIENTED_EDGE('',*,*,#4238,.T.);
#4295=CARTESIAN_POINT('',(17.184062043356601,24.717157287525385,-0.750000000000000));
#4296=VERTEX_POINT('',#4295);
#4297=CARTESIAN_POINT('',(17.184062043356601,24.717157287525382,-0.750000000000000));
#4298=DIRECTION('',(0.707106781186548,-0.707106781186548,0.0));
#4299=VECTOR('',#4298,1.014213562373091);
#4300=LINE('',#4297,#4299);
#4301=EDGE_CURVE('',#4296,#4225,#4300,.T.);
#4302=ORIENTED_EDGE('',*,*,#4301,.F.);
#4303=CARTESIAN_POINT('',(17.184062043356601,24.717157287525385,-0.740000000000000));
#4304=VERTEX_POINT('',#4303);
#4305=CARTESIAN_POINT('',(17.184062043356601,24.717157287525385,-0.740000000000000));
#4306=DIRECTION('',(0.0,0.0,-1.0));
#4307=VECTOR('',#4306,0.010000000000000);
#4308=LINE('',#4305,#4307);
#4309=EDGE_CURVE('',#4304,#4296,#4308,.T.);
#4310=ORIENTED_EDGE('',*,*,#4309,.F.);
#4311=CARTESIAN_POINT('',(17.184062043356601,24.717157287525385,-0.740000000000000));
#4312=DIRECTION('',(0.707106781186548,-0.707106781186548,0.0));
#4313=VECTOR('',#4312,1.014213562373091);
#4314=LINE('',#4311,#4313);
#4315=EDGE_CURVE('',#4304,#4233,#4314,.T.);
#4316=ORIENTED_EDGE('',*,*,#4315,.T.);
#4317=EDGE_LOOP('',(#4294,#4302,#4310,#4316));
#4318=FACE_OUTER_BOUND('',#4317,.T.);
#4319=ADVANCED_FACE('',(#4318),#4293,.F.);
#4320=CARTESIAN_POINT('',(17.184062043356601,23.000000000000007,-0.750000000000000));
#4321=CARTESIAN_POINT('',(17.184062043356601,23.000000000000007,-0.740000000000000));
#4322=CARTESIAN_POINT('',(17.184062043356601,21.585786437626901,-0.750000000000000));
#4323=CARTESIAN_POINT('',(17.184062043356601,21.585786437626901,-0.740000000000000));
#4324=B_SPLINE_SURFACE_WITH_KNOTS('',1,1,((#4320,#4322),(#4321,#4323)),.UNSPECIFIED.,.F.,.F.,.U.,(2,2),(2,2),(0.0,0.010000000000000),(0.0,1.414213562373107),.UNSPECIFIED.);
#4325=ORIENTED_EDGE('',*,*,#4182,.T.);
#4326=CARTESIAN_POINT('',(17.184062043356601,21.585786437626901,-0.750000000000000));
#4327=VERTEX_POINT('',#4326);
#4328=CARTESIAN_POINT('',(17.184062043356601,21.585786437626901,-0.750000000000000));
#4329=DIRECTION('',(0.0,1.0,0.0));
#4330=VECTOR('',#4329,1.414213562373099);
#4331=LINE('',#4328,#4330);
#4332=EDGE_CURVE('',#4327,#4177,#4331,.T.);
#4333=ORIENTED_EDGE('',*,*,#4332,.F.);
#4334=CARTESIAN_POINT('',(17.184062043356601,21.585786437626901,-0.740000000000000));
#4335=VERTEX_POINT('',#4334);
#4336=CARTESIAN_POINT('',(17.184062043356601,21.585786437626901,-0.750000000000000));
#4337=DIRECTION('',(0.0,0.0,1.0));
#4338=VECTOR('',#4337,0.010000000000000);
#4339=LINE('',#4336,#4338);
#4340=EDGE_CURVE('',#4327,#4335,#4339,.T.);
#4341=ORIENTED_EDGE('',*,*,#4340,.T.);
#4342=CARTESIAN_POINT('',(17.184062043356601,21.585786437626901,-0.740000000000000));
#4343=DIRECTION('',(0.0,1.0,0.0));
#4344=VECTOR('',#4343,1.414213562373107);
#4345=LINE('',#4342,#4344);
#4346=EDGE_CURVE('',#4335,#4175,#4345,.T.);
#4347=ORIENTED_EDGE('',*,*,#4346,.T.);
#4348=EDGE_LOOP('',(#4325,#4333,#4341,#4347));
#4349=FACE_OUTER_BOUND('',#4348,.T.);
#4350=ADVANCED_FACE('',(#4349),#4324,.F.);
#4351=CARTESIAN_POINT('',(17.184062043356601,24.717157287525385,-0.750000000000000));
#4352=CARTESIAN_POINT('',(17.184062043356601,24.717157287525385,-0.740000000000000));
#4353=CARTESIAN_POINT('',(17.184062043356601,23.282842712474618,-0.750000000000000));
#4354=CARTESIAN_POINT('',(17.184062043356601,23.282842712474615,-0.740000000000000));
#4355=B_SPLINE_SURFACE_WITH_KNOTS('',1,1,((#4351,#4353),(#4352,#4354)),.UNSPECIFIED.,.F.,.F.,.U.,(2,2),(2,2),(0.0,0.010000000000000),(0.0,1.434314575050767),.UNSPECIFIED.);
#4356=ORIENTED_EDGE('',*,*,#4222,.T.);
#4357=CARTESIAN_POINT('',(17.184062043356601,23.282842712474626,-0.740000000000000));
#4358=DIRECTION('',(0.0,1.0,0.0));
#4359=VECTOR('',#4358,1.434314575050756);
#4360=LINE('',#4357,#4359);
#4361=EDGE_CURVE('',#4217,#4304,#4360,.T.);
#4362=ORIENTED_EDGE('',*,*,#4361,.T.);
#4363=ORIENTED_EDGE('',*,*,#4309,.T.);
#4364=CARTESIAN_POINT('',(17.184062043356601,23.282842712474626,-0.750000000000000));
#4365=DIRECTION('',(0.0,1.0,0.0));
#4366=VECTOR('',#4365,1.434314575050756);
#4367=LINE('',#4364,#4366);
#4368=EDGE_CURVE('',#4215,#4296,#4367,.T.);
#4369=ORIENTED_EDGE('',*,*,#4368,.F.);
#4370=EDGE_LOOP('',(#4356,#4362,#4363,#4369));
#4371=FACE_OUTER_BOUND('',#4370,.T.);
#4372=ADVANCED_FACE('',(#4371),#4355,.F.);
#4373=CARTESIAN_POINT('',(16.984062043356598,22.800000000000004,-0.740000000000000));
#4374=CARTESIAN_POINT('',(16.984062043356598,22.800000000000004,-0.750000000000000));
#4375=CARTESIAN_POINT('',(16.984062043356598,21.668629150101527,-0.740000000000000));
#4376=CARTESIAN_POINT('',(16.984062043356598,21.668629150101530,-0.750000000000000));
#4377=B_SPLINE_SURFACE_WITH_KNOTS('',1,1,((#4373,#4375),(#4374,#4376)),.UNSPECIFIED.,.F.,.F.,.U.,(2,2),(2,2),(0.0,0.010000000000000),(0.0,1.131370849898477),.UNSPECIFIED.);
#4378=ORIENTED_EDGE('',*,*,#4278,.T.);
#4379=CARTESIAN_POINT('',(16.984062043356598,21.668629150101527,-0.740000000000000));
#4380=VERTEX_POINT('',#4379);
#4381=CARTESIAN_POINT('',(16.984062043356598,22.800000000000001,-0.740000000000000));
#4382=DIRECTION('',(0.0,-1.0,0.0));
#4383=VECTOR('',#4382,1.131370849898477);
#4384=LINE('',#4381,#4383);
#4385=EDGE_CURVE('',#4265,#4380,#4384,.T.);
#4386=ORIENTED_EDGE('',*,*,#4385,.T.);
#4387=CARTESIAN_POINT('',(16.984062043356598,21.668629150101527,-0.750000000000000));
#4388=VERTEX_POINT('',#4387);
#4389=CARTESIAN_POINT('',(16.984062043356598,21.668629150101527,-0.750000000000000));
#4390=DIRECTION('',(0.0,0.0,1.0));
#4391=VECTOR('',#4390,0.010000000000000);
#4392=LINE('',#4389,#4391);
#4393=EDGE_CURVE('',#4388,#4380,#4392,.T.);
#4394=ORIENTED_EDGE('',*,*,#4393,.F.);
#4395=CARTESIAN_POINT('',(16.984062043356598,22.800000000000004,-0.750000000000000));
#4396=DIRECTION('',(0.0,-1.0,0.0));
#4397=VECTOR('',#4396,1.131370849898477);
#4398=LINE('',#4395,#4397);
#4399=EDGE_CURVE('',#4273,#4388,#4398,.T.);
#4400=ORIENTED_EDGE('',*,*,#4399,.F.);
#4401=EDGE_LOOP('',(#4378,#4386,#4394,#4400));
#4402=FACE_OUTER_BOUND('',#4401,.T.);
#4403=ADVANCED_FACE('',(#4402),#4377,.F.);
#4404=CARTESIAN_POINT('',(8.387984492891748,12.789708887162064,-0.750000000000000));
#4405=CARTESIAN_POINT('',(8.387984492891748,12.789708887162064,-0.740000000000000));
#4406=CARTESIAN_POINT('',(7.775691001107605,12.177415395377921,-0.750000000000000));
#4407=CARTESIAN_POINT('',(7.775691001107605,12.177415395377921,-0.740000000000000));
#4408=B_SPLINE_SURFACE_WITH_KNOTS('',1,1,((#4404,#4406),(#4405,#4407)),.UNSPECIFIED.,.F.,.F.,.U.,(2,2),(2,2),(0.0,0.010000000000000),(0.0,0.865913760233915),.UNSPECIFIED.);
#4409=CARTESIAN_POINT('',(8.387984492891750,12.789708887162064,-0.750000000000000));
#4410=VERTEX_POINT('',#4409);
#4411=CARTESIAN_POINT('',(8.387984492891750,12.789708887162064,-0.740000000000000));
#4412=VERTEX_POINT('',#4411);
#4413=CARTESIAN_POINT('',(8.387984492891750,12.789708887162064,-0.750000000000000));
#4414=DIRECTION('',(0.0,0.0,1.0));
#4415=VECTOR('',#4414,0.010000000000000);
#4416=LINE('',#4413,#4415);
#4417=EDGE_CURVE('',#4410,#4412,#4416,.T.);
#4418=ORIENTED_EDGE('',*,*,#4417,.F.);
#4419=CARTESIAN_POINT('',(7.775691001107605,12.177415395377921,-0.750000000000000));
#4420=VERTEX_POINT('',#4419);
#4421=CARTESIAN_POINT('',(7.775691001107607,12.177415395377919,-0.750000000000000));
#4422=DIRECTION('',(0.707106781186548,0.707106781186548,0.0));
#4423=VECTOR('',#4422,0.865913760233917);
#4424=LINE('',#4421,#4423);
#4425=EDGE_CURVE('',#4420,#4410,#4424,.T.);
#4426=ORIENTED_EDGE('',*,*,#4425,.F.);
#4427=CARTESIAN_POINT('',(7.775691001107605,12.177415395377921,-0.740000000000000));
#4428=VERTEX_POINT('',#4427);
#4429=CARTESIAN_POINT('',(7.775691001107605,12.177415395377921,-0.750000000000000));
#4430=DIRECTION('',(0.0,0.0,1.0));
#4431=VECTOR('',#4430,0.010000000000000);
#4432=LINE('',#4429,#4431);
#4433=EDGE_CURVE('',#4420,#4428,#4432,.T.);
#4434=ORIENTED_EDGE('',*,*,#4433,.T.);
#4435=CARTESIAN_POINT('',(7.775691001107606,12.177415395377919,-0.740000000000000));
#4436=DIRECTION('',(0.707106781186548,0.707106781186547,0.0));
#4437=VECTOR('',#4436,0.865913760233915);
#4438=LINE('',#4435,#4437);
#4439=EDGE_CURVE('',#4428,#4412,#4438,.T.);
#4440=ORIENTED_EDGE('',*,*,#4439,.T.);
#4441=EDGE_LOOP('',(#4418,#4426,#4434,#4440));
#4442=FACE_OUTER_BOUND('',#4441,.T.);
#4443=ADVANCED_FACE('',(#4442),#4408,.F.);
#4444=CARTESIAN_POINT('',(8.305141780417131,12.989708887162063,-0.740000000000000));
#4445=CARTESIAN_POINT('',(8.305141780417131,12.989708887162063,-0.750000000000000));
#4446=CARTESIAN_POINT('',(7.539774915686951,12.224342022431884,-0.740000000000000));
#4447=CARTESIAN_POINT('',(7.539774915686952,12.224342022431884,-0.750000000000000));
#4448=B_SPLINE_SURFACE_WITH_KNOTS('',1,1,((#4444,#4446),(#4445,#4447)),.UNSPECIFIED.,.F.,.F.,.U.,(2,2),(2,2),(0.0,0.010000000000000),(0.0,1.082392200292394),.UNSPECIFIED.);
#4449=CARTESIAN_POINT('',(8.305141780417131,12.989708887162061,-0.740000000000000));
#4450=VERTEX_POINT('',#4449);
#4451=CARTESIAN_POINT('',(8.305141780417129,12.989708887162063,-0.740000000000000));
#4452=DIRECTION('',(0.0,0.0,-1.0));
#4453=VECTOR('',#4452,0.010000000000000);
#4454=LINE('',#4451,#4453);
#4455=EDGE_CURVE('',#4450,#1654,#4454,.T.);
#4456=ORIENTED_EDGE('',*,*,#4455,.F.);
#4457=CARTESIAN_POINT('',(7.539774915686952,12.224342022431882,-0.740000000000000));
#4458=VERTEX_POINT('',#4457);
#4459=CARTESIAN_POINT('',(8.305141780417133,12.989708887162063,-0.740000000000000));
#4460=DIRECTION('',(-0.707106781186547,-0.707106781186548,0.0));
#4461=VECTOR('',#4460,1.082392200292395);
#4462=LINE('',#4459,#4461);
#4463=EDGE_CURVE('',#4450,#4458,#4462,.T.);
#4464=ORIENTED_EDGE('',*,*,#4463,.T.);
#4465=CARTESIAN_POINT('',(7.539774915686952,12.224342022431882,-0.750000000000000));
#4466=DIRECTION('',(0.0,0.0,1.0));
#4467=VECTOR('',#4466,0.010000000000000);
#4468=LINE('',#4465,#4467);
#4469=EDGE_CURVE('',#1662,#4458,#4468,.T.);
#4470=ORIENTED_EDGE('',*,*,#4469,.F.);
#4471=ORIENTED_EDGE('',*,*,#1667,.F.);
#4472=EDGE_LOOP('',(#4456,#4464,#4470,#4471));
#4473=FACE_OUTER_BOUND('',#4472,.T.);
#4474=ADVANCED_FACE('',(#4473),#4448,.F.);
#4475=CARTESIAN_POINT('',(16.984062043356598,21.668629150101527,-0.740000000000000));
#4476=CARTESIAN_POINT('',(16.984062043356598,21.668629150101527,-0.750000000000000));
#4477=CARTESIAN_POINT('',(8.458215153363167,13.142782260108099,-0.740000000000000));
#4478=CARTESIAN_POINT('',(8.458215153363167,13.142782260108103,-0.750000000000000));
#4479=B_SPLINE_SURFACE_WITH_KNOTS('',1,1,((#4475,#4477),(#4476,#4478)),.UNSPECIFIED.,.F.,.F.,.U.,(2,2),(2,2),(0.0,0.010000000000000),(0.0,12.057368302545182),.UNSPECIFIED.);
#4480=CARTESIAN_POINT('',(8.458215153363168,13.142782260108099,-0.750000000000000));
#4481=VERTEX_POINT('',#4480);
#4482=CARTESIAN_POINT('',(8.458215153363168,13.142782260108097,-0.740000000000000));
#4483=VERTEX_POINT('',#4482);
#4484=CARTESIAN_POINT('',(8.458215153363168,13.142782260108099,-0.750000000000000));
#4485=DIRECTION('',(0.0,0.0,1.0));
#4486=VECTOR('',#4485,0.010000000000000);
#4487=LINE('',#4484,#4486);
#4488=EDGE_CURVE('',#4481,#4483,#4487,.T.);
#4489=ORIENTED_EDGE('',*,*,#4488,.F.);
#4490=CARTESIAN_POINT('',(16.984062043356602,21.668629150101527,-0.750000000000000));
#4491=DIRECTION('',(-0.707106781186548,-0.707106781186547,0.0));
#4492=VECTOR('',#4491,12.057368302545182);
#4493=LINE('',#4490,#4492);
#4494=EDGE_CURVE('',#4388,#4481,#4493,.T.);
#4495=ORIENTED_EDGE('',*,*,#4494,.F.);
#4496=ORIENTED_EDGE('',*,*,#4393,.T.);
#4497=CARTESIAN_POINT('',(16.984062043356602,21.668629150101527,-0.740000000000000));
#4498=DIRECTION('',(-0.707106781186548,-0.707106781186547,0.0));
#4499=VECTOR('',#4498,12.057368302545182);
#4500=LINE('',#4497,#4499);
#4501=EDGE_CURVE('',#4380,#4483,#4500,.T.);
#4502=ORIENTED_EDGE('',*,*,#4501,.T.);
#4503=EDGE_LOOP('',(#4489,#4495,#4496,#4502));
#4504=FACE_OUTER_BOUND('',#4503,.T.);
#4505=ADVANCED_FACE('',(#4504),#4479,.F.);
#4506=CARTESIAN_POINT('',(17.184062043356604,21.585786437626908,-0.750000000000000));
#4507=CARTESIAN_POINT('',(17.184062043356604,21.585786437626908,-0.740000000000000));
#4508=CARTESIAN_POINT('',(8.541057865837784,12.942782260108098,-0.750000000000000));
#4509=CARTESIAN_POINT('',(8.541057865837786,12.942782260108096,-0.740000000000000));
#4510=B_SPLINE_SURFACE_WITH_KNOTS('',1,1,((#4506,#4508),(#4507,#4509)),.UNSPECIFIED.,.F.,.F.,.U.,(2,2),(2,2),(0.0,0.010000000000000),(0.0,12.223053727494428),.UNSPECIFIED.);
#4511=CARTESIAN_POINT('',(8.541057865837788,12.942782260108100,-0.740000000000000));
#4512=VERTEX_POINT('',#4511);
#4513=CARTESIAN_POINT('',(8.541057865837786,12.942782260108102,-0.750000000000000));
#4514=VERTEX_POINT('',#4513);
#4515=CARTESIAN_POINT('',(8.541057865837788,12.942782260108102,-0.740000000000000));
#4516=DIRECTION('',(0.0,0.0,-1.0));
#4517=VECTOR('',#4516,0.010000000000000);
#4518=LINE('',#4515,#4517);
#4519=EDGE_CURVE('',#4512,#4514,#4518,.T.);
#4520=ORIENTED_EDGE('',*,*,#4519,.F.);
#4521=CARTESIAN_POINT('',(8.541057865837788,12.942782260108098,-0.740000000000000));
#4522=DIRECTION('',(0.707106781186548,0.707106781186547,0.0));
#4523=VECTOR('',#4522,12.223053727494417);
#4524=LINE('',#4521,#4523);
#4525=EDGE_CURVE('',#4512,#4335,#4524,.T.);
#4526=ORIENTED_EDGE('',*,*,#4525,.T.);
#4527=ORIENTED_EDGE('',*,*,#4340,.F.);
#4528=CARTESIAN_POINT('',(8.541057865837788,12.942782260108100,-0.750000000000000));
#4529=DIRECTION('',(0.707106781186548,0.707106781186547,0.0));
#4530=VECTOR('',#4529,12.223053727494417);
#4531=LINE('',#4528,#4530);
#4532=EDGE_CURVE('',#4514,#4327,#4531,.T.);
#4533=ORIENTED_EDGE('',*,*,#4532,.F.);
#4534=EDGE_LOOP('',(#4520,#4526,#4527,#4533));
#4535=FACE_OUTER_BOUND('',#4534,.T.);
#4536=ADVANCED_FACE('',(#4535),#4510,.F.);
#4537=CARTESIAN_POINT('',(8.541057865837788,12.942782260108103,-0.750000000000000));
#4538=CARTESIAN_POINT('',(8.541057865837788,12.942782260108103,-0.740000000000000));
#4539=CARTESIAN_POINT('',(10.132790395221303,9.100000000000003,-0.750000000000000));
#4540=CARTESIAN_POINT('',(10.132790395221305,9.100000000000001,-0.740000000000000));
#4541=B_SPLINE_SURFACE_WITH_KNOTS('',1,1,((#4537,#4539),(#4538,#4540)),.UNSPECIFIED.,.F.,.F.,.U.,(2,2),(2,2),(0.0,0.010000000000000),(0.0,4.159397545762987),.UNSPECIFIED.);
#4542=ORIENTED_EDGE('',*,*,#4519,.T.);
#4543=CARTESIAN_POINT('',(10.132790395221301,9.100000000000003,-0.750000000000000));
#4544=VERTEX_POINT('',#4543);
#4545=CARTESIAN_POINT('',(10.132790395221301,9.100000000000003,-0.750000000000000));
#4546=DIRECTION('',(-0.382683432365091,0.923879532511286,0.0));
#4547=VECTOR('',#4546,4.159397545762984);
#4548=LINE('',#4545,#4547);
#4549=EDGE_CURVE('',#4544,#4514,#4548,.T.);
#4550=ORIENTED_EDGE('',*,*,#4549,.F.);
#4551=CARTESIAN_POINT('',(10.132790395221301,9.100000000000003,-0.740000000000000));
#4552=VERTEX_POINT('',#4551);
#4553=CARTESIAN_POINT('',(10.132790395221301,9.100000000000003,-0.740000000000000));
#4554=DIRECTION('',(0.0,0.0,-1.0));
#4555=VECTOR('',#4554,0.010000000000000);
#4556=LINE('',#4553,#4555);
#4557=EDGE_CURVE('',#4552,#4544,#4556,.T.);
#4558=ORIENTED_EDGE('',*,*,#4557,.F.);
#4559=CARTESIAN_POINT('',(10.132790395221301,9.100000000000005,-0.740000000000000));
#4560=DIRECTION('',(-0.382683432365091,0.923879532511286,0.0));
#4561=VECTOR('',#4560,4.159397545762982);
#4562=LINE('',#4559,#4561);
#4563=EDGE_CURVE('',#4552,#4512,#4562,.T.);
#4564=ORIENTED_EDGE('',*,*,#4563,.T.);
#4565=EDGE_LOOP('',(#4542,#4550,#4558,#4564));
#4566=FACE_OUTER_BOUND('',#4565,.T.);
#4567=ADVANCED_FACE('',(#4566),#4541,.F.);
#4568=CARTESIAN_POINT('',(8.387984492891748,12.789708887162064,-0.740000000000000));
#4569=CARTESIAN_POINT('',(8.387984492891748,12.789708887162064,-0.750000000000000));
#4570=CARTESIAN_POINT('',(9.916311955162819,9.100000000000001,-0.740000000000000));
#4571=CARTESIAN_POINT('',(9.916311955162817,9.100000000000001,-0.750000000000000));
#4572=B_SPLINE_SURFACE_WITH_KNOTS('',1,1,((#4568,#4570),(#4569,#4571)),.UNSPECIFIED.,.F.,.F.,.U.,(2,2),(2,2),(0.0,0.010000000000000),(0.0,3.993712120813747),.UNSPECIFIED.);
#4573=ORIENTED_EDGE('',*,*,#4417,.T.);
#4574=CARTESIAN_POINT('',(9.916311955162820,9.100000000000003,-0.740000000000000));
#4575=VERTEX_POINT('',#4574);
#4576=CARTESIAN_POINT('',(8.387984492891750,12.789708887162064,-0.740000000000000));
#4577=DIRECTION('',(0.382683432365091,-0.923879532511286,0.0));
#4578=VECTOR('',#4577,3.993712120813743);
#4579=LINE('',#4576,#4578);
#4580=EDGE_CURVE('',#4412,#4575,#4579,.T.);
#4581=ORIENTED_EDGE('',*,*,#4580,.T.);
#4582=CARTESIAN_POINT('',(9.916311955162820,9.100000000000003,-0.750000000000000));
#4583=VERTEX_POINT('',#4582);
#4584=CARTESIAN_POINT('',(9.916311955162820,9.100000000000003,-0.750000000000000));
#4585=DIRECTION('',(0.0,0.0,1.0));
#4586=VECTOR('',#4585,0.010000000000000);
#4587=LINE('',#4584,#4586);
#4588=EDGE_CURVE('',#4583,#4575,#4587,.T.);
#4589=ORIENTED_EDGE('',*,*,#4588,.F.);
#4590=CARTESIAN_POINT('',(8.387984492891750,12.789708887162062,-0.750000000000000));
#4591=DIRECTION('',(0.382683432365091,-0.923879532511286,0.0));
#4592=VECTOR('',#4591,3.993712120813743);
#4593=LINE('',#4590,#4592);
#4594=EDGE_CURVE('',#4410,#4583,#4593,.T.);
#4595=ORIENTED_EDGE('',*,*,#4594,.F.);
#4596=EDGE_LOOP('',(#4573,#4581,#4589,#4595));
#4597=FACE_OUTER_BOUND('',#4596,.T.);
#4598=ADVANCED_FACE('',(#4597),#4572,.F.);
#4599=CARTESIAN_POINT('',(1.899999999999993,16.201219330881983,-0.740000000000000));
#4600=CARTESIAN_POINT('',(1.899999999999993,16.201219330881983,-0.750000000000000));
#4601=CARTESIAN_POINT('',(1.900000000000000,3.148537520449054,-0.740000000000000));
#4602=CARTESIAN_POINT('',(1.900000000000000,3.148537520449054,-0.750000000000000));
#4603=B_SPLINE_SURFACE_WITH_KNOTS('',1,1,((#4599,#4601),(#4600,#4602)),.UNSPECIFIED.,.F.,.F.,.U.,(2,2),(2,2),(0.0,0.010000000000000),(0.0,13.052681810432929),.UNSPECIFIED.);
#4604=ORIENTED_EDGE('',*,*,#3805,.T.);
#4605=CARTESIAN_POINT('',(1.900000000000002,3.148537520449055,-0.740000000000000));
#4606=VERTEX_POINT('',#4605);
#4607=CARTESIAN_POINT('',(1.899999999999995,16.201219330881983,-0.740000000000000));
#4608=DIRECTION('',(0.0,-1.0,0.0));
#4609=VECTOR('',#4608,13.052681810432928);
#4610=LINE('',#4607,#4609);
#4611=EDGE_CURVE('',#3800,#4606,#4610,.T.);
#4612=ORIENTED_EDGE('',*,*,#4611,.T.);
#4613=CARTESIAN_POINT('',(1.900000000000002,3.148537520449055,-0.750000000000000));
#4614=VERTEX_POINT('',#4613);
#4615=CARTESIAN_POINT('',(1.900000000000002,3.148537520449055,-0.750000000000000));
#4616=DIRECTION('',(0.0,0.0,1.0));
#4617=VECTOR('',#4616,0.010000000000000);
#4618=LINE('',#4615,#4617);
#4619=EDGE_CURVE('',#4614,#4606,#4618,.T.);
#4620=ORIENTED_EDGE('',*,*,#4619,.F.);
#4621=CARTESIAN_POINT('',(1.899999999999993,16.201219330881983,-0.750000000000000));
#4622=DIRECTION('',(0.0,-1.0,0.0));
#4623=VECTOR('',#4622,13.052681810432928);
#4624=LINE('',#4621,#4623);
#4625=EDGE_CURVE('',#3798,#4614,#4624,.T.);
#4626=ORIENTED_EDGE('',*,*,#4625,.F.);
#4627=EDGE_LOOP('',(#4604,#4612,#4620,#4626));
#4628=FACE_OUTER_BOUND('',#4627,.T.);
#4629=ADVANCED_FACE('',(#4628),#4603,.F.);
#4630=CARTESIAN_POINT('',(18.100000000000009,3.148537520449041,-0.750000000000000));
#4631=CARTESIAN_POINT('',(18.100000000000009,3.148537520449041,-0.740000000000000));
#4632=CARTESIAN_POINT('',(18.390928891636026,2.653670591432978,-0.750000000000000));
#4633=CARTESIAN_POINT('',(18.390928891636023,2.653670591432977,-0.740000000000000));
#4634=B_SPLINE_SURFACE_WITH_KNOTS('',1,1,((#4630,#4632),(#4631,#4633)),.UNSPECIFIED.,.F.,.F.,.U.,(2,2),(2,2),(0.0,0.010000000000000),(0.0,0.574049560075044),.UNSPECIFIED.);
#4635=CARTESIAN_POINT('',(18.390928891636026,2.653670591432977,-0.740000000000000));
#4636=VERTEX_POINT('',#4635);
#4637=CARTESIAN_POINT('',(18.390928891636026,2.653670591432977,-0.750000000000000));
#4638=VERTEX_POINT('',#4637);
#4639=CARTESIAN_POINT('',(18.390928891636026,2.653670591432976,-0.740000000000000));
#4640=DIRECTION('',(0.0,0.0,-1.0));
#4641=VECTOR('',#4640,0.010000000000000);
#4642=LINE('',#4639,#4641);
#4643=EDGE_CURVE('',#4636,#4638,#4642,.T.);
#4644=ORIENTED_EDGE('',*,*,#4643,.F.);
#4645=CARTESIAN_POINT('',(18.100000000000009,3.148537520449042,-0.740000000000000));
#4646=VERTEX_POINT('',#4645);
#4647=CARTESIAN_POINT('',(18.390928891636030,2.653670591432976,-0.740000000000000));
#4648=DIRECTION('',(-0.506801000941430,0.862063075096460,0.0));
#4649=VECTOR('',#4648,0.574049560075047);
#4650=LINE('',#4647,#4649);
#4651=EDGE_CURVE('',#4636,#4646,#4650,.T.);
#4652=ORIENTED_EDGE('',*,*,#4651,.T.);
#4653=CARTESIAN_POINT('',(18.100000000000009,3.148537520449042,-0.750000000000000));
#4654=VERTEX_POINT('',#4653);
#4655=CARTESIAN_POINT('',(18.100000000000009,3.148537520449042,-0.750000000000000));
#4656=DIRECTION('',(0.0,0.0,1.0));
#4657=VECTOR('',#4656,0.010000000000000);
#4658=LINE('',#4655,#4657);
#4659=EDGE_CURVE('',#4654,#4646,#4658,.T.);
#4660=ORIENTED_EDGE('',*,*,#4659,.F.);
#4661=CARTESIAN_POINT('',(18.390928891636026,2.653670591432976,-0.750000000000000));
#4662=DIRECTION('',(-0.506801000941426,0.862063075096462,0.0));
#4663=VECTOR('',#4662,0.574049560075044);
#4664=LINE('',#4661,#4663);
#4665=EDGE_CURVE('',#4638,#4654,#4664,.T.);
#4666=ORIENTED_EDGE('',*,*,#4665,.F.);
#4667=EDGE_LOOP('',(#4644,#4652,#4660,#4666));
#4668=FACE_OUTER_BOUND('',#4667,.T.);
#4669=ADVANCED_FACE('',(#4668),#4634,.F.);
#4670=CARTESIAN_POINT('',(18.495647082653232,2.475546069975561,-0.750000000000000));
#4671=CARTESIAN_POINT('',(18.495647082653232,2.475546069975561,-0.740000000000000));
#4672=CARTESIAN_POINT('',(19.881107838717334,0.118892161282667,-0.750000000000000));
#4673=CARTESIAN_POINT('',(19.881107838717330,0.118892161282667,-0.740000000000000));
#4674=B_SPLINE_SURFACE_WITH_KNOTS('',1,1,((#4670,#4672),(#4671,#4673)),.UNSPECIFIED.,.F.,.F.,.U.,(2,2),(2,2),(0.0,0.010000000000000),(0.0,2.733737213404246),.UNSPECIFIED.);
#4675=CARTESIAN_POINT('',(18.495647082653232,2.475546069975561,-0.750000000000000));
#4676=VERTEX_POINT('',#4675);
#4677=CARTESIAN_POINT('',(18.495647082653232,2.475546069975561,-0.740000000000000));
#4678=VERTEX_POINT('',#4677);
#4679=CARTESIAN_POINT('',(18.495647082653232,2.475546069975561,-0.750000000000000));
#4680=DIRECTION('',(0.0,0.0,1.0));
#4681=VECTOR('',#4680,0.010000000000000);
#4682=LINE('',#4679,#4681);
#4683=EDGE_CURVE('',#4676,#4678,#4682,.T.);
#4684=ORIENTED_EDGE('',*,*,#4683,.F.);
#4685=CARTESIAN_POINT('',(19.881107838717334,0.118892161282667,-0.750000000000000));
#4686=VERTEX_POINT('',#4685);
#4687=CARTESIAN_POINT('',(19.881107838717334,0.118892161282666,-0.750000000000000));
#4688=DIRECTION('',(-0.506801000941428,0.862063075096461,0.0));
#4689=VECTOR('',#4688,2.733737213404246);
#4690=LINE('',#4687,#4689);
#4691=EDGE_CURVE('',#4686,#4676,#4690,.T.);
#4692=ORIENTED_EDGE('',*,*,#4691,.F.);
#4693=CARTESIAN_POINT('',(19.881107838717334,0.118892161282667,-0.740000000000000));
#4694=VERTEX_POINT('',#4693);
#4695=CARTESIAN_POINT('',(19.881107838717334,0.118892161282667,-0.750000000000000));
#4696=DIRECTION('',(0.0,0.0,1.0));
#4697=VECTOR('',#4696,0.010000000000000);
#4698=LINE('',#4695,#4697);
#4699=EDGE_CURVE('',#4686,#4694,#4698,.T.);
#4700=ORIENTED_EDGE('',*,*,#4699,.T.);
#4701=CARTESIAN_POINT('',(19.881107838717334,0.118892161282666,-0.740000000000000));
#4702=DIRECTION('',(-0.506801000941427,0.862063075096462,0.0));
#4703=VECTOR('',#4702,2.733737213404244);
#4704=LINE('',#4701,#4703);
#4705=EDGE_CURVE('',#4694,#4678,#4704,.T.);
#4706=ORIENTED_EDGE('',*,*,#4705,.T.);
#4707=EDGE_LOOP('',(#4684,#4692,#4700,#4706));
#4708=FACE_OUTER_BOUND('',#4707,.T.);
#4709=ADVANCED_FACE('',(#4708),#4674,.F.);
#4710=CARTESIAN_POINT('',(17.900000000000006,3.094103166670215,-0.740000000000000));
#4711=CARTESIAN_POINT('',(17.900000000000006,3.094103166670215,-0.750000000000000));
#4712=CARTESIAN_POINT('',(18.244822347165307,2.507564046962254,-0.740000000000000));
#4713=CARTESIAN_POINT('',(18.244822347165311,2.507564046962254,-0.750000000000000));
#4714=B_SPLINE_SURFACE_WITH_KNOTS('',1,1,((#4710,#4712),(#4711,#4713)),.UNSPECIFIED.,.F.,.F.,.U.,(2,2),(2,2),(0.0,0.010000000000000),(0.0,0.680390027890163),.UNSPECIFIED.);
#4715=CARTESIAN_POINT('',(18.244822347165307,2.507564046962256,-0.740000000000000));
#4716=VERTEX_POINT('',#4715);
#4717=CARTESIAN_POINT('',(18.244822347165307,2.507564046962256,-0.750000000000000));
#4718=DIRECTION('',(0.0,0.0,1.0));
#4719=VECTOR('',#4718,0.010000000000000);
#4720=LINE('',#4717,#4719);
#4721=EDGE_CURVE('',#1734,#4716,#4720,.T.);
#4722=ORIENTED_EDGE('',*,*,#4721,.F.);
#4723=ORIENTED_EDGE('',*,*,#1739,.F.);
#4724=CARTESIAN_POINT('',(17.900000000000006,3.094103166670215,-0.740000000000000));
#4725=VERTEX_POINT('',#4724);
#4726=CARTESIAN_POINT('',(17.900000000000006,3.094103166670215,-0.750000000000000));
#4727=DIRECTION('',(0.0,0.0,1.0));
#4728=VECTOR('',#4727,0.010000000000000);
#4729=LINE('',#4726,#4728);
#4730=EDGE_CURVE('',#1726,#4725,#4729,.T.);
#4731=ORIENTED_EDGE('',*,*,#4730,.T.);
#4732=CARTESIAN_POINT('',(17.900000000000009,3.094103166670214,-0.740000000000000));
#4733=DIRECTION('',(0.506801000941427,-0.862063075096462,0.0));
#4734=VECTOR('',#4733,0.680390027890159);
#4735=LINE('',#4732,#4734);
#4736=EDGE_CURVE('',#4725,#4716,#4735,.T.);
#4737=ORIENTED_EDGE('',*,*,#4736,.T.);
#4738=EDGE_LOOP('',(#4722,#4723,#4731,#4737));
#4739=FACE_OUTER_BOUND('',#4738,.T.);
#4740=ADVANCED_FACE('',(#4739),#4714,.F.);
#4741=CARTESIAN_POINT('',(16.851462479550939,1.900000000000000,-0.740000000000000));
#4742=CARTESIAN_POINT('',(16.851462479550939,1.900000000000000,-0.750000000000000));
#4743=CARTESIAN_POINT('',(17.346329408567023,1.609071108363969,-0.740000000000000));
#4744=CARTESIAN_POINT('',(17.346329408567023,1.609071108363970,-0.750000000000000));
#4745=B_SPLINE_SURFACE_WITH_KNOTS('',1,1,((#4741,#4743),(#4742,#4744)),.UNSPECIFIED.,.F.,.F.,.U.,(2,2),(2,2),(0.0,0.010000000000000),(0.0,0.574049560075068),.UNSPECIFIED.);
#4746=CARTESIAN_POINT('',(17.346329408567023,1.609071108363971,-0.750000000000000));
#4747=VERTEX_POINT('',#4746);
#4748=CARTESIAN_POINT('',(17.346329408567023,1.609071108363971,-0.740000000000000));
#4749=VERTEX_POINT('',#4748);
#4750=CARTESIAN_POINT('',(17.346329408567019,1.609071108363971,-0.750000000000000));
#4751=DIRECTION('',(0.0,0.0,1.0));
#4752=VECTOR('',#4751,0.010000000000000);
#4753=LINE('',#4750,#4752);
#4754=EDGE_CURVE('',#4747,#4749,#4753,.T.);
#4755=ORIENTED_EDGE('',*,*,#4754,.F.);
#4756=CARTESIAN_POINT('',(16.851462479550939,1.900000000000000,-0.750000000000000));
#4757=VERTEX_POINT('',#4756);
#4758=CARTESIAN_POINT('',(16.851462479550939,1.899999999999998,-0.750000000000000));
#4759=DIRECTION('',(0.862063075096463,-0.506801000941425,0.0));
#4760=VECTOR('',#4759,0.574049560075067);
#4761=LINE('',#4758,#4760);
#4762=EDGE_CURVE('',#4757,#4747,#4761,.T.);
#4763=ORIENTED_EDGE('',*,*,#4762,.F.);
#4764=CARTESIAN_POINT('',(16.851462479550939,1.900000000000000,-0.740000000000000));
#4765=VERTEX_POINT('',#4764);
#4766=CARTESIAN_POINT('',(16.851462479550939,1.900000000000000,-0.750000000000000));
#4767=DIRECTION('',(0.0,0.0,1.0));
#4768=VECTOR('',#4767,0.010000000000000);
#4769=LINE('',#4766,#4768);
#4770=EDGE_CURVE('',#4757,#4765,#4769,.T.);
#4771=ORIENTED_EDGE('',*,*,#4770,.T.);
#4772=CARTESIAN_POINT('',(16.851462479550939,1.900000000000000,-0.740000000000000));
#4773=DIRECTION('',(0.862063075096462,-0.506801000941426,0.0));
#4774=VECTOR('',#4773,0.574049560075067);
#4775=LINE('',#4772,#4774);
#4776=EDGE_CURVE('',#4765,#4749,#4775,.T.);
#4777=ORIENTED_EDGE('',*,*,#4776,.T.);
#4778=EDGE_LOOP('',(#4755,#4763,#4771,#4777));
#4779=FACE_OUTER_BOUND('',#4778,.T.);
#4780=ADVANCED_FACE('',(#4779),#4745,.F.);
#4781=CARTESIAN_POINT('',(17.524453930024436,1.504352917346766,-0.740000000000000));
#4782=CARTESIAN_POINT('',(17.524453930024436,1.504352917346766,-0.750000000000000));
#4783=CARTESIAN_POINT('',(19.881107838717337,0.118892161282663,-0.740000000000000));
#4784=CARTESIAN_POINT('',(19.881107838717341,0.118892161282663,-0.750000000000000));
#4785=B_SPLINE_SURFACE_WITH_KNOTS('',1,1,((#4781,#4783),(#4782,#4784)),.UNSPECIFIED.,.F.,.F.,.U.,(2,2),(2,2),(0.0,0.010000000000000),(0.0,2.733737213404253),.UNSPECIFIED.);
#4786=CARTESIAN_POINT('',(17.524453930024436,1.504352917346766,-0.740000000000000));
#4787=VERTEX_POINT('',#4786);
#4788=CARTESIAN_POINT('',(17.524453930024436,1.504352917346766,-0.750000000000000));
#4789=VERTEX_POINT('',#4788);
#4790=CARTESIAN_POINT('',(17.524453930024436,1.504352917346765,-0.740000000000000));
#4791=DIRECTION('',(0.0,0.0,-1.0));
#4792=VECTOR('',#4791,0.010000000000000);
#4793=LINE('',#4790,#4792);
#4794=EDGE_CURVE('',#4787,#4789,#4793,.T.);
#4795=ORIENTED_EDGE('',*,*,#4794,.F.);
#4796=CARTESIAN_POINT('',(17.524453930024439,1.504352917346766,-0.740000000000000));
#4797=DIRECTION('',(0.862063075096462,-0.506801000941427,0.0));
#4798=VECTOR('',#4797,2.733737213404245);
#4799=LINE('',#4796,#4798);
#4800=EDGE_CURVE('',#4787,#4694,#4799,.T.);
#4801=ORIENTED_EDGE('',*,*,#4800,.T.);
#4802=ORIENTED_EDGE('',*,*,#4699,.F.);
#4803=CARTESIAN_POINT('',(17.524453930024436,1.504352917346764,-0.750000000000000));
#4804=DIRECTION('',(0.862063075096462,-0.506801000941427,0.0));
#4805=VECTOR('',#4804,2.733737213404248);
#4806=LINE('',#4803,#4805);
#4807=EDGE_CURVE('',#4789,#4686,#4806,.T.);
#4808=ORIENTED_EDGE('',*,*,#4807,.F.);
#4809=EDGE_LOOP('',(#4795,#4801,#4802,#4808));
#4810=FACE_OUTER_BOUND('',#4809,.T.);
#4811=ADVANCED_FACE('',(#4810),#4785,.F.);
#4812=CARTESIAN_POINT('',(16.905896833329770,2.100000000000001,-0.750000000000000));
#4813=CARTESIAN_POINT('',(16.905896833329770,2.100000000000001,-0.740000000000000));
#4814=CARTESIAN_POINT('',(17.492435953037745,1.755177652834691,-0.750000000000000));
#4815=CARTESIAN_POINT('',(17.492435953037749,1.755177652834691,-0.740000000000000));
#4816=B_SPLINE_SURFACE_WITH_KNOTS('',1,1,((#4812,#4814),(#4813,#4815)),.UNSPECIFIED.,.F.,.F.,.U.,(2,2),(2,2),(0.0,0.010000000000000),(0.0,0.680390027890181),.UNSPECIFIED.);
#4817=CARTESIAN_POINT('',(17.492435953037742,1.755177652834690,-0.740000000000000));
#4818=VERTEX_POINT('',#4817);
#4819=CARTESIAN_POINT('',(17.492435953037742,1.755177652834691,-0.740000000000000));
#4820=DIRECTION('',(0.0,0.0,-1.0));
#4821=VECTOR('',#4820,0.010000000000000);
#4822=LINE('',#4819,#4821);
#4823=EDGE_CURVE('',#4818,#1742,#4822,.T.);
#4824=ORIENTED_EDGE('',*,*,#4823,.F.);
#4825=CARTESIAN_POINT('',(16.905896833329766,2.100000000000000,-0.740000000000000));
#4826=VERTEX_POINT('',#4825);
#4827=CARTESIAN_POINT('',(17.492435953037742,1.755177652834689,-0.740000000000000));
#4828=DIRECTION('',(-0.862063075096460,0.506801000941429,0.0));
#4829=VECTOR('',#4828,0.680390027890180);
#4830=LINE('',#4827,#4829);
#4831=EDGE_CURVE('',#4818,#4826,#4830,.T.);
#4832=ORIENTED_EDGE('',*,*,#4831,.T.);
#4833=CARTESIAN_POINT('',(16.905896833329766,2.100000000000000,-0.750000000000000));
#4834=DIRECTION('',(0.0,0.0,1.0));
#4835=VECTOR('',#4834,0.010000000000000);
#4836=LINE('',#4833,#4835);
#4837=EDGE_CURVE('',#1750,#4826,#4836,.T.);
#4838=ORIENTED_EDGE('',*,*,#4837,.F.);
#4839=ORIENTED_EDGE('',*,*,#1755,.F.);
#4840=EDGE_LOOP('',(#4824,#4832,#4838,#4839));
#4841=FACE_OUTER_BOUND('',#4840,.T.);
#4842=ADVANCED_FACE('',(#4841),#4816,.F.);
#4843=CARTESIAN_POINT('',(18.100000000000009,6.851462479550943,-0.750000000000000));
#4844=CARTESIAN_POINT('',(18.100000000000009,6.851462479550943,-0.740000000000000));
#4845=CARTESIAN_POINT('',(18.100000000000009,3.148537520449042,-0.750000000000000));
#4846=CARTESIAN_POINT('',(18.100000000000009,3.148537520449043,-0.740000000000000));
#4847=B_SPLINE_SURFACE_WITH_KNOTS('',1,1,((#4843,#4845),(#4844,#4846)),.UNSPECIFIED.,.F.,.F.,.U.,(2,2),(2,2),(0.0,0.010000000000000),(0.0,3.702924959101900),.UNSPECIFIED.);
#4848=CARTESIAN_POINT('',(18.099999999999994,6.851462479550943,-0.740000000000000));
#4849=VERTEX_POINT('',#4848);
#4850=CARTESIAN_POINT('',(18.099999999999991,3.148537520449042,-0.740000000000000));
#4851=DIRECTION('',(0.0,1.0,0.0));
#4852=VECTOR('',#4851,3.702924959101900);
#4853=LINE('',#4850,#4852);
#4854=EDGE_CURVE('',#4646,#4849,#4853,.T.);
#4855=ORIENTED_EDGE('',*,*,#4854,.T.);
#4856=CARTESIAN_POINT('',(18.099999999999994,6.851462479550943,-0.750000000000000));
#4857=VERTEX_POINT('',#4856);
#4858=CARTESIAN_POINT('',(18.099999999999994,6.851462479550943,-0.750000000000000));
#4859=DIRECTION('',(0.0,0.0,1.0));
#4860=VECTOR('',#4859,0.010000000000000);
#4861=LINE('',#4858,#4860);
#4862=EDGE_CURVE('',#4857,#4849,#4861,.T.);
#4863=ORIENTED_EDGE('',*,*,#4862,.F.);
#4864=CARTESIAN_POINT('',(18.100000000000009,3.148537520449041,-0.750000000000000));
#4865=DIRECTION('',(0.0,1.0,0.0));
#4866=VECTOR('',#4865,3.702924959101901);
#4867=LINE('',#4864,#4866);
#4868=EDGE_CURVE('',#4654,#4857,#4867,.T.);
#4869=ORIENTED_EDGE('',*,*,#4868,.F.);
#4870=ORIENTED_EDGE('',*,*,#4659,.T.);
#4871=EDGE_LOOP('',(#4855,#4863,#4869,#4870));
#4872=FACE_OUTER_BOUND('',#4871,.T.);
#4873=ADVANCED_FACE('',(#4872),#4847,.F.);
#4874=CARTESIAN_POINT('',(18.349540538182513,2.329439525504840,-0.740000000000000));
#4875=CARTESIAN_POINT('',(18.349540538182513,2.329439525504840,-0.750000000000000));
#4876=CARTESIAN_POINT('',(19.318143158415666,0.681856841584327,-0.740000000000000));
#4877=CARTESIAN_POINT('',(19.318143158415662,0.681856841584327,-0.750000000000000));
#4878=B_SPLINE_SURFACE_WITH_KNOTS('',1,1,((#4874,#4876),(#4875,#4877)),.UNSPECIFIED.,.F.,.F.,.U.,(2,2),(2,2),(0.0,0.010000000000000),(0.0,1.911208972424849),.UNSPECIFIED.);
#4879=CARTESIAN_POINT('',(18.349540538182513,2.329439525504841,-0.740000000000000));
#4880=VERTEX_POINT('',#4879);
#4881=CARTESIAN_POINT('',(18.349540538182513,2.329439525504841,-0.750000000000000));
#4882=VERTEX_POINT('',#4881);
#4883=CARTESIAN_POINT('',(18.349540538182513,2.329439525504840,-0.740000000000000));
#4884=DIRECTION('',(0.0,0.0,-1.0));
#4885=VECTOR('',#4884,0.010000000000000);
#4886=LINE('',#4883,#4885);
#4887=EDGE_CURVE('',#4880,#4882,#4886,.T.);
#4888=ORIENTED_EDGE('',*,*,#4887,.F.);
#4889=CARTESIAN_POINT('',(19.318143158415666,0.681856841584330,-0.740000000000000));
#4890=VERTEX_POINT('',#4889);
#4891=CARTESIAN_POINT('',(18.349540538182513,2.329439525504841,-0.740000000000000));
#4892=DIRECTION('',(0.506801000941429,-0.862063075096461,0.0));
#4893=VECTOR('',#4892,1.911208972424848);
#4894=LINE('',#4891,#4893);
#4895=EDGE_CURVE('',#4880,#4890,#4894,.T.);
#4896=ORIENTED_EDGE('',*,*,#4895,.T.);
#4897=CARTESIAN_POINT('',(19.318143158415666,0.681856841584330,-0.750000000000000));
#4898=VERTEX_POINT('',#4897);
#4899=CARTESIAN_POINT('',(19.318143158415666,0.681856841584330,-0.750000000000000));
#4900=DIRECTION('',(0.0,0.0,1.0));
#4901=VECTOR('',#4900,0.010000000000000);
#4902=LINE('',#4899,#4901);
#4903=EDGE_CURVE('',#4898,#4890,#4902,.T.);
#4904=ORIENTED_EDGE('',*,*,#4903,.F.);
#4905=CARTESIAN_POINT('',(18.349540538182513,2.329439525504841,-0.750000000000000));
#4906=DIRECTION('',(0.506801000941429,-0.862063075096461,0.0));
#4907=VECTOR('',#4906,1.911208972424849);
#4908=LINE('',#4905,#4907);
#4909=EDGE_CURVE('',#4882,#4898,#4908,.T.);
#4910=ORIENTED_EDGE('',*,*,#4909,.F.);
#4911=EDGE_LOOP('',(#4888,#4896,#4904,#4910));
#4912=FACE_OUTER_BOUND('',#4911,.T.);
#4913=ADVANCED_FACE('',(#4912),#4878,.F.);
#4914=CARTESIAN_POINT('',(17.670560474495154,1.650459461817485,-0.750000000000000));
#4915=CARTESIAN_POINT('',(17.670560474495154,1.650459461817485,-0.740000000000000));
#4916=CARTESIAN_POINT('',(19.318143158415666,0.681856841584330,-0.750000000000000));
#4917=CARTESIAN_POINT('',(19.318143158415666,0.681856841584330,-0.740000000000000));
#4918=B_SPLINE_SURFACE_WITH_KNOTS('',1,1,((#4914,#4916),(#4915,#4917)),.UNSPECIFIED.,.F.,.F.,.U.,(2,2),(2,2),(0.0,0.010000000000000),(0.0,1.911208972424850),.UNSPECIFIED.);
#4919=CARTESIAN_POINT('',(17.670560474495154,1.650459461817484,-0.750000000000000));
#4920=VERTEX_POINT('',#4919);
#4921=CARTESIAN_POINT('',(17.670560474495154,1.650459461817484,-0.740000000000000));
#4922=VERTEX_POINT('',#4921);
#4923=CARTESIAN_POINT('',(17.670560474495154,1.650459461817484,-0.750000000000000));
#4924=DIRECTION('',(0.0,0.0,1.0));
#4925=VECTOR('',#4924,0.010000000000000);
#4926=LINE('',#4923,#4925);
#4927=EDGE_CURVE('',#4920,#4922,#4926,.T.);
#4928=ORIENTED_EDGE('',*,*,#4927,.F.);
#4929=CARTESIAN_POINT('',(19.318143158415662,0.681856841584329,-0.750000000000000));
#4930=DIRECTION('',(-0.862063075096460,0.506801000941431,0.0));
#4931=VECTOR('',#4930,1.911208972424846);
#4932=LINE('',#4929,#4931);
#4933=EDGE_CURVE('',#4898,#4920,#4932,.T.);
#4934=ORIENTED_EDGE('',*,*,#4933,.F.);
#4935=ORIENTED_EDGE('',*,*,#4903,.T.);
#4936=CARTESIAN_POINT('',(19.318143158415662,0.681856841584330,-0.740000000000000));
#4937=DIRECTION('',(-0.862063075096460,0.506801000941430,0.0));
#4938=VECTOR('',#4937,1.911208972424846);
#4939=LINE('',#4936,#4938);
#4940=EDGE_CURVE('',#4890,#4922,#4939,.T.);
#4941=ORIENTED_EDGE('',*,*,#4940,.T.);
#4942=EDGE_LOOP('',(#4928,#4934,#4935,#4941));
#4943=FACE_OUTER_BOUND('',#4942,.T.);
#4944=ADVANCED_FACE('',(#4943),#4918,.F.);
#4945=CARTESIAN_POINT('',(16.905896833329770,2.100000000000000,-0.740000000000000));
#4946=CARTESIAN_POINT('',(16.905896833329770,2.100000000000000,-0.750000000000000));
#4947=CARTESIAN_POINT('',(3.094103166670214,2.100000000000001,-0.740000000000000));
#4948=CARTESIAN_POINT('',(3.094103166670216,2.100000000000001,-0.750000000000000));
#4949=B_SPLINE_SURFACE_WITH_KNOTS('',1,1,((#4945,#4947),(#4946,#4948)),.UNSPECIFIED.,.F.,.F.,.U.,(2,2),(2,2),(0.0,0.010000000000000),(0.0,13.811793666659556),.UNSPECIFIED.);
#4950=CARTESIAN_POINT('',(3.094103166670215,2.099999999999991,-0.740000000000000));
#4951=VERTEX_POINT('',#4950);
#4952=CARTESIAN_POINT('',(16.905896833329763,2.100000000000012,-0.740000000000000));
#4953=DIRECTION('',(-1.0,0.0,0.0));
#4954=VECTOR('',#4953,13.811793666659549);
#4955=LINE('',#4952,#4954);
#4956=EDGE_CURVE('',#4826,#4951,#4955,.T.);
#4957=ORIENTED_EDGE('',*,*,#4956,.T.);
#4958=CARTESIAN_POINT('',(3.094103166670215,2.099999999999991,-0.750000000000000));
#4959=DIRECTION('',(0.0,0.0,1.0));
#4960=VECTOR('',#4959,0.010000000000000);
#4961=LINE('',#4958,#4960);
#4962=EDGE_CURVE('',#1758,#4951,#4961,.T.);
#4963=ORIENTED_EDGE('',*,*,#4962,.F.);
#4964=ORIENTED_EDGE('',*,*,#1763,.F.);
#4965=ORIENTED_EDGE('',*,*,#4837,.T.);
#4966=EDGE_LOOP('',(#4957,#4963,#4964,#4965));
#4967=FACE_OUTER_BOUND('',#4966,.T.);
#4968=ADVANCED_FACE('',(#4967),#4949,.F.);
#4969=CARTESIAN_POINT('',(18.349540538182513,2.329439525504840,-0.750000000000000));
#4970=CARTESIAN_POINT('',(18.349540538182513,2.329439525504840,-0.740000000000000));
#4971=CARTESIAN_POINT('',(17.670560474495154,1.650459461817483,-0.750000000000000));
#4972=CARTESIAN_POINT('',(17.670560474495158,1.650459461817483,-0.740000000000000));
#4973=B_SPLINE_SURFACE_WITH_KNOTS('',1,1,((#4969,#4971),(#4970,#4972)),.UNSPECIFIED.,.F.,.F.,.U.,(2,2),(2,2),(0.0,0.010000000000000),(0.0,0.960222814647610),.UNSPECIFIED.);
#4974=ORIENTED_EDGE('',*,*,#4887,.T.);
#4975=CARTESIAN_POINT('',(17.670560474495154,1.650459461817483,-0.750000000000000));
#4976=DIRECTION('',(0.707106781186548,0.707106781186547,0.0));
#4977=VECTOR('',#4976,0.960222814647609);
#4978=LINE('',#4975,#4977);
#4979=EDGE_CURVE('',#4920,#4882,#4978,.T.);
#4980=ORIENTED_EDGE('',*,*,#4979,.F.);
#4981=ORIENTED_EDGE('',*,*,#4927,.T.);
#4982=CARTESIAN_POINT('',(17.670560474495158,1.650459461817485,-0.740000000000000));
#4983=DIRECTION('',(0.707106781186547,0.707106781186548,0.0));
#4984=VECTOR('',#4983,0.960222814647606);
#4985=LINE('',#4982,#4984);
#4986=EDGE_CURVE('',#4922,#4880,#4985,.T.);
#4987=ORIENTED_EDGE('',*,*,#4986,.T.);
#4988=EDGE_LOOP('',(#4974,#4980,#4981,#4987));
#4989=FACE_OUTER_BOUND('',#4988,.T.);
#4990=ADVANCED_FACE('',(#4989),#4973,.F.);
#4991=CARTESIAN_POINT('',(17.524453930024436,1.504352917346765,-0.750000000000000));
#4992=CARTESIAN_POINT('',(17.524453930024436,1.504352917346765,-0.740000000000000));
#4993=CARTESIAN_POINT('',(16.920101012677669,0.899999999999998,-0.750000000000000));
#4994=CARTESIAN_POINT('',(16.920101012677669,0.899999999999999,-0.740000000000000));
#4995=B_SPLINE_SURFACE_WITH_KNOTS('',1,1,((#4991,#4993),(#4992,#4994)),.UNSPECIFIED.,.F.,.F.,.U.,(2,2),(2,2),(0.0,0.010000000000000),(0.0,0.854684092171543),.UNSPECIFIED.);
#4996=ORIENTED_EDGE('',*,*,#4794,.T.);
#4997=CARTESIAN_POINT('',(16.920101012677669,0.899999999999999,-0.750000000000000));
#4998=VERTEX_POINT('',#4997);
#4999=CARTESIAN_POINT('',(16.920101012677669,0.899999999999998,-0.750000000000000));
#5000=DIRECTION('',(0.707106781186549,0.707106781186546,0.0));
#5001=VECTOR('',#5000,0.854684092171546);
#5002=LINE('',#4999,#5001);
#5003=EDGE_CURVE('',#4998,#4789,#5002,.T.);
#5004=ORIENTED_EDGE('',*,*,#5003,.F.);
#5005=CARTESIAN_POINT('',(16.920101012677669,0.899999999999999,-0.740000000000000));
#5006=VERTEX_POINT('',#5005);
#5007=CARTESIAN_POINT('',(16.920101012677669,0.899999999999999,-0.750000000000000));
#5008=DIRECTION('',(0.0,0.0,1.0));
#5009=VECTOR('',#5008,0.010000000000000);
#5010=LINE('',#5007,#5009);
#5011=EDGE_CURVE('',#4998,#5006,#5010,.T.);
#5012=ORIENTED_EDGE('',*,*,#5011,.T.);
#5013=CARTESIAN_POINT('',(16.920101012677669,0.899999999999999,-0.740000000000000));
#5014=DIRECTION('',(0.707106781186549,0.707106781186546,0.0));
#5015=VECTOR('',#5014,0.854684092171546);
#5016=LINE('',#5013,#5015);
#5017=EDGE_CURVE('',#5006,#4787,#5016,.T.);
#5018=ORIENTED_EDGE('',*,*,#5017,.T.);
#5019=EDGE_LOOP('',(#4996,#5004,#5012,#5018));
#5020=FACE_OUTER_BOUND('',#5019,.T.);
#5021=ADVANCED_FACE('',(#5020),#4995,.F.);
#5022=CARTESIAN_POINT('',(17.346329408567023,1.609071108363972,-0.740000000000000));
#5023=CARTESIAN_POINT('',(17.346329408567023,1.609071108363972,-0.750000000000000));
#5024=CARTESIAN_POINT('',(16.837258300203047,1.099999999999996,-0.740000000000000));
#5025=CARTESIAN_POINT('',(16.837258300203047,1.099999999999996,-0.750000000000000));
#5026=B_SPLINE_SURFACE_WITH_KNOTS('',1,1,((#5022,#5024),(#5023,#5025)),.UNSPECIFIED.,.F.,.F.,.U.,(2,2),(2,2),(0.0,0.010000000000000),(0.0,0.719935265660638),.UNSPECIFIED.);
#5027=ORIENTED_EDGE('',*,*,#4754,.T.);
#5028=CARTESIAN_POINT('',(16.837258300203047,1.099999999999994,-0.740000000000000));
#5029=VERTEX_POINT('',#5028);
#5030=CARTESIAN_POINT('',(17.346329408567023,1.609071108363972,-0.740000000000000));
#5031=DIRECTION('',(-0.707106781186547,-0.707106781186548,0.0));
#5032=VECTOR('',#5031,0.719935265660639);
#5033=LINE('',#5030,#5032);
#5034=EDGE_CURVE('',#4749,#5029,#5033,.T.);
#5035=ORIENTED_EDGE('',*,*,#5034,.T.);
#5036=CARTESIAN_POINT('',(16.837258300203047,1.099999999999994,-0.750000000000000));
#5037=VERTEX_POINT('',#5036);
#5038=CARTESIAN_POINT('',(16.837258300203047,1.099999999999994,-0.750000000000000));
#5039=DIRECTION('',(0.0,0.0,1.0));
#5040=VECTOR('',#5039,0.010000000000000);
#5041=LINE('',#5038,#5040);
#5042=EDGE_CURVE('',#5037,#5029,#5041,.T.);
#5043=ORIENTED_EDGE('',*,*,#5042,.F.);
#5044=CARTESIAN_POINT('',(17.346329408567023,1.609071108363972,-0.750000000000000));
#5045=DIRECTION('',(-0.707106781186547,-0.707106781186548,0.0));
#5046=VECTOR('',#5045,0.719935265660639);
#5047=LINE('',#5044,#5046);
#5048=EDGE_CURVE('',#4747,#5037,#5047,.T.);
#5049=ORIENTED_EDGE('',*,*,#5048,.F.);
#5050=EDGE_LOOP('',(#5027,#5035,#5043,#5049));
#5051=FACE_OUTER_BOUND('',#5050,.T.);
#5052=ADVANCED_FACE('',(#5051),#5026,.F.);
#5053=CARTESIAN_POINT('',(18.244822347165307,2.507564046962258,-0.740000000000000));
#5054=CARTESIAN_POINT('',(18.244822347165307,2.507564046962258,-0.750000000000000));
#5055=CARTESIAN_POINT('',(17.492435953037742,1.755177652834691,-0.740000000000000));
#5056=CARTESIAN_POINT('',(17.492435953037745,1.755177652834691,-0.750000000000000));
#5057=B_SPLINE_SURFACE_WITH_KNOTS('',1,1,((#5053,#5055),(#5054,#5056)),.UNSPECIFIED.,.F.,.F.,.U.,(2,2),(2,2),(0.0,0.010000000000000),(0.0,1.064035042720193),.UNSPECIFIED.);
#5058=ORIENTED_EDGE('',*,*,#4721,.T.);
#5059=CARTESIAN_POINT('',(18.244822347165304,2.507564046962256,-0.740000000000000));
#5060=DIRECTION('',(-0.707106781186546,-0.707106781186549,0.0));
#5061=VECTOR('',#5060,1.064035042720189);
#5062=LINE('',#5059,#5061);
#5063=EDGE_CURVE('',#4716,#4818,#5062,.T.);
#5064=ORIENTED_EDGE('',*,*,#5063,.T.);
#5065=ORIENTED_EDGE('',*,*,#4823,.T.);
#5066=ORIENTED_EDGE('',*,*,#1747,.F.);
#5067=EDGE_LOOP('',(#5058,#5064,#5065,#5066));
#5068=FACE_OUTER_BOUND('',#5067,.T.);
#5069=ADVANCED_FACE('',(#5068),#5057,.F.);
#5070=CARTESIAN_POINT('',(3.148537520449042,1.899999999999992,-0.750000000000000));
#5071=CARTESIAN_POINT('',(3.148537520449042,1.899999999999992,-0.740000000000000));
#5072=CARTESIAN_POINT('',(2.653670591432976,1.609071108363971,-0.750000000000000));
#5073=CARTESIAN_POINT('',(2.653670591432976,1.609071108363972,-0.740000000000000));
#5074=B_SPLINE_SURFACE_WITH_KNOTS('',1,1,((#5070,#5072),(#5071,#5073)),.UNSPECIFIED.,.F.,.F.,.U.,(2,2),(2,2),(0.0,0.010000000000000),(0.0,0.574049560075048),.UNSPECIFIED.);
#5075=CARTESIAN_POINT('',(2.653670591432976,1.609071108363971,-0.740000000000000));
#5076=VERTEX_POINT('',#5075);
#5077=CARTESIAN_POINT('',(2.653670591432976,1.609071108363971,-0.750000000000000));
#5078=VERTEX_POINT('',#5077);
#5079=CARTESIAN_POINT('',(2.653670591432976,1.609071108363972,-0.740000000000000));
#5080=DIRECTION('',(0.0,0.0,-1.0));
#5081=VECTOR('',#5080,0.010000000000000);
#5082=LINE('',#5079,#5081);
#5083=EDGE_CURVE('',#5076,#5078,#5082,.T.);
#5084=ORIENTED_EDGE('',*,*,#5083,.F.);
#5085=CARTESIAN_POINT('',(3.148537520449042,1.899999999999991,-0.740000000000000));
#5086=VERTEX_POINT('',#5085);
#5087=CARTESIAN_POINT('',(2.653670591432976,1.609071108363972,-0.740000000000000));
#5088=DIRECTION('',(0.862063075096461,0.506801000941428,0.0));
#5089=VECTOR('',#5088,0.574049560075046);
#5090=LINE('',#5087,#5089);
#5091=EDGE_CURVE('',#5076,#5086,#5090,.T.);
#5092=ORIENTED_EDGE('',*,*,#5091,.T.);
#5093=CARTESIAN_POINT('',(3.148537520449042,1.899999999999991,-0.750000000000000));
#5094=VERTEX_POINT('',#5093);
#5095=CARTESIAN_POINT('',(3.148537520449042,1.899999999999991,-0.750000000000000));
#5096=DIRECTION('',(0.0,0.0,1.0));
#5097=VECTOR('',#5096,0.010000000000000);
#5098=LINE('',#5095,#5097);
#5099=EDGE_CURVE('',#5094,#5086,#5098,.T.);
#5100=ORIENTED_EDGE('',*,*,#5099,.F.);
#5101=CARTESIAN_POINT('',(2.653670591432975,1.609071108363970,-0.750000000000000));
#5102=DIRECTION('',(0.862063075096461,0.506801000941428,0.0));
#5103=VECTOR('',#5102,0.574049560075047);
#5104=LINE('',#5101,#5103);
#5105=EDGE_CURVE('',#5078,#5094,#5104,.T.);
#5106=ORIENTED_EDGE('',*,*,#5105,.F.);
#5107=EDGE_LOOP('',(#5084,#5092,#5100,#5106));
#5108=FACE_OUTER_BOUND('',#5107,.T.);
#5109=ADVANCED_FACE('',(#5108),#5074,.F.);
#5110=CARTESIAN_POINT('',(2.475546069975562,1.504352917346767,-0.750000000000000));
#5111=CARTESIAN_POINT('',(2.475546069975562,1.504352917346767,-0.740000000000000));
#5112=CARTESIAN_POINT('',(0.118892161282671,0.118892161282666,-0.750000000000000));
#5113=CARTESIAN_POINT('',(0.118892161282671,0.118892161282666,-0.740000000000000));
#5114=B_SPLINE_SURFACE_WITH_KNOTS('',1,1,((#5110,#5112),(#5111,#5113)),.UNSPECIFIED.,.F.,.F.,.U.,(2,2),(2,2),(0.0,0.010000000000000),(0.0,2.733737213404242),.UNSPECIFIED.);
#5115=CARTESIAN_POINT('',(2.475546069975561,1.504352917346766,-0.750000000000000));
#5116=VERTEX_POINT('',#5115);
#5117=CARTESIAN_POINT('',(2.475546069975561,1.504352917346766,-0.740000000000000));
#5118=VERTEX_POINT('',#5117);
#5119=CARTESIAN_POINT('',(2.475546069975561,1.504352917346766,-0.750000000000000));
#5120=DIRECTION('',(0.0,0.0,1.0));
#5121=VECTOR('',#5120,0.010000000000000);
#5122=LINE('',#5119,#5121);
#5123=EDGE_CURVE('',#5116,#5118,#5122,.T.);
#5124=ORIENTED_EDGE('',*,*,#5123,.F.);
#5125=CARTESIAN_POINT('',(0.118892161282671,0.118892161282667,-0.750000000000000));
#5126=VERTEX_POINT('',#5125);
#5127=CARTESIAN_POINT('',(0.118892161282670,0.118892161282665,-0.750000000000000));
#5128=DIRECTION('',(0.862063075096461,0.506801000941428,0.0));
#5129=VECTOR('',#5128,2.733737213404242);
#5130=LINE('',#5127,#5129);
#5131=EDGE_CURVE('',#5126,#5116,#5130,.T.);
#5132=ORIENTED_EDGE('',*,*,#5131,.F.);
#5133=CARTESIAN_POINT('',(0.118892161282671,0.118892161282667,-0.740000000000000));
#5134=VERTEX_POINT('',#5133);
#5135=CARTESIAN_POINT('',(0.118892161282671,0.118892161282667,-0.750000000000000));
#5136=DIRECTION('',(0.0,0.0,1.0));
#5137=VECTOR('',#5136,0.010000000000000);
#5138=LINE('',#5135,#5137);
#5139=EDGE_CURVE('',#5126,#5134,#5138,.T.);
#5140=ORIENTED_EDGE('',*,*,#5139,.T.);
#5141=CARTESIAN_POINT('',(0.118892161282671,0.118892161282667,-0.740000000000000));
#5142=DIRECTION('',(0.862063075096461,0.506801000941428,0.0));
#5143=VECTOR('',#5142,2.733737213404241);
#5144=LINE('',#5141,#5143);
#5145=EDGE_CURVE('',#5134,#5118,#5144,.T.);
#5146=ORIENTED_EDGE('',*,*,#5145,.T.);
#5147=EDGE_LOOP('',(#5124,#5132,#5140,#5146));
#5148=FACE_OUTER_BOUND('',#5147,.T.);
#5149=ADVANCED_FACE('',(#5148),#5114,.F.);
#5150=CARTESIAN_POINT('',(3.094103166670216,2.099999999999991,-0.740000000000000));
#5151=CARTESIAN_POINT('',(3.094103166670216,2.099999999999991,-0.750000000000000));
#5152=CARTESIAN_POINT('',(2.507564046962256,1.755177652834691,-0.740000000000000));
#5153=CARTESIAN_POINT('',(2.507564046962255,1.755177652834691,-0.750000000000000));
#5154=B_SPLINE_SURFACE_WITH_KNOTS('',1,1,((#5150,#5152),(#5151,#5153)),.UNSPECIFIED.,.F.,.F.,.U.,(2,2),(2,2),(0.0,0.010000000000000),(0.0,0.680390027890162),.UNSPECIFIED.);
#5155=CARTESIAN_POINT('',(2.507564046962255,1.755177652834691,-0.740000000000000));
#5156=VERTEX_POINT('',#5155);
#5157=CARTESIAN_POINT('',(2.507564046962256,1.755177652834691,-0.750000000000000));
#5158=DIRECTION('',(0.0,0.0,1.0));
#5159=VECTOR('',#5158,0.010000000000000);
#5160=LINE('',#5157,#5159);
#5161=EDGE_CURVE('',#1766,#5156,#5160,.T.);
#5162=ORIENTED_EDGE('',*,*,#5161,.F.);
#5163=ORIENTED_EDGE('',*,*,#1771,.F.);
#5164=ORIENTED_EDGE('',*,*,#4962,.T.);
#5165=CARTESIAN_POINT('',(3.094103166670213,2.099999999999991,-0.740000000000000));
#5166=DIRECTION('',(-0.862063075096461,-0.506801000941428,0.0));
#5167=VECTOR('',#5166,0.680390027890160);
#5168=LINE('',#5165,#5167);
#5169=EDGE_CURVE('',#4951,#5156,#5168,.T.);
#5170=ORIENTED_EDGE('',*,*,#5169,.T.);
#5171=EDGE_LOOP('',(#5162,#5163,#5164,#5170));
#5172=FACE_OUTER_BOUND('',#5171,.T.);
#5173=ADVANCED_FACE('',(#5172),#5154,.F.);
#5174=CARTESIAN_POINT('',(1.900000000000002,3.148537520449055,-0.740000000000000));
#5175=CARTESIAN_POINT('',(1.900000000000002,3.148537520449055,-0.750000000000000));
#5176=CARTESIAN_POINT('',(1.609071108363973,2.653670591432973,-0.740000000000000));
#5177=CARTESIAN_POINT('',(1.609071108363973,2.653670591432972,-0.750000000000000));
#5178=B_SPLINE_SURFACE_WITH_KNOTS('',1,1,((#5174,#5176),(#5175,#5177)),.UNSPECIFIED.,.F.,.F.,.U.,(2,2),(2,2),(0.0,0.010000000000000),(0.0,0.574049560075066),.UNSPECIFIED.);
#5179=CARTESIAN_POINT('',(1.609071108363973,2.653670591432973,-0.750000000000000));
#5180=VERTEX_POINT('',#5179);
#5181=CARTESIAN_POINT('',(1.609071108363973,2.653670591432973,-0.740000000000000));
#5182=VERTEX_POINT('',#5181);
#5183=CARTESIAN_POINT('',(1.609071108363973,2.653670591432973,-0.750000000000000));
#5184=DIRECTION('',(0.0,0.0,1.0));
#5185=VECTOR('',#5184,0.010000000000000);
#5186=LINE('',#5183,#5185);
#5187=EDGE_CURVE('',#5180,#5182,#5186,.T.);
#5188=ORIENTED_EDGE('',*,*,#5187,.F.);
#5189=CARTESIAN_POINT('',(1.900000000000002,3.148537520449056,-0.750000000000000));
#5190=DIRECTION('',(-0.506801000941426,-0.862063075096462,0.0));
#5191=VECTOR('',#5190,0.574049560075066);
#5192=LINE('',#5189,#5191);
#5193=EDGE_CURVE('',#4614,#5180,#5192,.T.);
#5194=ORIENTED_EDGE('',*,*,#5193,.F.);
#5195=ORIENTED_EDGE('',*,*,#4619,.T.);
#5196=CARTESIAN_POINT('',(1.900000000000002,3.148537520449056,-0.740000000000000));
#5197=DIRECTION('',(-0.506801000941426,-0.862063075096462,0.0));
#5198=VECTOR('',#5197,0.574049560075067);
#5199=LINE('',#5196,#5198);
#5200=EDGE_CURVE('',#4606,#5182,#5199,.T.);
#5201=ORIENTED_EDGE('',*,*,#5200,.T.);
#5202=EDGE_LOOP('',(#5188,#5194,#5195,#5201));
#5203=FACE_OUTER_BOUND('',#5202,.T.);
#5204=ADVANCED_FACE('',(#5203),#5178,.F.);
#5205=CARTESIAN_POINT('',(1.504352917346769,2.475546069975559,-0.740000000000000));
#5206=CARTESIAN_POINT('',(1.504352917346769,2.475546069975559,-0.750000000000000));
#5207=CARTESIAN_POINT('',(0.118892161282672,0.118892161282665,-0.740000000000000));
#5208=CARTESIAN_POINT('',(0.118892161282672,0.118892161282665,-0.750000000000000));
#5209=B_SPLINE_SURFACE_WITH_KNOTS('',1,1,((#5205,#5207),(#5206,#5208)),.UNSPECIFIED.,.F.,.F.,.U.,(2,2),(2,2),(0.0,0.010000000000000),(0.0,2.733737213404242),.UNSPECIFIED.);
#5210=CARTESIAN_POINT('',(1.504352917346768,2.475546069975559,-0.740000000000000));
#5211=VERTEX_POINT('',#5210);
#5212=CARTESIAN_POINT('',(1.504352917346768,2.475546069975559,-0.750000000000000));
#5213=VERTEX_POINT('',#5212);
#5214=CARTESIAN_POINT('',(1.504352917346769,2.475546069975559,-0.740000000000000));
#5215=DIRECTION('',(0.0,0.0,-1.0));
#5216=VECTOR('',#5215,0.010000000000000);
#5217=LINE('',#5214,#5216);
#5218=EDGE_CURVE('',#5211,#5213,#5217,.T.);
#5219=ORIENTED_EDGE('',*,*,#5218,.F.);
#5220=CARTESIAN_POINT('',(1.504352917346768,2.475546069975559,-0.740000000000000));
#5221=DIRECTION('',(-0.506801000941427,-0.862063075096462,0.0));
#5222=VECTOR('',#5221,2.733737213404241);
#5223=LINE('',#5220,#5222);
#5224=EDGE_CURVE('',#5211,#5134,#5223,.T.);
#5225=ORIENTED_EDGE('',*,*,#5224,.T.);
#5226=ORIENTED_EDGE('',*,*,#5139,.F.);
#5227=CARTESIAN_POINT('',(1.504352917346769,2.475546069975560,-0.750000000000000));
#5228=DIRECTION('',(-0.506801000941426,-0.862063075096462,0.0));
#5229=VECTOR('',#5228,2.733737213404244);
#5230=LINE('',#5227,#5229);
#5231=EDGE_CURVE('',#5213,#5126,#5230,.T.);
#5232=ORIENTED_EDGE('',*,*,#5231,.F.);
#5233=EDGE_LOOP('',(#5219,#5225,#5226,#5232));
#5234=FACE_OUTER_BOUND('',#5233,.T.);
#5235=ADVANCED_FACE('',(#5234),#5209,.F.);
#5236=CARTESIAN_POINT('',(2.100000000000001,3.094103166670229,-0.750000000000000));
#5237=CARTESIAN_POINT('',(2.100000000000001,3.094103166670229,-0.740000000000000));
#5238=CARTESIAN_POINT('',(1.755177652834691,2.507564046962254,-0.750000000000000));
#5239=CARTESIAN_POINT('',(1.755177652834691,2.507564046962254,-0.740000000000000));
#5240=B_SPLINE_SURFACE_WITH_KNOTS('',1,1,((#5236,#5238),(#5237,#5239)),.UNSPECIFIED.,.F.,.F.,.U.,(2,2),(2,2),(0.0,0.010000000000000),(0.0,0.680390027890180),.UNSPECIFIED.);
#5241=CARTESIAN_POINT('',(1.755177652834692,2.507564046962254,-0.740000000000000));
#5242=VERTEX_POINT('',#5241);
#5243=CARTESIAN_POINT('',(1.755177652834691,2.507564046962254,-0.740000000000000));
#5244=DIRECTION('',(0.0,0.0,-1.0));
#5245=VECTOR('',#5244,0.010000000000000);
#5246=LINE('',#5243,#5245);
#5247=EDGE_CURVE('',#5242,#1774,#5246,.T.);
#5248=ORIENTED_EDGE('',*,*,#5247,.F.);
#5249=CARTESIAN_POINT('',(2.100000000000002,3.094103166670228,-0.740000000000000));
#5250=VERTEX_POINT('',#5249);
#5251=CARTESIAN_POINT('',(1.755177652834692,2.507564046962254,-0.740000000000000));
#5252=DIRECTION('',(0.506801000941430,0.862063075096460,0.0));
#5253=VECTOR('',#5252,0.680390027890179);
#5254=LINE('',#5251,#5253);
#5255=EDGE_CURVE('',#5242,#5250,#5254,.T.);
#5256=ORIENTED_EDGE('',*,*,#5255,.T.);
#5257=CARTESIAN_POINT('',(2.100000000000002,3.094103166670228,-0.750000000000000));
#5258=DIRECTION('',(0.0,0.0,1.0));
#5259=VECTOR('',#5258,0.010000000000000);
#5260=LINE('',#5257,#5259);
#5261=EDGE_CURVE('',#1782,#5250,#5260,.T.);
#5262=ORIENTED_EDGE('',*,*,#5261,.F.);
#5263=ORIENTED_EDGE('',*,*,#1787,.F.);
#5264=EDGE_LOOP('',(#5248,#5256,#5262,#5263));
#5265=FACE_OUTER_BOUND('',#5264,.T.);
#5266=ADVANCED_FACE('',(#5265),#5240,.F.);
#5267=CARTESIAN_POINT('',(16.851462479550939,1.899999999999996,-0.750000000000000));
#5268=CARTESIAN_POINT('',(16.851462479550939,1.899999999999996,-0.740000000000000));
#5269=CARTESIAN_POINT('',(3.148537520449043,1.899999999999991,-0.750000000000000));
#5270=CARTESIAN_POINT('',(3.148537520449043,1.899999999999991,-0.740000000000000));
#5271=B_SPLINE_SURFACE_WITH_KNOTS('',1,1,((#5267,#5269),(#5268,#5270)),.UNSPECIFIED.,.F.,.F.,.U.,(2,2),(2,2),(0.0,0.010000000000000),(0.0,13.702924959101896),.UNSPECIFIED.);
#5272=CARTESIAN_POINT('',(3.148537520449045,1.900000000000001,-0.740000000000000));
#5273=DIRECTION('',(1.0,0.0,0.0));
#5274=VECTOR('',#5273,13.702924959101894);
#5275=LINE('',#5272,#5274);
#5276=EDGE_CURVE('',#5086,#4765,#5275,.T.);
#5277=ORIENTED_EDGE('',*,*,#5276,.T.);
#5278=ORIENTED_EDGE('',*,*,#4770,.F.);
#5279=CARTESIAN_POINT('',(3.148537520449041,1.899999999999990,-0.750000000000000));
#5280=DIRECTION('',(1.0,0.0,0.0));
#5281=VECTOR('',#5280,13.702924959101898);
#5282=LINE('',#5279,#5281);
#5283=EDGE_CURVE('',#5094,#4757,#5282,.T.);
#5284=ORIENTED_EDGE('',*,*,#5283,.F.);
#5285=ORIENTED_EDGE('',*,*,#5099,.T.);
#5286=EDGE_LOOP('',(#5277,#5278,#5284,#5285));
#5287=FACE_OUTER_BOUND('',#5286,.T.);
#5288=ADVANCED_FACE('',(#5287),#5271,.F.);
#5289=CARTESIAN_POINT('',(2.329439525504843,1.650459461817486,-0.740000000000000));
#5290=CARTESIAN_POINT('',(2.329439525504843,1.650459461817486,-0.750000000000000));
#5291=CARTESIAN_POINT('',(0.681856841584335,0.681856841584336,-0.740000000000000));
#5292=CARTESIAN_POINT('',(0.681856841584335,0.681856841584336,-0.750000000000000));
#5293=B_SPLINE_SURFACE_WITH_KNOTS('',1,1,((#5289,#5291),(#5290,#5292)),.UNSPECIFIED.,.F.,.F.,.U.,(2,2),(2,2),(0.0,0.010000000000000),(0.0,1.911208972424844),.UNSPECIFIED.);
#5294=CARTESIAN_POINT('',(2.329439525504841,1.650459461817486,-0.740000000000000));
#5295=VERTEX_POINT('',#5294);
#5296=CARTESIAN_POINT('',(2.329439525504841,1.650459461817486,-0.750000000000000));
#5297=VERTEX_POINT('',#5296);
#5298=CARTESIAN_POINT('',(2.329439525504842,1.650459461817486,-0.740000000000000));
#5299=DIRECTION('',(0.0,0.0,-1.0));
#5300=VECTOR('',#5299,0.010000000000000);
#5301=LINE('',#5298,#5300);
#5302=EDGE_CURVE('',#5295,#5297,#5301,.T.);
#5303=ORIENTED_EDGE('',*,*,#5302,.F.);
#5304=CARTESIAN_POINT('',(0.681856841584334,0.681856841584336,-0.740000000000000));
#5305=VERTEX_POINT('',#5304);
#5306=CARTESIAN_POINT('',(2.329439525504841,1.650459461817486,-0.740000000000000));
#5307=DIRECTION('',(-0.862063075096461,-0.506801000941429,0.0));
#5308=VECTOR('',#5307,1.911208972424843);
#5309=LINE('',#5306,#5308);
#5310=EDGE_CURVE('',#5295,#5305,#5309,.T.);
#5311=ORIENTED_EDGE('',*,*,#5310,.T.);
#5312=CARTESIAN_POINT('',(0.681856841584334,0.681856841584336,-0.750000000000000));
#5313=VERTEX_POINT('',#5312);
#5314=CARTESIAN_POINT('',(0.681856841584334,0.681856841584336,-0.750000000000000));
#5315=DIRECTION('',(0.0,0.0,1.0));
#5316=VECTOR('',#5315,0.010000000000000);
#5317=LINE('',#5314,#5316);
#5318=EDGE_CURVE('',#5313,#5305,#5317,.T.);
#5319=ORIENTED_EDGE('',*,*,#5318,.F.);
#5320=CARTESIAN_POINT('',(2.329439525504841,1.650459461817486,-0.750000000000000));
#5321=DIRECTION('',(-0.862063075096461,-0.506801000941429,0.0));
#5322=VECTOR('',#5321,1.911208972424843);
#5323=LINE('',#5320,#5322);
#5324=EDGE_CURVE('',#5297,#5313,#5323,.T.);
#5325=ORIENTED_EDGE('',*,*,#5324,.F.);
#5326=EDGE_LOOP('',(#5303,#5311,#5319,#5325));
#5327=FACE_OUTER_BOUND('',#5326,.T.);
#5328=ADVANCED_FACE('',(#5327),#5293,.F.);
#5329=CARTESIAN_POINT('',(1.650459461817486,2.329439525504842,-0.750000000000000));
#5330=CARTESIAN_POINT('',(1.650459461817486,2.329439525504842,-0.740000000000000));
#5331=CARTESIAN_POINT('',(0.681856841584333,0.681856841584335,-0.750000000000000));
#5332=CARTESIAN_POINT('',(0.681856841584333,0.681856841584335,-0.740000000000000));
#5333=B_SPLINE_SURFACE_WITH_KNOTS('',1,1,((#5329,#5331),(#5330,#5332)),.UNSPECIFIED.,.F.,.F.,.U.,(2,2),(2,2),(0.0,0.010000000000000),(0.0,1.911208972424844),.UNSPECIFIED.);
#5334=CARTESIAN_POINT('',(1.650459461817487,2.329439525504841,-0.750000000000000));
#5335=VERTEX_POINT('',#5334);
#5336=CARTESIAN_POINT('',(1.650459461817487,2.329439525504841,-0.740000000000000));
#5337=VERTEX_POINT('',#5336);
#5338=CARTESIAN_POINT('',(1.650459461817486,2.329439525504841,-0.750000000000000));
#5339=DIRECTION('',(0.0,0.0,1.0));
#5340=VECTOR('',#5339,0.010000000000000);
#5341=LINE('',#5338,#5340);
#5342=EDGE_CURVE('',#5335,#5337,#5341,.T.);
#5343=ORIENTED_EDGE('',*,*,#5342,.F.);
#5344=CARTESIAN_POINT('',(0.681856841584333,0.681856841584334,-0.750000000000000));
#5345=DIRECTION('',(0.506801000941430,0.862063075096460,0.0));
#5346=VECTOR('',#5345,1.911208972424844);
#5347=LINE('',#5344,#5346);
#5348=EDGE_CURVE('',#5313,#5335,#5347,.T.);
#5349=ORIENTED_EDGE('',*,*,#5348,.F.);
#5350=ORIENTED_EDGE('',*,*,#5318,.T.);
#5351=CARTESIAN_POINT('',(0.681856841584335,0.681856841584337,-0.740000000000000));
#5352=DIRECTION('',(0.506801000941430,0.862063075096460,0.0));
#5353=VECTOR('',#5352,1.911208972424842);
#5354=LINE('',#5351,#5353);
#5355=EDGE_CURVE('',#5305,#5337,#5354,.T.);
#5356=ORIENTED_EDGE('',*,*,#5355,.T.);
#5357=EDGE_LOOP('',(#5343,#5349,#5350,#5356));
#5358=FACE_OUTER_BOUND('',#5357,.T.);
#5359=ADVANCED_FACE('',(#5358),#5333,.F.);
#5360=CARTESIAN_POINT('',(2.099999999999997,16.401219330881990,-0.750000000000000));
#5361=CARTESIAN_POINT('',(2.099999999999997,16.401219330881990,-0.740000000000000));
#5362=CARTESIAN_POINT('',(2.100000000000002,3.094103166670227,-0.750000000000000));
#5363=CARTESIAN_POINT('',(2.100000000000002,3.094103166670227,-0.740000000000000));
#5364=B_SPLINE_SURFACE_WITH_KNOTS('',1,1,((#5360,#5362),(#5361,#5363)),.UNSPECIFIED.,.F.,.F.,.U.,(2,2),(2,2),(0.0,0.010000000000000),(0.0,13.307116164211763),.UNSPECIFIED.);
#5365=CARTESIAN_POINT('',(2.100000000000000,3.094103166670227,-0.740000000000000));
#5366=DIRECTION('',(0.0,1.0,0.0));
#5367=VECTOR('',#5366,13.307116164211759);
#5368=LINE('',#5365,#5367);
#5369=EDGE_CURVE('',#5250,#3838,#5368,.T.);
#5370=ORIENTED_EDGE('',*,*,#5369,.T.);
#5371=ORIENTED_EDGE('',*,*,#3843,.T.);
#5372=ORIENTED_EDGE('',*,*,#1795,.F.);
#5373=ORIENTED_EDGE('',*,*,#5261,.T.);
#5374=EDGE_LOOP('',(#5370,#5371,#5372,#5373));
#5375=FACE_OUTER_BOUND('',#5374,.T.);
#5376=ADVANCED_FACE('',(#5375),#5364,.F.);
#5377=CARTESIAN_POINT('',(1.650459461817486,2.329439525504842,-0.740000000000000));
#5378=CARTESIAN_POINT('',(1.650459461817486,2.329439525504842,-0.750000000000000));
#5379=CARTESIAN_POINT('',(2.329439525504843,1.650459461817485,-0.740000000000000));
#5380=CARTESIAN_POINT('',(2.329439525504843,1.650459461817485,-0.750000000000000));
#5381=B_SPLINE_SURFACE_WITH_KNOTS('',1,1,((#5377,#5379),(#5378,#5380)),.UNSPECIFIED.,.F.,.F.,.U.,(2,2),(2,2),(0.0,0.010000000000000),(0.0,0.960222814647608),.UNSPECIFIED.);
#5382=ORIENTED_EDGE('',*,*,#5302,.T.);
#5383=CARTESIAN_POINT('',(1.650459461817485,2.329439525504840,-0.750000000000000));
#5384=DIRECTION('',(0.707106781186548,-0.707106781186548,0.0));
#5385=VECTOR('',#5384,0.960222814647605);
#5386=LINE('',#5383,#5385);
#5387=EDGE_CURVE('',#5335,#5297,#5386,.T.);
#5388=ORIENTED_EDGE('',*,*,#5387,.F.);
#5389=ORIENTED_EDGE('',*,*,#5342,.T.);
#5390=CARTESIAN_POINT('',(1.650459461817486,2.329439525504841,-0.740000000000000));
#5391=DIRECTION('',(0.707106781186548,-0.707106781186548,0.0));
#5392=VECTOR('',#5391,0.960222814647606);
#5393=LINE('',#5390,#5392);
#5394=EDGE_CURVE('',#5337,#5295,#5393,.T.);
#5395=ORIENTED_EDGE('',*,*,#5394,.T.);
#5396=EDGE_LOOP('',(#5382,#5388,#5389,#5395));
#5397=FACE_OUTER_BOUND('',#5396,.T.);
#5398=ADVANCED_FACE('',(#5397),#5381,.F.);
#5399=CARTESIAN_POINT('',(0.900000000000000,3.079898987322328,-0.740000000000000));
#5400=CARTESIAN_POINT('',(0.900000000000000,3.079898987322328,-0.750000000000000));
#5401=CARTESIAN_POINT('',(1.504352917346769,2.475546069975558,-0.740000000000000));
#5402=CARTESIAN_POINT('',(1.504352917346769,2.475546069975559,-0.750000000000000));
#5403=B_SPLINE_SURFACE_WITH_KNOTS('',1,1,((#5399,#5401),(#5400,#5402)),.UNSPECIFIED.,.F.,.F.,.U.,(2,2),(2,2),(0.0,0.010000000000000),(0.0,0.854684092171547),.UNSPECIFIED.);
#5404=ORIENTED_EDGE('',*,*,#5218,.T.);
#5405=CARTESIAN_POINT('',(0.899999999999999,3.079898987322326,-0.750000000000000));
#5406=DIRECTION('',(0.707106781186547,-0.707106781186548,0.0));
#5407=VECTOR('',#5406,0.854684092171545);
#5408=LINE('',#5405,#5407);
#5409=EDGE_CURVE('',#4011,#5213,#5408,.T.);
#5410=ORIENTED_EDGE('',*,*,#5409,.F.);
#5411=ORIENTED_EDGE('',*,*,#4031,.T.);
#5412=CARTESIAN_POINT('',(0.900000000000001,3.079898987322327,-0.740000000000000));
#5413=DIRECTION('',(0.707106781186547,-0.707106781186548,0.0));
#5414=VECTOR('',#5413,0.854684092171545);
#5415=LINE('',#5412,#5414);
#5416=EDGE_CURVE('',#4020,#5211,#5415,.T.);
#5417=ORIENTED_EDGE('',*,*,#5416,.T.);
#5418=EDGE_LOOP('',(#5404,#5410,#5411,#5417));
#5419=FACE_OUTER_BOUND('',#5418,.T.);
#5420=ADVANCED_FACE('',(#5419),#5403,.F.);
#5421=CARTESIAN_POINT('',(1.099999999999995,3.162741699796949,-0.750000000000000));
#5422=CARTESIAN_POINT('',(1.099999999999995,3.162741699796949,-0.740000000000000));
#5423=CARTESIAN_POINT('',(1.609071108363973,2.653670591432972,-0.750000000000000));
#5424=CARTESIAN_POINT('',(1.609071108363973,2.653670591432972,-0.740000000000000));
#5425=B_SPLINE_SURFACE_WITH_KNOTS('',1,1,((#5421,#5423),(#5422,#5424)),.UNSPECIFIED.,.F.,.F.,.U.,(2,2),(2,2),(0.0,0.010000000000000),(0.0,0.719935265660640),.UNSPECIFIED.);
#5426=ORIENTED_EDGE('',*,*,#5187,.T.);
#5427=CARTESIAN_POINT('',(1.099999999999997,3.162741699796949,-0.740000000000000));
#5428=VERTEX_POINT('',#5427);
#5429=CARTESIAN_POINT('',(1.609071108363973,2.653670591432973,-0.740000000000000));
#5430=DIRECTION('',(-0.707106781186548,0.707106781186547,0.0));
#5431=VECTOR('',#5430,0.719935265660640);
#5432=LINE('',#5429,#5431);
#5433=EDGE_CURVE('',#5182,#5428,#5432,.T.);
#5434=ORIENTED_EDGE('',*,*,#5433,.T.);
#5435=CARTESIAN_POINT('',(1.099999999999997,3.162741699796949,-0.750000000000000));
#5436=VERTEX_POINT('',#5435);
#5437=CARTESIAN_POINT('',(1.099999999999997,3.162741699796949,-0.750000000000000));
#5438=DIRECTION('',(0.0,0.0,1.0));
#5439=VECTOR('',#5438,0.010000000000000);
#5440=LINE('',#5437,#5439);
#5441=EDGE_CURVE('',#5436,#5428,#5440,.T.);
#5442=ORIENTED_EDGE('',*,*,#5441,.F.);
#5443=CARTESIAN_POINT('',(1.609071108363972,2.653670591432972,-0.750000000000000));
#5444=DIRECTION('',(-0.707106781186548,0.707106781186547,0.0));
#5445=VECTOR('',#5444,0.719935265660639);
#5446=LINE('',#5443,#5445);
#5447=EDGE_CURVE('',#5180,#5436,#5446,.T.);
#5448=ORIENTED_EDGE('',*,*,#5447,.F.);
#5449=EDGE_LOOP('',(#5426,#5434,#5442,#5448));
#5450=FACE_OUTER_BOUND('',#5449,.T.);
#5451=ADVANCED_FACE('',(#5450),#5425,.F.);
#5452=CARTESIAN_POINT('',(1.755177652834691,2.507564046962255,-0.750000000000000));
#5453=CARTESIAN_POINT('',(1.755177652834691,2.507564046962255,-0.740000000000000));
#5454=CARTESIAN_POINT('',(2.507564046962257,1.755177652834691,-0.750000000000000));
#5455=CARTESIAN_POINT('',(2.507564046962257,1.755177652834691,-0.740000000000000));
#5456=B_SPLINE_SURFACE_WITH_KNOTS('',1,1,((#5452,#5454),(#5453,#5455)),.UNSPECIFIED.,.F.,.F.,.U.,(2,2),(2,2),(0.0,0.010000000000000),(0.0,1.064035042720191),.UNSPECIFIED.);
#5457=ORIENTED_EDGE('',*,*,#5161,.T.);
#5458=CARTESIAN_POINT('',(2.507564046962257,1.755177652834691,-0.740000000000000));
#5459=DIRECTION('',(-0.707106781186548,0.707106781186547,0.0));
#5460=VECTOR('',#5459,1.064035042720191);
#5461=LINE('',#5458,#5460);
#5462=EDGE_CURVE('',#5156,#5242,#5461,.T.);
#5463=ORIENTED_EDGE('',*,*,#5462,.T.);
#5464=ORIENTED_EDGE('',*,*,#5247,.T.);
#5465=ORIENTED_EDGE('',*,*,#1779,.F.);
#5466=EDGE_LOOP('',(#5457,#5463,#5464,#5465));
#5467=FACE_OUTER_BOUND('',#5466,.T.);
#5468=ADVANCED_FACE('',(#5467),#5456,.F.);
#5469=CARTESIAN_POINT('',(17.346329408567023,8.390928891636024,-0.740000000000000));
#5470=CARTESIAN_POINT('',(17.346329408567023,8.390928891636024,-0.750000000000000));
#5471=CARTESIAN_POINT('',(16.851462479550953,8.100000000000003,-0.740000000000000));
#5472=CARTESIAN_POINT('',(16.851462479550953,8.100000000000003,-0.750000000000000));
#5473=B_SPLINE_SURFACE_WITH_KNOTS('',1,1,((#5469,#5471),(#5470,#5472)),.UNSPECIFIED.,.F.,.F.,.U.,(2,2),(2,2),(0.0,0.010000000000000),(0.0,0.574049560075051),.UNSPECIFIED.);
#5474=CARTESIAN_POINT('',(17.346329408567026,8.390928891636024,-0.740000000000000));
#5475=VERTEX_POINT('',#5474);
#5476=CARTESIAN_POINT('',(17.346329408567026,8.390928891636024,-0.750000000000000));
#5477=VERTEX_POINT('',#5476);
#5478=CARTESIAN_POINT('',(17.346329408567026,8.390928891636026,-0.740000000000000));
#5479=DIRECTION('',(0.0,0.0,-1.0));
#5480=VECTOR('',#5479,0.010000000000000);
#5481=LINE('',#5478,#5480);
#5482=EDGE_CURVE('',#5475,#5477,#5481,.T.);
#5483=ORIENTED_EDGE('',*,*,#5482,.F.);
#5484=CARTESIAN_POINT('',(16.851462479550957,8.100000000000005,-0.740000000000000));
#5485=VERTEX_POINT('',#5484);
#5486=CARTESIAN_POINT('',(17.346329408567023,8.390928891636026,-0.740000000000000));
#5487=DIRECTION('',(-0.862063075096461,-0.506801000941429,0.0));
#5488=VECTOR('',#5487,0.574049560075048);
#5489=LINE('',#5486,#5488);
#5490=EDGE_CURVE('',#5475,#5485,#5489,.T.);
#5491=ORIENTED_EDGE('',*,*,#5490,.T.);
#5492=CARTESIAN_POINT('',(16.851462479550957,8.100000000000005,-0.750000000000000));
#5493=VERTEX_POINT('',#5492);
#5494=CARTESIAN_POINT('',(16.851462479550957,8.100000000000005,-0.750000000000000));
#5495=DIRECTION('',(0.0,0.0,1.0));
#5496=VECTOR('',#5495,0.010000000000000);
#5497=LINE('',#5494,#5496);
#5498=EDGE_CURVE('',#5493,#5485,#5497,.T.);
#5499=ORIENTED_EDGE('',*,*,#5498,.F.);
#5500=CARTESIAN_POINT('',(17.346329408567026,8.390928891636026,-0.750000000000000));
#5501=DIRECTION('',(-0.862063075096461,-0.506801000941429,0.0));
#5502=VECTOR('',#5501,0.574049560075048);
#5503=LINE('',#5500,#5502);
#5504=EDGE_CURVE('',#5477,#5493,#5503,.T.);
#5505=ORIENTED_EDGE('',*,*,#5504,.F.);
#5506=EDGE_LOOP('',(#5483,#5491,#5499,#5505));
#5507=FACE_OUTER_BOUND('',#5506,.T.);
#5508=ADVANCED_FACE('',(#5507),#5473,.F.);
#5509=CARTESIAN_POINT('',(19.881107838717330,9.881107838717327,-0.740000000000000));
#5510=CARTESIAN_POINT('',(19.881107838717330,9.881107838717327,-0.750000000000000));
#5511=CARTESIAN_POINT('',(17.524453930024436,8.495647082653228,-0.740000000000000));
#5512=CARTESIAN_POINT('',(17.524453930024432,8.495647082653228,-0.750000000000000));
#5513=B_SPLINE_SURFACE_WITH_KNOTS('',1,1,((#5509,#5511),(#5510,#5512)),.UNSPECIFIED.,.F.,.F.,.U.,(2,2),(2,2),(0.0,0.010000000000000),(0.0,2.733737213404244),.UNSPECIFIED.);
#5514=CARTESIAN_POINT('',(17.524453930024439,8.495647082653230,-0.750000000000000));
#5515=VERTEX_POINT('',#5514);
#5516=CARTESIAN_POINT('',(17.524453930024439,8.495647082653230,-0.740000000000000));
#5517=VERTEX_POINT('',#5516);
#5518=CARTESIAN_POINT('',(17.524453930024439,8.495647082653230,-0.750000000000000));
#5519=DIRECTION('',(0.0,0.0,1.0));
#5520=VECTOR('',#5519,0.010000000000000);
#5521=LINE('',#5518,#5520);
#5522=EDGE_CURVE('',#5515,#5517,#5521,.T.);
#5523=ORIENTED_EDGE('',*,*,#5522,.F.);
#5524=CARTESIAN_POINT('',(19.881107838717330,9.881107838717327,-0.750000000000000));
#5525=VERTEX_POINT('',#5524);
#5526=CARTESIAN_POINT('',(19.881107838717330,9.881107838717327,-0.750000000000000));
#5527=DIRECTION('',(-0.862063075096462,-0.506801000941427,0.0));
#5528=VECTOR('',#5527,2.733737213404241);
#5529=LINE('',#5526,#5528);
#5530=EDGE_CURVE('',#5525,#5515,#5529,.T.);
#5531=ORIENTED_EDGE('',*,*,#5530,.F.);
#5532=CARTESIAN_POINT('',(19.881107838717330,9.881107838717327,-0.740000000000000));
#5533=VERTEX_POINT('',#5532);
#5534=CARTESIAN_POINT('',(19.881107838717330,9.881107838717327,-0.750000000000000));
#5535=DIRECTION('',(0.0,0.0,1.0));
#5536=VECTOR('',#5535,0.010000000000000);
#5537=LINE('',#5534,#5536);
#5538=EDGE_CURVE('',#5525,#5533,#5537,.T.);
#5539=ORIENTED_EDGE('',*,*,#5538,.T.);
#5540=CARTESIAN_POINT('',(19.881107838717327,9.881107838717327,-0.740000000000000));
#5541=DIRECTION('',(-0.862063075096461,-0.506801000941428,0.0));
#5542=VECTOR('',#5541,2.733737213404238);
#5543=LINE('',#5540,#5542);
#5544=EDGE_CURVE('',#5533,#5517,#5543,.T.);
#5545=ORIENTED_EDGE('',*,*,#5544,.T.);
#5546=EDGE_LOOP('',(#5523,#5531,#5539,#5545));
#5547=FACE_OUTER_BOUND('',#5546,.T.);
#5548=ADVANCED_FACE('',(#5547),#5513,.F.);
#5549=CARTESIAN_POINT('',(17.492435953037745,8.244822347165307,-0.750000000000000));
#5550=CARTESIAN_POINT('',(17.492435953037745,8.244822347165307,-0.740000000000000));
#5551=CARTESIAN_POINT('',(16.905896833329784,7.900000000000008,-0.750000000000000));
#5552=CARTESIAN_POINT('',(16.905896833329788,7.900000000000009,-0.740000000000000));
#5553=B_SPLINE_SURFACE_WITH_KNOTS('',1,1,((#5549,#5551),(#5550,#5552)),.UNSPECIFIED.,.F.,.F.,.U.,(2,2),(2,2),(0.0,0.010000000000000),(0.0,0.680390027890163),.UNSPECIFIED.);
#5554=CARTESIAN_POINT('',(17.492435953037745,8.244822347165306,-0.740000000000000));
#5555=VERTEX_POINT('',#5554);
#5556=CARTESIAN_POINT('',(17.492435953037745,8.244822347165306,-0.750000000000000));
#5557=DIRECTION('',(0.0,0.0,1.0));
#5558=VECTOR('',#5557,0.010000000000000);
#5559=LINE('',#5556,#5558);
#5560=EDGE_CURVE('',#1702,#5555,#5559,.T.);
#5561=ORIENTED_EDGE('',*,*,#5560,.F.);
#5562=ORIENTED_EDGE('',*,*,#1707,.F.);
#5563=CARTESIAN_POINT('',(16.905896833329784,7.900000000000008,-0.740000000000000));
#5564=VERTEX_POINT('',#5563);
#5565=CARTESIAN_POINT('',(16.905896833329784,7.900000000000008,-0.750000000000000));
#5566=DIRECTION('',(0.0,0.0,1.0));
#5567=VECTOR('',#5566,0.010000000000000);
#5568=LINE('',#5565,#5567);
#5569=EDGE_CURVE('',#1694,#5564,#5568,.T.);
#5570=ORIENTED_EDGE('',*,*,#5569,.T.);
#5571=CARTESIAN_POINT('',(16.905896833329784,7.900000000000005,-0.740000000000000));
#5572=DIRECTION('',(0.862063075096462,0.506801000941426,0.0));
#5573=VECTOR('',#5572,0.680390027890162);
#5574=LINE('',#5571,#5573);
#5575=EDGE_CURVE('',#5564,#5555,#5574,.T.);
#5576=ORIENTED_EDGE('',*,*,#5575,.T.);
#5577=EDGE_LOOP('',(#5561,#5562,#5570,#5576));
#5578=FACE_OUTER_BOUND('',#5577,.T.);
#5579=ADVANCED_FACE('',(#5578),#5553,.F.);
#5580=CARTESIAN_POINT('',(18.390928891636026,7.346329408567026,-0.750000000000000));
#5581=CARTESIAN_POINT('',(18.390928891636026,7.346329408567026,-0.740000000000000));
#5582=CARTESIAN_POINT('',(18.099999999999994,6.851462479550941,-0.750000000000000));
#5583=CARTESIAN_POINT('',(18.099999999999991,6.851462479550941,-0.740000000000000));
#5584=B_SPLINE_SURFACE_WITH_KNOTS('',1,1,((#5580,#5582),(#5581,#5583)),.UNSPECIFIED.,.F.,.F.,.U.,(2,2),(2,2),(0.0,0.010000000000000),(0.0,0.574049560075070),.UNSPECIFIED.);
#5585=CARTESIAN_POINT('',(18.390928891636026,7.346329408567025,-0.750000000000000));
#5586=VERTEX_POINT('',#5585);
#5587=CARTESIAN_POINT('',(18.390928891636026,7.346329408567025,-0.740000000000000));
#5588=VERTEX_POINT('',#5587);
#5589=CARTESIAN_POINT('',(18.390928891636026,7.346329408567024,-0.750000000000000));
#5590=DIRECTION('',(0.0,0.0,1.0));
#5591=VECTOR('',#5590,0.010000000000000);
#5592=LINE('',#5589,#5591);
#5593=EDGE_CURVE('',#5586,#5588,#5592,.T.);
#5594=ORIENTED_EDGE('',*,*,#5593,.F.);
#5595=CARTESIAN_POINT('',(18.099999999999998,6.851462479550942,-0.750000000000000));
#5596=DIRECTION('',(0.506801000941431,0.862063075096460,0.0));
#5597=VECTOR('',#5596,0.574049560075067);
#5598=LINE('',#5595,#5597);
#5599=EDGE_CURVE('',#4857,#5586,#5598,.T.);
#5600=ORIENTED_EDGE('',*,*,#5599,.F.);
#5601=ORIENTED_EDGE('',*,*,#4862,.T.);
#5602=CARTESIAN_POINT('',(18.099999999999994,6.851462479550943,-0.740000000000000));
#5603=DIRECTION('',(0.506801000941431,0.862063075096460,0.0));
#5604=VECTOR('',#5603,0.574049560075067);
#5605=LINE('',#5602,#5604);
#5606=EDGE_CURVE('',#4849,#5588,#5605,.T.);
#5607=ORIENTED_EDGE('',*,*,#5606,.T.);
#5608=EDGE_LOOP('',(#5594,#5600,#5601,#5607));
#5609=FACE_OUTER_BOUND('',#5608,.T.);
#5610=ADVANCED_FACE('',(#5609),#5584,.F.);
#5611=CARTESIAN_POINT('',(19.881107838717327,9.881107838717330,-0.750000000000000));
#5612=CARTESIAN_POINT('',(19.881107838717327,9.881107838717330,-0.740000000000000));
#5613=CARTESIAN_POINT('',(18.495647082653228,7.524453930024437,-0.750000000000000));
#5614=CARTESIAN_POINT('',(18.495647082653228,7.524453930024439,-0.740000000000000));
#5615=B_SPLINE_SURFACE_WITH_KNOTS('',1,1,((#5611,#5613),(#5612,#5614)),.UNSPECIFIED.,.F.,.F.,.U.,(2,2),(2,2),(0.0,0.010000000000000),(0.0,2.733737213404243),.UNSPECIFIED.);
#5616=CARTESIAN_POINT('',(18.495647082653228,7.524453930024437,-0.740000000000000));
#5617=VERTEX_POINT('',#5616);
#5618=CARTESIAN_POINT('',(18.495647082653228,7.524453930024437,-0.750000000000000));
#5619=VERTEX_POINT('',#5618);
#5620=CARTESIAN_POINT('',(18.495647082653232,7.524453930024437,-0.740000000000000));
#5621=DIRECTION('',(0.0,0.0,-1.0));
#5622=VECTOR('',#5621,0.010000000000000);
#5623=LINE('',#5620,#5622);
#5624=EDGE_CURVE('',#5617,#5619,#5623,.T.);
#5625=ORIENTED_EDGE('',*,*,#5624,.F.);
#5626=CARTESIAN_POINT('',(18.495647082653228,7.524453930024437,-0.740000000000000));
#5627=DIRECTION('',(0.506801000941428,0.862063075096461,0.0));
#5628=VECTOR('',#5627,2.733737213404241);
#5629=LINE('',#5626,#5628);
#5630=EDGE_CURVE('',#5617,#5533,#5629,.T.);
#5631=ORIENTED_EDGE('',*,*,#5630,.T.);
#5632=ORIENTED_EDGE('',*,*,#5538,.F.);
#5633=CARTESIAN_POINT('',(18.495647082653232,7.524453930024436,-0.750000000000000));
#5634=DIRECTION('',(0.506801000941428,0.862063075096461,0.0));
#5635=VECTOR('',#5634,2.733737213404241);
#5636=LINE('',#5633,#5635);
#5637=EDGE_CURVE('',#5619,#5525,#5636,.T.);
#5638=ORIENTED_EDGE('',*,*,#5637,.F.);
#5639=EDGE_LOOP('',(#5625,#5631,#5632,#5638));
#5640=FACE_OUTER_BOUND('',#5639,.T.);
#5641=ADVANCED_FACE('',(#5640),#5615,.F.);
#5642=CARTESIAN_POINT('',(18.244822347165311,7.492435953037743,-0.740000000000000));
#5643=CARTESIAN_POINT('',(18.244822347165311,7.492435953037743,-0.750000000000000));
#5644=CARTESIAN_POINT('',(17.899999999999999,6.905896833329769,-0.740000000000000));
#5645=CARTESIAN_POINT('',(17.899999999999999,6.905896833329768,-0.750000000000000));
#5646=B_SPLINE_SURFACE_WITH_KNOTS('',1,1,((#5642,#5644),(#5643,#5645)),.UNSPECIFIED.,.F.,.F.,.U.,(2,2),(2,2),(0.0,0.010000000000000),(0.0,0.680390027890181),.UNSPECIFIED.);
#5647=CARTESIAN_POINT('',(18.244822347165307,7.492435953037742,-0.740000000000000));
#5648=VERTEX_POINT('',#5647);
#5649=CARTESIAN_POINT('',(18.244822347165307,7.492435953037742,-0.740000000000000));
#5650=DIRECTION('',(0.0,0.0,-1.0));
#5651=VECTOR('',#5650,0.010000000000000);
#5652=LINE('',#5649,#5651);
#5653=EDGE_CURVE('',#5648,#1710,#5652,.T.);
#5654=ORIENTED_EDGE('',*,*,#5653,.F.);
#5655=CARTESIAN_POINT('',(17.899999999999999,6.905896833329770,-0.740000000000000));
#5656=VERTEX_POINT('',#5655);
#5657=CARTESIAN_POINT('',(18.244822347165307,7.492435953037742,-0.740000000000000));
#5658=DIRECTION('',(-0.506801000941430,-0.862063075096460,0.0));
#5659=VECTOR('',#5658,0.680390027890176);
#5660=LINE('',#5657,#5659);
#5661=EDGE_CURVE('',#5648,#5656,#5660,.T.);
#5662=ORIENTED_EDGE('',*,*,#5661,.T.);
#5663=CARTESIAN_POINT('',(17.899999999999999,6.905896833329770,-0.750000000000000));
#5664=DIRECTION('',(0.0,0.0,1.0));
#5665=VECTOR('',#5664,0.010000000000000);
#5666=LINE('',#5663,#5665);
#5667=EDGE_CURVE('',#1718,#5656,#5666,.T.);
#5668=ORIENTED_EDGE('',*,*,#5667,.F.);
#5669=ORIENTED_EDGE('',*,*,#1723,.F.);
#5670=EDGE_LOOP('',(#5654,#5662,#5668,#5669));
#5671=FACE_OUTER_BOUND('',#5670,.T.);
#5672=ADVANCED_FACE('',(#5671),#5646,.F.);
#5673=CARTESIAN_POINT('',(16.851462479550957,8.100000000000005,-0.740000000000000));
#5674=CARTESIAN_POINT('',(16.851462479550957,8.100000000000005,-0.750000000000000));
#5675=CARTESIAN_POINT('',(10.547003957594395,8.100000000000009,-0.740000000000000));
#5676=CARTESIAN_POINT('',(10.547003957594395,8.100000000000009,-0.750000000000000));
#5677=B_SPLINE_SURFACE_WITH_KNOTS('',1,1,((#5673,#5675),(#5674,#5676)),.UNSPECIFIED.,.F.,.F.,.U.,(2,2),(2,2),(0.0,0.010000000000000),(0.0,6.304458521956562),.UNSPECIFIED.);
#5678=CARTESIAN_POINT('',(10.547003957594395,8.100000000000012,-0.740000000000000));
#5679=VERTEX_POINT('',#5678);
#5680=CARTESIAN_POINT('',(16.851462479550957,8.100000000000005,-0.740000000000000));
#5681=DIRECTION('',(-1.0,0.0,0.0));
#5682=VECTOR('',#5681,6.304458521956564);
#5683=LINE('',#5680,#5682);
#5684=EDGE_CURVE('',#5485,#5679,#5683,.T.);
#5685=ORIENTED_EDGE('',*,*,#5684,.T.);
#5686=CARTESIAN_POINT('',(10.547003957594395,8.100000000000012,-0.750000000000000));
#5687=VERTEX_POINT('',#5686);
#5688=CARTESIAN_POINT('',(10.547003957594395,8.100000000000012,-0.740000000000000));
#5689=DIRECTION('',(0.0,0.0,-1.0));
#5690=VECTOR('',#5689,0.010000000000000);
#5691=LINE('',#5688,#5690);
#5692=EDGE_CURVE('',#5679,#5687,#5691,.T.);
#5693=ORIENTED_EDGE('',*,*,#5692,.T.);
#5694=CARTESIAN_POINT('',(16.851462479550960,8.100000000000005,-0.750000000000000));
#5695=DIRECTION('',(-1.0,0.0,0.0));
#5696=VECTOR('',#5695,6.304458521956565);
#5697=LINE('',#5694,#5696);
#5698=EDGE_CURVE('',#5493,#5687,#5697,.T.);
#5699=ORIENTED_EDGE('',*,*,#5698,.F.);
#5700=ORIENTED_EDGE('',*,*,#5498,.T.);
#5701=EDGE_LOOP('',(#5685,#5693,#5699,#5700));
#5702=FACE_OUTER_BOUND('',#5701,.T.);
#5703=ADVANCED_FACE('',(#5702),#5677,.F.);
#5704=CARTESIAN_POINT('',(19.318143158415666,9.318143158415660,-0.750000000000000));
#5705=CARTESIAN_POINT('',(19.318143158415666,9.318143158415660,-0.740000000000000));
#5706=CARTESIAN_POINT('',(17.670560474495154,8.349540538182511,-0.750000000000000));
#5707=CARTESIAN_POINT('',(17.670560474495154,8.349540538182511,-0.740000000000000));
#5708=B_SPLINE_SURFACE_WITH_KNOTS('',1,1,((#5704,#5706),(#5705,#5707)),.UNSPECIFIED.,.F.,.F.,.U.,(2,2),(2,2),(0.0,0.010000000000000),(0.0,1.911208972424846),.UNSPECIFIED.);
#5709=CARTESIAN_POINT('',(17.670560474495158,8.349540538182509,-0.740000000000000));
#5710=VERTEX_POINT('',#5709);
#5711=CARTESIAN_POINT('',(17.670560474495158,8.349540538182509,-0.750000000000000));
#5712=VERTEX_POINT('',#5711);
#5713=CARTESIAN_POINT('',(17.670560474495154,8.349540538182511,-0.740000000000000));
#5714=DIRECTION('',(0.0,0.0,-1.0));
#5715=VECTOR('',#5714,0.010000000000000);
#5716=LINE('',#5713,#5715);
#5717=EDGE_CURVE('',#5710,#5712,#5716,.T.);
#5718=ORIENTED_EDGE('',*,*,#5717,.F.);
#5719=CARTESIAN_POINT('',(19.318143158415666,9.318143158415657,-0.740000000000000));
#5720=VERTEX_POINT('',#5719);
#5721=CARTESIAN_POINT('',(17.670560474495158,8.349540538182509,-0.740000000000000));
#5722=DIRECTION('',(0.862063075096461,0.506801000941428,0.0));
#5723=VECTOR('',#5722,1.911208972424842);
#5724=LINE('',#5721,#5723);
#5725=EDGE_CURVE('',#5710,#5720,#5724,.T.);
#5726=ORIENTED_EDGE('',*,*,#5725,.T.);
#5727=CARTESIAN_POINT('',(19.318143158415666,9.318143158415657,-0.750000000000000));
#5728=VERTEX_POINT('',#5727);
#5729=CARTESIAN_POINT('',(19.318143158415666,9.318143158415657,-0.750000000000000));
#5730=DIRECTION('',(0.0,0.0,1.0));
#5731=VECTOR('',#5730,0.010000000000000);
#5732=LINE('',#5729,#5731);
#5733=EDGE_CURVE('',#5728,#5720,#5732,.T.);
#5734=ORIENTED_EDGE('',*,*,#5733,.F.);
#5735=CARTESIAN_POINT('',(17.670560474495158,8.349540538182511,-0.750000000000000));
#5736=DIRECTION('',(0.862063075096461,0.506801000941428,0.0));
#5737=VECTOR('',#5736,1.911208972424842);
#5738=LINE('',#5735,#5737);
#5739=EDGE_CURVE('',#5712,#5728,#5738,.T.);
#5740=ORIENTED_EDGE('',*,*,#5739,.F.);
#5741=EDGE_LOOP('',(#5718,#5726,#5734,#5740));
#5742=FACE_OUTER_BOUND('',#5741,.T.);
#5743=ADVANCED_FACE('',(#5742),#5708,.F.);
#5744=CARTESIAN_POINT('',(19.318143158415669,9.318143158415662,-0.740000000000000));
#5745=CARTESIAN_POINT('',(19.318143158415669,9.318143158415662,-0.750000000000000));
#5746=CARTESIAN_POINT('',(18.349540538182513,7.670560474495153,-0.740000000000000));
#5747=CARTESIAN_POINT('',(18.349540538182513,7.670560474495151,-0.750000000000000));
#5748=B_SPLINE_SURFACE_WITH_KNOTS('',1,1,((#5744,#5746),(#5745,#5747)),.UNSPECIFIED.,.F.,.F.,.U.,(2,2),(2,2),(0.0,0.010000000000000),(0.0,1.911208972424848),.UNSPECIFIED.);
#5749=CARTESIAN_POINT('',(18.349540538182513,7.670560474495154,-0.750000000000000));
#5750=VERTEX_POINT('',#5749);
#5751=CARTESIAN_POINT('',(18.349540538182513,7.670560474495154,-0.740000000000000));
#5752=VERTEX_POINT('',#5751);
#5753=CARTESIAN_POINT('',(18.349540538182513,7.670560474495154,-0.750000000000000));
#5754=DIRECTION('',(0.0,0.0,1.0));
#5755=VECTOR('',#5754,0.010000000000000);
#5756=LINE('',#5753,#5755);
#5757=EDGE_CURVE('',#5750,#5752,#5756,.T.);
#5758=ORIENTED_EDGE('',*,*,#5757,.F.);
#5759=CARTESIAN_POINT('',(19.318143158415666,9.318143158415657,-0.750000000000000));
#5760=DIRECTION('',(-0.506801000941430,-0.862063075096460,0.0));
#5761=VECTOR('',#5760,1.911208972424842);
#5762=LINE('',#5759,#5761);
#5763=EDGE_CURVE('',#5728,#5750,#5762,.T.);
#5764=ORIENTED_EDGE('',*,*,#5763,.F.);
#5765=ORIENTED_EDGE('',*,*,#5733,.T.);
#5766=CARTESIAN_POINT('',(19.318143158415666,9.318143158415658,-0.740000000000000));
#5767=DIRECTION('',(-0.506801000941430,-0.862063075096460,0.0));
#5768=VECTOR('',#5767,1.911208972424843);
#5769=LINE('',#5766,#5768);
#5770=EDGE_CURVE('',#5720,#5752,#5769,.T.);
#5771=ORIENTED_EDGE('',*,*,#5770,.T.);
#5772=EDGE_LOOP('',(#5758,#5764,#5765,#5771));
#5773=FACE_OUTER_BOUND('',#5772,.T.);
#5774=ADVANCED_FACE('',(#5773),#5748,.F.);
#5775=CARTESIAN_POINT('',(17.899999999999999,6.905896833329770,-0.740000000000000));
#5776=CARTESIAN_POINT('',(17.899999999999999,6.905896833329770,-0.750000000000000));
#5777=CARTESIAN_POINT('',(17.899999999999995,3.094103166670214,-0.740000000000000));
#5778=CARTESIAN_POINT('',(17.899999999999999,3.094103166670214,-0.750000000000000));
#5779=B_SPLINE_SURFACE_WITH_KNOTS('',1,1,((#5775,#5777),(#5776,#5778)),.UNSPECIFIED.,.F.,.F.,.U.,(2,2),(2,2),(0.0,0.010000000000000),(0.0,3.811793666659556),.UNSPECIFIED.);
#5780=CARTESIAN_POINT('',(17.900000000000002,6.905896833329768,-0.740000000000000));
#5781=DIRECTION('',(0.0,-1.0,0.0));
#5782=VECTOR('',#5781,3.811793666659554);
#5783=LINE('',#5780,#5782);
#5784=EDGE_CURVE('',#5656,#4725,#5783,.T.);
#5785=ORIENTED_EDGE('',*,*,#5784,.T.);
#5786=ORIENTED_EDGE('',*,*,#4730,.F.);
#5787=ORIENTED_EDGE('',*,*,#1731,.F.);
#5788=ORIENTED_EDGE('',*,*,#5667,.T.);
#5789=EDGE_LOOP('',(#5785,#5786,#5787,#5788));
#5790=FACE_OUTER_BOUND('',#5789,.T.);
#5791=ADVANCED_FACE('',(#5790),#5779,.F.);
#5792=CARTESIAN_POINT('',(17.670560474495158,8.349540538182511,-0.750000000000000));
#5793=CARTESIAN_POINT('',(17.670560474495158,8.349540538182511,-0.740000000000000));
#5794=CARTESIAN_POINT('',(18.349540538182513,7.670560474495153,-0.750000000000000));
#5795=CARTESIAN_POINT('',(18.349540538182513,7.670560474495153,-0.740000000000000));
#5796=B_SPLINE_SURFACE_WITH_KNOTS('',1,1,((#5792,#5794),(#5793,#5795)),.UNSPECIFIED.,.F.,.F.,.U.,(2,2),(2,2),(0.0,0.010000000000000),(0.0,0.960222814647607),.UNSPECIFIED.);
#5797=ORIENTED_EDGE('',*,*,#5717,.T.);
#5798=CARTESIAN_POINT('',(18.349540538182509,7.670560474495154,-0.750000000000000));
#5799=DIRECTION('',(-0.707106781186546,0.707106781186549,0.0));
#5800=VECTOR('',#5799,0.960222814647603);
#5801=LINE('',#5798,#5800);
#5802=EDGE_CURVE('',#5750,#5712,#5801,.T.);
#5803=ORIENTED_EDGE('',*,*,#5802,.F.);
#5804=ORIENTED_EDGE('',*,*,#5757,.T.);
#5805=CARTESIAN_POINT('',(18.349540538182513,7.670560474495153,-0.740000000000000));
#5806=DIRECTION('',(-0.707106781186547,0.707106781186548,0.0));
#5807=VECTOR('',#5806,0.960222814647606);
#5808=LINE('',#5805,#5807);
#5809=EDGE_CURVE('',#5752,#5710,#5808,.T.);
#5810=ORIENTED_EDGE('',*,*,#5809,.T.);
#5811=EDGE_LOOP('',(#5797,#5803,#5804,#5810));
#5812=FACE_OUTER_BOUND('',#5811,.T.);
#5813=ADVANCED_FACE('',(#5812),#5796,.F.);
#5814=CARTESIAN_POINT('',(18.495647082653232,7.524453930024437,-0.750000000000000));
#5815=CARTESIAN_POINT('',(18.495647082653232,7.524453930024437,-0.740000000000000));
#5816=CARTESIAN_POINT('',(19.099999999999998,6.920101012677669,-0.750000000000000));
#5817=CARTESIAN_POINT('',(19.099999999999998,6.920101012677668,-0.740000000000000));
#5818=B_SPLINE_SURFACE_WITH_KNOTS('',1,1,((#5814,#5816),(#5815,#5817)),.UNSPECIFIED.,.F.,.F.,.U.,(2,2),(2,2),(0.0,0.010000000000000),(0.0,0.854684092171545),.UNSPECIFIED.);
#5819=ORIENTED_EDGE('',*,*,#5624,.T.);
#5820=CARTESIAN_POINT('',(19.099999999999998,6.920101012677669,-0.750000000000000));
#5821=VERTEX_POINT('',#5820);
#5822=CARTESIAN_POINT('',(19.099999999999994,6.920101012677668,-0.750000000000000));
#5823=DIRECTION('',(-0.707106781186545,0.707106781186550,0.0));
#5824=VECTOR('',#5823,0.854684092171545);
#5825=LINE('',#5822,#5824);
#5826=EDGE_CURVE('',#5821,#5619,#5825,.T.);
#5827=ORIENTED_EDGE('',*,*,#5826,.F.);
#5828=CARTESIAN_POINT('',(19.099999999999998,6.920101012677669,-0.740000000000000));
#5829=VERTEX_POINT('',#5828);
#5830=CARTESIAN_POINT('',(19.099999999999998,6.920101012677669,-0.750000000000000));
#5831=DIRECTION('',(0.0,0.0,1.0));
#5832=VECTOR('',#5831,0.010000000000000);
#5833=LINE('',#5830,#5832);
#5834=EDGE_CURVE('',#5821,#5829,#5833,.T.);
#5835=ORIENTED_EDGE('',*,*,#5834,.T.);
#5836=CARTESIAN_POINT('',(19.099999999999998,6.920101012677669,-0.740000000000000));
#5837=DIRECTION('',(-0.707106781186546,0.707106781186549,0.0));
#5838=VECTOR('',#5837,0.854684092171544);
#5839=LINE('',#5836,#5838);
#5840=EDGE_CURVE('',#5829,#5617,#5839,.T.);
#5841=ORIENTED_EDGE('',*,*,#5840,.T.);
#5842=EDGE_LOOP('',(#5819,#5827,#5835,#5841));
#5843=FACE_OUTER_BOUND('',#5842,.T.);
#5844=ADVANCED_FACE('',(#5843),#5818,.F.);
#5845=CARTESIAN_POINT('',(18.390928891636026,7.346329408567024,-0.740000000000000));
#5846=CARTESIAN_POINT('',(18.390928891636026,7.346329408567024,-0.750000000000000));
#5847=CARTESIAN_POINT('',(18.900000000000002,6.837258300203048,-0.740000000000000));
#5848=CARTESIAN_POINT('',(18.900000000000002,6.837258300203048,-0.750000000000000));
#5849=B_SPLINE_SURFACE_WITH_KNOTS('',1,1,((#5845,#5847),(#5846,#5848)),.UNSPECIFIED.,.F.,.F.,.U.,(2,2),(2,2),(0.0,0.010000000000000),(0.0,0.719935265660638),.UNSPECIFIED.);
#5850=ORIENTED_EDGE('',*,*,#5593,.T.);
#5851=CARTESIAN_POINT('',(18.900000000000002,6.837258300203047,-0.740000000000000));
#5852=VERTEX_POINT('',#5851);
#5853=CARTESIAN_POINT('',(18.390928891636026,7.346329408567024,-0.740000000000000));
#5854=DIRECTION('',(0.707106781186547,-0.707106781186548,0.0));
#5855=VECTOR('',#5854,0.719935265660639);
#5856=LINE('',#5853,#5855);
#5857=EDGE_CURVE('',#5588,#5852,#5856,.T.);
#5858=ORIENTED_EDGE('',*,*,#5857,.T.);
#5859=CARTESIAN_POINT('',(18.900000000000002,6.837258300203047,-0.750000000000000));
#5860=VERTEX_POINT('',#5859);
#5861=CARTESIAN_POINT('',(18.900000000000002,6.837258300203047,-0.750000000000000));
#5862=DIRECTION('',(0.0,0.0,1.0));
#5863=VECTOR('',#5862,0.010000000000000);
#5864=LINE('',#5861,#5863);
#5865=EDGE_CURVE('',#5860,#5852,#5864,.T.);
#5866=ORIENTED_EDGE('',*,*,#5865,.F.);
#5867=CARTESIAN_POINT('',(18.390928891636026,7.346329408567025,-0.750000000000000));
#5868=DIRECTION('',(0.707106781186548,-0.707106781186547,0.0));
#5869=VECTOR('',#5868,0.719935265660643);
#5870=LINE('',#5867,#5869);
#5871=EDGE_CURVE('',#5586,#5860,#5870,.T.);
#5872=ORIENTED_EDGE('',*,*,#5871,.F.);
#5873=EDGE_LOOP('',(#5850,#5858,#5866,#5872));
#5874=FACE_OUTER_BOUND('',#5873,.T.);
#5875=ADVANCED_FACE('',(#5874),#5849,.F.);
#5876=CARTESIAN_POINT('',(17.492435953037742,8.244822347165307,-0.740000000000000));
#5877=CARTESIAN_POINT('',(17.492435953037742,8.244822347165307,-0.750000000000000));
#5878=CARTESIAN_POINT('',(18.244822347165307,7.492435953037740,-0.740000000000000));
#5879=CARTESIAN_POINT('',(18.244822347165311,7.492435953037740,-0.750000000000000));
#5880=B_SPLINE_SURFACE_WITH_KNOTS('',1,1,((#5876,#5878),(#5877,#5879)),.UNSPECIFIED.,.F.,.F.,.U.,(2,2),(2,2),(0.0,0.010000000000000),(0.0,1.064035042720193),.UNSPECIFIED.);
#5881=ORIENTED_EDGE('',*,*,#5560,.T.);
#5882=CARTESIAN_POINT('',(17.492435953037742,8.244822347165306,-0.740000000000000));
#5883=DIRECTION('',(0.707106781186548,-0.707106781186548,0.0));
#5884=VECTOR('',#5883,1.064035042720192);
#5885=LINE('',#5882,#5884);
#5886=EDGE_CURVE('',#5555,#5648,#5885,.T.);
#5887=ORIENTED_EDGE('',*,*,#5886,.T.);
#5888=ORIENTED_EDGE('',*,*,#5653,.T.);
#5889=ORIENTED_EDGE('',*,*,#1715,.F.);
#5890=EDGE_LOOP('',(#5881,#5887,#5888,#5889));
#5891=FACE_OUTER_BOUND('',#5890,.T.);
#5892=ADVANCED_FACE('',(#5891),#5880,.F.);
#5893=CARTESIAN_POINT('',(19.100000000000009,3.079898987322337,-0.750000000000000));
#5894=CARTESIAN_POINT('',(19.100000000000009,3.079898987322337,-0.740000000000000));
#5895=CARTESIAN_POINT('',(18.495647082653228,2.475546069975559,-0.750000000000000));
#5896=CARTESIAN_POINT('',(18.495647082653228,2.475546069975559,-0.740000000000000));
#5897=B_SPLINE_SURFACE_WITH_KNOTS('',1,1,((#5893,#5895),(#5894,#5896)),.UNSPECIFIED.,.F.,.F.,.U.,(2,2),(2,2),(0.0,0.010000000000000),(0.0,0.854684092171561),.UNSPECIFIED.);
#5898=ORIENTED_EDGE('',*,*,#4683,.T.);
#5899=CARTESIAN_POINT('',(19.100000000000009,3.079898987322338,-0.740000000000000));
#5900=VERTEX_POINT('',#5899);
#5901=CARTESIAN_POINT('',(18.495647082653235,2.475546069975561,-0.740000000000000));
#5902=DIRECTION('',(0.707106781186547,0.707106781186548,0.0));
#5903=VECTOR('',#5902,0.854684092171558);
#5904=LINE('',#5901,#5903);
#5905=EDGE_CURVE('',#4678,#5900,#5904,.T.);
#5906=ORIENTED_EDGE('',*,*,#5905,.T.);
#5907=CARTESIAN_POINT('',(19.100000000000009,3.079898987322338,-0.750000000000000));
#5908=VERTEX_POINT('',#5907);
#5909=CARTESIAN_POINT('',(19.100000000000009,3.079898987322338,-0.750000000000000));
#5910=DIRECTION('',(0.0,0.0,1.0));
#5911=VECTOR('',#5910,0.010000000000000);
#5912=LINE('',#5909,#5911);
#5913=EDGE_CURVE('',#5908,#5900,#5912,.T.);
#5914=ORIENTED_EDGE('',*,*,#5913,.F.);
#5915=CARTESIAN_POINT('',(18.495647082653235,2.475546069975561,-0.750000000000000));
#5916=DIRECTION('',(0.707106781186547,0.707106781186548,0.0));
#5917=VECTOR('',#5916,0.854684092171558);
#5918=LINE('',#5915,#5917);
#5919=EDGE_CURVE('',#4676,#5908,#5918,.T.);
#5920=ORIENTED_EDGE('',*,*,#5919,.F.);
#5921=EDGE_LOOP('',(#5898,#5906,#5914,#5920));
#5922=FACE_OUTER_BOUND('',#5921,.T.);
#5923=ADVANCED_FACE('',(#5922),#5897,.F.);
#5924=CARTESIAN_POINT('',(19.099999999999994,6.920101012677669,-0.750000000000000));
#5925=CARTESIAN_POINT('',(19.099999999999994,6.920101012677669,-0.740000000000000));
#5926=CARTESIAN_POINT('',(19.100000000000009,3.079898987322334,-0.750000000000000));
#5927=CARTESIAN_POINT('',(19.100000000000009,3.079898987322333,-0.740000000000000));
#5928=B_SPLINE_SURFACE_WITH_KNOTS('',1,1,((#5924,#5926),(#5925,#5927)),.UNSPECIFIED.,.F.,.F.,.U.,(2,2),(2,2),(0.0,0.010000000000000),(0.0,3.840202025355335),.UNSPECIFIED.);
#5929=CARTESIAN_POINT('',(19.100000000000005,3.079898987322334,-0.740000000000000));
#5930=DIRECTION('',(0.0,1.0,0.0));
#5931=VECTOR('',#5930,3.840202025355334);
#5932=LINE('',#5929,#5931);
#5933=EDGE_CURVE('',#5900,#5829,#5932,.T.);
#5934=ORIENTED_EDGE('',*,*,#5933,.T.);
#5935=ORIENTED_EDGE('',*,*,#5834,.F.);
#5936=CARTESIAN_POINT('',(19.100000000000012,3.079898987322338,-0.750000000000000));
#5937=DIRECTION('',(0.0,1.0,0.0));
#5938=VECTOR('',#5937,3.840202025355331);
#5939=LINE('',#5936,#5938);
#5940=EDGE_CURVE('',#5908,#5821,#5939,.T.);
#5941=ORIENTED_EDGE('',*,*,#5940,.F.);
#5942=ORIENTED_EDGE('',*,*,#5913,.T.);
#5943=EDGE_LOOP('',(#5934,#5935,#5941,#5942));
#5944=FACE_OUTER_BOUND('',#5943,.T.);
#5945=ADVANCED_FACE('',(#5944),#5928,.F.);
#5946=CARTESIAN_POINT('',(18.900000000000002,3.162741699796954,-0.740000000000000));
#5947=CARTESIAN_POINT('',(18.900000000000002,3.162741699796954,-0.750000000000000));
#5948=CARTESIAN_POINT('',(18.390928891636026,2.653670591432977,-0.740000000000000));
#5949=CARTESIAN_POINT('',(18.390928891636026,2.653670591432977,-0.750000000000000));
#5950=B_SPLINE_SURFACE_WITH_KNOTS('',1,1,((#5946,#5948),(#5947,#5949)),.UNSPECIFIED.,.F.,.F.,.U.,(2,2),(2,2),(0.0,0.010000000000000),(0.0,0.719935265660639),.UNSPECIFIED.);
#5951=ORIENTED_EDGE('',*,*,#4643,.T.);
#5952=CARTESIAN_POINT('',(18.900000000000002,3.162741699796954,-0.750000000000000));
#5953=VERTEX_POINT('',#5952);
#5954=CARTESIAN_POINT('',(18.900000000000006,3.162741699796954,-0.750000000000000));
#5955=DIRECTION('',(-0.707106781186547,-0.707106781186548,0.0));
#5956=VECTOR('',#5955,0.719935265660639);
#5957=LINE('',#5954,#5956);
#5958=EDGE_CURVE('',#5953,#4638,#5957,.T.);
#5959=ORIENTED_EDGE('',*,*,#5958,.F.);
#5960=CARTESIAN_POINT('',(18.900000000000002,3.162741699796954,-0.740000000000000));
#5961=VERTEX_POINT('',#5960);
#5962=CARTESIAN_POINT('',(18.900000000000002,3.162741699796954,-0.750000000000000));
#5963=DIRECTION('',(0.0,0.0,1.0));
#5964=VECTOR('',#5963,0.010000000000000);
#5965=LINE('',#5962,#5964);
#5966=EDGE_CURVE('',#5953,#5961,#5965,.T.);
#5967=ORIENTED_EDGE('',*,*,#5966,.T.);
#5968=CARTESIAN_POINT('',(18.900000000000002,3.162741699796954,-0.740000000000000));
#5969=DIRECTION('',(-0.707106781186547,-0.707106781186548,0.0));
#5970=VECTOR('',#5969,0.719935265660639);
#5971=LINE('',#5968,#5970);
#5972=EDGE_CURVE('',#5961,#4636,#5971,.T.);
#5973=ORIENTED_EDGE('',*,*,#5972,.T.);
#5974=EDGE_LOOP('',(#5951,#5959,#5967,#5973));
#5975=FACE_OUTER_BOUND('',#5974,.T.);
#5976=ADVANCED_FACE('',(#5975),#5950,.F.);
#5977=CARTESIAN_POINT('',(16.837258300203047,1.099999999999994,-0.740000000000000));
#5978=CARTESIAN_POINT('',(16.837258300203047,1.099999999999994,-0.750000000000000));
#5979=CARTESIAN_POINT('',(3.162741699796953,1.099999999999996,-0.740000000000000));
#5980=CARTESIAN_POINT('',(3.162741699796953,1.099999999999996,-0.750000000000000));
#5981=B_SPLINE_SURFACE_WITH_KNOTS('',1,1,((#5977,#5979),(#5978,#5980)),.UNSPECIFIED.,.F.,.F.,.U.,(2,2),(2,2),(0.0,0.010000000000000),(0.0,13.674516600406093),.UNSPECIFIED.);
#5982=CARTESIAN_POINT('',(3.162741699796954,1.099999999999994,-0.740000000000000));
#5983=VERTEX_POINT('',#5982);
#5984=CARTESIAN_POINT('',(16.837258300203043,1.099999999999999,-0.740000000000000));
#5985=DIRECTION('',(-1.0,0.0,0.0));
#5986=VECTOR('',#5985,13.674516600406090);
#5987=LINE('',#5984,#5986);
#5988=EDGE_CURVE('',#5029,#5983,#5987,.T.);
#5989=ORIENTED_EDGE('',*,*,#5988,.T.);
#5990=CARTESIAN_POINT('',(3.162741699796954,1.099999999999994,-0.750000000000000));
#5991=VERTEX_POINT('',#5990);
#5992=CARTESIAN_POINT('',(3.162741699796954,1.099999999999994,-0.750000000000000));
#5993=DIRECTION('',(0.0,0.0,1.0));
#5994=VECTOR('',#5993,0.010000000000000);
#5995=LINE('',#5992,#5994);
#5996=EDGE_CURVE('',#5991,#5983,#5995,.T.);
#5997=ORIENTED_EDGE('',*,*,#5996,.F.);
#5998=CARTESIAN_POINT('',(16.837258300203047,1.099999999999994,-0.750000000000000));
#5999=DIRECTION('',(-1.0,0.0,0.0));
#6000=VECTOR('',#5999,13.674516600406093);
#6001=LINE('',#5998,#6000);
#6002=EDGE_CURVE('',#5037,#5991,#6001,.T.);
#6003=ORIENTED_EDGE('',*,*,#6002,.F.);
#6004=ORIENTED_EDGE('',*,*,#5042,.T.);
#6005=EDGE_LOOP('',(#5989,#5997,#6003,#6004));
#6006=FACE_OUTER_BOUND('',#6005,.T.);
#6007=ADVANCED_FACE('',(#6006),#5981,.F.);
#6008=CARTESIAN_POINT('',(2.475546069975561,1.504352917346767,-0.740000000000000));
#6009=CARTESIAN_POINT('',(2.475546069975561,1.504352917346767,-0.750000000000000));
#6010=CARTESIAN_POINT('',(3.079898987322340,0.899999999999987,-0.740000000000000));
#6011=CARTESIAN_POINT('',(3.079898987322340,0.899999999999987,-0.750000000000000));
#6012=B_SPLINE_SURFACE_WITH_KNOTS('',1,1,((#6008,#6010),(#6009,#6011)),.UNSPECIFIED.,.F.,.F.,.U.,(2,2),(2,2),(0.0,0.010000000000000),(0.0,0.854684092171561),.UNSPECIFIED.);
#6013=ORIENTED_EDGE('',*,*,#5123,.T.);
#6014=CARTESIAN_POINT('',(3.079898987322338,0.899999999999987,-0.740000000000000));
#6015=VERTEX_POINT('',#6014);
#6016=CARTESIAN_POINT('',(2.475546069975562,1.504352917346766,-0.740000000000000));
#6017=DIRECTION('',(0.707106781186547,-0.707106781186548,0.0));
#6018=VECTOR('',#6017,0.854684092171558);
#6019=LINE('',#6016,#6018);
#6020=EDGE_CURVE('',#5118,#6015,#6019,.T.);
#6021=ORIENTED_EDGE('',*,*,#6020,.T.);
#6022=CARTESIAN_POINT('',(3.079898987322338,0.899999999999987,-0.750000000000000));
#6023=VERTEX_POINT('',#6022);
#6024=CARTESIAN_POINT('',(3.079898987322338,0.899999999999987,-0.750000000000000));
#6025=DIRECTION('',(0.0,0.0,1.0));
#6026=VECTOR('',#6025,0.010000000000000);
#6027=LINE('',#6024,#6026);
#6028=EDGE_CURVE('',#6023,#6015,#6027,.T.);
#6029=ORIENTED_EDGE('',*,*,#6028,.F.);
#6030=CARTESIAN_POINT('',(2.475546069975560,1.504352917346765,-0.750000000000000));
#6031=DIRECTION('',(0.707106781186548,-0.707106781186547,0.0));
#6032=VECTOR('',#6031,0.854684092171560);
#6033=LINE('',#6030,#6032);
#6034=EDGE_CURVE('',#5116,#6023,#6033,.T.);
#6035=ORIENTED_EDGE('',*,*,#6034,.F.);
#6036=EDGE_LOOP('',(#6013,#6021,#6029,#6035));
#6037=FACE_OUTER_BOUND('',#6036,.T.);
#6038=ADVANCED_FACE('',(#6037),#6012,.F.);
#6039=CARTESIAN_POINT('',(16.920101012677669,0.900000000000041,-0.750000000000000));
#6040=CARTESIAN_POINT('',(16.920101012677669,0.900000000000041,-0.740000000000000));
#6041=CARTESIAN_POINT('',(3.079898987322338,0.899999999999987,-0.750000000000000));
#6042=CARTESIAN_POINT('',(3.079898987322338,0.899999999999987,-0.740000000000000));
#6043=B_SPLINE_SURFACE_WITH_KNOTS('',1,1,((#6039,#6041),(#6040,#6042)),.UNSPECIFIED.,.F.,.F.,.U.,(2,2),(2,2),(0.0,0.010000000000000),(0.0,13.840202025355332),.UNSPECIFIED.);
#6044=CARTESIAN_POINT('',(3.079898987322341,0.899999999999968,-0.740000000000000));
#6045=DIRECTION('',(1.0,0.0,0.0));
#6046=VECTOR('',#6045,13.840202025355328);
#6047=LINE('',#6044,#6046);
#6048=EDGE_CURVE('',#6015,#5006,#6047,.T.);
#6049=ORIENTED_EDGE('',*,*,#6048,.T.);
#6050=ORIENTED_EDGE('',*,*,#5011,.F.);
#6051=CARTESIAN_POINT('',(3.079898987322338,0.899999999999988,-0.750000000000000));
#6052=DIRECTION('',(1.0,0.0,0.0));
#6053=VECTOR('',#6052,13.840202025355332);
#6054=LINE('',#6051,#6053);
#6055=EDGE_CURVE('',#6023,#4998,#6054,.T.);
#6056=ORIENTED_EDGE('',*,*,#6055,.F.);
#6057=ORIENTED_EDGE('',*,*,#6028,.T.);
#6058=EDGE_LOOP('',(#6049,#6050,#6056,#6057));
#6059=FACE_OUTER_BOUND('',#6058,.T.);
#6060=ADVANCED_FACE('',(#6059),#6043,.F.);
#6061=CARTESIAN_POINT('',(2.653670591432975,1.609071108363972,-0.750000000000000));
#6062=CARTESIAN_POINT('',(2.653670591432975,1.609071108363972,-0.740000000000000));
#6063=CARTESIAN_POINT('',(3.162741699796954,1.099999999999994,-0.750000000000000));
#6064=CARTESIAN_POINT('',(3.162741699796954,1.099999999999994,-0.740000000000000));
#6065=B_SPLINE_SURFACE_WITH_KNOTS('',1,1,((#6061,#6063),(#6062,#6064)),.UNSPECIFIED.,.F.,.F.,.U.,(2,2),(2,2),(0.0,0.010000000000000),(0.0,0.719935265660642),.UNSPECIFIED.);
#6066=ORIENTED_EDGE('',*,*,#5083,.T.);
#6067=CARTESIAN_POINT('',(3.162741699796953,1.099999999999993,-0.750000000000000));
#6068=DIRECTION('',(-0.707106781186548,0.707106781186547,0.0));
#6069=VECTOR('',#6068,0.719935265660641);
#6070=LINE('',#6067,#6069);
#6071=EDGE_CURVE('',#5991,#5078,#6070,.T.);
#6072=ORIENTED_EDGE('',*,*,#6071,.F.);
#6073=ORIENTED_EDGE('',*,*,#5996,.T.);
#6074=CARTESIAN_POINT('',(3.162741699796954,1.099999999999996,-0.740000000000000));
#6075=DIRECTION('',(-0.707106781186548,0.707106781186547,0.0));
#6076=VECTOR('',#6075,0.719935265660640);
#6077=LINE('',#6074,#6076);
#6078=EDGE_CURVE('',#5983,#5076,#6077,.T.);
#6079=ORIENTED_EDGE('',*,*,#6078,.T.);
#6080=EDGE_LOOP('',(#6066,#6072,#6073,#6079));
#6081=FACE_OUTER_BOUND('',#6080,.T.);
#6082=ADVANCED_FACE('',(#6081),#6065,.F.);
#6083=CARTESIAN_POINT('',(1.099999999999992,15.401219330881982,-0.750000000000000));
#6084=CARTESIAN_POINT('',(1.099999999999992,15.401219330881982,-0.740000000000000));
#6085=CARTESIAN_POINT('',(1.099999999999997,3.162741699796950,-0.750000000000000));
#6086=CARTESIAN_POINT('',(1.099999999999997,3.162741699796950,-0.740000000000000));
#6087=B_SPLINE_SURFACE_WITH_KNOTS('',1,1,((#6083,#6085),(#6084,#6086)),.UNSPECIFIED.,.F.,.F.,.U.,(2,2),(2,2),(0.0,0.010000000000000),(0.0,12.238477631085033),.UNSPECIFIED.);
#6088=CARTESIAN_POINT('',(1.099999999999995,3.162741699796949,-0.740000000000000));
#6089=DIRECTION('',(0.0,1.0,0.0));
#6090=VECTOR('',#6089,12.238477631085033);
#6091=LINE('',#6088,#6090);
#6092=EDGE_CURVE('',#5428,#3816,#6091,.T.);
#6093=ORIENTED_EDGE('',*,*,#6092,.T.);
#6094=ORIENTED_EDGE('',*,*,#3821,.T.);
#6095=CARTESIAN_POINT('',(1.099999999999997,3.162741699796950,-0.750000000000000));
#6096=DIRECTION('',(0.0,1.0,0.0));
#6097=VECTOR('',#6096,12.238477631085031);
#6098=LINE('',#6095,#6097);
#6099=EDGE_CURVE('',#5436,#3808,#6098,.T.);
#6100=ORIENTED_EDGE('',*,*,#6099,.F.);
#6101=ORIENTED_EDGE('',*,*,#5441,.T.);
#6102=EDGE_LOOP('',(#6093,#6094,#6100,#6101));
#6103=FACE_OUTER_BOUND('',#6102,.T.);
#6104=ADVANCED_FACE('',(#6103),#6087,.F.);
#6105=CARTESIAN_POINT('',(16.920101012677662,9.100000000000009,-0.750000000000000));
#6106=CARTESIAN_POINT('',(16.920101012677662,9.100000000000009,-0.740000000000000));
#6107=CARTESIAN_POINT('',(17.524453930024439,8.495647082653232,-0.750000000000000));
#6108=CARTESIAN_POINT('',(17.524453930024436,8.495647082653232,-0.740000000000000));
#6109=B_SPLINE_SURFACE_WITH_KNOTS('',1,1,((#6105,#6107),(#6106,#6108)),.UNSPECIFIED.,.F.,.F.,.U.,(2,2),(2,2),(0.0,0.010000000000000),(0.0,0.854684092171558),.UNSPECIFIED.);
#6110=ORIENTED_EDGE('',*,*,#5522,.T.);
#6111=CARTESIAN_POINT('',(16.920101012677662,9.100000000000009,-0.740000000000000));
#6112=VERTEX_POINT('',#6111);
#6113=CARTESIAN_POINT('',(17.524453930024439,8.495647082653230,-0.740000000000000));
#6114=DIRECTION('',(-0.707106781186548,0.707106781186548,0.0));
#6115=VECTOR('',#6114,0.854684092171558);
#6116=LINE('',#6113,#6115);
#6117=EDGE_CURVE('',#5517,#6112,#6116,.T.);
#6118=ORIENTED_EDGE('',*,*,#6117,.T.);
#6119=CARTESIAN_POINT('',(16.920101012677662,9.100000000000009,-0.750000000000000));
#6120=VERTEX_POINT('',#6119);
#6121=CARTESIAN_POINT('',(16.920101012677662,9.100000000000009,-0.750000000000000));
#6122=DIRECTION('',(0.0,0.0,1.0));
#6123=VECTOR('',#6122,0.010000000000000);
#6124=LINE('',#6121,#6123);
#6125=EDGE_CURVE('',#6120,#6112,#6124,.T.);
#6126=ORIENTED_EDGE('',*,*,#6125,.F.);
#6127=CARTESIAN_POINT('',(17.524453930024439,8.495647082653228,-0.750000000000000));
#6128=DIRECTION('',(-0.707106781186547,0.707106781186549,0.0));
#6129=VECTOR('',#6128,0.854684092171559);
#6130=LINE('',#6127,#6129);
#6131=EDGE_CURVE('',#5515,#6120,#6130,.T.);
#6132=ORIENTED_EDGE('',*,*,#6131,.F.);
#6133=EDGE_LOOP('',(#6110,#6118,#6126,#6132));
#6134=FACE_OUTER_BOUND('',#6133,.T.);
#6135=ADVANCED_FACE('',(#6134),#6109,.F.);
#6136=CARTESIAN_POINT('',(16.920101012677662,9.100000000000009,-0.740000000000000));
#6137=CARTESIAN_POINT('',(16.920101012677662,9.100000000000009,-0.750000000000000));
#6138=CARTESIAN_POINT('',(10.132790395221299,9.099999999999989,-0.740000000000000));
#6139=CARTESIAN_POINT('',(10.132790395221299,9.099999999999987,-0.750000000000000));
#6140=B_SPLINE_SURFACE_WITH_KNOTS('',1,1,((#6136,#6138),(#6137,#6139)),.UNSPECIFIED.,.F.,.F.,.U.,(2,2),(2,2),(0.0,0.010000000000000),(0.0,6.787310617456363),.UNSPECIFIED.);
#6141=CARTESIAN_POINT('',(16.920101012677662,9.100000000000001,-0.740000000000000));
#6142=DIRECTION('',(-1.0,0.0,0.0));
#6143=VECTOR('',#6142,6.787310617456360);
#6144=LINE('',#6141,#6143);
#6145=EDGE_CURVE('',#6112,#4552,#6144,.T.);
#6146=ORIENTED_EDGE('',*,*,#6145,.T.);
#6147=ORIENTED_EDGE('',*,*,#4557,.T.);
#6148=CARTESIAN_POINT('',(16.920101012677662,9.100000000000007,-0.750000000000000));
#6149=DIRECTION('',(-1.0,0.0,0.0));
#6150=VECTOR('',#6149,6.787310617456361);
#6151=LINE('',#6148,#6150);
#6152=EDGE_CURVE('',#6120,#4544,#6151,.T.);
#6153=ORIENTED_EDGE('',*,*,#6152,.F.);
#6154=ORIENTED_EDGE('',*,*,#6125,.T.);
#6155=EDGE_LOOP('',(#6146,#6147,#6153,#6154));
#6156=FACE_OUTER_BOUND('',#6155,.T.);
#6157=ADVANCED_FACE('',(#6156),#6140,.F.);
#6158=CARTESIAN_POINT('',(16.837258300203047,8.900000000000002,-0.740000000000000));
#6159=CARTESIAN_POINT('',(16.837258300203047,8.900000000000002,-0.750000000000000));
#6160=CARTESIAN_POINT('',(17.346329408567026,8.390928891636024,-0.740000000000000));
#6161=CARTESIAN_POINT('',(17.346329408567030,8.390928891636026,-0.750000000000000));
#6162=B_SPLINE_SURFACE_WITH_KNOTS('',1,1,((#6158,#6160),(#6159,#6161)),.UNSPECIFIED.,.F.,.F.,.U.,(2,2),(2,2),(0.0,0.010000000000000),(0.0,0.719935265660642),.UNSPECIFIED.);
#6163=ORIENTED_EDGE('',*,*,#5482,.T.);
#6164=CARTESIAN_POINT('',(16.837258300203047,8.900000000000002,-0.750000000000000));
#6165=VERTEX_POINT('',#6164);
#6166=CARTESIAN_POINT('',(16.837258300203050,8.900000000000002,-0.750000000000000));
#6167=DIRECTION('',(0.707106781186546,-0.707106781186549,0.0));
#6168=VECTOR('',#6167,0.719935265660640);
#6169=LINE('',#6166,#6168);
#6170=EDGE_CURVE('',#6165,#5477,#6169,.T.);
#6171=ORIENTED_EDGE('',*,*,#6170,.F.);
#6172=CARTESIAN_POINT('',(16.837258300203047,8.900000000000002,-0.740000000000000));
#6173=VERTEX_POINT('',#6172);
#6174=CARTESIAN_POINT('',(16.837258300203047,8.900000000000002,-0.750000000000000));
#6175=DIRECTION('',(0.0,0.0,1.0));
#6176=VECTOR('',#6175,0.010000000000000);
#6177=LINE('',#6174,#6176);
#6178=EDGE_CURVE('',#6165,#6173,#6177,.T.);
#6179=ORIENTED_EDGE('',*,*,#6178,.T.);
#6180=CARTESIAN_POINT('',(16.837258300203047,8.900000000000000,-0.740000000000000));
#6181=DIRECTION('',(0.707106781186549,-0.707106781186546,0.0));
#6182=VECTOR('',#6181,0.719935265660637);
#6183=LINE('',#6180,#6182);
#6184=EDGE_CURVE('',#6173,#5475,#6183,.T.);
#6185=ORIENTED_EDGE('',*,*,#6184,.T.);
#6186=EDGE_LOOP('',(#6163,#6171,#6179,#6185));
#6187=FACE_OUTER_BOUND('',#6186,.T.);
#6188=ADVANCED_FACE('',(#6187),#6162,.F.);
#6189=CARTESIAN_POINT('',(18.900000000000002,6.837258300203049,-0.740000000000000));
#6190=CARTESIAN_POINT('',(18.900000000000002,6.837258300203049,-0.750000000000000));
#6191=CARTESIAN_POINT('',(18.899999999999999,3.162741699796954,-0.740000000000000));
#6192=CARTESIAN_POINT('',(18.899999999999995,3.162741699796954,-0.750000000000000));
#6193=B_SPLINE_SURFACE_WITH_KNOTS('',1,1,((#6189,#6191),(#6190,#6192)),.UNSPECIFIED.,.F.,.F.,.U.,(2,2),(2,2),(0.0,0.010000000000000),(0.0,3.674516600406095),.UNSPECIFIED.);
#6194=CARTESIAN_POINT('',(18.900000000000002,6.837258300203049,-0.740000000000000));
#6195=DIRECTION('',(0.0,-1.0,0.0));
#6196=VECTOR('',#6195,3.674516600406096);
#6197=LINE('',#6194,#6196);
#6198=EDGE_CURVE('',#5852,#5961,#6197,.T.);
#6199=ORIENTED_EDGE('',*,*,#6198,.T.);
#6200=ORIENTED_EDGE('',*,*,#5966,.F.);
#6201=CARTESIAN_POINT('',(18.900000000000002,6.837258300203047,-0.750000000000000));
#6202=DIRECTION('',(0.0,-1.0,0.0));
#6203=VECTOR('',#6202,3.674516600406093);
#6204=LINE('',#6201,#6203);
#6205=EDGE_CURVE('',#5860,#5953,#6204,.T.);
#6206=ORIENTED_EDGE('',*,*,#6205,.F.);
#6207=ORIENTED_EDGE('',*,*,#5865,.T.);
#6208=EDGE_LOOP('',(#6199,#6200,#6206,#6207));
#6209=FACE_OUTER_BOUND('',#6208,.T.);
#6210=ADVANCED_FACE('',(#6209),#6193,.F.);
#6211=CARTESIAN_POINT('',(9.999154667637438,8.900000000000006,-0.740000000000000));
#6212=CARTESIAN_POINT('',(9.999154667637438,8.900000000000006,-0.750000000000000));
#6213=CARTESIAN_POINT('',(10.413368230010532,7.900000000000013,-0.740000000000000));
#6214=CARTESIAN_POINT('',(10.413368230010530,7.900000000000013,-0.750000000000000));
#6215=B_SPLINE_SURFACE_WITH_KNOTS('',1,1,((#6211,#6213),(#6212,#6214)),.UNSPECIFIED.,.F.,.F.,.U.,(2,2),(2,2),(0.0,0.010000000000000),(0.0,1.082392200292387),.UNSPECIFIED.);
#6216=CARTESIAN_POINT('',(9.999154667637438,8.900000000000008,-0.740000000000000));
#6217=VERTEX_POINT('',#6216);
#6218=CARTESIAN_POINT('',(9.999154667637438,8.900000000000008,-0.740000000000000));
#6219=DIRECTION('',(0.0,0.0,-1.0));
#6220=VECTOR('',#6219,0.010000000000000);
#6221=LINE('',#6218,#6220);
#6222=EDGE_CURVE('',#6217,#1678,#6221,.T.);
#6223=ORIENTED_EDGE('',*,*,#6222,.F.);
#6224=CARTESIAN_POINT('',(10.413368230010532,7.900000000000015,-0.740000000000000));
#6225=VERTEX_POINT('',#6224);
#6226=CARTESIAN_POINT('',(9.999154667637438,8.900000000000006,-0.740000000000000));
#6227=DIRECTION('',(0.382683432365090,-0.923879532511287,0.0));
#6228=VECTOR('',#6227,1.082392200292385);
#6229=LINE('',#6226,#6228);
#6230=EDGE_CURVE('',#6217,#6225,#6229,.T.);
#6231=ORIENTED_EDGE('',*,*,#6230,.T.);
#6232=CARTESIAN_POINT('',(10.413368230010532,7.900000000000015,-0.750000000000000));
#6233=DIRECTION('',(0.0,0.0,1.0));
#6234=VECTOR('',#6233,0.010000000000000);
#6235=LINE('',#6232,#6234);
#6236=EDGE_CURVE('',#1686,#6225,#6235,.T.);
#6237=ORIENTED_EDGE('',*,*,#6236,.F.);
#6238=ORIENTED_EDGE('',*,*,#1691,.F.);
#6239=EDGE_LOOP('',(#6223,#6231,#6237,#6238));
#6240=FACE_OUTER_BOUND('',#6239,.T.);
#6241=ADVANCED_FACE('',(#6240),#6215,.F.);
#6242=CARTESIAN_POINT('',(7.890928218044035,13.989708887162060,-0.740000000000000));
#6243=CARTESIAN_POINT('',(7.890928218044035,13.989708887162060,-0.750000000000000));
#6244=CARTESIAN_POINT('',(8.305141780417131,12.989708887162061,-0.740000000000000));
#6245=CARTESIAN_POINT('',(8.305141780417131,12.989708887162060,-0.750000000000000));
#6246=B_SPLINE_SURFACE_WITH_KNOTS('',1,1,((#6242,#6244),(#6243,#6245)),.UNSPECIFIED.,.F.,.F.,.U.,(2,2),(2,2),(0.0,0.010000000000000),(0.0,1.082392200292393),.UNSPECIFIED.);
#6247=ORIENTED_EDGE('',*,*,#4455,.T.);
#6248=ORIENTED_EDGE('',*,*,#1659,.F.);
#6249=ORIENTED_EDGE('',*,*,#4163,.T.);
#6250=CARTESIAN_POINT('',(7.890928218044035,13.989708887162060,-0.740000000000000));
#6251=DIRECTION('',(0.382683432365091,-0.923879532511286,0.0));
#6252=VECTOR('',#6251,1.082392200292393);
#6253=LINE('',#6250,#6252);
#6254=EDGE_CURVE('',#4152,#4450,#6253,.T.);
#6255=ORIENTED_EDGE('',*,*,#6254,.T.);
#6256=EDGE_LOOP('',(#6247,#6248,#6249,#6255));
#6257=FACE_OUTER_BOUND('',#6256,.T.);
#6258=ADVANCED_FACE('',(#6257),#6246,.F.);
#6259=CARTESIAN_POINT('',(10.215633107695920,8.900000000000008,-0.750000000000000));
#6260=CARTESIAN_POINT('',(10.215633107695920,8.900000000000008,-0.740000000000000));
#6261=CARTESIAN_POINT('',(10.547003957594395,8.100000000000012,-0.750000000000000));
#6262=CARTESIAN_POINT('',(10.547003957594393,8.100000000000014,-0.740000000000000));
#6263=B_SPLINE_SURFACE_WITH_KNOTS('',1,1,((#6259,#6261),(#6260,#6262)),.UNSPECIFIED.,.F.,.F.,.U.,(2,2),(2,2),(0.0,0.010000000000000),(0.0,0.865913760233910),.UNSPECIFIED.);
#6264=CARTESIAN_POINT('',(10.215633107695918,8.900000000000008,-0.750000000000000));
#6265=VERTEX_POINT('',#6264);
#6266=CARTESIAN_POINT('',(10.215633107695918,8.900000000000008,-0.740000000000000));
#6267=VERTEX_POINT('',#6266);
#6268=CARTESIAN_POINT('',(10.215633107695918,8.900000000000008,-0.750000000000000));
#6269=DIRECTION('',(0.0,0.0,1.0));
#6270=VECTOR('',#6269,0.010000000000000);
#6271=LINE('',#6268,#6270);
#6272=EDGE_CURVE('',#6265,#6267,#6271,.T.);
#6273=ORIENTED_EDGE('',*,*,#6272,.F.);
#6274=CARTESIAN_POINT('',(10.547003957594395,8.100000000000012,-0.750000000000000));
#6275=DIRECTION('',(-0.382683432365092,0.923879532511286,0.0));
#6276=VECTOR('',#6275,0.865913760233911);
#6277=LINE('',#6274,#6276);
#6278=EDGE_CURVE('',#5687,#6265,#6277,.T.);
#6279=ORIENTED_EDGE('',*,*,#6278,.F.);
#6280=ORIENTED_EDGE('',*,*,#5692,.F.);
#6281=CARTESIAN_POINT('',(10.547003957594395,8.100000000000012,-0.740000000000000));
#6282=DIRECTION('',(-0.382683432365091,0.923879532511287,0.0));
#6283=VECTOR('',#6282,0.865913760233910);
#6284=LINE('',#6281,#6283);
#6285=EDGE_CURVE('',#5679,#6267,#6284,.T.);
#6286=ORIENTED_EDGE('',*,*,#6285,.T.);
#6287=EDGE_LOOP('',(#6273,#6279,#6280,#6286));
#6288=FACE_OUTER_BOUND('',#6287,.T.);
#6289=ADVANCED_FACE('',(#6288),#6263,.F.);
#6290=CARTESIAN_POINT('',(8.126844303464692,13.942782260108100,-0.750000000000000));
#6291=CARTESIAN_POINT('',(8.126844303464692,13.942782260108100,-0.740000000000000));
#6292=CARTESIAN_POINT('',(8.458215153363170,13.142782260108097,-0.750000000000000));
#6293=CARTESIAN_POINT('',(8.458215153363172,13.142782260108095,-0.740000000000000));
#6294=B_SPLINE_SURFACE_WITH_KNOTS('',1,1,((#6290,#6292),(#6291,#6293)),.UNSPECIFIED.,.F.,.F.,.U.,(2,2),(2,2),(0.0,0.010000000000000),(0.0,0.865913760233918),.UNSPECIFIED.);
#6295=ORIENTED_EDGE('',*,*,#4488,.T.);
#6296=CARTESIAN_POINT('',(8.458215153363170,13.142782260108099,-0.740000000000000));
#6297=DIRECTION('',(-0.382683432365092,0.923879532511286,0.0));
#6298=VECTOR('',#6297,0.865913760233917);
#6299=LINE('',#6296,#6298);
#6300=EDGE_CURVE('',#4483,#4257,#6299,.T.);
#6301=ORIENTED_EDGE('',*,*,#6300,.T.);
#6302=ORIENTED_EDGE('',*,*,#4262,.F.);
#6303=CARTESIAN_POINT('',(8.458215153363168,13.142782260108099,-0.750000000000000));
#6304=DIRECTION('',(-0.382683432365092,0.923879532511286,0.0));
#6305=VECTOR('',#6304,0.865913760233917);
#6306=LINE('',#6303,#6305);
#6307=EDGE_CURVE('',#4481,#4255,#6306,.T.);
#6308=ORIENTED_EDGE('',*,*,#6307,.F.);
#6309=EDGE_LOOP('',(#6295,#6301,#6302,#6308));
#6310=FACE_OUTER_BOUND('',#6309,.T.);
#6311=ADVANCED_FACE('',(#6310),#6294,.F.);
#6312=CARTESIAN_POINT('',(16.837258300203047,8.900000000000000,-0.750000000000000));
#6313=CARTESIAN_POINT('',(16.837258300203047,8.900000000000000,-0.740000000000000));
#6314=CARTESIAN_POINT('',(10.215633107695917,8.900000000000006,-0.750000000000000));
#6315=CARTESIAN_POINT('',(10.215633107695915,8.900000000000004,-0.740000000000000));
#6316=B_SPLINE_SURFACE_WITH_KNOTS('',1,1,((#6312,#6314),(#6313,#6315)),.UNSPECIFIED.,.F.,.F.,.U.,(2,2),(2,2),(0.0,0.010000000000000),(0.0,6.621625192507130),.UNSPECIFIED.);
#6317=ORIENTED_EDGE('',*,*,#6272,.T.);
#6318=CARTESIAN_POINT('',(10.215633107695920,8.900000000000004,-0.740000000000000));
#6319=DIRECTION('',(1.0,0.0,0.0));
#6320=VECTOR('',#6319,6.621625192507127);
#6321=LINE('',#6318,#6320);
#6322=EDGE_CURVE('',#6267,#6173,#6321,.T.);
#6323=ORIENTED_EDGE('',*,*,#6322,.T.);
#6324=ORIENTED_EDGE('',*,*,#6178,.F.);
#6325=CARTESIAN_POINT('',(10.215633107695918,8.900000000000008,-0.750000000000000));
#6326=DIRECTION('',(1.0,0.0,0.0));
#6327=VECTOR('',#6326,6.621625192507128);
#6328=LINE('',#6325,#6327);
#6329=EDGE_CURVE('',#6265,#6165,#6328,.T.);
#6330=ORIENTED_EDGE('',*,*,#6329,.F.);
#6331=EDGE_LOOP('',(#6317,#6323,#6324,#6330));
#6332=FACE_OUTER_BOUND('',#6331,.T.);
#6333=ADVANCED_FACE('',(#6332),#6316,.F.);
#6334=CARTESIAN_POINT('',(9.916311955162820,9.100000000000003,-0.740000000000000));
#6335=CARTESIAN_POINT('',(9.916311955162820,9.100000000000003,-0.750000000000000));
#6336=CARTESIAN_POINT('',(9.050398194928906,9.100000000000003,-0.740000000000000));
#6337=CARTESIAN_POINT('',(9.050398194928908,9.100000000000003,-0.750000000000000));
#6338=B_SPLINE_SURFACE_WITH_KNOTS('',1,1,((#6334,#6336),(#6335,#6337)),.UNSPECIFIED.,.F.,.F.,.U.,(2,2),(2,2),(0.0,0.010000000000000),(0.0,0.865913760233914),.UNSPECIFIED.);
#6339=ORIENTED_EDGE('',*,*,#4588,.T.);
#6340=CARTESIAN_POINT('',(9.050398194928906,9.100000000000003,-0.740000000000000));
#6341=VERTEX_POINT('',#6340);
#6342=CARTESIAN_POINT('',(9.916311955162820,9.100000000000003,-0.740000000000000));
#6343=DIRECTION('',(-1.0,0.0,0.0));
#6344=VECTOR('',#6343,0.865913760233914);
#6345=LINE('',#6342,#6344);
#6346=EDGE_CURVE('',#4575,#6341,#6345,.T.);
#6347=ORIENTED_EDGE('',*,*,#6346,.T.);
#6348=CARTESIAN_POINT('',(9.050398194928906,9.100000000000003,-0.750000000000000));
#6349=VERTEX_POINT('',#6348);
#6350=CARTESIAN_POINT('',(9.050398194928906,9.100000000000003,-0.750000000000000));
#6351=DIRECTION('',(0.0,0.0,1.0));
#6352=VECTOR('',#6351,0.010000000000000);
#6353=LINE('',#6350,#6352);
#6354=EDGE_CURVE('',#6349,#6341,#6353,.T.);
#6355=ORIENTED_EDGE('',*,*,#6354,.F.);
#6356=CARTESIAN_POINT('',(9.916311955162820,9.100000000000003,-0.750000000000000));
#6357=DIRECTION('',(-1.0,0.0,0.0));
#6358=VECTOR('',#6357,0.865913760233914);
#6359=LINE('',#6356,#6358);
#6360=EDGE_CURVE('',#4583,#6349,#6359,.T.);
#6361=ORIENTED_EDGE('',*,*,#6360,.F.);
#6362=EDGE_LOOP('',(#6339,#6347,#6355,#6361));
#6363=FACE_OUTER_BOUND('',#6362,.T.);
#6364=ADVANCED_FACE('',(#6363),#6338,.F.);
#6365=CARTESIAN_POINT('',(9.999154667637438,8.900000000000006,-0.750000000000000));
#6366=CARTESIAN_POINT('',(9.999154667637438,8.900000000000006,-0.740000000000000));
#6367=CARTESIAN_POINT('',(8.916762467345045,8.900000000000008,-0.750000000000000));
#6368=CARTESIAN_POINT('',(8.916762467345045,8.900000000000006,-0.740000000000000));
#6369=B_SPLINE_SURFACE_WITH_KNOTS('',1,1,((#6365,#6367),(#6366,#6368)),.UNSPECIFIED.,.F.,.F.,.U.,(2,2),(2,2),(0.0,0.010000000000000),(0.0,1.082392200292393),.UNSPECIFIED.);
#6370=ORIENTED_EDGE('',*,*,#6222,.T.);
#6371=ORIENTED_EDGE('',*,*,#1683,.F.);
#6372=CARTESIAN_POINT('',(8.916762467345045,8.900000000000008,-0.740000000000000));
#6373=VERTEX_POINT('',#6372);
#6374=CARTESIAN_POINT('',(8.916762467345045,8.900000000000008,-0.750000000000000));
#6375=DIRECTION('',(0.0,0.0,1.0));
#6376=VECTOR('',#6375,0.010000000000000);
#6377=LINE('',#6374,#6376);
#6378=EDGE_CURVE('',#1670,#6373,#6377,.T.);
#6379=ORIENTED_EDGE('',*,*,#6378,.T.);
#6380=CARTESIAN_POINT('',(8.916762467345045,8.900000000000008,-0.740000000000000));
#6381=DIRECTION('',(1.0,0.0,0.0));
#6382=VECTOR('',#6381,1.082392200292393);
#6383=LINE('',#6380,#6382);
#6384=EDGE_CURVE('',#6373,#6217,#6383,.T.);
#6385=ORIENTED_EDGE('',*,*,#6384,.T.);
#6386=EDGE_LOOP('',(#6370,#6371,#6379,#6385));
#6387=FACE_OUTER_BOUND('',#6386,.T.);
#6388=ADVANCED_FACE('',(#6387),#6369,.F.);
#6389=CARTESIAN_POINT('',(7.775691001107606,12.177415395377921,-0.750000000000000));
#6390=CARTESIAN_POINT('',(7.775691001107606,12.177415395377921,-0.740000000000000));
#6391=CARTESIAN_POINT('',(9.050398194928906,9.100000000000003,-0.750000000000000));
#6392=CARTESIAN_POINT('',(9.050398194928906,9.100000000000001,-0.740000000000000));
#6393=B_SPLINE_SURFACE_WITH_KNOTS('',1,1,((#6389,#6391),(#6390,#6392)),.UNSPECIFIED.,.F.,.F.,.U.,(2,2),(2,2),(0.0,0.010000000000000),(0.0,3.330970421016794),.UNSPECIFIED.);
#6394=CARTESIAN_POINT('',(9.050398194928906,9.100000000000003,-0.740000000000000));
#6395=DIRECTION('',(-0.382683432365092,0.923879532511286,0.0));
#6396=VECTOR('',#6395,3.330970421016792);
#6397=LINE('',#6394,#6396);
#6398=EDGE_CURVE('',#6341,#4428,#6397,.T.);
#6399=ORIENTED_EDGE('',*,*,#6398,.T.);
#6400=ORIENTED_EDGE('',*,*,#4433,.F.);
#6401=CARTESIAN_POINT('',(9.050398194928905,9.100000000000003,-0.750000000000000));
#6402=DIRECTION('',(-0.382683432365092,0.923879532511286,0.0));
#6403=VECTOR('',#6402,3.330970421016792);
#6404=LINE('',#6401,#6403);
#6405=EDGE_CURVE('',#6349,#4420,#6404,.T.);
#6406=ORIENTED_EDGE('',*,*,#6405,.F.);
#6407=ORIENTED_EDGE('',*,*,#6354,.T.);
#6408=EDGE_LOOP('',(#6399,#6400,#6406,#6407));
#6409=FACE_OUTER_BOUND('',#6408,.T.);
#6410=ADVANCED_FACE('',(#6409),#6393,.F.);
#6411=CARTESIAN_POINT('',(7.539774915686952,12.224342022431882,-0.740000000000000));
#6412=CARTESIAN_POINT('',(7.539774915686952,12.224342022431882,-0.750000000000000));
#6413=CARTESIAN_POINT('',(8.916762467345045,8.900000000000008,-0.740000000000000));
#6414=CARTESIAN_POINT('',(8.916762467345045,8.900000000000008,-0.750000000000000));
#6415=B_SPLINE_SURFACE_WITH_KNOTS('',1,1,((#6411,#6413),(#6412,#6414)),.UNSPECIFIED.,.F.,.F.,.U.,(2,2),(2,2),(0.0,0.010000000000000),(0.0,3.598241876184507),.UNSPECIFIED.);
#6416=CARTESIAN_POINT('',(7.539774915686952,12.224342022431882,-0.740000000000000));
#6417=DIRECTION('',(0.382683432365091,-0.923879532511286,0.0));
#6418=VECTOR('',#6417,3.598241876184507);
#6419=LINE('',#6416,#6418);
#6420=EDGE_CURVE('',#4458,#6373,#6419,.T.);
#6421=ORIENTED_EDGE('',*,*,#6420,.T.);
#6422=ORIENTED_EDGE('',*,*,#6378,.F.);
#6423=ORIENTED_EDGE('',*,*,#1675,.F.);
#6424=ORIENTED_EDGE('',*,*,#4469,.T.);
#6425=EDGE_LOOP('',(#6421,#6422,#6423,#6424));
#6426=FACE_OUTER_BOUND('',#6425,.T.);
#6427=ADVANCED_FACE('',(#6426),#6415,.F.);
#6428=CARTESIAN_POINT('',(16.905896833329784,7.900000000000000,-0.750000000000000));
#6429=CARTESIAN_POINT('',(16.905896833329784,7.900000000000000,-0.740000000000000));
#6430=CARTESIAN_POINT('',(10.413368230010530,7.900000000000015,-0.750000000000000));
#6431=CARTESIAN_POINT('',(10.413368230010530,7.900000000000015,-0.740000000000000));
#6432=B_SPLINE_SURFACE_WITH_KNOTS('',1,1,((#6428,#6430),(#6429,#6431)),.UNSPECIFIED.,.F.,.F.,.U.,(2,2),(2,2),(0.0,0.010000000000000),(0.0,6.492528603319254),.UNSPECIFIED.);
#6433=CARTESIAN_POINT('',(10.413368230010528,7.900000000000003,-0.740000000000000));
#6434=DIRECTION('',(1.0,0.0,0.0));
#6435=VECTOR('',#6434,6.492528603319256);
#6436=LINE('',#6433,#6435);
#6437=EDGE_CURVE('',#6225,#5564,#6436,.T.);
#6438=ORIENTED_EDGE('',*,*,#6437,.T.);
#6439=ORIENTED_EDGE('',*,*,#5569,.F.);
#6440=ORIENTED_EDGE('',*,*,#1699,.F.);
#6441=ORIENTED_EDGE('',*,*,#6236,.T.);
#6442=EDGE_LOOP('',(#6438,#6439,#6440,#6441));
#6443=FACE_OUTER_BOUND('',#6442,.T.);
#6444=ADVANCED_FACE('',(#6443),#6432,.F.);
#6445=CARTESIAN_POINT('',(13.799999999999992,28.101219330881989,-0.740000000000000));
#6446=CARTESIAN_POINT('',(13.799999999999992,28.101219330881989,-0.750000000000000));
#6447=CARTESIAN_POINT('',(14.517157287525373,27.384062043356607,-0.740000000000000));
#6448=CARTESIAN_POINT('',(14.517157287525373,27.384062043356607,-0.750000000000000));
#6449=B_SPLINE_SURFACE_WITH_KNOTS('',1,1,((#6445,#6447),(#6446,#6448)),.UNSPECIFIED.,.F.,.F.,.U.,(2,2),(2,2),(0.0,0.010000000000000),(0.0,1.014213562373096),.UNSPECIFIED.);
#6450=ORIENTED_EDGE('',*,*,#3781,.T.);
#6451=CARTESIAN_POINT('',(13.799999999999994,28.101219330881989,-0.740000000000000));
#6452=DIRECTION('',(0.707106781186546,-0.707106781186548,0.0));
#6453=VECTOR('',#6452,1.014213562373095);
#6454=LINE('',#6451,#6453);
#6455=EDGE_CURVE('',#3768,#4091,#6454,.T.);
#6456=ORIENTED_EDGE('',*,*,#6455,.T.);
#6457=ORIENTED_EDGE('',*,*,#4096,.F.);
#6458=CARTESIAN_POINT('',(13.799999999999994,28.101219330881985,-0.750000000000000));
#6459=DIRECTION('',(0.707106781186548,-0.707106781186547,0.0));
#6460=VECTOR('',#6459,1.014213562373092);
#6461=LINE('',#6458,#6460);
#6462=EDGE_CURVE('',#3776,#4083,#6461,.T.);
#6463=ORIENTED_EDGE('',*,*,#6462,.F.);
#6464=EDGE_LOOP('',(#6450,#6456,#6457,#6463));
#6465=FACE_OUTER_BOUND('',#6464,.T.);
#6466=ADVANCED_FACE('',(#6465),#6449,.F.);
#6467=CARTESIAN_POINT('',(14.717157287525376,27.184062043356604,-0.740000000000000));
#6468=CARTESIAN_POINT('',(14.717157287525376,27.184062043356604,-0.750000000000000));
#6469=CARTESIAN_POINT('',(16.984062043356595,24.917157287525388,-0.740000000000000));
#6470=CARTESIAN_POINT('',(16.984062043356595,24.917157287525384,-0.750000000000000));
#6471=B_SPLINE_SURFACE_WITH_KNOTS('',1,1,((#6467,#6469),(#6468,#6470)),.UNSPECIFIED.,.F.,.F.,.U.,(2,2),(2,2),(0.0,0.010000000000000),(0.0,3.205887450304577),.UNSPECIFIED.);
#6472=CARTESIAN_POINT('',(14.717157287525378,27.184062043356604,-0.740000000000000));
#6473=VERTEX_POINT('',#6472);
#6474=CARTESIAN_POINT('',(14.717157287525378,27.184062043356604,-0.740000000000000));
#6475=DIRECTION('',(0.0,0.0,-1.0));
#6476=VECTOR('',#6475,0.010000000000000);
#6477=LINE('',#6474,#6476);
#6478=EDGE_CURVE('',#6473,#1628,#6477,.T.);
#6479=ORIENTED_EDGE('',*,*,#6478,.F.);
#6480=CARTESIAN_POINT('',(16.984062043356598,24.917157287525384,-0.740000000000000));
#6481=VERTEX_POINT('',#6480);
#6482=CARTESIAN_POINT('',(14.717157287525378,27.184062043356604,-0.740000000000000));
#6483=DIRECTION('',(0.707106781186548,-0.707106781186548,0.0));
#6484=VECTOR('',#6483,3.205887450304581);
#6485=LINE('',#6482,#6484);
#6486=EDGE_CURVE('',#6473,#6481,#6485,.T.);
#6487=ORIENTED_EDGE('',*,*,#6486,.T.);
#6488=CARTESIAN_POINT('',(16.984062043356598,24.917157287525384,-0.750000000000000));
#6489=DIRECTION('',(0.0,0.0,1.0));
#6490=VECTOR('',#6489,0.010000000000000);
#6491=LINE('',#6488,#6490);
#6492=EDGE_CURVE('',#1630,#6481,#6491,.T.);
#6493=ORIENTED_EDGE('',*,*,#6492,.F.);
#6494=ORIENTED_EDGE('',*,*,#1635,.F.);
#6495=EDGE_LOOP('',(#6479,#6487,#6493,#6494));
#6496=FACE_OUTER_BOUND('',#6495,.T.);
#6497=ADVANCED_FACE('',(#6496),#6471,.F.);
#6498=CARTESIAN_POINT('',(17.184062043356597,24.999999999999979,-0.750000000000000));
#6499=CARTESIAN_POINT('',(17.184062043356597,24.999999999999979,-0.740000000000000));
#6500=CARTESIAN_POINT('',(18.184062043356576,23.999999999999993,-0.750000000000000));
#6501=CARTESIAN_POINT('',(18.184062043356576,23.999999999999993,-0.740000000000000));
#6502=B_SPLINE_SURFACE_WITH_KNOTS('',1,1,((#6498,#6500),(#6499,#6501)),.UNSPECIFIED.,.F.,.F.,.U.,(2,2),(2,2),(0.0,0.010000000000000),(0.0,1.414213562373070),.UNSPECIFIED.);
#6503=CARTESIAN_POINT('',(17.184062043356601,24.999999999999979,-0.750000000000000));
#6504=VERTEX_POINT('',#6503);
#6505=CARTESIAN_POINT('',(17.184062043356601,24.999999999999979,-0.740000000000000));
#6506=VERTEX_POINT('',#6505);
#6507=CARTESIAN_POINT('',(17.184062043356601,24.999999999999982,-0.750000000000000));
#6508=DIRECTION('',(0.0,0.0,1.0));
#6509=VECTOR('',#6508,0.010000000000000);
#6510=LINE('',#6507,#6509);
#6511=EDGE_CURVE('',#6504,#6506,#6510,.T.);
#6512=ORIENTED_EDGE('',*,*,#6511,.F.);
#6513=CARTESIAN_POINT('',(18.184062043356580,23.999999999999996,-0.750000000000000));
#6514=DIRECTION('',(-0.707106781186544,0.707106781186551,0.0));
#6515=VECTOR('',#6514,1.414213562373067);
#6516=LINE('',#6513,#6515);
#6517=EDGE_CURVE('',#4193,#6504,#6516,.T.);
#6518=ORIENTED_EDGE('',*,*,#6517,.F.);
#6519=ORIENTED_EDGE('',*,*,#4198,.T.);
#6520=CARTESIAN_POINT('',(18.184062043356576,23.999999999999993,-0.740000000000000));
#6521=DIRECTION('',(-0.707106781186545,0.707106781186550,0.0));
#6522=VECTOR('',#6521,1.414213562373065);
#6523=LINE('',#6520,#6522);
#6524=EDGE_CURVE('',#4185,#6506,#6523,.T.);
#6525=ORIENTED_EDGE('',*,*,#6524,.T.);
#6526=EDGE_LOOP('',(#6512,#6518,#6519,#6525));
#6527=FACE_OUTER_BOUND('',#6526,.T.);
#6528=ADVANCED_FACE('',(#6527),#6502,.F.);
#6529=CARTESIAN_POINT('',(13.799999999999990,28.384062043356618,-0.750000000000000));
#6530=CARTESIAN_POINT('',(13.799999999999990,28.384062043356618,-0.740000000000000));
#6531=CARTESIAN_POINT('',(14.799999999999994,27.384062043356607,-0.750000000000000));
#6532=CARTESIAN_POINT('',(14.799999999999994,27.384062043356611,-0.740000000000000));
#6533=B_SPLINE_SURFACE_WITH_KNOTS('',1,1,((#6529,#6531),(#6530,#6532)),.UNSPECIFIED.,.F.,.F.,.U.,(2,2),(2,2),(0.0,0.010000000000000),(0.0,1.414213562373105),.UNSPECIFIED.);
#6534=CARTESIAN_POINT('',(14.799999999999990,27.384062043356607,-0.740000000000000));
#6535=VERTEX_POINT('',#6534);
#6536=CARTESIAN_POINT('',(14.799999999999990,27.384062043356607,-0.750000000000000));
#6537=VERTEX_POINT('',#6536);
#6538=CARTESIAN_POINT('',(14.799999999999994,27.384062043356607,-0.740000000000000));
#6539=DIRECTION('',(0.0,0.0,-1.0));
#6540=VECTOR('',#6539,0.010000000000000);
#6541=LINE('',#6538,#6540);
#6542=EDGE_CURVE('',#6535,#6537,#6541,.T.);
#6543=ORIENTED_EDGE('',*,*,#6542,.F.);
#6544=CARTESIAN_POINT('',(13.799999999999994,28.384062043356614,-0.740000000000000));
#6545=VERTEX_POINT('',#6544);
#6546=CARTESIAN_POINT('',(14.799999999999992,27.384062043356607,-0.740000000000000));
#6547=DIRECTION('',(-0.707106781186544,0.707106781186551,0.0));
#6548=VECTOR('',#6547,1.414213562373099);
#6549=LINE('',#6546,#6548);
#6550=EDGE_CURVE('',#6535,#6545,#6549,.T.);
#6551=ORIENTED_EDGE('',*,*,#6550,.T.);
#6552=CARTESIAN_POINT('',(13.799999999999994,28.384062043356614,-0.750000000000000));
#6553=VERTEX_POINT('',#6552);
#6554=CARTESIAN_POINT('',(13.799999999999994,28.384062043356614,-0.750000000000000));
#6555=DIRECTION('',(0.0,0.0,1.0));
#6556=VECTOR('',#6555,0.010000000000000);
#6557=LINE('',#6554,#6556);
#6558=EDGE_CURVE('',#6553,#6545,#6557,.T.);
#6559=ORIENTED_EDGE('',*,*,#6558,.F.);
#6560=CARTESIAN_POINT('',(14.799999999999995,27.384062043356611,-0.750000000000000));
#6561=DIRECTION('',(-0.707106781186544,0.707106781186551,0.0));
#6562=VECTOR('',#6561,1.414213562373099);
#6563=LINE('',#6560,#6562);
#6564=EDGE_CURVE('',#6537,#6553,#6563,.T.);
#6565=ORIENTED_EDGE('',*,*,#6564,.F.);
#6566=EDGE_LOOP('',(#6543,#6551,#6559,#6565));
#6567=FACE_OUTER_BOUND('',#6566,.T.);
#6568=ADVANCED_FACE('',(#6567),#6533,.F.);
#6569=CARTESIAN_POINT('',(14.999999999999989,27.184062043356608,-0.750000000000000));
#6570=CARTESIAN_POINT('',(14.999999999999989,27.184062043356608,-0.740000000000000));
#6571=CARTESIAN_POINT('',(16.984062043356598,25.199999999999982,-0.750000000000000));
#6572=CARTESIAN_POINT('',(16.984062043356598,25.199999999999985,-0.740000000000000));
#6573=B_SPLINE_SURFACE_WITH_KNOTS('',1,1,((#6569,#6571),(#6570,#6572)),.UNSPECIFIED.,.F.,.F.,.U.,(2,2),(2,2),(0.0,0.010000000000000),(0.0,2.805887450304605),.UNSPECIFIED.);
#6574=CARTESIAN_POINT('',(14.999999999999993,27.184062043356604,-0.750000000000000));
#6575=VERTEX_POINT('',#6574);
#6576=CARTESIAN_POINT('',(14.999999999999993,27.184062043356604,-0.740000000000000));
#6577=VERTEX_POINT('',#6576);
#6578=CARTESIAN_POINT('',(14.999999999999989,27.184062043356604,-0.750000000000000));
#6579=DIRECTION('',(0.0,0.0,1.0));
#6580=VECTOR('',#6579,0.010000000000000);
#6581=LINE('',#6578,#6580);
#6582=EDGE_CURVE('',#6575,#6577,#6581,.T.);
#6583=ORIENTED_EDGE('',*,*,#6582,.F.);
#6584=CARTESIAN_POINT('',(16.984062043356598,25.199999999999982,-0.750000000000000));
#6585=VERTEX_POINT('',#6584);
#6586=CARTESIAN_POINT('',(16.984062043356602,25.199999999999985,-0.750000000000000));
#6587=DIRECTION('',(-0.707106781186544,0.707106781186551,0.0));
#6588=VECTOR('',#6587,2.805887450304599);
#6589=LINE('',#6586,#6588);
#6590=EDGE_CURVE('',#6585,#6575,#6589,.T.);
#6591=ORIENTED_EDGE('',*,*,#6590,.F.);
#6592=CARTESIAN_POINT('',(16.984062043356598,25.199999999999982,-0.740000000000000));
#6593=VERTEX_POINT('',#6592);
#6594=CARTESIAN_POINT('',(16.984062043356598,25.199999999999982,-0.740000000000000));
#6595=DIRECTION('',(0.0,0.0,-1.0));
#6596=VECTOR('',#6595,0.010000000000000);
#6597=LINE('',#6594,#6596);
#6598=EDGE_CURVE('',#6593,#6585,#6597,.T.);
#6599=ORIENTED_EDGE('',*,*,#6598,.F.);
#6600=CARTESIAN_POINT('',(16.984062043356598,25.199999999999982,-0.740000000000000));
#6601=DIRECTION('',(-0.707106781186545,0.707106781186550,0.0));
#6602=VECTOR('',#6601,2.805887450304596);
#6603=LINE('',#6600,#6602);
#6604=EDGE_CURVE('',#6593,#6577,#6603,.T.);
#6605=ORIENTED_EDGE('',*,*,#6604,.T.);
#6606=EDGE_LOOP('',(#6583,#6591,#6599,#6605));
#6607=FACE_OUTER_BOUND('',#6606,.T.);
#6608=ADVANCED_FACE('',(#6607),#6573,.F.);
#6609=CARTESIAN_POINT('',(13.799999999999994,28.384062043356614,-0.740000000000000));
#6610=CARTESIAN_POINT('',(13.799999999999994,28.384062043356614,-0.750000000000000));
#6611=CARTESIAN_POINT('',(12.799999999999995,27.384062043356600,-0.740000000000000));
#6612=CARTESIAN_POINT('',(12.799999999999994,27.384062043356600,-0.750000000000000));
#6613=B_SPLINE_SURFACE_WITH_KNOTS('',1,1,((#6609,#6611),(#6610,#6612)),.UNSPECIFIED.,.F.,.F.,.U.,(2,2),(2,2),(0.0,0.010000000000000),(0.0,1.414213562373104),.UNSPECIFIED.);
#6614=CARTESIAN_POINT('',(13.799999999999995,28.384062043356611,-0.740000000000000));
#6615=DIRECTION('',(-0.707106781186548,-0.707106781186548,0.0));
#6616=VECTOR('',#6615,1.414213562373100);
#6617=LINE('',#6614,#6616);
#6618=EDGE_CURVE('',#6545,#4044,#6617,.T.);
#6619=ORIENTED_EDGE('',*,*,#6618,.T.);
#6620=ORIENTED_EDGE('',*,*,#4049,.F.);
#6621=CARTESIAN_POINT('',(13.799999999999994,28.384062043356614,-0.750000000000000));
#6622=DIRECTION('',(-0.707106781186541,-0.707106781186554,0.0));
#6623=VECTOR('',#6622,1.414213562373098);
#6624=LINE('',#6621,#6623);
#6625=EDGE_CURVE('',#6553,#4042,#6624,.T.);
#6626=ORIENTED_EDGE('',*,*,#6625,.F.);
#6627=ORIENTED_EDGE('',*,*,#6558,.T.);
#6628=EDGE_LOOP('',(#6619,#6620,#6626,#6627));
#6629=FACE_OUTER_BOUND('',#6628,.T.);
#6630=ADVANCED_FACE('',(#6629),#6613,.F.);
#6631=CARTESIAN_POINT('',(16.131370849898477,27.184062043356604,-0.750000000000000));
#6632=CARTESIAN_POINT('',(16.131370849898477,27.184062043356604,-0.740000000000000));
#6633=CARTESIAN_POINT('',(14.999999999999989,27.184062043356604,-0.750000000000000));
#6634=CARTESIAN_POINT('',(14.999999999999989,27.184062043356604,-0.740000000000000));
#6635=B_SPLINE_SURFACE_WITH_KNOTS('',1,1,((#6631,#6633),(#6632,#6634)),.UNSPECIFIED.,.F.,.F.,.U.,(2,2),(2,2),(0.0,0.010000000000000),(0.0,1.131370849898488),.UNSPECIFIED.);
#6636=ORIENTED_EDGE('',*,*,#6582,.T.);
#6637=CARTESIAN_POINT('',(16.131370849898474,27.184062043356604,-0.740000000000000));
#6638=VERTEX_POINT('',#6637);
#6639=CARTESIAN_POINT('',(14.999999999999995,27.184062043356604,-0.740000000000000));
#6640=DIRECTION('',(1.0,0.0,0.0));
#6641=VECTOR('',#6640,1.131370849898479);
#6642=LINE('',#6639,#6641);
#6643=EDGE_CURVE('',#6577,#6638,#6642,.T.);
#6644=ORIENTED_EDGE('',*,*,#6643,.T.);
#6645=CARTESIAN_POINT('',(16.131370849898474,27.184062043356604,-0.750000000000000));
#6646=VERTEX_POINT('',#6645);
#6647=CARTESIAN_POINT('',(16.131370849898477,27.184062043356604,-0.750000000000000));
#6648=DIRECTION('',(0.0,0.0,1.0));
#6649=VECTOR('',#6648,0.010000000000000);
#6650=LINE('',#6647,#6649);
#6651=EDGE_CURVE('',#6646,#6638,#6650,.T.);
#6652=ORIENTED_EDGE('',*,*,#6651,.F.);
#6653=CARTESIAN_POINT('',(14.999999999999993,27.184062043356604,-0.750000000000000));
#6654=DIRECTION('',(1.0,0.0,0.0));
#6655=VECTOR('',#6654,1.131370849898481);
#6656=LINE('',#6653,#6655);
#6657=EDGE_CURVE('',#6575,#6646,#6656,.T.);
#6658=ORIENTED_EDGE('',*,*,#6657,.F.);
#6659=EDGE_LOOP('',(#6636,#6644,#6652,#6658));
#6660=FACE_OUTER_BOUND('',#6659,.T.);
#6661=ADVANCED_FACE('',(#6660),#6635,.F.);
#6662=CARTESIAN_POINT('',(16.214213562373089,27.384062043356607,-0.740000000000000));
#6663=CARTESIAN_POINT('',(16.214213562373089,27.384062043356607,-0.750000000000000));
#6664=CARTESIAN_POINT('',(14.799999999999990,27.384062043356607,-0.740000000000000));
#6665=CARTESIAN_POINT('',(14.799999999999990,27.384062043356607,-0.750000000000000));
#6666=B_SPLINE_SURFACE_WITH_KNOTS('',1,1,((#6662,#6664),(#6663,#6665)),.UNSPECIFIED.,.F.,.F.,.U.,(2,2),(2,2),(0.0,0.010000000000000),(0.0,1.414213562373099),.UNSPECIFIED.);
#6667=ORIENTED_EDGE('',*,*,#6542,.T.);
#6668=CARTESIAN_POINT('',(16.214213562373089,27.384062043356607,-0.750000000000000));
#6669=VERTEX_POINT('',#6668);
#6670=CARTESIAN_POINT('',(16.214213562373089,27.384062043356607,-0.750000000000000));
#6671=DIRECTION('',(-1.0,0.0,0.0));
#6672=VECTOR('',#6671,1.414213562373098);
#6673=LINE('',#6670,#6672);
#6674=EDGE_CURVE('',#6669,#6537,#6673,.T.);
#6675=ORIENTED_EDGE('',*,*,#6674,.F.);
#6676=CARTESIAN_POINT('',(16.214213562373089,27.384062043356607,-0.740000000000000));
#6677=VERTEX_POINT('',#6676);
#6678=CARTESIAN_POINT('',(16.214213562373089,27.384062043356607,-0.750000000000000));
#6679=DIRECTION('',(0.0,0.0,1.0));
#6680=VECTOR('',#6679,0.010000000000000);
#6681=LINE('',#6678,#6680);
#6682=EDGE_CURVE('',#6669,#6677,#6681,.T.);
#6683=ORIENTED_EDGE('',*,*,#6682,.T.);
#6684=CARTESIAN_POINT('',(16.214213562373089,27.384062043356607,-0.740000000000000));
#6685=DIRECTION('',(-1.0,0.0,0.0));
#6686=VECTOR('',#6685,1.414213562373099);
#6687=LINE('',#6684,#6686);
#6688=EDGE_CURVE('',#6677,#6535,#6687,.T.);
#6689=ORIENTED_EDGE('',*,*,#6688,.T.);
#6690=EDGE_LOOP('',(#6667,#6675,#6683,#6689));
#6691=FACE_OUTER_BOUND('',#6690,.T.);
#6692=ADVANCED_FACE('',(#6691),#6666,.F.);
#6693=CARTESIAN_POINT('',(16.984062043356598,26.331370849898480,-0.740000000000000));
#6694=CARTESIAN_POINT('',(16.984062043356598,26.331370849898480,-0.750000000000000));
#6695=CARTESIAN_POINT('',(16.984062043356598,25.199999999999982,-0.740000000000000));
#6696=CARTESIAN_POINT('',(16.984062043356598,25.199999999999985,-0.750000000000000));
#6697=B_SPLINE_SURFACE_WITH_KNOTS('',1,1,((#6693,#6695),(#6694,#6696)),.UNSPECIFIED.,.F.,.F.,.U.,(2,2),(2,2),(0.0,0.010000000000000),(0.0,1.131370849898499),.UNSPECIFIED.);
#6698=ORIENTED_EDGE('',*,*,#6598,.T.);
#6699=CARTESIAN_POINT('',(16.984062043356598,26.331370849898480,-0.750000000000000));
#6700=VERTEX_POINT('',#6699);
#6701=CARTESIAN_POINT('',(16.984062043356598,26.331370849898480,-0.750000000000000));
#6702=DIRECTION('',(0.0,-1.0,0.0));
#6703=VECTOR('',#6702,1.131370849898499);
#6704=LINE('',#6701,#6703);
#6705=EDGE_CURVE('',#6700,#6585,#6704,.T.);
#6706=ORIENTED_EDGE('',*,*,#6705,.F.);
#6707=CARTESIAN_POINT('',(16.984062043356598,26.331370849898480,-0.740000000000000));
#6708=VERTEX_POINT('',#6707);
#6709=CARTESIAN_POINT('',(16.984062043356598,26.331370849898480,-0.740000000000000));
#6710=DIRECTION('',(0.0,0.0,-1.0));
#6711=VECTOR('',#6710,0.010000000000000);
#6712=LINE('',#6709,#6711);
#6713=EDGE_CURVE('',#6708,#6700,#6712,.T.);
#6714=ORIENTED_EDGE('',*,*,#6713,.F.);
#6715=CARTESIAN_POINT('',(16.984062043356598,26.331370849898480,-0.740000000000000));
#6716=DIRECTION('',(0.0,-1.0,0.0));
#6717=VECTOR('',#6716,1.131370849898499);
#6718=LINE('',#6715,#6717);
#6719=EDGE_CURVE('',#6708,#6593,#6718,.T.);
#6720=ORIENTED_EDGE('',*,*,#6719,.T.);
#6721=EDGE_LOOP('',(#6698,#6706,#6714,#6720));
#6722=FACE_OUTER_BOUND('',#6721,.T.);
#6723=ADVANCED_FACE('',(#6722),#6697,.F.);
#6724=CARTESIAN_POINT('',(17.184062043356601,26.414213562373096,-0.750000000000000));
#6725=CARTESIAN_POINT('',(17.184062043356601,26.414213562373096,-0.740000000000000));
#6726=CARTESIAN_POINT('',(17.184062043356601,24.999999999999979,-0.750000000000000));
#6727=CARTESIAN_POINT('',(17.184062043356601,24.999999999999982,-0.740000000000000));
#6728=B_SPLINE_SURFACE_WITH_KNOTS('',1,1,((#6724,#6726),(#6725,#6727)),.UNSPECIFIED.,.F.,.F.,.U.,(2,2),(2,2),(0.0,0.010000000000000),(0.0,1.414213562373117),.UNSPECIFIED.);
#6729=ORIENTED_EDGE('',*,*,#6511,.T.);
#6730=CARTESIAN_POINT('',(17.184062043356601,26.414213562373096,-0.740000000000000));
#6731=VERTEX_POINT('',#6730);
#6732=CARTESIAN_POINT('',(17.184062043356601,24.999999999999979,-0.740000000000000));
#6733=DIRECTION('',(0.0,1.0,0.0));
#6734=VECTOR('',#6733,1.414213562373117);
#6735=LINE('',#6732,#6734);
#6736=EDGE_CURVE('',#6506,#6731,#6735,.T.);
#6737=ORIENTED_EDGE('',*,*,#6736,.T.);
#6738=CARTESIAN_POINT('',(17.184062043356601,26.414213562373096,-0.750000000000000));
#6739=VERTEX_POINT('',#6738);
#6740=CARTESIAN_POINT('',(17.184062043356601,26.414213562373096,-0.750000000000000));
#6741=DIRECTION('',(0.0,0.0,1.0));
#6742=VECTOR('',#6741,0.010000000000000);
#6743=LINE('',#6740,#6742);
#6744=EDGE_CURVE('',#6739,#6731,#6743,.T.);
#6745=ORIENTED_EDGE('',*,*,#6744,.F.);
#6746=CARTESIAN_POINT('',(17.184062043356601,24.999999999999975,-0.750000000000000));
#6747=DIRECTION('',(0.0,1.0,0.0));
#6748=VECTOR('',#6747,1.414213562373121);
#6749=LINE('',#6746,#6748);
#6750=EDGE_CURVE('',#6504,#6739,#6749,.T.);
#6751=ORIENTED_EDGE('',*,*,#6750,.F.);
#6752=EDGE_LOOP('',(#6729,#6737,#6745,#6751));
#6753=FACE_OUTER_BOUND('',#6752,.T.);
#6754=ADVANCED_FACE('',(#6753),#6728,.F.);
#6755=CARTESIAN_POINT('',(14.717157287525378,27.184062043356604,-0.750000000000000));
#6756=CARTESIAN_POINT('',(14.717157287525378,27.184062043356604,-0.740000000000000));
#6757=CARTESIAN_POINT('',(12.882842712474609,27.184062043356604,-0.750000000000000));
#6758=CARTESIAN_POINT('',(12.882842712474609,27.184062043356604,-0.740000000000000));
#6759=B_SPLINE_SURFACE_WITH_KNOTS('',1,1,((#6755,#6757),(#6756,#6758)),.UNSPECIFIED.,.F.,.F.,.U.,(2,2),(2,2),(0.0,0.010000000000000),(0.0,1.834314575050769),.UNSPECIFIED.);
#6760=ORIENTED_EDGE('',*,*,#3857,.T.);
#6761=CARTESIAN_POINT('',(12.882842712474609,27.184062043356608,-0.740000000000000));
#6762=DIRECTION('',(1.0,0.0,0.0));
#6763=VECTOR('',#6762,1.834314575050769);
#6764=LINE('',#6761,#6763);
#6765=EDGE_CURVE('',#3846,#6473,#6764,.T.);
#6766=ORIENTED_EDGE('',*,*,#6765,.T.);
#6767=ORIENTED_EDGE('',*,*,#6478,.T.);
#6768=ORIENTED_EDGE('',*,*,#1809,.F.);
#6769=EDGE_LOOP('',(#6760,#6766,#6767,#6768));
#6770=FACE_OUTER_BOUND('',#6769,.T.);
#6771=ADVANCED_FACE('',(#6770),#6759,.F.);
#6772=CARTESIAN_POINT('',(16.984062043356598,24.917157287525384,-0.740000000000000));
#6773=CARTESIAN_POINT('',(16.984062043356598,24.917157287525384,-0.750000000000000));
#6774=CARTESIAN_POINT('',(16.984062043356598,23.082842712474623,-0.740000000000000));
#6775=CARTESIAN_POINT('',(16.984062043356598,23.082842712474623,-0.750000000000000));
#6776=B_SPLINE_SURFACE_WITH_KNOTS('',1,1,((#6772,#6774),(#6773,#6775)),.UNSPECIFIED.,.F.,.F.,.U.,(2,2),(2,2),(0.0,0.010000000000000),(0.0,1.834314575050762),.UNSPECIFIED.);
#6777=ORIENTED_EDGE('',*,*,#4149,.T.);
#6778=ORIENTED_EDGE('',*,*,#1643,.F.);
#6779=ORIENTED_EDGE('',*,*,#6492,.T.);
#6780=CARTESIAN_POINT('',(16.984062043356598,24.917157287525384,-0.740000000000000));
#6781=DIRECTION('',(0.0,-1.0,0.0));
#6782=VECTOR('',#6781,1.834314575050762);
#6783=LINE('',#6780,#6782);
#6784=EDGE_CURVE('',#6481,#4144,#6783,.T.);
#6785=ORIENTED_EDGE('',*,*,#6784,.T.);
#6786=EDGE_LOOP('',(#6777,#6778,#6779,#6785));
#6787=FACE_OUTER_BOUND('',#6786,.T.);
#6788=ADVANCED_FACE('',(#6787),#6776,.F.);
#6789=CARTESIAN_POINT('',(16.131370849898470,27.184062043356608,-0.740000000000000));
#6790=CARTESIAN_POINT('',(16.131370849898470,27.184062043356608,-0.750000000000000));
#6791=CARTESIAN_POINT('',(16.984062043356598,26.331370849898480,-0.740000000000000));
#6792=CARTESIAN_POINT('',(16.984062043356598,26.331370849898480,-0.750000000000000));
#6793=B_SPLINE_SURFACE_WITH_KNOTS('',1,1,((#6789,#6791),(#6790,#6792)),.UNSPECIFIED.,.F.,.F.,.U.,(2,2),(2,2),(0.0,0.010000000000000),(0.0,1.205887450304585),.UNSPECIFIED.);
#6794=ORIENTED_EDGE('',*,*,#6651,.T.);
#6795=CARTESIAN_POINT('',(16.131370849898474,27.184062043356604,-0.740000000000000));
#6796=DIRECTION('',(0.707106781186548,-0.707106781186548,0.0));
#6797=VECTOR('',#6796,1.205887450304580);
#6798=LINE('',#6795,#6797);
#6799=EDGE_CURVE('',#6638,#6708,#6798,.T.);
#6800=ORIENTED_EDGE('',*,*,#6799,.T.);
#6801=ORIENTED_EDGE('',*,*,#6713,.T.);
#6802=CARTESIAN_POINT('',(16.131370849898481,27.184062043356604,-0.750000000000000));
#6803=DIRECTION('',(0.707106781186547,-0.707106781186547,0.0));
#6804=VECTOR('',#6803,1.205887450304575);
#6805=LINE('',#6802,#6804);
#6806=EDGE_CURVE('',#6646,#6700,#6805,.T.);
#6807=ORIENTED_EDGE('',*,*,#6806,.F.);
#6808=EDGE_LOOP('',(#6794,#6800,#6801,#6807));
#6809=FACE_OUTER_BOUND('',#6808,.T.);
#6810=ADVANCED_FACE('',(#6809),#6793,.F.);
#6811=CARTESIAN_POINT('',(16.214213562373089,27.384062043356607,-0.750000000000000));
#6812=CARTESIAN_POINT('',(16.214213562373089,27.384062043356607,-0.740000000000000));
#6813=CARTESIAN_POINT('',(17.184062043356601,26.414213562373096,-0.750000000000000));
#6814=CARTESIAN_POINT('',(17.184062043356604,26.414213562373092,-0.740000000000000));
#6815=B_SPLINE_SURFACE_WITH_KNOTS('',1,1,((#6811,#6813),(#6812,#6814)),.UNSPECIFIED.,.F.,.F.,.U.,(2,2),(2,2),(0.0,0.010000000000000),(0.0,1.371572875253827),.UNSPECIFIED.);
#6816=CARTESIAN_POINT('',(17.184062043356601,26.414213562373096,-0.740000000000000));
#6817=DIRECTION('',(-0.707106781186547,0.707106781186547,0.0));
#6818=VECTOR('',#6817,1.371572875253827);
#6819=LINE('',#6816,#6818);
#6820=EDGE_CURVE('',#6731,#6677,#6819,.T.);
#6821=ORIENTED_EDGE('',*,*,#6820,.T.);
#6822=ORIENTED_EDGE('',*,*,#6682,.F.);
#6823=CARTESIAN_POINT('',(17.184062043356601,26.414213562373096,-0.750000000000000));
#6824=DIRECTION('',(-0.707106781186547,0.707106781186547,0.0));
#6825=VECTOR('',#6824,1.371572875253827);
#6826=LINE('',#6823,#6825);
#6827=EDGE_CURVE('',#6739,#6669,#6826,.T.);
#6828=ORIENTED_EDGE('',*,*,#6827,.F.);
#6829=ORIENTED_EDGE('',*,*,#6744,.T.);
#6830=EDGE_LOOP('',(#6821,#6822,#6828,#6829));
#6831=FACE_OUTER_BOUND('',#6830,.T.);
#6832=ADVANCED_FACE('',(#6831),#6815,.F.);
#6833=CARTESIAN_POINT('',(11.468629150101524,27.184062043356612,-0.750000000000000));
#6834=CARTESIAN_POINT('',(11.468629150101524,27.184062043356612,-0.740000000000000));
#6835=CARTESIAN_POINT('',(2.099999999999998,17.815432893255085,-0.750000000000000));
#6836=CARTESIAN_POINT('',(2.099999999999998,17.815432893255085,-0.740000000000000));
#6837=B_SPLINE_SURFACE_WITH_KNOTS('',1,1,((#6833,#6835),(#6834,#6836)),.UNSPECIFIED.,.F.,.F.,.U.,(2,2),(2,2),(0.0,0.010000000000000),(0.0,13.249242404917501),.UNSPECIFIED.);
#6838=CARTESIAN_POINT('',(2.099999999999997,17.815432893255085,-0.740000000000000));
#6839=DIRECTION('',(0.707106781186548,0.707106781186548,0.0));
#6840=VECTOR('',#6839,13.249242404917496);
#6841=LINE('',#6838,#6840);
#6842=EDGE_CURVE('',#3950,#4122,#6841,.T.);
#6843=ORIENTED_EDGE('',*,*,#6842,.T.);
#6844=ORIENTED_EDGE('',*,*,#4127,.F.);
#6845=CARTESIAN_POINT('',(2.099999999999996,17.815432893255089,-0.750000000000000));
#6846=DIRECTION('',(0.707106781186547,0.707106781186548,0.0));
#6847=VECTOR('',#6846,13.249242404917496);
#6848=LINE('',#6845,#6847);
#6849=EDGE_CURVE('',#3958,#4114,#6848,.T.);
#6850=ORIENTED_EDGE('',*,*,#6849,.F.);
#6851=ORIENTED_EDGE('',*,*,#3963,.T.);
#6852=EDGE_LOOP('',(#6843,#6844,#6850,#6851));
#6853=FACE_OUTER_BOUND('',#6852,.T.);
#6854=ADVANCED_FACE('',(#6853),#6837,.F.);
#6855=CARTESIAN_POINT('',(11.385786437626898,27.384062043356607,-0.740000000000000));
#6856=CARTESIAN_POINT('',(11.385786437626898,27.384062043356607,-0.750000000000000));
#6857=CARTESIAN_POINT('',(1.899999999999990,17.898275605729705,-0.740000000000000));
#6858=CARTESIAN_POINT('',(1.899999999999990,17.898275605729708,-0.750000000000000));
#6859=B_SPLINE_SURFACE_WITH_KNOTS('',1,1,((#6855,#6857),(#6856,#6858)),.UNSPECIFIED.,.F.,.F.,.U.,(2,2),(2,2),(0.0,0.010000000000000),(0.0,13.414927829866738),.UNSPECIFIED.);
#6860=CARTESIAN_POINT('',(11.385786437626898,27.384062043356607,-0.740000000000000));
#6861=DIRECTION('',(-0.707106781186548,-0.707106781186547,0.0));
#6862=VECTOR('',#6861,13.414927829866734);
#6863=LINE('',#6860,#6862);
#6864=EDGE_CURVE('',#4052,#3989,#6863,.T.);
#6865=ORIENTED_EDGE('',*,*,#6864,.T.);
#6866=ORIENTED_EDGE('',*,*,#3994,.F.);
#6867=CARTESIAN_POINT('',(11.385786437626896,27.384062043356611,-0.750000000000000));
#6868=DIRECTION('',(-0.707106781186548,-0.707106781186547,0.0));
#6869=VECTOR('',#6868,13.414927829866734);
#6870=LINE('',#6867,#6869);
#6871=EDGE_CURVE('',#4060,#3981,#6870,.T.);
#6872=ORIENTED_EDGE('',*,*,#6871,.F.);
#6873=ORIENTED_EDGE('',*,*,#4065,.T.);
#6874=EDGE_LOOP('',(#6865,#6866,#6872,#6873));
#6875=FACE_OUTER_BOUND('',#6874,.T.);
#6876=ADVANCED_FACE('',(#6875),#6859,.F.);
#6877=CARTESIAN_POINT('',(0.118892161282671,28.384062043356614,-0.740000000000000));
#6878=CARTESIAN_POINT('',(19.881107838717334,28.384062043356614,-0.740000000000000));
#6879=CARTESIAN_POINT('',(0.118892161282671,0.118892161282666,-0.740000000000000));
#6880=CARTESIAN_POINT('',(19.881107838717334,0.118892161282666,-0.740000000000000));
#6881=B_SPLINE_SURFACE_WITH_KNOTS('',1,1,((#6877,#6879),(#6878,#6880)),.UNSPECIFIED.,.F.,.F.,.U.,(2,2),(2,2),(0.0,19.762215677434664),(0.0,28.265169882073948),.UNSPECIFIED.);
#6882=ORIENTED_EDGE('',*,*,#4057,.F.);
#6883=ORIENTED_EDGE('',*,*,#6618,.F.);
#6884=ORIENTED_EDGE('',*,*,#6550,.F.);
#6885=ORIENTED_EDGE('',*,*,#6688,.F.);
#6886=ORIENTED_EDGE('',*,*,#6820,.F.);
#6887=ORIENTED_EDGE('',*,*,#6736,.F.);
#6888=ORIENTED_EDGE('',*,*,#6524,.F.);
#6889=ORIENTED_EDGE('',*,*,#4190,.F.);
#6890=ORIENTED_EDGE('',*,*,#4346,.F.);
#6891=ORIENTED_EDGE('',*,*,#4525,.F.);
#6892=ORIENTED_EDGE('',*,*,#4563,.F.);
#6893=ORIENTED_EDGE('',*,*,#6145,.F.);
#6894=ORIENTED_EDGE('',*,*,#6117,.F.);
#6895=ORIENTED_EDGE('',*,*,#5544,.F.);
#6896=ORIENTED_EDGE('',*,*,#5630,.F.);
#6897=ORIENTED_EDGE('',*,*,#5840,.F.);
#6898=ORIENTED_EDGE('',*,*,#5933,.F.);
#6899=ORIENTED_EDGE('',*,*,#5905,.F.);
#6900=ORIENTED_EDGE('',*,*,#4705,.F.);
#6901=ORIENTED_EDGE('',*,*,#4800,.F.);
#6902=ORIENTED_EDGE('',*,*,#5017,.F.);
#6903=ORIENTED_EDGE('',*,*,#6048,.F.);
#6904=ORIENTED_EDGE('',*,*,#6020,.F.);
#6905=ORIENTED_EDGE('',*,*,#5145,.F.);
#6906=ORIENTED_EDGE('',*,*,#5224,.F.);
#6907=ORIENTED_EDGE('',*,*,#5416,.F.);
#6908=ORIENTED_EDGE('',*,*,#4025,.F.);
#6909=ORIENTED_EDGE('',*,*,#3884,.F.);
#6910=ORIENTED_EDGE('',*,*,#4000,.F.);
#6911=ORIENTED_EDGE('',*,*,#6864,.F.);
#6912=EDGE_LOOP('',(#6882,#6883,#6884,#6885,#6886,#6887,#6888,#6889,#6890,#6891,#6892,#6893,#6894,#6895,#6896,#6897,#6898,#6899,#6900,#6901,#6902,#6903,#6904,#6905,#6906,#6907,#6908,#6909,#6910,#6911));
#6913=FACE_OUTER_BOUND('',#6912,.T.);
#6914=ORIENTED_EDGE('',*,*,#6842,.F.);
#6915=ORIENTED_EDGE('',*,*,#3955,.F.);
#6916=ORIENTED_EDGE('',*,*,#3938,.F.);
#6917=ORIENTED_EDGE('',*,*,#4133,.F.);
#6918=EDGE_LOOP('',(#6914,#6915,#6916,#6917));
#6919=FACE_BOUND('',#6918,.T.);
#6920=ORIENTED_EDGE('',*,*,#4361,.F.);
#6921=ORIENTED_EDGE('',*,*,#4244,.F.);
#6922=ORIENTED_EDGE('',*,*,#4315,.F.);
#6923=EDGE_LOOP('',(#6920,#6921,#6922));
#6924=FACE_BOUND('',#6923,.T.);
#6925=ORIENTED_EDGE('',*,*,#6455,.F.);
#6926=ORIENTED_EDGE('',*,*,#3773,.F.);
#6927=ORIENTED_EDGE('',*,*,#4102,.F.);
#6928=EDGE_LOOP('',(#6925,#6926,#6927));
#6929=FACE_BOUND('',#6928,.T.);
#6930=ORIENTED_EDGE('',*,*,#5684,.F.);
#6931=ORIENTED_EDGE('',*,*,#5490,.F.);
#6932=ORIENTED_EDGE('',*,*,#6184,.F.);
#6933=ORIENTED_EDGE('',*,*,#6322,.F.);
#6934=ORIENTED_EDGE('',*,*,#6285,.F.);
#6935=EDGE_LOOP('',(#6930,#6931,#6932,#6933,#6934));
#6936=FACE_BOUND('',#6935,.T.);
#6937=ORIENTED_EDGE('',*,*,#6398,.F.);
#6938=ORIENTED_EDGE('',*,*,#6346,.F.);
#6939=ORIENTED_EDGE('',*,*,#4580,.F.);
#6940=ORIENTED_EDGE('',*,*,#4439,.F.);
#6941=EDGE_LOOP('',(#6937,#6938,#6939,#6940));
#6942=FACE_BOUND('',#6941,.T.);
#6943=ORIENTED_EDGE('',*,*,#4501,.F.);
#6944=ORIENTED_EDGE('',*,*,#4385,.F.);
#6945=ORIENTED_EDGE('',*,*,#4270,.F.);
#6946=ORIENTED_EDGE('',*,*,#6300,.F.);
#6947=EDGE_LOOP('',(#6943,#6944,#6945,#6946));
#6948=FACE_BOUND('',#6947,.T.);
#6949=ORIENTED_EDGE('',*,*,#5809,.F.);
#6950=ORIENTED_EDGE('',*,*,#5770,.F.);
#6951=ORIENTED_EDGE('',*,*,#5725,.F.);
#6952=EDGE_LOOP('',(#6949,#6950,#6951));
#6953=FACE_BOUND('',#6952,.T.);
#6954=ORIENTED_EDGE('',*,*,#5394,.F.);
#6955=ORIENTED_EDGE('',*,*,#5355,.F.);
#6956=ORIENTED_EDGE('',*,*,#5310,.F.);
#6957=EDGE_LOOP('',(#6954,#6955,#6956));
#6958=FACE_BOUND('',#6957,.T.);
#6959=ORIENTED_EDGE('',*,*,#6092,.F.);
#6960=ORIENTED_EDGE('',*,*,#5433,.F.);
#6961=ORIENTED_EDGE('',*,*,#5200,.F.);
#6962=ORIENTED_EDGE('',*,*,#4611,.F.);
#6963=ORIENTED_EDGE('',*,*,#3827,.F.);
#6964=EDGE_LOOP('',(#6959,#6960,#6961,#6962,#6963));
#6965=FACE_BOUND('',#6964,.T.);
#6966=ORIENTED_EDGE('',*,*,#4986,.F.);
#6967=ORIENTED_EDGE('',*,*,#4940,.F.);
#6968=ORIENTED_EDGE('',*,*,#4895,.F.);
#6969=EDGE_LOOP('',(#6966,#6967,#6968));
#6970=FACE_BOUND('',#6969,.T.);
#6971=ORIENTED_EDGE('',*,*,#5972,.F.);
#6972=ORIENTED_EDGE('',*,*,#6198,.F.);
#6973=ORIENTED_EDGE('',*,*,#5857,.F.);
#6974=ORIENTED_EDGE('',*,*,#5606,.F.);
#6975=ORIENTED_EDGE('',*,*,#4854,.F.);
#6976=ORIENTED_EDGE('',*,*,#4651,.F.);
#6977=EDGE_LOOP('',(#6971,#6972,#6973,#6974,#6975,#6976));
#6978=FACE_BOUND('',#6977,.T.);
#6979=ORIENTED_EDGE('',*,*,#5276,.F.);
#6980=ORIENTED_EDGE('',*,*,#5091,.F.);
#6981=ORIENTED_EDGE('',*,*,#6078,.F.);
#6982=ORIENTED_EDGE('',*,*,#5988,.F.);
#6983=ORIENTED_EDGE('',*,*,#5034,.F.);
#6984=ORIENTED_EDGE('',*,*,#4776,.F.);
#6985=EDGE_LOOP('',(#6979,#6980,#6981,#6982,#6983,#6984));
#6986=FACE_BOUND('',#6985,.T.);
#6987=ORIENTED_EDGE('',*,*,#6486,.F.);
#6988=ORIENTED_EDGE('',*,*,#6765,.F.);
#6989=ORIENTED_EDGE('',*,*,#3851,.F.);
#6990=ORIENTED_EDGE('',*,*,#5369,.F.);
#6991=ORIENTED_EDGE('',*,*,#5255,.F.);
#6992=ORIENTED_EDGE('',*,*,#5462,.F.);
#6993=ORIENTED_EDGE('',*,*,#5169,.F.);
#6994=ORIENTED_EDGE('',*,*,#4956,.F.);
#6995=ORIENTED_EDGE('',*,*,#4831,.F.);
#6996=ORIENTED_EDGE('',*,*,#5063,.F.);
#6997=ORIENTED_EDGE('',*,*,#4736,.F.);
#6998=ORIENTED_EDGE('',*,*,#5784,.F.);
#6999=ORIENTED_EDGE('',*,*,#5661,.F.);
#7000=ORIENTED_EDGE('',*,*,#5886,.F.);
#7001=ORIENTED_EDGE('',*,*,#5575,.F.);
#7002=ORIENTED_EDGE('',*,*,#6437,.F.);
#7003=ORIENTED_EDGE('',*,*,#6230,.F.);
#7004=ORIENTED_EDGE('',*,*,#6384,.F.);
#7005=ORIENTED_EDGE('',*,*,#6420,.F.);
#7006=ORIENTED_EDGE('',*,*,#4463,.F.);
#7007=ORIENTED_EDGE('',*,*,#6254,.F.);
#7008=ORIENTED_EDGE('',*,*,#4157,.F.);
#7009=ORIENTED_EDGE('',*,*,#6784,.F.);
#7010=EDGE_LOOP('',(#6987,#6988,#6989,#6990,#6991,#6992,#6993,#6994,#6995,#6996,#6997,#6998,#6999,#7000,#7001,#7002,#7003,#7004,#7005,#7006,#7007,#7008,#7009));
#7011=FACE_BOUND('',#7010,.T.);
#7012=ORIENTED_EDGE('',*,*,#6799,.F.);
#7013=ORIENTED_EDGE('',*,*,#6643,.F.);
#7014=ORIENTED_EDGE('',*,*,#6604,.F.);
#7015=ORIENTED_EDGE('',*,*,#6719,.F.);
#7016=EDGE_LOOP('',(#7012,#7013,#7014,#7015));
#7017=FACE_BOUND('',#7016,.T.);
#7018=ADVANCED_FACE('',(#6913,#6919,#6924,#6929,#6936,#6942,#6948,#6953,#6958,#6965,#6970,#6978,#6986,#7011,#7017),#6881,.T.);
#7019=CARTESIAN_POINT('',(10.371185865280806,12.339722657251569,-0.750000000000000));
#7020=DIRECTION('',(0.0,0.0,1.0));
#7021=DIRECTION('',(1.0,0.0,0.0));
#7022=AXIS2_PLACEMENT_3D('',#7019,#7020,#7021);
#7023=PLANE('',#7022);
#7024=ORIENTED_EDGE('',*,*,#6590,.T.);
#7025=ORIENTED_EDGE('',*,*,#6657,.T.);
#7026=ORIENTED_EDGE('',*,*,#6806,.T.);
#7027=ORIENTED_EDGE('',*,*,#6705,.T.);
#7028=EDGE_LOOP('',(#7024,#7025,#7026,#7027));
#7029=FACE_OUTER_BOUND('',#7028,.T.);
#7030=ADVANCED_FACE('',(#7029),#7023,.F.);
#7031=CARTESIAN_POINT('',(10.371185865280806,12.339722657251569,-0.750000000000000));
#7032=DIRECTION('',(0.0,0.0,1.0));
#7033=DIRECTION('',(1.0,0.0,0.0));
#7034=AXIS2_PLACEMENT_3D('',#7031,#7032,#7033);
#7035=PLANE('',#7034);
#7036=CARTESIAN_POINT('',(0.058578643762688,17.329646455628161,-0.750000000000000));
#7037=VERTEX_POINT('',#7036);
#7038=CARTESIAN_POINT('',(2.895704E-017,17.188225099390856,-0.750000000000000));
#7039=VERTEX_POINT('',#7038);
#7040=CARTESIAN_POINT('',(0.200000000000000,17.188225099390856,-0.750000000000000));
#7041=DIRECTION('',(0.0,0.0,1.0));
#7042=DIRECTION('',(-0.923879532511286,0.382683432365091,0.0));
#7043=AXIS2_PLACEMENT_3D('',#7040,#7041,#7042);
#7044=CIRCLE('',#7043,0.200000000000000);
#7045=EDGE_CURVE('',#7037,#7039,#7044,.T.);
#7046=ORIENTED_EDGE('',*,*,#7045,.F.);
#7047=CARTESIAN_POINT('',(10.264466094067263,27.535533905932745,-0.750000000000000));
#7048=VERTEX_POINT('',#7047);
#7049=CARTESIAN_POINT('',(10.264466094067263,27.535533905932745,-0.750000000000000));
#7050=DIRECTION('',(-0.707106781186547,-0.707106781186548,0.0));
#7051=VECTOR('',#7050,14.433304448274106);
#7052=LINE('',#7049,#7051);
#7053=EDGE_CURVE('',#7048,#7037,#7052,.T.);
#7054=ORIENTED_EDGE('',*,*,#7053,.F.);
#7055=CARTESIAN_POINT('',(17.335533905932742,20.464466094067262,-0.750000000000000));
#7056=VERTEX_POINT('',#7055);
#7057=CARTESIAN_POINT('',(13.799999999999999,24.000000000000004,-0.750000000000000));
#7058=DIRECTION('',(0.0,0.0,1.000000000000000));
#7059=DIRECTION('',(0.707106781186548,-0.707106781186547,0.0));
#7060=AXIS2_PLACEMENT_3D('',#7057,#7058,#7059);
#7061=CIRCLE('',#7060,5.0);
#7062=EDGE_CURVE('',#7056,#7048,#7061,.T.);
#7063=ORIENTED_EDGE('',*,*,#7062,.F.);
#7064=CARTESIAN_POINT('',(10.648023074035521,13.776955262170050,-0.750000000000000));
#7065=VERTEX_POINT('',#7064);
#7066=CARTESIAN_POINT('',(10.648023074035525,13.776955262170047,-0.750000000000000));
#7067=DIRECTION('',(0.707106781186547,0.707106781186548,0.0));
#7068=VECTOR('',#7067,9.457568516986026);
#7069=LINE('',#7066,#7068);
#7070=EDGE_CURVE('',#7065,#7056,#7069,.T.);
#7071=ORIENTED_EDGE('',*,*,#7070,.F.);
#7072=CARTESIAN_POINT('',(12.212489168102788,10.000000000000004,-0.750000000000000));
#7073=VERTEX_POINT('',#7072);
#7074=CARTESIAN_POINT('',(12.212489168102788,12.212489168102783,-0.750000000000000));
#7075=DIRECTION('',(0.0,0.0,-1.000000000000000));
#7076=DIRECTION('',(0.707106781186548,-0.707106781186548,0.0));
#7077=AXIS2_PLACEMENT_3D('',#7074,#7075,#7076);
#7078=CIRCLE('',#7077,2.212489168102783);
#7079=EDGE_CURVE('',#7073,#7065,#7078,.T.);
#7080=ORIENTED_EDGE('',*,*,#7079,.F.);
#7081=CARTESIAN_POINT('',(19.800000000000001,10.0,-0.750000000000000));
#7082=VERTEX_POINT('',#7081);
#7083=CARTESIAN_POINT('',(19.800000000000001,10.0,-0.750000000000000));
#7084=DIRECTION('',(-1.0,0.0,0.0));
#7085=VECTOR('',#7084,7.587510831897212);
#7086=LINE('',#7083,#7085);
#7087=EDGE_CURVE('',#7082,#7073,#7086,.T.);
#7088=ORIENTED_EDGE('',*,*,#7087,.F.);
#7089=CARTESIAN_POINT('',(20.0,9.800000000000004,-0.750000000000000));
#7090=VERTEX_POINT('',#7089);
#7091=CARTESIAN_POINT('',(19.800000000000001,9.800000000000004,-0.750000000000000));
#7092=DIRECTION('',(0.0,0.0,1.000000000000000));
#7093=DIRECTION('',(0.707106781186548,0.707106781186548,0.0));
#7094=AXIS2_PLACEMENT_3D('',#7091,#7092,#7093);
#7095=CIRCLE('',#7094,0.200000000000000);
#7096=EDGE_CURVE('',#7090,#7082,#7095,.T.);
#7097=ORIENTED_EDGE('',*,*,#7096,.F.);
#7098=CARTESIAN_POINT('',(20.0,0.200000000000000,-0.750000000000000));
#7099=VERTEX_POINT('',#7098);
#7100=CARTESIAN_POINT('',(20.0,0.200000000000000,-0.750000000000000));
#7101=DIRECTION('',(0.0,1.0,0.0));
#7102=VECTOR('',#7101,9.600000000000005);
#7103=LINE('',#7100,#7102);
#7104=EDGE_CURVE('',#7099,#7090,#7103,.T.);
#7105=ORIENTED_EDGE('',*,*,#7104,.F.);
#7106=CARTESIAN_POINT('',(19.800000000000001,0.0,-0.750000000000000));
#7107=VERTEX_POINT('',#7106);
#7108=CARTESIAN_POINT('',(19.800000000000001,0.200000000000000,-0.750000000000000));
#7109=DIRECTION('',(0.0,0.0,1.000000000000000));
#7110=DIRECTION('',(0.707106781186548,-0.707106781186548,0.0));
#7111=AXIS2_PLACEMENT_3D('',#7108,#7109,#7110);
#7112=CIRCLE('',#7111,0.200000000000000);
#7113=EDGE_CURVE('',#7107,#7099,#7112,.T.);
#7114=ORIENTED_EDGE('',*,*,#7113,.F.);
#7115=CARTESIAN_POINT('',(0.200000000000000,0.0,-0.750000000000000));
#7116=VERTEX_POINT('',#7115);
#7117=CARTESIAN_POINT('',(0.200000000000000,0.0,-0.750000000000000));
#7118=DIRECTION('',(1.0,0.0,0.0));
#7119=VECTOR('',#7118,19.600000000000001);
#7120=LINE('',#7117,#7119);
#7121=EDGE_CURVE('',#7116,#7107,#7120,.T.);
#7122=ORIENTED_EDGE('',*,*,#7121,.F.);
#7123=CARTESIAN_POINT('',(3.369404E-019,0.200000000000000,-0.750000000000000));
#7124=VERTEX_POINT('',#7123);
#7125=CARTESIAN_POINT('',(0.200000000000000,0.200000000000000,-0.750000000000000));
#7126=DIRECTION('',(0.0,0.0,1.000000000000000));
#7127=DIRECTION('',(-0.707106781186548,-0.707106781186547,0.0));
#7128=AXIS2_PLACEMENT_3D('',#7125,#7126,#7127);
#7129=CIRCLE('',#7128,0.200000000000000);
#7130=EDGE_CURVE('',#7124,#7116,#7129,.T.);
#7131=ORIENTED_EDGE('',*,*,#7130,.F.);
#7132=CARTESIAN_POINT('',(2.895704E-017,17.188225099390856,-0.750000000000000));
#7133=DIRECTION('',(0.0,-1.0,0.0));
#7134=VECTOR('',#7133,16.988225099390856);
#7135=LINE('',#7132,#7134);
#7136=EDGE_CURVE('',#7039,#7124,#7135,.T.);
#7137=ORIENTED_EDGE('',*,*,#7136,.F.);
#7138=EDGE_LOOP('',(#7046,#7054,#7063,#7071,#7080,#7088,#7097,#7105,#7114,#7122,#7131,#7137));
#7139=FACE_OUTER_BOUND('',#7138,.T.);
#7140=ORIENTED_EDGE('',*,*,#6564,.T.);
#7141=ORIENTED_EDGE('',*,*,#6625,.T.);
#7142=ORIENTED_EDGE('',*,*,#4071,.T.);
#7143=ORIENTED_EDGE('',*,*,#6871,.T.);
#7144=ORIENTED_EDGE('',*,*,#3986,.T.);
#7145=ORIENTED_EDGE('',*,*,#3898,.T.);
#7146=ORIENTED_EDGE('',*,*,#4016,.T.);
#7147=ORIENTED_EDGE('',*,*,#5409,.T.);
#7148=ORIENTED_EDGE('',*,*,#5231,.T.);
#7149=ORIENTED_EDGE('',*,*,#5131,.T.);
#7150=ORIENTED_EDGE('',*,*,#6034,.T.);
#7151=ORIENTED_EDGE('',*,*,#6055,.T.);
#7152=ORIENTED_EDGE('',*,*,#5003,.T.);
#7153=ORIENTED_EDGE('',*,*,#4807,.T.);
#7154=ORIENTED_EDGE('',*,*,#4691,.T.);
#7155=ORIENTED_EDGE('',*,*,#5919,.T.);
#7156=ORIENTED_EDGE('',*,*,#5940,.T.);
#7157=ORIENTED_EDGE('',*,*,#5826,.T.);
#7158=ORIENTED_EDGE('',*,*,#5637,.T.);
#7159=ORIENTED_EDGE('',*,*,#5530,.T.);
#7160=ORIENTED_EDGE('',*,*,#6131,.T.);
#7161=ORIENTED_EDGE('',*,*,#6152,.T.);
#7162=ORIENTED_EDGE('',*,*,#4549,.T.);
#7163=ORIENTED_EDGE('',*,*,#4532,.T.);
#7164=ORIENTED_EDGE('',*,*,#4332,.T.);
#7165=ORIENTED_EDGE('',*,*,#4204,.T.);
#7166=ORIENTED_EDGE('',*,*,#6517,.T.);
#7167=ORIENTED_EDGE('',*,*,#6750,.T.);
#7168=ORIENTED_EDGE('',*,*,#6827,.T.);
#7169=ORIENTED_EDGE('',*,*,#6674,.T.);
#7170=EDGE_LOOP('',(#7140,#7141,#7142,#7143,#7144,#7145,#7146,#7147,#7148,#7149,#7150,#7151,#7152,#7153,#7154,#7155,#7156,#7157,#7158,#7159,#7160,#7161,#7162,#7163,#7164,#7165,#7166,#7167,#7168,#7169));
#7171=FACE_BOUND('',#7170,.T.);
#7172=ADVANCED_FACE('',(#7139,#7171),#7035,.F.);
#7173=CARTESIAN_POINT('',(10.371185865280806,12.339722657251569,-0.750000000000000));
#7174=DIRECTION('',(0.0,0.0,1.0));
#7175=DIRECTION('',(1.0,0.0,0.0));
#7176=AXIS2_PLACEMENT_3D('',#7173,#7174,#7175);
#7177=PLANE('',#7176);
#7178=ORIENTED_EDGE('',*,*,#103,.T.);
#7179=ORIENTED_EDGE('',*,*,#145,.T.);
#7180=ORIENTED_EDGE('',*,*,#182,.T.);
#7181=ORIENTED_EDGE('',*,*,#219,.T.);
#7182=ORIENTED_EDGE('',*,*,#247,.T.);
#7183=EDGE_LOOP('',(#7178,#7179,#7180,#7181,#7182));
#7184=FACE_OUTER_BOUND('',#7183,.T.);
#7185=ADVANCED_FACE('',(#7184),#7177,.F.);
#7186=CARTESIAN_POINT('',(10.371185865280806,12.339722657251569,-0.750000000000000));
#7187=DIRECTION('',(0.0,0.0,1.0));
#7188=DIRECTION('',(1.0,0.0,0.0));
#7189=AXIS2_PLACEMENT_3D('',#7186,#7187,#7188);
#7190=PLANE('',#7189);
#7191=ORIENTED_EDGE('',*,*,#5739,.T.);
#7192=ORIENTED_EDGE('',*,*,#5763,.T.);
#7193=ORIENTED_EDGE('',*,*,#5802,.T.);
#7194=EDGE_LOOP('',(#7191,#7192,#7193));
#7195=FACE_OUTER_BOUND('',#7194,.T.);
#7196=ADVANCED_FACE('',(#7195),#7190,.F.);
#7197=CARTESIAN_POINT('',(10.371185865280806,12.339722657251569,-0.750000000000000));
#7198=DIRECTION('',(0.0,0.0,1.0));
#7199=DIRECTION('',(1.0,0.0,0.0));
#7200=AXIS2_PLACEMENT_3D('',#7197,#7198,#7199);
#7201=PLANE('',#7200);
#7202=ORIENTED_EDGE('',*,*,#5504,.T.);
#7203=ORIENTED_EDGE('',*,*,#5698,.T.);
#7204=ORIENTED_EDGE('',*,*,#6278,.T.);
#7205=ORIENTED_EDGE('',*,*,#6329,.T.);
#7206=ORIENTED_EDGE('',*,*,#6170,.T.);
#7207=EDGE_LOOP('',(#7202,#7203,#7204,#7205,#7206));
#7208=FACE_OUTER_BOUND('',#7207,.T.);
#7209=ADVANCED_FACE('',(#7208),#7201,.F.);
#7210=CARTESIAN_POINT('',(10.371185865280806,12.339722657251569,-0.750000000000000));
#7211=DIRECTION('',(0.0,0.0,1.0));
#7212=DIRECTION('',(1.0,0.0,0.0));
#7213=AXIS2_PLACEMENT_3D('',#7210,#7211,#7212);
#7214=PLANE('',#7213);
#7215=ORIENTED_EDGE('',*,*,#5324,.T.);
#7216=ORIENTED_EDGE('',*,*,#5348,.T.);
#7217=ORIENTED_EDGE('',*,*,#5387,.T.);
#7218=EDGE_LOOP('',(#7215,#7216,#7217));
#7219=FACE_OUTER_BOUND('',#7218,.T.);
#7220=ADVANCED_FACE('',(#7219),#7214,.F.);
#7221=CARTESIAN_POINT('',(10.371185865280806,12.339722657251569,-0.750000000000000));
#7222=DIRECTION('',(0.0,0.0,1.0));
#7223=DIRECTION('',(1.0,0.0,0.0));
#7224=AXIS2_PLACEMENT_3D('',#7221,#7222,#7223);
#7225=PLANE('',#7224);
#7226=ORIENTED_EDGE('',*,*,#5105,.T.);
#7227=ORIENTED_EDGE('',*,*,#5283,.T.);
#7228=ORIENTED_EDGE('',*,*,#4762,.T.);
#7229=ORIENTED_EDGE('',*,*,#5048,.T.);
#7230=ORIENTED_EDGE('',*,*,#6002,.T.);
#7231=ORIENTED_EDGE('',*,*,#6071,.T.);
#7232=EDGE_LOOP('',(#7226,#7227,#7228,#7229,#7230,#7231));
#7233=FACE_OUTER_BOUND('',#7232,.T.);
#7234=ADVANCED_FACE('',(#7233),#7225,.F.);
#7235=CARTESIAN_POINT('',(10.371185865280806,12.339722657251569,-0.750000000000000));
#7236=DIRECTION('',(0.0,0.0,1.0));
#7237=DIRECTION('',(1.0,0.0,0.0));
#7238=AXIS2_PLACEMENT_3D('',#7235,#7236,#7237);
#7239=PLANE('',#7238);
#7240=ORIENTED_EDGE('',*,*,#4909,.T.);
#7241=ORIENTED_EDGE('',*,*,#4933,.T.);
#7242=ORIENTED_EDGE('',*,*,#4979,.T.);
#7243=EDGE_LOOP('',(#7240,#7241,#7242));
#7244=FACE_OUTER_BOUND('',#7243,.T.);
#7245=ADVANCED_FACE('',(#7244),#7239,.F.);
#7246=CARTESIAN_POINT('',(10.371185865280806,12.339722657251569,-0.750000000000000));
#7247=DIRECTION('',(0.0,0.0,1.0));
#7248=DIRECTION('',(1.0,0.0,0.0));
#7249=AXIS2_PLACEMENT_3D('',#7246,#7247,#7248);
#7250=PLANE('',#7249);
#7251=ORIENTED_EDGE('',*,*,#4665,.T.);
#7252=ORIENTED_EDGE('',*,*,#4868,.T.);
#7253=ORIENTED_EDGE('',*,*,#5599,.T.);
#7254=ORIENTED_EDGE('',*,*,#5871,.T.);
#7255=ORIENTED_EDGE('',*,*,#6205,.T.);
#7256=ORIENTED_EDGE('',*,*,#5958,.T.);
#7257=EDGE_LOOP('',(#7251,#7252,#7253,#7254,#7255,#7256));
#7258=FACE_OUTER_BOUND('',#7257,.T.);
#7259=ADVANCED_FACE('',(#7258),#7250,.F.);
#7260=CARTESIAN_POINT('',(10.371185865280806,12.339722657251569,-0.750000000000000));
#7261=DIRECTION('',(0.0,0.0,1.0));
#7262=DIRECTION('',(1.0,0.0,0.0));
#7263=AXIS2_PLACEMENT_3D('',#7260,#7261,#7262);
#7264=PLANE('',#7263);
#7265=ORIENTED_EDGE('',*,*,#4425,.T.);
#7266=ORIENTED_EDGE('',*,*,#4594,.T.);
#7267=ORIENTED_EDGE('',*,*,#6360,.T.);
#7268=ORIENTED_EDGE('',*,*,#6405,.T.);
#7269=EDGE_LOOP('',(#7265,#7266,#7267,#7268));
#7270=FACE_OUTER_BOUND('',#7269,.T.);
#7271=ADVANCED_FACE('',(#7270),#7264,.F.);
#7272=CARTESIAN_POINT('',(10.371185865280806,12.339722657251569,-0.750000000000000));
#7273=DIRECTION('',(0.0,0.0,1.0));
#7274=DIRECTION('',(1.0,0.0,0.0));
#7275=AXIS2_PLACEMENT_3D('',#7272,#7273,#7274);
#7276=PLANE('',#7275);
#7277=ORIENTED_EDGE('',*,*,#4284,.T.);
#7278=ORIENTED_EDGE('',*,*,#4399,.T.);
#7279=ORIENTED_EDGE('',*,*,#4494,.T.);
#7280=ORIENTED_EDGE('',*,*,#6307,.T.);
#7281=EDGE_LOOP('',(#7277,#7278,#7279,#7280));
#7282=FACE_OUTER_BOUND('',#7281,.T.);
#7283=ADVANCED_FACE('',(#7282),#7276,.F.);
#7284=CARTESIAN_POINT('',(10.371185865280806,12.339722657251569,-0.750000000000000));
#7285=DIRECTION('',(0.0,0.0,1.0));
#7286=DIRECTION('',(1.0,0.0,0.0));
#7287=AXIS2_PLACEMENT_3D('',#7284,#7285,#7286);
#7288=PLANE('',#7287);
#7289=ORIENTED_EDGE('',*,*,#4230,.T.);
#7290=ORIENTED_EDGE('',*,*,#4368,.T.);
#7291=ORIENTED_EDGE('',*,*,#4301,.T.);
#7292=EDGE_LOOP('',(#7289,#7290,#7291));
#7293=FACE_OUTER_BOUND('',#7292,.T.);
#7294=ADVANCED_FACE('',(#7293),#7288,.F.);
#7295=CARTESIAN_POINT('',(10.371185865280806,12.339722657251569,-0.750000000000000));
#7296=DIRECTION('',(0.0,0.0,1.0));
#7297=DIRECTION('',(1.0,0.0,0.0));
#7298=AXIS2_PLACEMENT_3D('',#7295,#7296,#7297);
#7299=PLANE('',#7298);
#7300=ORIENTED_EDGE('',*,*,#3924,.T.);
#7301=ORIENTED_EDGE('',*,*,#3969,.T.);
#7302=ORIENTED_EDGE('',*,*,#6849,.T.);
#7303=ORIENTED_EDGE('',*,*,#4119,.T.);
#7304=EDGE_LOOP('',(#7300,#7301,#7302,#7303));
#7305=FACE_OUTER_BOUND('',#7304,.T.);
#7306=ADVANCED_FACE('',(#7305),#7299,.F.);
#7307=CARTESIAN_POINT('',(10.371185865280806,12.339722657251569,-0.750000000000000));
#7308=DIRECTION('',(0.0,0.0,1.0));
#7309=DIRECTION('',(1.0,0.0,0.0));
#7310=AXIS2_PLACEMENT_3D('',#7307,#7308,#7309);
#7311=PLANE('',#7310);
#7312=ORIENTED_EDGE('',*,*,#3813,.T.);
#7313=ORIENTED_EDGE('',*,*,#4625,.T.);
#7314=ORIENTED_EDGE('',*,*,#5193,.T.);
#7315=ORIENTED_EDGE('',*,*,#5447,.T.);
#7316=ORIENTED_EDGE('',*,*,#6099,.T.);
#7317=EDGE_LOOP('',(#7312,#7313,#7314,#7315,#7316));
#7318=FACE_OUTER_BOUND('',#7317,.T.);
#7319=ADVANCED_FACE('',(#7318),#7311,.F.);
#7320=CARTESIAN_POINT('',(0.899999999999992,15.201219330881981,0.750000000000000));
#7321=DIRECTION('',(0.707106781186548,-0.707106781186547,0.0));
#7322=DIRECTION('',(0.0,0.0,-1.0));
#7323=AXIS2_PLACEMENT_3D('',#7320,#7321,#7322);
#7324=PLANE('',#7323);
#7325=CARTESIAN_POINT('',(13.082842712474612,27.384062043356607,0.740000000000000));
#7326=VERTEX_POINT('',#7325);
#7327=CARTESIAN_POINT('',(13.082842712474612,27.384062043356607,0.750000000000000));
#7328=VERTEX_POINT('',#7327);
#7329=CARTESIAN_POINT('',(13.082842712474614,27.384062043356607,0.740000000000000));
#7330=DIRECTION('',(0.0,0.0,1.0));
#7331=VECTOR('',#7330,0.010000000000000);
#7332=LINE('',#7329,#7331);
#7333=EDGE_CURVE('',#7326,#7328,#7332,.T.);
#7334=ORIENTED_EDGE('',*,*,#7333,.T.);
#7335=CARTESIAN_POINT('',(13.799999999999992,28.101219330881989,0.750000000000000));
#7336=VERTEX_POINT('',#7335);
#7337=CARTESIAN_POINT('',(13.799999999999992,28.101219330881989,0.750000000000000));
#7338=DIRECTION('',(-0.707106781186546,-0.707106781186548,0.0));
#7339=VECTOR('',#7338,1.014213562373095);
#7340=LINE('',#7337,#7339);
#7341=EDGE_CURVE('',#7336,#7328,#7340,.T.);
#7342=ORIENTED_EDGE('',*,*,#7341,.F.);
#7343=CARTESIAN_POINT('',(13.799999999999992,28.101219330881989,0.740000000000000));
#7344=VERTEX_POINT('',#7343);
#7345=CARTESIAN_POINT('',(13.799999999999994,28.101219330881989,0.750000000000000));
#7346=DIRECTION('',(0.0,0.0,-1.0));
#7347=VECTOR('',#7346,0.010000000000000);
#7348=LINE('',#7345,#7347);
#7349=EDGE_CURVE('',#7336,#7344,#7348,.T.);
#7350=ORIENTED_EDGE('',*,*,#7349,.T.);
#7351=CARTESIAN_POINT('',(13.082842712474614,27.384062043356607,0.740000000000000));
#7352=DIRECTION('',(0.707106781186546,0.707106781186548,0.0));
#7353=VECTOR('',#7352,1.014213562373095);
#7354=LINE('',#7351,#7353);
#7355=EDGE_CURVE('',#7326,#7344,#7354,.T.);
#7356=ORIENTED_EDGE('',*,*,#7355,.F.);
#7357=EDGE_LOOP('',(#7334,#7342,#7350,#7356));
#7358=FACE_OUTER_BOUND('',#7357,.T.);
#7359=ADVANCED_FACE('',(#7358),#7324,.F.);
#7360=CARTESIAN_POINT('',(0.899999999999992,15.201219330881981,0.750000000000000));
#7361=DIRECTION('',(0.707106781186548,-0.707106781186547,0.0));
#7362=DIRECTION('',(0.0,0.0,-1.0));
#7363=AXIS2_PLACEMENT_3D('',#7360,#7361,#7362);
#7364=PLANE('',#7363);
#7365=CARTESIAN_POINT('',(1.899999999999993,16.201219330881983,0.750000000000000));
#7366=VERTEX_POINT('',#7365);
#7367=CARTESIAN_POINT('',(1.899999999999993,16.201219330881983,0.740000000000000));
#7368=VERTEX_POINT('',#7367);
#7369=CARTESIAN_POINT('',(1.899999999999993,16.201219330881983,0.750000000000000));
#7370=DIRECTION('',(0.0,0.0,-1.0));
#7371=VECTOR('',#7370,0.010000000000000);
#7372=LINE('',#7369,#7371);
#7373=EDGE_CURVE('',#7366,#7368,#7372,.T.);
#7374=ORIENTED_EDGE('',*,*,#7373,.T.);
#7375=CARTESIAN_POINT('',(1.099999999999992,15.401219330881981,0.740000000000000));
#7376=VERTEX_POINT('',#7375);
#7377=CARTESIAN_POINT('',(1.099999999999992,15.401219330881981,0.740000000000000));
#7378=DIRECTION('',(0.707106781186547,0.707106781186548,0.0));
#7379=VECTOR('',#7378,1.131370849898478);
#7380=LINE('',#7377,#7379);
#7381=EDGE_CURVE('',#7376,#7368,#7380,.T.);
#7382=ORIENTED_EDGE('',*,*,#7381,.F.);
#7383=CARTESIAN_POINT('',(1.099999999999992,15.401219330881981,0.750000000000000));
#7384=VERTEX_POINT('',#7383);
#7385=CARTESIAN_POINT('',(1.099999999999992,15.401219330881979,0.740000000000000));
#7386=DIRECTION('',(0.0,0.0,1.0));
#7387=VECTOR('',#7386,0.010000000000000);
#7388=LINE('',#7385,#7387);
#7389=EDGE_CURVE('',#7376,#7384,#7388,.T.);
#7390=ORIENTED_EDGE('',*,*,#7389,.T.);
#7391=CARTESIAN_POINT('',(1.899999999999993,16.201219330881983,0.750000000000000));
#7392=DIRECTION('',(-0.707106781186547,-0.707106781186548,0.0));
#7393=VECTOR('',#7392,1.131370849898478);
#7394=LINE('',#7391,#7393);
#7395=EDGE_CURVE('',#7366,#7384,#7394,.T.);
#7396=ORIENTED_EDGE('',*,*,#7395,.F.);
#7397=EDGE_LOOP('',(#7374,#7382,#7390,#7396));
#7398=FACE_OUTER_BOUND('',#7397,.T.);
#7399=ADVANCED_FACE('',(#7398),#7364,.F.);
#7400=CARTESIAN_POINT('',(0.899999999999992,15.201219330881981,0.750000000000000));
#7401=DIRECTION('',(0.707106781186548,-0.707106781186547,0.0));
#7402=DIRECTION('',(0.0,0.0,-1.0));
#7403=AXIS2_PLACEMENT_3D('',#7400,#7401,#7402);
#7404=PLANE('',#7403);
#7405=CARTESIAN_POINT('',(2.099999999999997,16.401219330881986,0.740000000000000));
#7406=VERTEX_POINT('',#7405);
#7407=CARTESIAN_POINT('',(2.099999999999997,16.401219330881986,0.740000000000000));
#7408=DIRECTION('',(0.0,0.0,1.0));
#7409=VECTOR('',#7408,0.010000000000000);
#7410=LINE('',#7407,#7409);
#7411=EDGE_CURVE('',#7406,#3488,#7410,.T.);
#7412=ORIENTED_EDGE('',*,*,#7411,.T.);
#7413=ORIENTED_EDGE('',*,*,#3493,.F.);
#7414=CARTESIAN_POINT('',(12.882842712474609,27.184062043356604,0.740000000000000));
#7415=VERTEX_POINT('',#7414);
#7416=CARTESIAN_POINT('',(12.882842712474611,27.184062043356604,0.750000000000000));
#7417=DIRECTION('',(0.0,0.0,-1.0));
#7418=VECTOR('',#7417,0.010000000000000);
#7419=LINE('',#7416,#7418);
#7420=EDGE_CURVE('',#3480,#7415,#7419,.T.);
#7421=ORIENTED_EDGE('',*,*,#7420,.T.);
#7422=CARTESIAN_POINT('',(2.099999999999997,16.401219330881986,0.740000000000000));
#7423=DIRECTION('',(0.707106781186547,0.707106781186548,0.0));
#7424=VECTOR('',#7423,15.249242404917492);
#7425=LINE('',#7422,#7424);
#7426=EDGE_CURVE('',#7406,#7415,#7425,.T.);
#7427=ORIENTED_EDGE('',*,*,#7426,.F.);
#7428=EDGE_LOOP('',(#7412,#7413,#7421,#7427));
#7429=FACE_OUTER_BOUND('',#7428,.T.);
#7430=ADVANCED_FACE('',(#7429),#7404,.F.);
#7431=CARTESIAN_POINT('',(1.099999999999992,15.684062043356597,0.750000000000000));
#7432=DIRECTION('',(-0.707106781186548,0.707106781186547,0.0));
#7433=DIRECTION('',(0.0,0.0,1.0));
#7434=AXIS2_PLACEMENT_3D('',#7431,#7432,#7433);
#7435=PLANE('',#7434);
#7436=CARTESIAN_POINT('',(1.899999999999993,16.484062043356605,0.740000000000000));
#7437=VERTEX_POINT('',#7436);
#7438=CARTESIAN_POINT('',(1.899999999999993,16.484062043356605,0.750000000000000));
#7439=VERTEX_POINT('',#7438);
#7440=CARTESIAN_POINT('',(1.899999999999993,16.484062043356598,0.740000000000000));
#7441=DIRECTION('',(0.0,0.0,1.0));
#7442=VECTOR('',#7441,0.010000000000000);
#7443=LINE('',#7440,#7442);
#7444=EDGE_CURVE('',#7437,#7439,#7443,.T.);
#7445=ORIENTED_EDGE('',*,*,#7444,.T.);
#7446=CARTESIAN_POINT('',(0.899999999999992,15.484062043356603,0.750000000000000));
#7447=VERTEX_POINT('',#7446);
#7448=CARTESIAN_POINT('',(0.899999999999995,15.484062043356600,0.750000000000000));
#7449=DIRECTION('',(0.707106781186548,0.707106781186547,0.0));
#7450=VECTOR('',#7449,1.414213562373098);
#7451=LINE('',#7448,#7450);
#7452=EDGE_CURVE('',#7447,#7439,#7451,.T.);
#7453=ORIENTED_EDGE('',*,*,#7452,.F.);
#7454=CARTESIAN_POINT('',(0.899999999999992,15.484062043356603,0.740000000000000));
#7455=VERTEX_POINT('',#7454);
#7456=CARTESIAN_POINT('',(0.899999999999992,15.484062043356603,0.750000000000000));
#7457=DIRECTION('',(0.0,0.0,-1.0));
#7458=VECTOR('',#7457,0.010000000000000);
#7459=LINE('',#7456,#7458);
#7460=EDGE_CURVE('',#7447,#7455,#7459,.T.);
#7461=ORIENTED_EDGE('',*,*,#7460,.T.);
#7462=CARTESIAN_POINT('',(1.899999999999993,16.484062043356605,0.740000000000000));
#7463=DIRECTION('',(-0.707106781186548,-0.707106781186548,0.0));
#7464=VECTOR('',#7463,1.414213562373100);
#7465=LINE('',#7462,#7464);
#7466=EDGE_CURVE('',#7437,#7455,#7465,.T.);
#7467=ORIENTED_EDGE('',*,*,#7466,.F.);
#7468=EDGE_LOOP('',(#7445,#7453,#7461,#7467));
#7469=FACE_OUTER_BOUND('',#7468,.T.);
#7470=ADVANCED_FACE('',(#7469),#7435,.F.);
#7471=CARTESIAN_POINT('',(1.099999999999992,15.684062043356597,0.750000000000000));
#7472=DIRECTION('',(-0.707106781186548,0.707106781186547,0.0));
#7473=DIRECTION('',(0.0,0.0,1.0));
#7474=AXIS2_PLACEMENT_3D('',#7471,#7472,#7473);
#7475=PLANE('',#7474);
#7476=CARTESIAN_POINT('',(2.099999999999997,16.684062043356608,0.750000000000000));
#7477=VERTEX_POINT('',#7476);
#7478=CARTESIAN_POINT('',(2.099999999999997,16.684062043356608,0.740000000000000));
#7479=VERTEX_POINT('',#7478);
#7480=CARTESIAN_POINT('',(2.099999999999997,16.684062043356604,0.750000000000000));
#7481=DIRECTION('',(0.0,0.0,-1.0));
#7482=VECTOR('',#7481,0.010000000000000);
#7483=LINE('',#7480,#7482);
#7484=EDGE_CURVE('',#7477,#7479,#7483,.T.);
#7485=ORIENTED_EDGE('',*,*,#7484,.T.);
#7486=CARTESIAN_POINT('',(12.599999999999991,27.184062043356608,0.740000000000000));
#7487=VERTEX_POINT('',#7486);
#7488=CARTESIAN_POINT('',(12.599999999999991,27.184062043356608,0.740000000000000));
#7489=DIRECTION('',(-0.707106781186547,-0.707106781186548,0.0));
#7490=VECTOR('',#7489,14.849242404917497);
#7491=LINE('',#7488,#7490);
#7492=EDGE_CURVE('',#7487,#7479,#7491,.T.);
#7493=ORIENTED_EDGE('',*,*,#7492,.F.);
#7494=CARTESIAN_POINT('',(12.599999999999998,27.184062043356608,0.750000000000000));
#7495=VERTEX_POINT('',#7494);
#7496=CARTESIAN_POINT('',(12.599999999999998,27.184062043356604,0.740000000000000));
#7497=DIRECTION('',(0.0,0.0,1.0));
#7498=VECTOR('',#7497,0.010000000000000);
#7499=LINE('',#7496,#7498);
#7500=EDGE_CURVE('',#7487,#7495,#7499,.T.);
#7501=ORIENTED_EDGE('',*,*,#7500,.T.);
#7502=CARTESIAN_POINT('',(2.100000000000001,16.684062043356604,0.750000000000000));
#7503=DIRECTION('',(0.707106781186547,0.707106781186548,0.0));
#7504=VECTOR('',#7503,14.849242404917501);
#7505=LINE('',#7502,#7504);
#7506=EDGE_CURVE('',#7477,#7495,#7505,.T.);
#7507=ORIENTED_EDGE('',*,*,#7506,.F.);
#7508=EDGE_LOOP('',(#7485,#7493,#7501,#7507));
#7509=FACE_OUTER_BOUND('',#7508,.T.);
#7510=ADVANCED_FACE('',(#7509),#7475,.F.);
#7511=CARTESIAN_POINT('',(2.099999999999997,17.815432893255085,0.750000000000000));
#7512=DIRECTION('',(1.0,0.0,0.0));
#7513=DIRECTION('',(0.0,0.0,-1.0));
#7514=AXIS2_PLACEMENT_3D('',#7511,#7512,#7513);
#7515=PLANE('',#7514);
#7516=ORIENTED_EDGE('',*,*,#7484,.F.);
#7517=CARTESIAN_POINT('',(2.099999999999997,17.815432893255085,0.750000000000000));
#7518=VERTEX_POINT('',#7517);
#7519=CARTESIAN_POINT('',(2.099999999999997,17.815432893255085,0.750000000000000));
#7520=DIRECTION('',(0.0,-1.0,0.0));
#7521=VECTOR('',#7520,1.131370849898477);
#7522=LINE('',#7519,#7521);
#7523=EDGE_CURVE('',#7518,#7477,#7522,.T.);
#7524=ORIENTED_EDGE('',*,*,#7523,.F.);
#7525=CARTESIAN_POINT('',(2.099999999999997,17.815432893255085,0.740000000000000));
#7526=VERTEX_POINT('',#7525);
#7527=CARTESIAN_POINT('',(2.099999999999997,17.815432893255085,0.750000000000000));
#7528=DIRECTION('',(0.0,0.0,-1.0));
#7529=VECTOR('',#7528,0.010000000000000);
#7530=LINE('',#7527,#7529);
#7531=EDGE_CURVE('',#7518,#7526,#7530,.T.);
#7532=ORIENTED_EDGE('',*,*,#7531,.T.);
#7533=CARTESIAN_POINT('',(2.100000000000000,16.684062043356604,0.740000000000000));
#7534=DIRECTION('',(0.0,1.0,0.0));
#7535=VECTOR('',#7534,1.131370849898481);
#7536=LINE('',#7533,#7535);
#7537=EDGE_CURVE('',#7479,#7526,#7536,.T.);
#7538=ORIENTED_EDGE('',*,*,#7537,.F.);
#7539=EDGE_LOOP('',(#7516,#7524,#7532,#7538));
#7540=FACE_OUTER_BOUND('',#7539,.T.);
#7541=ADVANCED_FACE('',(#7540),#7515,.F.);
#7542=CARTESIAN_POINT('',(1.899999999999992,17.898275605729708,0.750000000000000));
#7543=DIRECTION('',(-1.0,0.0,0.0));
#7544=DIRECTION('',(0.0,0.0,1.0));
#7545=AXIS2_PLACEMENT_3D('',#7542,#7543,#7544);
#7546=PLANE('',#7545);
#7547=ORIENTED_EDGE('',*,*,#7444,.F.);
#7548=CARTESIAN_POINT('',(1.899999999999992,17.898275605729708,0.740000000000000));
#7549=VERTEX_POINT('',#7548);
#7550=CARTESIAN_POINT('',(1.899999999999992,17.898275605729708,0.740000000000000));
#7551=DIRECTION('',(0.0,-1.0,0.0));
#7552=VECTOR('',#7551,1.414213562373110);
#7553=LINE('',#7550,#7552);
#7554=EDGE_CURVE('',#7549,#7437,#7553,.T.);
#7555=ORIENTED_EDGE('',*,*,#7554,.F.);
#7556=CARTESIAN_POINT('',(1.899999999999992,17.898275605729708,0.750000000000000));
#7557=VERTEX_POINT('',#7556);
#7558=CARTESIAN_POINT('',(1.899999999999992,17.898275605729708,0.750000000000000));
#7559=DIRECTION('',(0.0,0.0,-1.0));
#7560=VECTOR('',#7559,0.010000000000000);
#7561=LINE('',#7558,#7560);
#7562=EDGE_CURVE('',#7557,#7549,#7561,.T.);
#7563=ORIENTED_EDGE('',*,*,#7562,.F.);
#7564=CARTESIAN_POINT('',(1.899999999999993,16.484062043356605,0.750000000000000));
#7565=DIRECTION('',(0.0,1.0,0.0));
#7566=VECTOR('',#7565,1.414213562373103);
#7567=LINE('',#7564,#7566);
#7568=EDGE_CURVE('',#7439,#7557,#7567,.T.);
#7569=ORIENTED_EDGE('',*,*,#7568,.F.);
#7570=EDGE_LOOP('',(#7547,#7555,#7563,#7569));
#7571=FACE_OUTER_BOUND('',#7570,.T.);
#7572=ADVANCED_FACE('',(#7571),#7546,.F.);
#7573=CARTESIAN_POINT('',(0.899999999999992,15.201219330881981,0.750000000000000));
#7574=DIRECTION('',(-1.0,0.0,0.0));
#7575=DIRECTION('',(0.0,0.0,1.0));
#7576=AXIS2_PLACEMENT_3D('',#7573,#7574,#7575);
#7577=PLANE('',#7576);
#7578=CARTESIAN_POINT('',(0.900000000000001,3.079898987322327,0.750000000000000));
#7579=VERTEX_POINT('',#7578);
#7580=CARTESIAN_POINT('',(0.899999999999995,3.079898987322327,0.750000000000000));
#7581=DIRECTION('',(0.0,1.0,0.0));
#7582=VECTOR('',#7581,12.404163056034276);
#7583=LINE('',#7580,#7582);
#7584=EDGE_CURVE('',#7579,#7447,#7583,.T.);
#7585=ORIENTED_EDGE('',*,*,#7584,.F.);
#7586=CARTESIAN_POINT('',(0.900000000000001,3.079898987322327,0.740000000000000));
#7587=VERTEX_POINT('',#7586);
#7588=CARTESIAN_POINT('',(0.900000000000001,3.079898987322327,0.750000000000000));
#7589=DIRECTION('',(0.0,0.0,-1.0));
#7590=VECTOR('',#7589,0.010000000000000);
#7591=LINE('',#7588,#7590);
#7592=EDGE_CURVE('',#7579,#7587,#7591,.T.);
#7593=ORIENTED_EDGE('',*,*,#7592,.T.);
#7594=CARTESIAN_POINT('',(0.899999999999966,15.484062043356605,0.740000000000000));
#7595=DIRECTION('',(0.0,-1.0,0.0));
#7596=VECTOR('',#7595,12.404163056034278);
#7597=LINE('',#7594,#7596);
#7598=EDGE_CURVE('',#7455,#7587,#7597,.T.);
#7599=ORIENTED_EDGE('',*,*,#7598,.F.);
#7600=ORIENTED_EDGE('',*,*,#7460,.F.);
#7601=EDGE_LOOP('',(#7585,#7593,#7599,#7600));
#7602=FACE_OUTER_BOUND('',#7601,.T.);
#7603=ADVANCED_FACE('',(#7602),#7577,.F.);
#7604=CARTESIAN_POINT('',(16.214213562373089,27.384062043356607,0.750000000000000));
#7605=DIRECTION('',(0.0,1.0,0.0));
#7606=DIRECTION('',(0.0,0.0,1.0));
#7607=AXIS2_PLACEMENT_3D('',#7604,#7605,#7606);
#7608=PLANE('',#7607);
#7609=CARTESIAN_POINT('',(12.799999999999997,27.384062043356607,0.750000000000000));
#7610=VERTEX_POINT('',#7609);
#7611=CARTESIAN_POINT('',(12.799999999999992,27.384062043356607,0.740000000000000));
#7612=VERTEX_POINT('',#7611);
#7613=CARTESIAN_POINT('',(12.799999999999997,27.384062043356607,0.750000000000000));
#7614=DIRECTION('',(0.0,0.0,-1.0));
#7615=VECTOR('',#7614,0.010000000000000);
#7616=LINE('',#7613,#7615);
#7617=EDGE_CURVE('',#7610,#7612,#7616,.T.);
#7618=ORIENTED_EDGE('',*,*,#7617,.F.);
#7619=CARTESIAN_POINT('',(11.385786437626898,27.384062043356607,0.750000000000000));
#7620=VERTEX_POINT('',#7619);
#7621=CARTESIAN_POINT('',(11.385786437626898,27.384062043356607,0.750000000000000));
#7622=DIRECTION('',(1.0,0.0,0.0));
#7623=VECTOR('',#7622,1.414213562373101);
#7624=LINE('',#7621,#7623);
#7625=EDGE_CURVE('',#7620,#7610,#7624,.T.);
#7626=ORIENTED_EDGE('',*,*,#7625,.F.);
#7627=CARTESIAN_POINT('',(11.385786437626898,27.384062043356607,0.740000000000000));
#7628=VERTEX_POINT('',#7627);
#7629=CARTESIAN_POINT('',(11.385786437626898,27.384062043356607,0.750000000000000));
#7630=DIRECTION('',(0.0,0.0,-1.0));
#7631=VECTOR('',#7630,0.010000000000000);
#7632=LINE('',#7629,#7631);
#7633=EDGE_CURVE('',#7620,#7628,#7632,.T.);
#7634=ORIENTED_EDGE('',*,*,#7633,.T.);
#7635=CARTESIAN_POINT('',(12.799999999999997,27.384062043356607,0.740000000000000));
#7636=DIRECTION('',(-1.0,0.0,0.0));
#7637=VECTOR('',#7636,1.414213562373101);
#7638=LINE('',#7635,#7637);
#7639=EDGE_CURVE('',#7612,#7628,#7638,.T.);
#7640=ORIENTED_EDGE('',*,*,#7639,.F.);
#7641=EDGE_LOOP('',(#7618,#7626,#7634,#7640));
#7642=FACE_OUTER_BOUND('',#7641,.T.);
#7643=ADVANCED_FACE('',(#7642),#7608,.F.);
#7644=CARTESIAN_POINT('',(16.214213562373089,27.384062043356607,0.750000000000000));
#7645=DIRECTION('',(0.0,1.0,0.0));
#7646=DIRECTION('',(0.0,0.0,1.0));
#7647=AXIS2_PLACEMENT_3D('',#7644,#7645,#7646);
#7648=PLANE('',#7647);
#7649=ORIENTED_EDGE('',*,*,#7333,.F.);
#7650=CARTESIAN_POINT('',(14.517157287525373,27.384062043356607,0.740000000000000));
#7651=VERTEX_POINT('',#7650);
#7652=CARTESIAN_POINT('',(14.517157287525372,27.384062043356607,0.740000000000000));
#7653=DIRECTION('',(-1.0,0.0,0.0));
#7654=VECTOR('',#7653,1.434314575050760);
#7655=LINE('',#7652,#7654);
#7656=EDGE_CURVE('',#7651,#7326,#7655,.T.);
#7657=ORIENTED_EDGE('',*,*,#7656,.F.);
#7658=CARTESIAN_POINT('',(14.517157287525373,27.384062043356607,0.750000000000000));
#7659=VERTEX_POINT('',#7658);
#7660=CARTESIAN_POINT('',(14.517157287525375,27.384062043356607,0.750000000000000));
#7661=DIRECTION('',(0.0,0.0,-1.0));
#7662=VECTOR('',#7661,0.010000000000000);
#7663=LINE('',#7660,#7662);
#7664=EDGE_CURVE('',#7659,#7651,#7663,.T.);
#7665=ORIENTED_EDGE('',*,*,#7664,.F.);
#7666=CARTESIAN_POINT('',(13.082842712474612,27.384062043356607,0.750000000000000));
#7667=DIRECTION('',(1.0,0.0,0.0));
#7668=VECTOR('',#7667,1.434314575050761);
#7669=LINE('',#7666,#7668);
#7670=EDGE_CURVE('',#7328,#7659,#7669,.T.);
#7671=ORIENTED_EDGE('',*,*,#7670,.F.);
#7672=EDGE_LOOP('',(#7649,#7657,#7665,#7671));
#7673=FACE_OUTER_BOUND('',#7672,.T.);
#7674=ADVANCED_FACE('',(#7673),#7648,.F.);
#7675=CARTESIAN_POINT('',(11.468629150101519,27.184062043356608,0.750000000000000));
#7676=DIRECTION('',(0.0,-1.0,0.0));
#7677=DIRECTION('',(0.0,0.0,-1.0));
#7678=AXIS2_PLACEMENT_3D('',#7675,#7676,#7677);
#7679=PLANE('',#7678);
#7680=ORIENTED_EDGE('',*,*,#7500,.F.);
#7681=CARTESIAN_POINT('',(11.468629150101519,27.184062043356608,0.740000000000000));
#7682=VERTEX_POINT('',#7681);
#7683=CARTESIAN_POINT('',(11.468629150101521,27.184062043356608,0.740000000000000));
#7684=DIRECTION('',(1.0,0.0,0.0));
#7685=VECTOR('',#7684,1.131370849898477);
#7686=LINE('',#7683,#7685);
#7687=EDGE_CURVE('',#7682,#7487,#7686,.T.);
#7688=ORIENTED_EDGE('',*,*,#7687,.F.);
#7689=CARTESIAN_POINT('',(11.468629150101519,27.184062043356608,0.750000000000000));
#7690=VERTEX_POINT('',#7689);
#7691=CARTESIAN_POINT('',(11.468629150101519,27.184062043356608,0.750000000000000));
#7692=DIRECTION('',(0.0,0.0,-1.0));
#7693=VECTOR('',#7692,0.010000000000000);
#7694=LINE('',#7691,#7693);
#7695=EDGE_CURVE('',#7690,#7682,#7694,.T.);
#7696=ORIENTED_EDGE('',*,*,#7695,.F.);
#7697=CARTESIAN_POINT('',(12.599999999999998,27.184062043356608,0.750000000000000));
#7698=DIRECTION('',(-1.0,0.0,0.0));
#7699=VECTOR('',#7698,1.131370849898477);
#7700=LINE('',#7697,#7699);
#7701=EDGE_CURVE('',#7495,#7690,#7700,.T.);
#7702=ORIENTED_EDGE('',*,*,#7701,.F.);
#7703=EDGE_LOOP('',(#7680,#7688,#7696,#7702));
#7704=FACE_OUTER_BOUND('',#7703,.T.);
#7705=ADVANCED_FACE('',(#7704),#7679,.F.);
#7706=CARTESIAN_POINT('',(17.901219330881979,24.000000000000004,0.750000000000000));
#7707=DIRECTION('',(-0.707106781186548,0.707106781186548,0.0));
#7708=DIRECTION('',(0.0,0.0,1.0));
#7709=AXIS2_PLACEMENT_3D('',#7706,#7707,#7708);
#7710=PLANE('',#7709);
#7711=CARTESIAN_POINT('',(16.984062043356598,23.082842712474623,0.740000000000000));
#7712=VERTEX_POINT('',#7711);
#7713=CARTESIAN_POINT('',(16.984062043356598,23.082842712474623,0.740000000000000));
#7714=DIRECTION('',(0.0,0.0,1.0));
#7715=VECTOR('',#7714,0.010000000000000);
#7716=LINE('',#7713,#7715);
#7717=EDGE_CURVE('',#7712,#3640,#7716,.T.);
#7718=ORIENTED_EDGE('',*,*,#7717,.T.);
#7719=ORIENTED_EDGE('',*,*,#3645,.F.);
#7720=CARTESIAN_POINT('',(7.890928218044035,13.989708887162060,0.740000000000000));
#7721=VERTEX_POINT('',#7720);
#7722=CARTESIAN_POINT('',(7.890928218044035,13.989708887162060,0.750000000000000));
#7723=DIRECTION('',(0.0,0.0,-1.0));
#7724=VECTOR('',#7723,0.010000000000000);
#7725=LINE('',#7722,#7724);
#7726=EDGE_CURVE('',#3632,#7721,#7725,.T.);
#7727=ORIENTED_EDGE('',*,*,#7726,.T.);
#7728=CARTESIAN_POINT('',(16.984062043356598,23.082842712474623,0.740000000000000));
#7729=DIRECTION('',(-0.707106781186548,-0.707106781186548,0.0));
#7730=VECTOR('',#7729,12.859633180230571);
#7731=LINE('',#7728,#7730);
#7732=EDGE_CURVE('',#7712,#7721,#7731,.T.);
#7733=ORIENTED_EDGE('',*,*,#7732,.F.);
#7734=EDGE_LOOP('',(#7718,#7719,#7727,#7733));
#7735=FACE_OUTER_BOUND('',#7734,.T.);
#7736=ADVANCED_FACE('',(#7735),#7710,.F.);
#7737=CARTESIAN_POINT('',(8.126844303464690,13.942782260108100,0.750000000000000));
#7738=DIRECTION('',(0.707106781186547,-0.707106781186548,0.0));
#7739=DIRECTION('',(0.0,0.0,-1.0));
#7740=AXIS2_PLACEMENT_3D('',#7737,#7738,#7739);
#7741=PLANE('',#7740);
#7742=CARTESIAN_POINT('',(17.184062043356601,23.000000000000007,0.740000000000000));
#7743=VERTEX_POINT('',#7742);
#7744=CARTESIAN_POINT('',(17.184062043356601,23.000000000000004,0.750000000000000));
#7745=VERTEX_POINT('',#7744);
#7746=CARTESIAN_POINT('',(17.184062043356601,23.000000000000007,0.740000000000000));
#7747=DIRECTION('',(0.0,0.0,1.0));
#7748=VECTOR('',#7747,0.010000000000000);
#7749=LINE('',#7746,#7748);
#7750=EDGE_CURVE('',#7743,#7745,#7749,.T.);
#7751=ORIENTED_EDGE('',*,*,#7750,.T.);
#7752=CARTESIAN_POINT('',(18.184062043356576,23.999999999999993,0.750000000000000));
#7753=VERTEX_POINT('',#7752);
#7754=CARTESIAN_POINT('',(18.184062043356580,23.999999999999986,0.750000000000000));
#7755=DIRECTION('',(-0.707106781186549,-0.707106781186546,0.0));
#7756=VECTOR('',#7755,1.414213562373067);
#7757=LINE('',#7754,#7756);
#7758=EDGE_CURVE('',#7753,#7745,#7757,.T.);
#7759=ORIENTED_EDGE('',*,*,#7758,.F.);
#7760=CARTESIAN_POINT('',(18.184062043356576,23.999999999999993,0.740000000000000));
#7761=VERTEX_POINT('',#7760);
#7762=CARTESIAN_POINT('',(18.184062043356576,23.999999999999993,0.750000000000000));
#7763=DIRECTION('',(0.0,0.0,-1.0));
#7764=VECTOR('',#7763,0.010000000000000);
#7765=LINE('',#7762,#7764);
#7766=EDGE_CURVE('',#7753,#7761,#7765,.T.);
#7767=ORIENTED_EDGE('',*,*,#7766,.T.);
#7768=CARTESIAN_POINT('',(17.184062043356658,22.999999999999950,0.740000000000000));
#7769=DIRECTION('',(0.707106781186502,0.707106781186593,0.0));
#7770=VECTOR('',#7769,1.414213562373070);
#7771=LINE('',#7768,#7770);
#7772=EDGE_CURVE('',#7743,#7761,#7771,.T.);
#7773=ORIENTED_EDGE('',*,*,#7772,.F.);
#7774=EDGE_LOOP('',(#7751,#7759,#7767,#7773));
#7775=FACE_OUTER_BOUND('',#7774,.T.);
#7776=ADVANCED_FACE('',(#7775),#7741,.F.);
#7777=CARTESIAN_POINT('',(17.901219330881979,24.000000000000004,0.750000000000000));
#7778=DIRECTION('',(-0.707106781186548,0.707106781186548,0.0));
#7779=DIRECTION('',(0.0,0.0,1.0));
#7780=AXIS2_PLACEMENT_3D('',#7777,#7778,#7779);
#7781=PLANE('',#7780);
#7782=CARTESIAN_POINT('',(17.184062043356601,23.282842712474626,0.750000000000000));
#7783=VERTEX_POINT('',#7782);
#7784=CARTESIAN_POINT('',(17.184062043356601,23.282842712474626,0.740000000000000));
#7785=VERTEX_POINT('',#7784);
#7786=CARTESIAN_POINT('',(17.184062043356601,23.282842712474618,0.750000000000000));
#7787=DIRECTION('',(0.0,0.0,-1.0));
#7788=VECTOR('',#7787,0.010000000000000);
#7789=LINE('',#7786,#7788);
#7790=EDGE_CURVE('',#7783,#7785,#7789,.T.);
#7791=ORIENTED_EDGE('',*,*,#7790,.T.);
#7792=CARTESIAN_POINT('',(17.901219330881979,24.000000000000004,0.740000000000000));
#7793=VERTEX_POINT('',#7792);
#7794=CARTESIAN_POINT('',(17.901219330881979,24.000000000000004,0.740000000000000));
#7795=DIRECTION('',(-0.707106781186548,-0.707106781186548,0.0));
#7796=VECTOR('',#7795,1.014213562373091);
#7797=LINE('',#7794,#7796);
#7798=EDGE_CURVE('',#7793,#7785,#7797,.T.);
#7799=ORIENTED_EDGE('',*,*,#7798,.F.);
#7800=CARTESIAN_POINT('',(17.901219330881979,24.000000000000004,0.750000000000000));
#7801=VERTEX_POINT('',#7800);
#7802=CARTESIAN_POINT('',(17.901219330881979,24.000000000000004,0.740000000000000));
#7803=DIRECTION('',(0.0,0.0,1.0));
#7804=VECTOR('',#7803,0.010000000000000);
#7805=LINE('',#7802,#7804);
#7806=EDGE_CURVE('',#7793,#7801,#7805,.T.);
#7807=ORIENTED_EDGE('',*,*,#7806,.T.);
#7808=CARTESIAN_POINT('',(17.184062043356601,23.282842712474626,0.750000000000000));
#7809=DIRECTION('',(0.707106781186548,0.707106781186548,0.0));
#7810=VECTOR('',#7809,1.014213562373091);
#7811=LINE('',#7808,#7810);
#7812=EDGE_CURVE('',#7783,#7801,#7811,.T.);
#7813=ORIENTED_EDGE('',*,*,#7812,.F.);
#7814=EDGE_LOOP('',(#7791,#7799,#7807,#7813));
#7815=FACE_OUTER_BOUND('',#7814,.T.);
#7816=ADVANCED_FACE('',(#7815),#7781,.F.);
#7817=CARTESIAN_POINT('',(8.126844303464690,13.942782260108100,0.750000000000000));
#7818=DIRECTION('',(0.707106781186547,-0.707106781186548,0.0));
#7819=DIRECTION('',(0.0,0.0,-1.0));
#7820=AXIS2_PLACEMENT_3D('',#7817,#7818,#7819);
#7821=PLANE('',#7820);
#7822=CARTESIAN_POINT('',(8.126844303464690,13.942782260108100,0.750000000000000));
#7823=VERTEX_POINT('',#7822);
#7824=CARTESIAN_POINT('',(8.126844303464690,13.942782260108100,0.740000000000000));
#7825=VERTEX_POINT('',#7824);
#7826=CARTESIAN_POINT('',(8.126844303464690,13.942782260108100,0.750000000000000));
#7827=DIRECTION('',(0.0,0.0,-1.0));
#7828=VECTOR('',#7827,0.010000000000000);
#7829=LINE('',#7826,#7828);
#7830=EDGE_CURVE('',#7823,#7825,#7829,.T.);
#7831=ORIENTED_EDGE('',*,*,#7830,.F.);
#7832=CARTESIAN_POINT('',(16.984062043356598,22.800000000000004,0.750000000000000));
#7833=VERTEX_POINT('',#7832);
#7834=CARTESIAN_POINT('',(16.984062043356598,22.800000000000004,0.750000000000000));
#7835=DIRECTION('',(-0.707106781186548,-0.707106781186547,0.0));
#7836=VECTOR('',#7835,12.525997452646706);
#7837=LINE('',#7834,#7836);
#7838=EDGE_CURVE('',#7833,#7823,#7837,.T.);
#7839=ORIENTED_EDGE('',*,*,#7838,.F.);
#7840=CARTESIAN_POINT('',(16.984062043356598,22.800000000000004,0.740000000000000));
#7841=VERTEX_POINT('',#7840);
#7842=CARTESIAN_POINT('',(16.984062043356598,22.800000000000004,0.750000000000000));
#7843=DIRECTION('',(0.0,0.0,-1.0));
#7844=VECTOR('',#7843,0.010000000000000);
#7845=LINE('',#7842,#7844);
#7846=EDGE_CURVE('',#7833,#7841,#7845,.T.);
#7847=ORIENTED_EDGE('',*,*,#7846,.T.);
#7848=CARTESIAN_POINT('',(8.126844303464692,13.942782260108098,0.740000000000000));
#7849=DIRECTION('',(0.707106781186548,0.707106781186547,0.0));
#7850=VECTOR('',#7849,12.525997452646703);
#7851=LINE('',#7848,#7850);
#7852=EDGE_CURVE('',#7825,#7841,#7851,.T.);
#7853=ORIENTED_EDGE('',*,*,#7852,.F.);
#7854=EDGE_LOOP('',(#7831,#7839,#7847,#7853));
#7855=FACE_OUTER_BOUND('',#7854,.T.);
#7856=ADVANCED_FACE('',(#7855),#7821,.F.);
#7857=CARTESIAN_POINT('',(13.799999999999992,28.101219330881989,0.750000000000000));
#7858=DIRECTION('',(-0.707106781186547,-0.707106781186548,0.0));
#7859=DIRECTION('',(0.0,0.0,1.0));
#7860=AXIS2_PLACEMENT_3D('',#7857,#7858,#7859);
#7861=PLANE('',#7860);
#7862=ORIENTED_EDGE('',*,*,#7806,.F.);
#7863=CARTESIAN_POINT('',(17.184062043356601,24.717157287525385,0.740000000000000));
#7864=VERTEX_POINT('',#7863);
#7865=CARTESIAN_POINT('',(17.184062043356601,24.717157287525385,0.740000000000000));
#7866=DIRECTION('',(0.707106781186548,-0.707106781186548,0.0));
#7867=VECTOR('',#7866,1.014213562373091);
#7868=LINE('',#7865,#7867);
#7869=EDGE_CURVE('',#7864,#7793,#7868,.T.);
#7870=ORIENTED_EDGE('',*,*,#7869,.F.);
#7871=CARTESIAN_POINT('',(17.184062043356601,24.717157287525385,0.750000000000000));
#7872=VERTEX_POINT('',#7871);
#7873=CARTESIAN_POINT('',(17.184062043356601,24.717157287525385,0.740000000000000));
#7874=DIRECTION('',(0.0,0.0,1.0));
#7875=VECTOR('',#7874,0.010000000000000);
#7876=LINE('',#7873,#7875);
#7877=EDGE_CURVE('',#7864,#7872,#7876,.T.);
#7878=ORIENTED_EDGE('',*,*,#7877,.T.);
#7879=CARTESIAN_POINT('',(17.901219330881979,24.000000000000004,0.750000000000000));
#7880=DIRECTION('',(-0.707106781186548,0.707106781186548,0.0));
#7881=VECTOR('',#7880,1.014213562373091);
#7882=LINE('',#7879,#7881);
#7883=EDGE_CURVE('',#7801,#7872,#7882,.T.);
#7884=ORIENTED_EDGE('',*,*,#7883,.F.);
#7885=EDGE_LOOP('',(#7862,#7870,#7878,#7884));
#7886=FACE_OUTER_BOUND('',#7885,.T.);
#7887=ADVANCED_FACE('',(#7886),#7861,.F.);
#7888=CARTESIAN_POINT('',(17.184062043356601,21.585786437626901,0.750000000000000));
#7889=DIRECTION('',(1.0,0.0,0.0));
#7890=DIRECTION('',(0.0,0.0,-1.0));
#7891=AXIS2_PLACEMENT_3D('',#7888,#7889,#7890);
#7892=PLANE('',#7891);
#7893=ORIENTED_EDGE('',*,*,#7750,.F.);
#7894=CARTESIAN_POINT('',(17.184062043356601,21.585786437626901,0.740000000000000));
#7895=VERTEX_POINT('',#7894);
#7896=CARTESIAN_POINT('',(17.184062043356601,21.585786437626901,0.740000000000000));
#7897=DIRECTION('',(0.0,1.0,0.0));
#7898=VECTOR('',#7897,1.414213562373107);
#7899=LINE('',#7896,#7898);
#7900=EDGE_CURVE('',#7895,#7743,#7899,.T.);
#7901=ORIENTED_EDGE('',*,*,#7900,.F.);
#7902=CARTESIAN_POINT('',(17.184062043356601,21.585786437626901,0.750000000000000));
#7903=VERTEX_POINT('',#7902);
#7904=CARTESIAN_POINT('',(17.184062043356601,21.585786437626901,0.750000000000000));
#7905=DIRECTION('',(0.0,0.0,-1.0));
#7906=VECTOR('',#7905,0.010000000000000);
#7907=LINE('',#7904,#7906);
#7908=EDGE_CURVE('',#7903,#7895,#7907,.T.);
#7909=ORIENTED_EDGE('',*,*,#7908,.F.);
#7910=CARTESIAN_POINT('',(17.184062043356601,23.0,0.750000000000000));
#7911=DIRECTION('',(0.0,-1.0,0.0));
#7912=VECTOR('',#7911,1.414213562373099);
#7913=LINE('',#7910,#7912);
#7914=EDGE_CURVE('',#7745,#7903,#7913,.T.);
#7915=ORIENTED_EDGE('',*,*,#7914,.F.);
#7916=EDGE_LOOP('',(#7893,#7901,#7909,#7915));
#7917=FACE_OUTER_BOUND('',#7916,.T.);
#7918=ADVANCED_FACE('',(#7917),#7892,.F.);
#7919=CARTESIAN_POINT('',(17.184062043356601,21.585786437626901,0.750000000000000));
#7920=DIRECTION('',(1.0,0.0,0.0));
#7921=DIRECTION('',(0.0,0.0,-1.0));
#7922=AXIS2_PLACEMENT_3D('',#7919,#7920,#7921);
#7923=PLANE('',#7922);
#7924=ORIENTED_EDGE('',*,*,#7790,.F.);
#7925=CARTESIAN_POINT('',(17.184062043356601,24.717157287525382,0.750000000000000));
#7926=DIRECTION('',(0.0,-1.0,0.0));
#7927=VECTOR('',#7926,1.434314575050756);
#7928=LINE('',#7925,#7927);
#7929=EDGE_CURVE('',#7872,#7783,#7928,.T.);
#7930=ORIENTED_EDGE('',*,*,#7929,.F.);
#7931=ORIENTED_EDGE('',*,*,#7877,.F.);
#7932=CARTESIAN_POINT('',(17.184062043356601,23.282842712474626,0.740000000000000));
#7933=DIRECTION('',(0.0,1.0,0.0));
#7934=VECTOR('',#7933,1.434314575050756);
#7935=LINE('',#7932,#7934);
#7936=EDGE_CURVE('',#7785,#7864,#7935,.T.);
#7937=ORIENTED_EDGE('',*,*,#7936,.F.);
#7938=EDGE_LOOP('',(#7924,#7930,#7931,#7937));
#7939=FACE_OUTER_BOUND('',#7938,.T.);
#7940=ADVANCED_FACE('',(#7939),#7923,.F.);
#7941=CARTESIAN_POINT('',(16.984062043356598,26.331370849898480,0.750000000000000));
#7942=DIRECTION('',(-1.0,0.0,0.0));
#7943=DIRECTION('',(0.0,0.0,1.0));
#7944=AXIS2_PLACEMENT_3D('',#7941,#7942,#7943);
#7945=PLANE('',#7944);
#7946=ORIENTED_EDGE('',*,*,#7846,.F.);
#7947=CARTESIAN_POINT('',(16.984062043356598,21.668629150101527,0.750000000000000));
#7948=VERTEX_POINT('',#7947);
#7949=CARTESIAN_POINT('',(16.984062043356598,21.668629150101527,0.750000000000000));
#7950=DIRECTION('',(0.0,1.0,0.0));
#7951=VECTOR('',#7950,1.131370849898477);
#7952=LINE('',#7949,#7951);
#7953=EDGE_CURVE('',#7948,#7833,#7952,.T.);
#7954=ORIENTED_EDGE('',*,*,#7953,.F.);
#7955=CARTESIAN_POINT('',(16.984062043356598,21.668629150101527,0.740000000000000));
#7956=VERTEX_POINT('',#7955);
#7957=CARTESIAN_POINT('',(16.984062043356598,21.668629150101527,0.750000000000000));
#7958=DIRECTION('',(0.0,0.0,-1.0));
#7959=VECTOR('',#7958,0.010000000000000);
#7960=LINE('',#7957,#7959);
#7961=EDGE_CURVE('',#7948,#7956,#7960,.T.);
#7962=ORIENTED_EDGE('',*,*,#7961,.T.);
#7963=CARTESIAN_POINT('',(16.984062043356598,22.800000000000001,0.740000000000000));
#7964=DIRECTION('',(0.0,-1.0,0.0));
#7965=VECTOR('',#7964,1.131370849898477);
#7966=LINE('',#7963,#7965);
#7967=EDGE_CURVE('',#7841,#7956,#7966,.T.);
#7968=ORIENTED_EDGE('',*,*,#7967,.F.);
#7969=EDGE_LOOP('',(#7946,#7954,#7962,#7968));
#7970=FACE_OUTER_BOUND('',#7969,.T.);
#7971=ADVANCED_FACE('',(#7970),#7945,.F.);
#7972=CARTESIAN_POINT('',(7.775691001107605,12.177415395377921,0.750000000000000));
#7973=DIRECTION('',(0.707106781186547,-0.707106781186548,0.0));
#7974=DIRECTION('',(0.0,0.0,-1.0));
#7975=AXIS2_PLACEMENT_3D('',#7972,#7973,#7974);
#7976=PLANE('',#7975);
#7977=CARTESIAN_POINT('',(8.387984492891750,12.789708887162064,0.750000000000000));
#7978=VERTEX_POINT('',#7977);
#7979=CARTESIAN_POINT('',(8.387984492891750,12.789708887162064,0.740000000000000));
#7980=VERTEX_POINT('',#7979);
#7981=CARTESIAN_POINT('',(8.387984492891750,12.789708887162064,0.750000000000000));
#7982=DIRECTION('',(0.0,0.0,-1.0));
#7983=VECTOR('',#7982,0.010000000000000);
#7984=LINE('',#7981,#7983);
#7985=EDGE_CURVE('',#7978,#7980,#7984,.T.);
#7986=ORIENTED_EDGE('',*,*,#7985,.T.);
#7987=CARTESIAN_POINT('',(7.775691001107605,12.177415395377921,0.740000000000000));
#7988=VERTEX_POINT('',#7987);
#7989=CARTESIAN_POINT('',(7.775691001107606,12.177415395377919,0.740000000000000));
#7990=DIRECTION('',(0.707106781186548,0.707106781186547,0.0));
#7991=VECTOR('',#7990,0.865913760233915);
#7992=LINE('',#7989,#7991);
#7993=EDGE_CURVE('',#7988,#7980,#7992,.T.);
#7994=ORIENTED_EDGE('',*,*,#7993,.F.);
#7995=CARTESIAN_POINT('',(7.775691001107605,12.177415395377921,0.750000000000000));
#7996=VERTEX_POINT('',#7995);
#7997=CARTESIAN_POINT('',(7.775691001107605,12.177415395377921,0.750000000000000));
#7998=DIRECTION('',(0.0,0.0,-1.0));
#7999=VECTOR('',#7998,0.010000000000000);
#8000=LINE('',#7997,#7999);
#8001=EDGE_CURVE('',#7996,#7988,#8000,.T.);
#8002=ORIENTED_EDGE('',*,*,#8001,.F.);
#8003=CARTESIAN_POINT('',(8.387984492891752,12.789708887162064,0.750000000000000));
#8004=DIRECTION('',(-0.707106781186548,-0.707106781186548,0.0));
#8005=VECTOR('',#8004,0.865913760233917);
#8006=LINE('',#8003,#8005);
#8007=EDGE_CURVE('',#7978,#7996,#8006,.T.);
#8008=ORIENTED_EDGE('',*,*,#8007,.F.);
#8009=EDGE_LOOP('',(#7986,#7994,#8002,#8008));
#8010=FACE_OUTER_BOUND('',#8009,.T.);
#8011=ADVANCED_FACE('',(#8010),#7976,.F.);
#8012=CARTESIAN_POINT('',(16.984062043356598,21.668629150101527,0.750000000000000));
#8013=DIRECTION('',(-0.707106781186547,0.707106781186548,0.0));
#8014=DIRECTION('',(0.0,0.0,1.0));
#8015=AXIS2_PLACEMENT_3D('',#8012,#8013,#8014);
#8016=PLANE('',#8015);
#8017=CARTESIAN_POINT('',(8.305141780417131,12.989708887162061,0.740000000000000));
#8018=VERTEX_POINT('',#8017);
#8019=CARTESIAN_POINT('',(8.305141780417129,12.989708887162063,0.740000000000000));
#8020=DIRECTION('',(0.0,0.0,1.0));
#8021=VECTOR('',#8020,0.010000000000000);
#8022=LINE('',#8019,#8021);
#8023=EDGE_CURVE('',#8018,#3624,#8022,.T.);
#8024=ORIENTED_EDGE('',*,*,#8023,.T.);
#8025=ORIENTED_EDGE('',*,*,#3629,.F.);
#8026=CARTESIAN_POINT('',(7.539774915686952,12.224342022431882,0.740000000000000));
#8027=VERTEX_POINT('',#8026);
#8028=CARTESIAN_POINT('',(7.539774915686952,12.224342022431882,0.750000000000000));
#8029=DIRECTION('',(0.0,0.0,-1.0));
#8030=VECTOR('',#8029,0.010000000000000);
#8031=LINE('',#8028,#8030);
#8032=EDGE_CURVE('',#3616,#8027,#8031,.T.);
#8033=ORIENTED_EDGE('',*,*,#8032,.T.);
#8034=CARTESIAN_POINT('',(8.305141780417133,12.989708887162063,0.740000000000000));
#8035=DIRECTION('',(-0.707106781186547,-0.707106781186548,0.0));
#8036=VECTOR('',#8035,1.082392200292395);
#8037=LINE('',#8034,#8036);
#8038=EDGE_CURVE('',#8018,#8027,#8037,.T.);
#8039=ORIENTED_EDGE('',*,*,#8038,.F.);
#8040=EDGE_LOOP('',(#8024,#8025,#8033,#8039));
#8041=FACE_OUTER_BOUND('',#8040,.T.);
#8042=ADVANCED_FACE('',(#8041),#8016,.F.);
#8043=CARTESIAN_POINT('',(16.984062043356598,21.668629150101527,0.750000000000000));
#8044=DIRECTION('',(-0.707106781186547,0.707106781186548,0.0));
#8045=DIRECTION('',(0.0,0.0,1.0));
#8046=AXIS2_PLACEMENT_3D('',#8043,#8044,#8045);
#8047=PLANE('',#8046);
#8048=CARTESIAN_POINT('',(8.458215153363168,13.142782260108099,0.750000000000000));
#8049=VERTEX_POINT('',#8048);
#8050=CARTESIAN_POINT('',(8.458215153363168,13.142782260108097,0.740000000000000));
#8051=VERTEX_POINT('',#8050);
#8052=CARTESIAN_POINT('',(8.458215153363168,13.142782260108099,0.750000000000000));
#8053=DIRECTION('',(0.0,0.0,-1.0));
#8054=VECTOR('',#8053,0.010000000000000);
#8055=LINE('',#8052,#8054);
#8056=EDGE_CURVE('',#8049,#8051,#8055,.T.);
#8057=ORIENTED_EDGE('',*,*,#8056,.T.);
#8058=CARTESIAN_POINT('',(16.984062043356602,21.668629150101527,0.740000000000000));
#8059=DIRECTION('',(-0.707106781186548,-0.707106781186547,0.0));
#8060=VECTOR('',#8059,12.057368302545182);
#8061=LINE('',#8058,#8060);
#8062=EDGE_CURVE('',#7956,#8051,#8061,.T.);
#8063=ORIENTED_EDGE('',*,*,#8062,.F.);
#8064=ORIENTED_EDGE('',*,*,#7961,.F.);
#8065=CARTESIAN_POINT('',(8.458215153363168,13.142782260108099,0.750000000000000));
#8066=DIRECTION('',(0.707106781186548,0.707106781186547,0.0));
#8067=VECTOR('',#8066,12.057368302545182);
#8068=LINE('',#8065,#8067);
#8069=EDGE_CURVE('',#8049,#7948,#8068,.T.);
#8070=ORIENTED_EDGE('',*,*,#8069,.F.);
#8071=EDGE_LOOP('',(#8057,#8063,#8064,#8070));
#8072=FACE_OUTER_BOUND('',#8071,.T.);
#8073=ADVANCED_FACE('',(#8072),#8047,.F.);
#8074=CARTESIAN_POINT('',(7.775691001107605,12.177415395377921,0.750000000000000));
#8075=DIRECTION('',(0.707106781186547,-0.707106781186548,0.0));
#8076=DIRECTION('',(0.0,0.0,-1.0));
#8077=AXIS2_PLACEMENT_3D('',#8074,#8075,#8076);
#8078=PLANE('',#8077);
#8079=CARTESIAN_POINT('',(8.541057865837788,12.942782260108100,0.740000000000000));
#8080=VERTEX_POINT('',#8079);
#8081=CARTESIAN_POINT('',(8.541057865837786,12.942782260108102,0.750000000000000));
#8082=VERTEX_POINT('',#8081);
#8083=CARTESIAN_POINT('',(8.541057865837788,12.942782260108102,0.740000000000000));
#8084=DIRECTION('',(0.0,0.0,1.0));
#8085=VECTOR('',#8084,0.010000000000000);
#8086=LINE('',#8083,#8085);
#8087=EDGE_CURVE('',#8080,#8082,#8086,.T.);
#8088=ORIENTED_EDGE('',*,*,#8087,.T.);
#8089=CARTESIAN_POINT('',(17.184062043356604,21.585786437626901,0.750000000000000));
#8090=DIRECTION('',(-0.707106781186548,-0.707106781186547,0.0));
#8091=VECTOR('',#8090,12.223053727494417);
#8092=LINE('',#8089,#8091);
#8093=EDGE_CURVE('',#7903,#8082,#8092,.T.);
#8094=ORIENTED_EDGE('',*,*,#8093,.F.);
#8095=ORIENTED_EDGE('',*,*,#7908,.T.);
#8096=CARTESIAN_POINT('',(8.541057865837788,12.942782260108098,0.740000000000000));
#8097=DIRECTION('',(0.707106781186548,0.707106781186547,0.0));
#8098=VECTOR('',#8097,12.223053727494417);
#8099=LINE('',#8096,#8098);
#8100=EDGE_CURVE('',#8080,#7895,#8099,.T.);
#8101=ORIENTED_EDGE('',*,*,#8100,.F.);
#8102=EDGE_LOOP('',(#8088,#8094,#8095,#8101));
#8103=FACE_OUTER_BOUND('',#8102,.T.);
#8104=ADVANCED_FACE('',(#8103),#8078,.F.);
#8105=CARTESIAN_POINT('',(10.547003957594395,8.100000000000012,0.750000000000000));
#8106=DIRECTION('',(0.923879532511286,0.382683432365091,0.0));
#8107=DIRECTION('',(0.0,0.0,-1.0));
#8108=AXIS2_PLACEMENT_3D('',#8105,#8106,#8107);
#8109=PLANE('',#8108);
#8110=ORIENTED_EDGE('',*,*,#8087,.F.);
#8111=CARTESIAN_POINT('',(10.132790395221301,9.100000000000003,0.740000000000000));
#8112=VERTEX_POINT('',#8111);
#8113=CARTESIAN_POINT('',(10.132790395221301,9.100000000000005,0.740000000000000));
#8114=DIRECTION('',(-0.382683432365091,0.923879532511286,0.0));
#8115=VECTOR('',#8114,4.159397545762982);
#8116=LINE('',#8113,#8115);
#8117=EDGE_CURVE('',#8112,#8080,#8116,.T.);
#8118=ORIENTED_EDGE('',*,*,#8117,.F.);
#8119=CARTESIAN_POINT('',(10.132790395221301,9.100000000000003,0.750000000000000));
#8120=VERTEX_POINT('',#8119);
#8121=CARTESIAN_POINT('',(10.132790395221301,9.100000000000003,0.740000000000000));
#8122=DIRECTION('',(0.0,0.0,1.0));
#8123=VECTOR('',#8122,0.010000000000000);
#8124=LINE('',#8121,#8123);
#8125=EDGE_CURVE('',#8112,#8120,#8124,.T.);
#8126=ORIENTED_EDGE('',*,*,#8125,.T.);
#8127=CARTESIAN_POINT('',(8.541057865837788,12.942782260108100,0.750000000000000));
#8128=DIRECTION('',(0.382683432365091,-0.923879532511286,0.0));
#8129=VECTOR('',#8128,4.159397545762984);
#8130=LINE('',#8127,#8129);
#8131=EDGE_CURVE('',#8082,#8120,#8130,.T.);
#8132=ORIENTED_EDGE('',*,*,#8131,.F.);
#8133=EDGE_LOOP('',(#8110,#8118,#8126,#8132));
#8134=FACE_OUTER_BOUND('',#8133,.T.);
#8135=ADVANCED_FACE('',(#8134),#8109,.F.);
#8136=CARTESIAN_POINT('',(7.890928218044035,13.989708887162060,0.750000000000000));
#8137=DIRECTION('',(-0.923879532511286,-0.382683432365091,0.0));
#8138=DIRECTION('',(0.0,0.0,1.0));
#8139=AXIS2_PLACEMENT_3D('',#8136,#8137,#8138);
#8140=PLANE('',#8139);
#8141=ORIENTED_EDGE('',*,*,#7985,.F.);
#8142=CARTESIAN_POINT('',(9.916311955162820,9.100000000000003,0.750000000000000));
#8143=VERTEX_POINT('',#8142);
#8144=CARTESIAN_POINT('',(9.916311955162820,9.100000000000003,0.750000000000000));
#8145=DIRECTION('',(-0.382683432365091,0.923879532511286,0.0));
#8146=VECTOR('',#8145,3.993712120813743);
#8147=LINE('',#8144,#8146);
#8148=EDGE_CURVE('',#8143,#7978,#8147,.T.);
#8149=ORIENTED_EDGE('',*,*,#8148,.F.);
#8150=CARTESIAN_POINT('',(9.916311955162820,9.100000000000003,0.740000000000000));
#8151=VERTEX_POINT('',#8150);
#8152=CARTESIAN_POINT('',(9.916311955162820,9.100000000000003,0.750000000000000));
#8153=DIRECTION('',(0.0,0.0,-1.0));
#8154=VECTOR('',#8153,0.010000000000000);
#8155=LINE('',#8152,#8154);
#8156=EDGE_CURVE('',#8143,#8151,#8155,.T.);
#8157=ORIENTED_EDGE('',*,*,#8156,.T.);
#8158=CARTESIAN_POINT('',(8.387984492891750,12.789708887162064,0.740000000000000));
#8159=DIRECTION('',(0.382683432365091,-0.923879532511286,0.0));
#8160=VECTOR('',#8159,3.993712120813743);
#8161=LINE('',#8158,#8160);
#8162=EDGE_CURVE('',#7980,#8151,#8161,.T.);
#8163=ORIENTED_EDGE('',*,*,#8162,.F.);
#8164=EDGE_LOOP('',(#8141,#8149,#8157,#8163));
#8165=FACE_OUTER_BOUND('',#8164,.T.);
#8166=ADVANCED_FACE('',(#8165),#8140,.F.);
#8167=CARTESIAN_POINT('',(1.899999999999992,17.898275605729708,0.750000000000000));
#8168=DIRECTION('',(-1.0,0.0,0.0));
#8169=DIRECTION('',(0.0,0.0,1.0));
#8170=AXIS2_PLACEMENT_3D('',#8167,#8168,#8169);
#8171=PLANE('',#8170);
#8172=ORIENTED_EDGE('',*,*,#7373,.F.);
#8173=CARTESIAN_POINT('',(1.900000000000002,3.148537520449055,0.750000000000000));
#8174=VERTEX_POINT('',#8173);
#8175=CARTESIAN_POINT('',(1.900000000000001,3.148537520449056,0.750000000000000));
#8176=DIRECTION('',(0.0,1.0,0.0));
#8177=VECTOR('',#8176,13.052681810432928);
#8178=LINE('',#8175,#8177);
#8179=EDGE_CURVE('',#8174,#7366,#8178,.T.);
#8180=ORIENTED_EDGE('',*,*,#8179,.F.);
#8181=CARTESIAN_POINT('',(1.900000000000002,3.148537520449055,0.740000000000000));
#8182=VERTEX_POINT('',#8181);
#8183=CARTESIAN_POINT('',(1.900000000000002,3.148537520449055,0.750000000000000));
#8184=DIRECTION('',(0.0,0.0,-1.0));
#8185=VECTOR('',#8184,0.010000000000000);
#8186=LINE('',#8183,#8185);
#8187=EDGE_CURVE('',#8174,#8182,#8186,.T.);
#8188=ORIENTED_EDGE('',*,*,#8187,.T.);
#8189=CARTESIAN_POINT('',(1.899999999999995,16.201219330881983,0.740000000000000));
#8190=DIRECTION('',(0.0,-1.0,0.0));
#8191=VECTOR('',#8190,13.052681810432928);
#8192=LINE('',#8189,#8191);
#8193=EDGE_CURVE('',#7368,#8182,#8192,.T.);
#8194=ORIENTED_EDGE('',*,*,#8193,.F.);
#8195=EDGE_LOOP('',(#8172,#8180,#8188,#8194));
#8196=FACE_OUTER_BOUND('',#8195,.T.);
#8197=ADVANCED_FACE('',(#8196),#8171,.F.);
#8198=CARTESIAN_POINT('',(19.881107838717334,0.118892161282667,0.750000000000000));
#8199=DIRECTION('',(0.862063075096461,0.506801000941428,0.0));
#8200=DIRECTION('',(0.0,0.0,-1.0));
#8201=AXIS2_PLACEMENT_3D('',#8198,#8199,#8200);
#8202=PLANE('',#8201);
#8203=CARTESIAN_POINT('',(18.390928891636026,2.653670591432977,0.740000000000000));
#8204=VERTEX_POINT('',#8203);
#8205=CARTESIAN_POINT('',(18.390928891636026,2.653670591432977,0.750000000000000));
#8206=VERTEX_POINT('',#8205);
#8207=CARTESIAN_POINT('',(18.390928891636026,2.653670591432976,0.740000000000000));
#8208=DIRECTION('',(0.0,0.0,1.0));
#8209=VECTOR('',#8208,0.010000000000000);
#8210=LINE('',#8207,#8209);
#8211=EDGE_CURVE('',#8204,#8206,#8210,.T.);
#8212=ORIENTED_EDGE('',*,*,#8211,.T.);
#8213=CARTESIAN_POINT('',(18.100000000000009,3.148537520449042,0.750000000000000));
#8214=VERTEX_POINT('',#8213);
#8215=CARTESIAN_POINT('',(18.100000000000009,3.148537520449040,0.750000000000000));
#8216=DIRECTION('',(0.506801000941426,-0.862063075096462,0.0));
#8217=VECTOR('',#8216,0.574049560075044);
#8218=LINE('',#8215,#8217);
#8219=EDGE_CURVE('',#8214,#8206,#8218,.T.);
#8220=ORIENTED_EDGE('',*,*,#8219,.F.);
#8221=CARTESIAN_POINT('',(18.100000000000009,3.148537520449042,0.740000000000000));
#8222=VERTEX_POINT('',#8221);
#8223=CARTESIAN_POINT('',(18.100000000000009,3.148537520449042,0.750000000000000));
#8224=DIRECTION('',(0.0,0.0,-1.0));
#8225=VECTOR('',#8224,0.010000000000000);
#8226=LINE('',#8223,#8225);
#8227=EDGE_CURVE('',#8214,#8222,#8226,.T.);
#8228=ORIENTED_EDGE('',*,*,#8227,.T.);
#8229=CARTESIAN_POINT('',(18.390928891636030,2.653670591432976,0.740000000000000));
#8230=DIRECTION('',(-0.506801000941430,0.862063075096460,0.0));
#8231=VECTOR('',#8230,0.574049560075047);
#8232=LINE('',#8229,#8231);
#8233=EDGE_CURVE('',#8204,#8222,#8232,.T.);
#8234=ORIENTED_EDGE('',*,*,#8233,.F.);
#8235=EDGE_LOOP('',(#8212,#8220,#8228,#8234));
#8236=FACE_OUTER_BOUND('',#8235,.T.);
#8237=ADVANCED_FACE('',(#8236),#8202,.F.);
#8238=CARTESIAN_POINT('',(19.881107838717334,0.118892161282667,0.750000000000000));
#8239=DIRECTION('',(0.862063075096461,0.506801000941428,0.0));
#8240=DIRECTION('',(0.0,0.0,-1.0));
#8241=AXIS2_PLACEMENT_3D('',#8238,#8239,#8240);
#8242=PLANE('',#8241);
#8243=CARTESIAN_POINT('',(18.495647082653232,2.475546069975561,0.750000000000000));
#8244=VERTEX_POINT('',#8243);
#8245=CARTESIAN_POINT('',(18.495647082653232,2.475546069975561,0.740000000000000));
#8246=VERTEX_POINT('',#8245);
#8247=CARTESIAN_POINT('',(18.495647082653232,2.475546069975561,0.750000000000000));
#8248=DIRECTION('',(0.0,0.0,-1.0));
#8249=VECTOR('',#8248,0.010000000000000);
#8250=LINE('',#8247,#8249);
#8251=EDGE_CURVE('',#8244,#8246,#8250,.T.);
#8252=ORIENTED_EDGE('',*,*,#8251,.T.);
#8253=CARTESIAN_POINT('',(19.881107838717334,0.118892161282667,0.740000000000000));
#8254=VERTEX_POINT('',#8253);
#8255=CARTESIAN_POINT('',(19.881107838717334,0.118892161282666,0.740000000000000));
#8256=DIRECTION('',(-0.506801000941427,0.862063075096462,0.0));
#8257=VECTOR('',#8256,2.733737213404244);
#8258=LINE('',#8255,#8257);
#8259=EDGE_CURVE('',#8254,#8246,#8258,.T.);
#8260=ORIENTED_EDGE('',*,*,#8259,.F.);
#8261=CARTESIAN_POINT('',(19.881107838717334,0.118892161282667,0.750000000000000));
#8262=VERTEX_POINT('',#8261);
#8263=CARTESIAN_POINT('',(19.881107838717334,0.118892161282667,0.750000000000000));
#8264=DIRECTION('',(0.0,0.0,-1.0));
#8265=VECTOR('',#8264,0.010000000000000);
#8266=LINE('',#8263,#8265);
#8267=EDGE_CURVE('',#8262,#8254,#8266,.T.);
#8268=ORIENTED_EDGE('',*,*,#8267,.F.);
#8269=CARTESIAN_POINT('',(18.495647082653232,2.475546069975560,0.750000000000000));
#8270=DIRECTION('',(0.506801000941428,-0.862063075096461,0.0));
#8271=VECTOR('',#8270,2.733737213404246);
#8272=LINE('',#8269,#8271);
#8273=EDGE_CURVE('',#8244,#8262,#8272,.T.);
#8274=ORIENTED_EDGE('',*,*,#8273,.F.);
#8275=EDGE_LOOP('',(#8252,#8260,#8268,#8274));
#8276=FACE_OUTER_BOUND('',#8275,.T.);
#8277=ADVANCED_FACE('',(#8276),#8242,.F.);
#8278=CARTESIAN_POINT('',(17.900000000000006,3.094103166670215,0.750000000000000));
#8279=DIRECTION('',(-0.862063075096461,-0.506801000941428,0.0));
#8280=DIRECTION('',(0.0,0.0,1.0));
#8281=AXIS2_PLACEMENT_3D('',#8278,#8279,#8280);
#8282=PLANE('',#8281);
#8283=CARTESIAN_POINT('',(18.244822347165307,2.507564046962256,0.740000000000000));
#8284=VERTEX_POINT('',#8283);
#8285=CARTESIAN_POINT('',(18.244822347165307,2.507564046962256,0.750000000000000));
#8286=DIRECTION('',(0.0,0.0,-1.0));
#8287=VECTOR('',#8286,0.010000000000000);
#8288=LINE('',#8285,#8287);
#8289=EDGE_CURVE('',#3544,#8284,#8288,.T.);
#8290=ORIENTED_EDGE('',*,*,#8289,.T.);
#8291=CARTESIAN_POINT('',(17.900000000000006,3.094103166670215,0.740000000000000));
#8292=VERTEX_POINT('',#8291);
#8293=CARTESIAN_POINT('',(17.900000000000009,3.094103166670214,0.740000000000000));
#8294=DIRECTION('',(0.506801000941427,-0.862063075096462,0.0));
#8295=VECTOR('',#8294,0.680390027890159);
#8296=LINE('',#8293,#8295);
#8297=EDGE_CURVE('',#8292,#8284,#8296,.T.);
#8298=ORIENTED_EDGE('',*,*,#8297,.F.);
#8299=CARTESIAN_POINT('',(17.900000000000006,3.094103166670215,0.750000000000000));
#8300=DIRECTION('',(0.0,0.0,-1.0));
#8301=VECTOR('',#8300,0.010000000000000);
#8302=LINE('',#8299,#8301);
#8303=EDGE_CURVE('',#3552,#8292,#8302,.T.);
#8304=ORIENTED_EDGE('',*,*,#8303,.F.);
#8305=ORIENTED_EDGE('',*,*,#3557,.F.);
#8306=EDGE_LOOP('',(#8290,#8298,#8304,#8305));
#8307=FACE_OUTER_BOUND('',#8306,.T.);
#8308=ADVANCED_FACE('',(#8307),#8282,.F.);
#8309=CARTESIAN_POINT('',(16.851462479550939,1.900000000000000,0.750000000000000));
#8310=DIRECTION('',(-0.506801000941427,-0.862063075096462,0.0));
#8311=DIRECTION('',(0.0,0.0,1.0));
#8312=AXIS2_PLACEMENT_3D('',#8309,#8310,#8311);
#8313=PLANE('',#8312);
#8314=CARTESIAN_POINT('',(17.346329408567023,1.609071108363971,0.750000000000000));
#8315=VERTEX_POINT('',#8314);
#8316=CARTESIAN_POINT('',(17.346329408567023,1.609071108363971,0.740000000000000));
#8317=VERTEX_POINT('',#8316);
#8318=CARTESIAN_POINT('',(17.346329408567019,1.609071108363971,0.750000000000000));
#8319=DIRECTION('',(0.0,0.0,-1.0));
#8320=VECTOR('',#8319,0.010000000000000);
#8321=LINE('',#8318,#8320);
#8322=EDGE_CURVE('',#8315,#8317,#8321,.T.);
#8323=ORIENTED_EDGE('',*,*,#8322,.T.);
#8324=CARTESIAN_POINT('',(16.851462479550939,1.900000000000000,0.740000000000000));
#8325=VERTEX_POINT('',#8324);
#8326=CARTESIAN_POINT('',(16.851462479550939,1.900000000000000,0.740000000000000));
#8327=DIRECTION('',(0.862063075096462,-0.506801000941426,0.0));
#8328=VECTOR('',#8327,0.574049560075067);
#8329=LINE('',#8326,#8328);
#8330=EDGE_CURVE('',#8325,#8317,#8329,.T.);
#8331=ORIENTED_EDGE('',*,*,#8330,.F.);
#8332=CARTESIAN_POINT('',(16.851462479550939,1.900000000000000,0.750000000000000));
#8333=VERTEX_POINT('',#8332);
#8334=CARTESIAN_POINT('',(16.851462479550939,1.900000000000000,0.750000000000000));
#8335=DIRECTION('',(0.0,0.0,-1.0));
#8336=VECTOR('',#8335,0.010000000000000);
#8337=LINE('',#8334,#8336);
#8338=EDGE_CURVE('',#8333,#8325,#8337,.T.);
#8339=ORIENTED_EDGE('',*,*,#8338,.F.);
#8340=CARTESIAN_POINT('',(17.346329408567023,1.609071108363970,0.750000000000000));
#8341=DIRECTION('',(-0.862063075096463,0.506801000941425,0.0));
#8342=VECTOR('',#8341,0.574049560075067);
#8343=LINE('',#8340,#8342);
#8344=EDGE_CURVE('',#8315,#8333,#8343,.T.);
#8345=ORIENTED_EDGE('',*,*,#8344,.F.);
#8346=EDGE_LOOP('',(#8323,#8331,#8339,#8345));
#8347=FACE_OUTER_BOUND('',#8346,.T.);
#8348=ADVANCED_FACE('',(#8347),#8313,.F.);
#8349=CARTESIAN_POINT('',(16.851462479550939,1.900000000000000,0.750000000000000));
#8350=DIRECTION('',(-0.506801000941427,-0.862063075096462,0.0));
#8351=DIRECTION('',(0.0,0.0,1.0));
#8352=AXIS2_PLACEMENT_3D('',#8349,#8350,#8351);
#8353=PLANE('',#8352);
#8354=CARTESIAN_POINT('',(17.524453930024436,1.504352917346766,0.740000000000000));
#8355=VERTEX_POINT('',#8354);
#8356=CARTESIAN_POINT('',(17.524453930024436,1.504352917346766,0.750000000000000));
#8357=VERTEX_POINT('',#8356);
#8358=CARTESIAN_POINT('',(17.524453930024436,1.504352917346765,0.740000000000000));
#8359=DIRECTION('',(0.0,0.0,1.0));
#8360=VECTOR('',#8359,0.010000000000000);
#8361=LINE('',#8358,#8360);
#8362=EDGE_CURVE('',#8355,#8357,#8361,.T.);
#8363=ORIENTED_EDGE('',*,*,#8362,.T.);
#8364=CARTESIAN_POINT('',(19.881107838717334,0.118892161282665,0.750000000000000));
#8365=DIRECTION('',(-0.862063075096462,0.506801000941427,0.0));
#8366=VECTOR('',#8365,2.733737213404248);
#8367=LINE('',#8364,#8366);
#8368=EDGE_CURVE('',#8262,#8357,#8367,.T.);
#8369=ORIENTED_EDGE('',*,*,#8368,.F.);
#8370=ORIENTED_EDGE('',*,*,#8267,.T.);
#8371=CARTESIAN_POINT('',(17.524453930024439,1.504352917346766,0.740000000000000));
#8372=DIRECTION('',(0.862063075096462,-0.506801000941427,0.0));
#8373=VECTOR('',#8372,2.733737213404245);
#8374=LINE('',#8371,#8373);
#8375=EDGE_CURVE('',#8355,#8254,#8374,.T.);
#8376=ORIENTED_EDGE('',*,*,#8375,.F.);
#8377=EDGE_LOOP('',(#8363,#8369,#8370,#8376));
#8378=FACE_OUTER_BOUND('',#8377,.T.);
#8379=ADVANCED_FACE('',(#8378),#8353,.F.);
#8380=CARTESIAN_POINT('',(19.318143158415666,0.681856841584330,0.750000000000000));
#8381=DIRECTION('',(0.506801000941430,0.862063075096460,0.0));
#8382=DIRECTION('',(0.0,0.0,-1.0));
#8383=AXIS2_PLACEMENT_3D('',#8380,#8381,#8382);
#8384=PLANE('',#8383);
#8385=CARTESIAN_POINT('',(17.492435953037742,1.755177652834690,0.740000000000000));
#8386=VERTEX_POINT('',#8385);
#8387=CARTESIAN_POINT('',(17.492435953037742,1.755177652834691,0.740000000000000));
#8388=DIRECTION('',(0.0,0.0,1.0));
#8389=VECTOR('',#8388,0.010000000000000);
#8390=LINE('',#8387,#8389);
#8391=EDGE_CURVE('',#8386,#3536,#8390,.T.);
#8392=ORIENTED_EDGE('',*,*,#8391,.T.);
#8393=ORIENTED_EDGE('',*,*,#3541,.F.);
#8394=CARTESIAN_POINT('',(16.905896833329766,2.100000000000000,0.740000000000000));
#8395=VERTEX_POINT('',#8394);
#8396=CARTESIAN_POINT('',(16.905896833329766,2.100000000000000,0.750000000000000));
#8397=DIRECTION('',(0.0,0.0,-1.0));
#8398=VECTOR('',#8397,0.010000000000000);
#8399=LINE('',#8396,#8398);
#8400=EDGE_CURVE('',#3528,#8395,#8399,.T.);
#8401=ORIENTED_EDGE('',*,*,#8400,.T.);
#8402=CARTESIAN_POINT('',(17.492435953037742,1.755177652834689,0.740000000000000));
#8403=DIRECTION('',(-0.862063075096460,0.506801000941429,0.0));
#8404=VECTOR('',#8403,0.680390027890180);
#8405=LINE('',#8402,#8404);
#8406=EDGE_CURVE('',#8386,#8395,#8405,.T.);
#8407=ORIENTED_EDGE('',*,*,#8406,.F.);
#8408=EDGE_LOOP('',(#8392,#8393,#8401,#8407));
#8409=FACE_OUTER_BOUND('',#8408,.T.);
#8410=ADVANCED_FACE('',(#8409),#8384,.F.);
#8411=CARTESIAN_POINT('',(18.100000000000009,3.148537520449042,0.750000000000000));
#8412=DIRECTION('',(1.0,0.0,0.0));
#8413=DIRECTION('',(0.0,0.0,-1.0));
#8414=AXIS2_PLACEMENT_3D('',#8411,#8412,#8413);
#8415=PLANE('',#8414);
#8416=CARTESIAN_POINT('',(18.099999999999994,6.851462479550943,0.740000000000000));
#8417=VERTEX_POINT('',#8416);
#8418=CARTESIAN_POINT('',(18.099999999999991,3.148537520449042,0.740000000000000));
#8419=DIRECTION('',(0.0,1.0,0.0));
#8420=VECTOR('',#8419,3.702924959101900);
#8421=LINE('',#8418,#8420);
#8422=EDGE_CURVE('',#8222,#8417,#8421,.T.);
#8423=ORIENTED_EDGE('',*,*,#8422,.F.);
#8424=ORIENTED_EDGE('',*,*,#8227,.F.);
#8425=CARTESIAN_POINT('',(18.099999999999994,6.851462479550943,0.750000000000000));
#8426=VERTEX_POINT('',#8425);
#8427=CARTESIAN_POINT('',(18.100000000000009,6.851462479550943,0.750000000000000));
#8428=DIRECTION('',(0.0,-1.0,0.0));
#8429=VECTOR('',#8428,3.702924959101901);
#8430=LINE('',#8427,#8429);
#8431=EDGE_CURVE('',#8426,#8214,#8430,.T.);
#8432=ORIENTED_EDGE('',*,*,#8431,.F.);
#8433=CARTESIAN_POINT('',(18.099999999999994,6.851462479550943,0.750000000000000));
#8434=DIRECTION('',(0.0,0.0,-1.0));
#8435=VECTOR('',#8434,0.010000000000000);
#8436=LINE('',#8433,#8435);
#8437=EDGE_CURVE('',#8426,#8417,#8436,.T.);
#8438=ORIENTED_EDGE('',*,*,#8437,.T.);
#8439=EDGE_LOOP('',(#8423,#8424,#8432,#8438));
#8440=FACE_OUTER_BOUND('',#8439,.T.);
#8441=ADVANCED_FACE('',(#8440),#8415,.F.);
#8442=CARTESIAN_POINT('',(17.900000000000006,3.094103166670215,0.750000000000000));
#8443=DIRECTION('',(-0.862063075096461,-0.506801000941428,0.0));
#8444=DIRECTION('',(0.0,0.0,1.0));
#8445=AXIS2_PLACEMENT_3D('',#8442,#8443,#8444);
#8446=PLANE('',#8445);
#8447=CARTESIAN_POINT('',(18.349540538182513,2.329439525504841,0.740000000000000));
#8448=VERTEX_POINT('',#8447);
#8449=CARTESIAN_POINT('',(18.349540538182513,2.329439525504841,0.750000000000000));
#8450=VERTEX_POINT('',#8449);
#8451=CARTESIAN_POINT('',(18.349540538182513,2.329439525504840,0.740000000000000));
#8452=DIRECTION('',(0.0,0.0,1.0));
#8453=VECTOR('',#8452,0.010000000000000);
#8454=LINE('',#8451,#8453);
#8455=EDGE_CURVE('',#8448,#8450,#8454,.T.);
#8456=ORIENTED_EDGE('',*,*,#8455,.T.);
#8457=CARTESIAN_POINT('',(19.318143158415666,0.681856841584330,0.750000000000000));
#8458=VERTEX_POINT('',#8457);
#8459=CARTESIAN_POINT('',(19.318143158415666,0.681856841584329,0.750000000000000));
#8460=DIRECTION('',(-0.506801000941429,0.862063075096461,0.0));
#8461=VECTOR('',#8460,1.911208972424849);
#8462=LINE('',#8459,#8461);
#8463=EDGE_CURVE('',#8458,#8450,#8462,.T.);
#8464=ORIENTED_EDGE('',*,*,#8463,.F.);
#8465=CARTESIAN_POINT('',(19.318143158415666,0.681856841584330,0.740000000000000));
#8466=VERTEX_POINT('',#8465);
#8467=CARTESIAN_POINT('',(19.318143158415666,0.681856841584330,0.750000000000000));
#8468=DIRECTION('',(0.0,0.0,-1.0));
#8469=VECTOR('',#8468,0.010000000000000);
#8470=LINE('',#8467,#8469);
#8471=EDGE_CURVE('',#8458,#8466,#8470,.T.);
#8472=ORIENTED_EDGE('',*,*,#8471,.T.);
#8473=CARTESIAN_POINT('',(18.349540538182513,2.329439525504841,0.740000000000000));
#8474=DIRECTION('',(0.506801000941429,-0.862063075096461,0.0));
#8475=VECTOR('',#8474,1.911208972424848);
#8476=LINE('',#8473,#8475);
#8477=EDGE_CURVE('',#8448,#8466,#8476,.T.);
#8478=ORIENTED_EDGE('',*,*,#8477,.F.);
#8479=EDGE_LOOP('',(#8456,#8464,#8472,#8478));
#8480=FACE_OUTER_BOUND('',#8479,.T.);
#8481=ADVANCED_FACE('',(#8480),#8446,.F.);
#8482=CARTESIAN_POINT('',(19.318143158415666,0.681856841584330,0.750000000000000));
#8483=DIRECTION('',(0.506801000941430,0.862063075096460,0.0));
#8484=DIRECTION('',(0.0,0.0,-1.0));
#8485=AXIS2_PLACEMENT_3D('',#8482,#8483,#8484);
#8486=PLANE('',#8485);
#8487=CARTESIAN_POINT('',(17.670560474495154,1.650459461817484,0.750000000000000));
#8488=VERTEX_POINT('',#8487);
#8489=CARTESIAN_POINT('',(17.670560474495154,1.650459461817484,0.740000000000000));
#8490=VERTEX_POINT('',#8489);
#8491=CARTESIAN_POINT('',(17.670560474495154,1.650459461817484,0.750000000000000));
#8492=DIRECTION('',(0.0,0.0,-1.0));
#8493=VECTOR('',#8492,0.010000000000000);
#8494=LINE('',#8491,#8493);
#8495=EDGE_CURVE('',#8488,#8490,#8494,.T.);
#8496=ORIENTED_EDGE('',*,*,#8495,.T.);
#8497=CARTESIAN_POINT('',(19.318143158415662,0.681856841584330,0.740000000000000));
#8498=DIRECTION('',(-0.862063075096460,0.506801000941430,0.0));
#8499=VECTOR('',#8498,1.911208972424846);
#8500=LINE('',#8497,#8499);
#8501=EDGE_CURVE('',#8466,#8490,#8500,.T.);
#8502=ORIENTED_EDGE('',*,*,#8501,.F.);
#8503=ORIENTED_EDGE('',*,*,#8471,.F.);
#8504=CARTESIAN_POINT('',(17.670560474495154,1.650459461817484,0.750000000000000));
#8505=DIRECTION('',(0.862063075096460,-0.506801000941431,0.0));
#8506=VECTOR('',#8505,1.911208972424846);
#8507=LINE('',#8504,#8506);
#8508=EDGE_CURVE('',#8488,#8458,#8507,.T.);
#8509=ORIENTED_EDGE('',*,*,#8508,.F.);
#8510=EDGE_LOOP('',(#8496,#8502,#8503,#8509));
#8511=FACE_OUTER_BOUND('',#8510,.T.);
#8512=ADVANCED_FACE('',(#8511),#8486,.F.);
#8513=CARTESIAN_POINT('',(16.905896833329766,2.100000000000000,0.750000000000000));
#8514=DIRECTION('',(0.0,1.0,0.0));
#8515=DIRECTION('',(0.0,0.0,1.0));
#8516=AXIS2_PLACEMENT_3D('',#8513,#8514,#8515);
#8517=PLANE('',#8516);
#8518=CARTESIAN_POINT('',(3.094103166670215,2.099999999999991,0.740000000000000));
#8519=VERTEX_POINT('',#8518);
#8520=CARTESIAN_POINT('',(16.905896833329763,2.100000000000012,0.740000000000000));
#8521=DIRECTION('',(-1.0,0.0,0.0));
#8522=VECTOR('',#8521,13.811793666659549);
#8523=LINE('',#8520,#8522);
#8524=EDGE_CURVE('',#8395,#8519,#8523,.T.);
#8525=ORIENTED_EDGE('',*,*,#8524,.F.);
#8526=ORIENTED_EDGE('',*,*,#8400,.F.);
#8527=ORIENTED_EDGE('',*,*,#3533,.F.);
#8528=CARTESIAN_POINT('',(3.094103166670215,2.099999999999991,0.750000000000000));
#8529=DIRECTION('',(0.0,0.0,-1.0));
#8530=VECTOR('',#8529,0.010000000000000);
#8531=LINE('',#8528,#8530);
#8532=EDGE_CURVE('',#3520,#8519,#8531,.T.);
#8533=ORIENTED_EDGE('',*,*,#8532,.T.);
#8534=EDGE_LOOP('',(#8525,#8526,#8527,#8533));
#8535=FACE_OUTER_BOUND('',#8534,.T.);
#8536=ADVANCED_FACE('',(#8535),#8517,.F.);
#8537=CARTESIAN_POINT('',(16.920101012677669,0.899999999999999,0.750000000000000));
#8538=DIRECTION('',(0.707106781186547,-0.707106781186548,0.0));
#8539=DIRECTION('',(0.0,0.0,-1.0));
#8540=AXIS2_PLACEMENT_3D('',#8537,#8538,#8539);
#8541=PLANE('',#8540);
#8542=ORIENTED_EDGE('',*,*,#8455,.F.);
#8543=CARTESIAN_POINT('',(17.670560474495158,1.650459461817485,0.740000000000000));
#8544=DIRECTION('',(0.707106781186547,0.707106781186548,0.0));
#8545=VECTOR('',#8544,0.960222814647606);
#8546=LINE('',#8543,#8545);
#8547=EDGE_CURVE('',#8490,#8448,#8546,.T.);
#8548=ORIENTED_EDGE('',*,*,#8547,.F.);
#8549=ORIENTED_EDGE('',*,*,#8495,.F.);
#8550=CARTESIAN_POINT('',(18.349540538182513,2.329439525504840,0.750000000000000));
#8551=DIRECTION('',(-0.707106781186548,-0.707106781186547,0.0));
#8552=VECTOR('',#8551,0.960222814647609);
#8553=LINE('',#8550,#8552);
#8554=EDGE_CURVE('',#8450,#8488,#8553,.T.);
#8555=ORIENTED_EDGE('',*,*,#8554,.F.);
#8556=EDGE_LOOP('',(#8542,#8548,#8549,#8555));
#8557=FACE_OUTER_BOUND('',#8556,.T.);
#8558=ADVANCED_FACE('',(#8557),#8541,.F.);
#8559=CARTESIAN_POINT('',(16.920101012677669,0.899999999999999,0.750000000000000));
#8560=DIRECTION('',(0.707106781186547,-0.707106781186548,0.0));
#8561=DIRECTION('',(0.0,0.0,-1.0));
#8562=AXIS2_PLACEMENT_3D('',#8559,#8560,#8561);
#8563=PLANE('',#8562);
#8564=ORIENTED_EDGE('',*,*,#8362,.F.);
#8565=CARTESIAN_POINT('',(16.920101012677669,0.899999999999999,0.740000000000000));
#8566=VERTEX_POINT('',#8565);
#8567=CARTESIAN_POINT('',(16.920101012677669,0.899999999999999,0.740000000000000));
#8568=DIRECTION('',(0.707106781186549,0.707106781186546,0.0));
#8569=VECTOR('',#8568,0.854684092171546);
#8570=LINE('',#8567,#8569);
#8571=EDGE_CURVE('',#8566,#8355,#8570,.T.);
#8572=ORIENTED_EDGE('',*,*,#8571,.F.);
#8573=CARTESIAN_POINT('',(16.920101012677669,0.899999999999999,0.750000000000000));
#8574=VERTEX_POINT('',#8573);
#8575=CARTESIAN_POINT('',(16.920101012677669,0.899999999999999,0.750000000000000));
#8576=DIRECTION('',(0.0,0.0,-1.0));
#8577=VECTOR('',#8576,0.010000000000000);
#8578=LINE('',#8575,#8577);
#8579=EDGE_CURVE('',#8574,#8566,#8578,.T.);
#8580=ORIENTED_EDGE('',*,*,#8579,.F.);
#8581=CARTESIAN_POINT('',(17.524453930024439,1.504352917346766,0.750000000000000));
#8582=DIRECTION('',(-0.707106781186549,-0.707106781186546,0.0));
#8583=VECTOR('',#8582,0.854684092171546);
#8584=LINE('',#8581,#8583);
#8585=EDGE_CURVE('',#8357,#8574,#8584,.T.);
#8586=ORIENTED_EDGE('',*,*,#8585,.F.);
#8587=EDGE_LOOP('',(#8564,#8572,#8580,#8586));
#8588=FACE_OUTER_BOUND('',#8587,.T.);
#8589=ADVANCED_FACE('',(#8588),#8563,.F.);
#8590=CARTESIAN_POINT('',(18.900000000000002,3.162741699796954,0.750000000000000));
#8591=DIRECTION('',(-0.707106781186548,0.707106781186547,0.0));
#8592=DIRECTION('',(0.0,0.0,1.0));
#8593=AXIS2_PLACEMENT_3D('',#8590,#8591,#8592);
#8594=PLANE('',#8593);
#8595=ORIENTED_EDGE('',*,*,#8322,.F.);
#8596=CARTESIAN_POINT('',(16.837258300203047,1.099999999999994,0.750000000000000));
#8597=VERTEX_POINT('',#8596);
#8598=CARTESIAN_POINT('',(16.837258300203047,1.099999999999995,0.750000000000000));
#8599=DIRECTION('',(0.707106781186547,0.707106781186548,0.0));
#8600=VECTOR('',#8599,0.719935265660639);
#8601=LINE('',#8598,#8600);
#8602=EDGE_CURVE('',#8597,#8315,#8601,.T.);
#8603=ORIENTED_EDGE('',*,*,#8602,.F.);
#8604=CARTESIAN_POINT('',(16.837258300203047,1.099999999999994,0.740000000000000));
#8605=VERTEX_POINT('',#8604);
#8606=CARTESIAN_POINT('',(16.837258300203047,1.099999999999994,0.750000000000000));
#8607=DIRECTION('',(0.0,0.0,-1.0));
#8608=VECTOR('',#8607,0.010000000000000);
#8609=LINE('',#8606,#8608);
#8610=EDGE_CURVE('',#8597,#8605,#8609,.T.);
#8611=ORIENTED_EDGE('',*,*,#8610,.T.);
#8612=CARTESIAN_POINT('',(17.346329408567023,1.609071108363972,0.740000000000000));
#8613=DIRECTION('',(-0.707106781186547,-0.707106781186548,0.0));
#8614=VECTOR('',#8613,0.719935265660639);
#8615=LINE('',#8612,#8614);
#8616=EDGE_CURVE('',#8317,#8605,#8615,.T.);
#8617=ORIENTED_EDGE('',*,*,#8616,.F.);
#8618=EDGE_LOOP('',(#8595,#8603,#8611,#8617));
#8619=FACE_OUTER_BOUND('',#8618,.T.);
#8620=ADVANCED_FACE('',(#8619),#8594,.F.);
#8621=CARTESIAN_POINT('',(18.900000000000002,3.162741699796954,0.750000000000000));
#8622=DIRECTION('',(-0.707106781186548,0.707106781186547,0.0));
#8623=DIRECTION('',(0.0,0.0,1.0));
#8624=AXIS2_PLACEMENT_3D('',#8621,#8622,#8623);
#8625=PLANE('',#8624);
#8626=ORIENTED_EDGE('',*,*,#8289,.F.);
#8627=ORIENTED_EDGE('',*,*,#3549,.F.);
#8628=ORIENTED_EDGE('',*,*,#8391,.F.);
#8629=CARTESIAN_POINT('',(18.244822347165304,2.507564046962256,0.740000000000000));
#8630=DIRECTION('',(-0.707106781186546,-0.707106781186549,0.0));
#8631=VECTOR('',#8630,1.064035042720189);
#8632=LINE('',#8629,#8631);
#8633=EDGE_CURVE('',#8284,#8386,#8632,.T.);
#8634=ORIENTED_EDGE('',*,*,#8633,.F.);
#8635=EDGE_LOOP('',(#8626,#8627,#8628,#8634));
#8636=FACE_OUTER_BOUND('',#8635,.T.);
#8637=ADVANCED_FACE('',(#8636),#8625,.F.);
#8638=CARTESIAN_POINT('',(0.118892161282671,0.118892161282667,0.750000000000000));
#8639=DIRECTION('',(0.506801000941428,-0.862063075096461,0.0));
#8640=DIRECTION('',(0.0,0.0,-1.0));
#8641=AXIS2_PLACEMENT_3D('',#8638,#8639,#8640);
#8642=PLANE('',#8641);
#8643=CARTESIAN_POINT('',(2.653670591432976,1.609071108363971,0.740000000000000));
#8644=VERTEX_POINT('',#8643);
#8645=CARTESIAN_POINT('',(2.653670591432976,1.609071108363971,0.750000000000000));
#8646=VERTEX_POINT('',#8645);
#8647=CARTESIAN_POINT('',(2.653670591432976,1.609071108363972,0.740000000000000));
#8648=DIRECTION('',(0.0,0.0,1.0));
#8649=VECTOR('',#8648,0.010000000000000);
#8650=LINE('',#8647,#8649);
#8651=EDGE_CURVE('',#8644,#8646,#8650,.T.);
#8652=ORIENTED_EDGE('',*,*,#8651,.T.);
#8653=CARTESIAN_POINT('',(3.148537520449042,1.899999999999991,0.750000000000000));
#8654=VERTEX_POINT('',#8653);
#8655=CARTESIAN_POINT('',(3.148537520449041,1.899999999999991,0.750000000000000));
#8656=DIRECTION('',(-0.862063075096461,-0.506801000941428,0.0));
#8657=VECTOR('',#8656,0.574049560075047);
#8658=LINE('',#8655,#8657);
#8659=EDGE_CURVE('',#8654,#8646,#8658,.T.);
#8660=ORIENTED_EDGE('',*,*,#8659,.F.);
#8661=CARTESIAN_POINT('',(3.148537520449042,1.899999999999991,0.740000000000000));
#8662=VERTEX_POINT('',#8661);
#8663=CARTESIAN_POINT('',(3.148537520449042,1.899999999999991,0.750000000000000));
#8664=DIRECTION('',(0.0,0.0,-1.0));
#8665=VECTOR('',#8664,0.010000000000000);
#8666=LINE('',#8663,#8665);
#8667=EDGE_CURVE('',#8654,#8662,#8666,.T.);
#8668=ORIENTED_EDGE('',*,*,#8667,.T.);
#8669=CARTESIAN_POINT('',(2.653670591432976,1.609071108363972,0.740000000000000));
#8670=DIRECTION('',(0.862063075096461,0.506801000941428,0.0));
#8671=VECTOR('',#8670,0.574049560075046);
#8672=LINE('',#8669,#8671);
#8673=EDGE_CURVE('',#8644,#8662,#8672,.T.);
#8674=ORIENTED_EDGE('',*,*,#8673,.F.);
#8675=EDGE_LOOP('',(#8652,#8660,#8668,#8674));
#8676=FACE_OUTER_BOUND('',#8675,.T.);
#8677=ADVANCED_FACE('',(#8676),#8642,.F.);
#8678=CARTESIAN_POINT('',(0.118892161282671,0.118892161282667,0.750000000000000));
#8679=DIRECTION('',(0.506801000941428,-0.862063075096461,0.0));
#8680=DIRECTION('',(0.0,0.0,-1.0));
#8681=AXIS2_PLACEMENT_3D('',#8678,#8679,#8680);
#8682=PLANE('',#8681);
#8683=CARTESIAN_POINT('',(2.475546069975561,1.504352917346766,0.750000000000000));
#8684=VERTEX_POINT('',#8683);
#8685=CARTESIAN_POINT('',(2.475546069975561,1.504352917346766,0.740000000000000));
#8686=VERTEX_POINT('',#8685);
#8687=CARTESIAN_POINT('',(2.475546069975561,1.504352917346766,0.750000000000000));
#8688=DIRECTION('',(0.0,0.0,-1.0));
#8689=VECTOR('',#8688,0.010000000000000);
#8690=LINE('',#8687,#8689);
#8691=EDGE_CURVE('',#8684,#8686,#8690,.T.);
#8692=ORIENTED_EDGE('',*,*,#8691,.T.);
#8693=CARTESIAN_POINT('',(0.118892161282671,0.118892161282667,0.740000000000000));
#8694=VERTEX_POINT('',#8693);
#8695=CARTESIAN_POINT('',(0.118892161282671,0.118892161282667,0.740000000000000));
#8696=DIRECTION('',(0.862063075096461,0.506801000941428,0.0));
#8697=VECTOR('',#8696,2.733737213404241);
#8698=LINE('',#8695,#8697);
#8699=EDGE_CURVE('',#8694,#8686,#8698,.T.);
#8700=ORIENTED_EDGE('',*,*,#8699,.F.);
#8701=CARTESIAN_POINT('',(0.118892161282671,0.118892161282667,0.750000000000000));
#8702=VERTEX_POINT('',#8701);
#8703=CARTESIAN_POINT('',(0.118892161282671,0.118892161282667,0.750000000000000));
#8704=DIRECTION('',(0.0,0.0,-1.0));
#8705=VECTOR('',#8704,0.010000000000000);
#8706=LINE('',#8703,#8705);
#8707=EDGE_CURVE('',#8702,#8694,#8706,.T.);
#8708=ORIENTED_EDGE('',*,*,#8707,.F.);
#8709=CARTESIAN_POINT('',(2.475546069975561,1.504352917346766,0.750000000000000));
#8710=DIRECTION('',(-0.862063075096461,-0.506801000941428,0.0));
#8711=VECTOR('',#8710,2.733737213404242);
#8712=LINE('',#8709,#8711);
#8713=EDGE_CURVE('',#8684,#8702,#8712,.T.);
#8714=ORIENTED_EDGE('',*,*,#8713,.F.);
#8715=EDGE_LOOP('',(#8692,#8700,#8708,#8714));
#8716=FACE_OUTER_BOUND('',#8715,.T.);
#8717=ADVANCED_FACE('',(#8716),#8682,.F.);
#8718=CARTESIAN_POINT('',(3.094103166670215,2.099999999999991,0.750000000000000));
#8719=DIRECTION('',(-0.506801000941429,0.862063075096461,0.0));
#8720=DIRECTION('',(0.0,0.0,1.0));
#8721=AXIS2_PLACEMENT_3D('',#8718,#8719,#8720);
#8722=PLANE('',#8721);
#8723=CARTESIAN_POINT('',(2.507564046962255,1.755177652834691,0.740000000000000));
#8724=VERTEX_POINT('',#8723);
#8725=CARTESIAN_POINT('',(2.507564046962256,1.755177652834691,0.750000000000000));
#8726=DIRECTION('',(0.0,0.0,-1.0));
#8727=VECTOR('',#8726,0.010000000000000);
#8728=LINE('',#8725,#8727);
#8729=EDGE_CURVE('',#3512,#8724,#8728,.T.);
#8730=ORIENTED_EDGE('',*,*,#8729,.T.);
#8731=CARTESIAN_POINT('',(3.094103166670213,2.099999999999991,0.740000000000000));
#8732=DIRECTION('',(-0.862063075096461,-0.506801000941428,0.0));
#8733=VECTOR('',#8732,0.680390027890160);
#8734=LINE('',#8731,#8733);
#8735=EDGE_CURVE('',#8519,#8724,#8734,.T.);
#8736=ORIENTED_EDGE('',*,*,#8735,.F.);
#8737=ORIENTED_EDGE('',*,*,#8532,.F.);
#8738=ORIENTED_EDGE('',*,*,#3525,.F.);
#8739=EDGE_LOOP('',(#8730,#8736,#8737,#8738));
#8740=FACE_OUTER_BOUND('',#8739,.T.);
#8741=ADVANCED_FACE('',(#8740),#8722,.F.);
#8742=CARTESIAN_POINT('',(1.900000000000002,3.148537520449055,0.750000000000000));
#8743=DIRECTION('',(-0.862063075096462,0.506801000941427,0.0));
#8744=DIRECTION('',(0.0,0.0,1.0));
#8745=AXIS2_PLACEMENT_3D('',#8742,#8743,#8744);
#8746=PLANE('',#8745);
#8747=CARTESIAN_POINT('',(1.609071108363973,2.653670591432973,0.750000000000000));
#8748=VERTEX_POINT('',#8747);
#8749=CARTESIAN_POINT('',(1.609071108363973,2.653670591432973,0.740000000000000));
#8750=VERTEX_POINT('',#8749);
#8751=CARTESIAN_POINT('',(1.609071108363973,2.653670591432973,0.750000000000000));
#8752=DIRECTION('',(0.0,0.0,-1.0));
#8753=VECTOR('',#8752,0.010000000000000);
#8754=LINE('',#8751,#8753);
#8755=EDGE_CURVE('',#8748,#8750,#8754,.T.);
#8756=ORIENTED_EDGE('',*,*,#8755,.T.);
#8757=CARTESIAN_POINT('',(1.900000000000002,3.148537520449056,0.740000000000000));
#8758=DIRECTION('',(-0.506801000941426,-0.862063075096462,0.0));
#8759=VECTOR('',#8758,0.574049560075067);
#8760=LINE('',#8757,#8759);
#8761=EDGE_CURVE('',#8182,#8750,#8760,.T.);
#8762=ORIENTED_EDGE('',*,*,#8761,.F.);
#8763=ORIENTED_EDGE('',*,*,#8187,.F.);
#8764=CARTESIAN_POINT('',(1.609071108363973,2.653670591432973,0.750000000000000));
#8765=DIRECTION('',(0.506801000941426,0.862063075096462,0.0));
#8766=VECTOR('',#8765,0.574049560075066);
#8767=LINE('',#8764,#8766);
#8768=EDGE_CURVE('',#8748,#8174,#8767,.T.);
#8769=ORIENTED_EDGE('',*,*,#8768,.F.);
#8770=EDGE_LOOP('',(#8756,#8762,#8763,#8769));
#8771=FACE_OUTER_BOUND('',#8770,.T.);
#8772=ADVANCED_FACE('',(#8771),#8746,.F.);
#8773=CARTESIAN_POINT('',(1.900000000000002,3.148537520449055,0.750000000000000));
#8774=DIRECTION('',(-0.862063075096462,0.506801000941427,0.0));
#8775=DIRECTION('',(0.0,0.0,1.0));
#8776=AXIS2_PLACEMENT_3D('',#8773,#8774,#8775);
#8777=PLANE('',#8776);
#8778=CARTESIAN_POINT('',(1.504352917346768,2.475546069975559,0.740000000000000));
#8779=VERTEX_POINT('',#8778);
#8780=CARTESIAN_POINT('',(1.504352917346768,2.475546069975559,0.750000000000000));
#8781=VERTEX_POINT('',#8780);
#8782=CARTESIAN_POINT('',(1.504352917346769,2.475546069975559,0.740000000000000));
#8783=DIRECTION('',(0.0,0.0,1.0));
#8784=VECTOR('',#8783,0.010000000000000);
#8785=LINE('',#8782,#8784);
#8786=EDGE_CURVE('',#8779,#8781,#8785,.T.);
#8787=ORIENTED_EDGE('',*,*,#8786,.T.);
#8788=CARTESIAN_POINT('',(0.118892161282672,0.118892161282664,0.750000000000000));
#8789=DIRECTION('',(0.506801000941426,0.862063075096462,0.0));
#8790=VECTOR('',#8789,2.733737213404244);
#8791=LINE('',#8788,#8790);
#8792=EDGE_CURVE('',#8702,#8781,#8791,.T.);
#8793=ORIENTED_EDGE('',*,*,#8792,.F.);
#8794=ORIENTED_EDGE('',*,*,#8707,.T.);
#8795=CARTESIAN_POINT('',(1.504352917346768,2.475546069975559,0.740000000000000));
#8796=DIRECTION('',(-0.506801000941427,-0.862063075096462,0.0));
#8797=VECTOR('',#8796,2.733737213404241);
#8798=LINE('',#8795,#8797);
#8799=EDGE_CURVE('',#8779,#8694,#8798,.T.);
#8800=ORIENTED_EDGE('',*,*,#8799,.F.);
#8801=EDGE_LOOP('',(#8787,#8793,#8794,#8800));
#8802=FACE_OUTER_BOUND('',#8801,.T.);
#8803=ADVANCED_FACE('',(#8802),#8777,.F.);
#8804=CARTESIAN_POINT('',(0.681856841584334,0.681856841584336,0.750000000000000));
#8805=DIRECTION('',(0.862063075096460,-0.506801000941430,0.0));
#8806=DIRECTION('',(0.0,0.0,-1.0));
#8807=AXIS2_PLACEMENT_3D('',#8804,#8805,#8806);
#8808=PLANE('',#8807);
#8809=CARTESIAN_POINT('',(1.755177652834692,2.507564046962254,0.740000000000000));
#8810=VERTEX_POINT('',#8809);
#8811=CARTESIAN_POINT('',(1.755177652834691,2.507564046962254,0.740000000000000));
#8812=DIRECTION('',(0.0,0.0,1.0));
#8813=VECTOR('',#8812,0.010000000000000);
#8814=LINE('',#8811,#8813);
#8815=EDGE_CURVE('',#8810,#3504,#8814,.T.);
#8816=ORIENTED_EDGE('',*,*,#8815,.T.);
#8817=ORIENTED_EDGE('',*,*,#3509,.F.);
#8818=CARTESIAN_POINT('',(2.100000000000002,3.094103166670228,0.740000000000000));
#8819=VERTEX_POINT('',#8818);
#8820=CARTESIAN_POINT('',(2.100000000000002,3.094103166670228,0.750000000000000));
#8821=DIRECTION('',(0.0,0.0,-1.0));
#8822=VECTOR('',#8821,0.010000000000000);
#8823=LINE('',#8820,#8822);
#8824=EDGE_CURVE('',#3496,#8819,#8823,.T.);
#8825=ORIENTED_EDGE('',*,*,#8824,.T.);
#8826=CARTESIAN_POINT('',(1.755177652834692,2.507564046962254,0.740000000000000));
#8827=DIRECTION('',(0.506801000941430,0.862063075096460,0.0));
#8828=VECTOR('',#8827,0.680390027890179);
#8829=LINE('',#8826,#8828);
#8830=EDGE_CURVE('',#8810,#8819,#8829,.T.);
#8831=ORIENTED_EDGE('',*,*,#8830,.F.);
#8832=EDGE_LOOP('',(#8816,#8817,#8825,#8831));
#8833=FACE_OUTER_BOUND('',#8832,.T.);
#8834=ADVANCED_FACE('',(#8833),#8808,.F.);
#8835=CARTESIAN_POINT('',(3.148537520449042,1.899999999999991,0.750000000000000));
#8836=DIRECTION('',(0.0,-1.0,0.0));
#8837=DIRECTION('',(0.0,0.0,-1.0));
#8838=AXIS2_PLACEMENT_3D('',#8835,#8836,#8837);
#8839=PLANE('',#8838);
#8840=CARTESIAN_POINT('',(3.148537520449045,1.900000000000001,0.740000000000000));
#8841=DIRECTION('',(1.0,0.0,0.0));
#8842=VECTOR('',#8841,13.702924959101894);
#8843=LINE('',#8840,#8842);
#8844=EDGE_CURVE('',#8662,#8325,#8843,.T.);
#8845=ORIENTED_EDGE('',*,*,#8844,.F.);
#8846=ORIENTED_EDGE('',*,*,#8667,.F.);
#8847=CARTESIAN_POINT('',(16.851462479550939,1.899999999999996,0.750000000000000));
#8848=DIRECTION('',(-1.0,0.0,0.0));
#8849=VECTOR('',#8848,13.702924959101898);
#8850=LINE('',#8847,#8849);
#8851=EDGE_CURVE('',#8333,#8654,#8850,.T.);
#8852=ORIENTED_EDGE('',*,*,#8851,.F.);
#8853=ORIENTED_EDGE('',*,*,#8338,.T.);
#8854=EDGE_LOOP('',(#8845,#8846,#8852,#8853));
#8855=FACE_OUTER_BOUND('',#8854,.T.);
#8856=ADVANCED_FACE('',(#8855),#8839,.F.);
#8857=CARTESIAN_POINT('',(3.094103166670215,2.099999999999991,0.750000000000000));
#8858=DIRECTION('',(-0.506801000941429,0.862063075096461,0.0));
#8859=DIRECTION('',(0.0,0.0,1.0));
#8860=AXIS2_PLACEMENT_3D('',#8857,#8858,#8859);
#8861=PLANE('',#8860);
#8862=CARTESIAN_POINT('',(2.329439525504841,1.650459461817486,0.740000000000000));
#8863=VERTEX_POINT('',#8862);
#8864=CARTESIAN_POINT('',(2.329439525504841,1.650459461817486,0.750000000000000));
#8865=VERTEX_POINT('',#8864);
#8866=CARTESIAN_POINT('',(2.329439525504842,1.650459461817486,0.740000000000000));
#8867=DIRECTION('',(0.0,0.0,1.0));
#8868=VECTOR('',#8867,0.010000000000000);
#8869=LINE('',#8866,#8868);
#8870=EDGE_CURVE('',#8863,#8865,#8869,.T.);
#8871=ORIENTED_EDGE('',*,*,#8870,.T.);
#8872=CARTESIAN_POINT('',(0.681856841584334,0.681856841584336,0.750000000000000));
#8873=VERTEX_POINT('',#8872);
#8874=CARTESIAN_POINT('',(0.681856841584334,0.681856841584336,0.750000000000000));
#8875=DIRECTION('',(0.862063075096461,0.506801000941429,0.0));
#8876=VECTOR('',#8875,1.911208972424843);
#8877=LINE('',#8874,#8876);
#8878=EDGE_CURVE('',#8873,#8865,#8877,.T.);
#8879=ORIENTED_EDGE('',*,*,#8878,.F.);
#8880=CARTESIAN_POINT('',(0.681856841584334,0.681856841584336,0.740000000000000));
#8881=VERTEX_POINT('',#8880);
#8882=CARTESIAN_POINT('',(0.681856841584334,0.681856841584336,0.750000000000000));
#8883=DIRECTION('',(0.0,0.0,-1.0));
#8884=VECTOR('',#8883,0.010000000000000);
#8885=LINE('',#8882,#8884);
#8886=EDGE_CURVE('',#8873,#8881,#8885,.T.);
#8887=ORIENTED_EDGE('',*,*,#8886,.T.);
#8888=CARTESIAN_POINT('',(2.329439525504841,1.650459461817486,0.740000000000000));
#8889=DIRECTION('',(-0.862063075096461,-0.506801000941429,0.0));
#8890=VECTOR('',#8889,1.911208972424843);
#8891=LINE('',#8888,#8890);
#8892=EDGE_CURVE('',#8863,#8881,#8891,.T.);
#8893=ORIENTED_EDGE('',*,*,#8892,.F.);
#8894=EDGE_LOOP('',(#8871,#8879,#8887,#8893));
#8895=FACE_OUTER_BOUND('',#8894,.T.);
#8896=ADVANCED_FACE('',(#8895),#8861,.F.);
#8897=CARTESIAN_POINT('',(0.681856841584334,0.681856841584336,0.750000000000000));
#8898=DIRECTION('',(0.862063075096460,-0.506801000941430,0.0));
#8899=DIRECTION('',(0.0,0.0,-1.0));
#8900=AXIS2_PLACEMENT_3D('',#8897,#8898,#8899);
#8901=PLANE('',#8900);
#8902=CARTESIAN_POINT('',(1.650459461817487,2.329439525504841,0.750000000000000));
#8903=VERTEX_POINT('',#8902);
#8904=CARTESIAN_POINT('',(1.650459461817487,2.329439525504841,0.740000000000000));
#8905=VERTEX_POINT('',#8904);
#8906=CARTESIAN_POINT('',(1.650459461817486,2.329439525504841,0.750000000000000));
#8907=DIRECTION('',(0.0,0.0,-1.0));
#8908=VECTOR('',#8907,0.010000000000000);
#8909=LINE('',#8906,#8908);
#8910=EDGE_CURVE('',#8903,#8905,#8909,.T.);
#8911=ORIENTED_EDGE('',*,*,#8910,.T.);
#8912=CARTESIAN_POINT('',(0.681856841584335,0.681856841584337,0.740000000000000));
#8913=DIRECTION('',(0.506801000941430,0.862063075096460,0.0));
#8914=VECTOR('',#8913,1.911208972424842);
#8915=LINE('',#8912,#8914);
#8916=EDGE_CURVE('',#8881,#8905,#8915,.T.);
#8917=ORIENTED_EDGE('',*,*,#8916,.F.);
#8918=ORIENTED_EDGE('',*,*,#8886,.F.);
#8919=CARTESIAN_POINT('',(1.650459461817486,2.329439525504841,0.750000000000000));
#8920=DIRECTION('',(-0.506801000941430,-0.862063075096460,0.0));
#8921=VECTOR('',#8920,1.911208972424844);
#8922=LINE('',#8919,#8921);
#8923=EDGE_CURVE('',#8903,#8873,#8922,.T.);
#8924=ORIENTED_EDGE('',*,*,#8923,.F.);
#8925=EDGE_LOOP('',(#8911,#8917,#8918,#8924));
#8926=FACE_OUTER_BOUND('',#8925,.T.);
#8927=ADVANCED_FACE('',(#8926),#8901,.F.);
#8928=CARTESIAN_POINT('',(2.100000000000002,3.094103166670228,0.750000000000000));
#8929=DIRECTION('',(1.0,0.0,0.0));
#8930=DIRECTION('',(0.0,0.0,-1.0));
#8931=AXIS2_PLACEMENT_3D('',#8928,#8929,#8930);
#8932=PLANE('',#8931);
#8933=CARTESIAN_POINT('',(2.100000000000000,3.094103166670227,0.740000000000000));
#8934=DIRECTION('',(0.0,1.0,0.0));
#8935=VECTOR('',#8934,13.307116164211759);
#8936=LINE('',#8933,#8935);
#8937=EDGE_CURVE('',#8819,#7406,#8936,.T.);
#8938=ORIENTED_EDGE('',*,*,#8937,.F.);
#8939=ORIENTED_EDGE('',*,*,#8824,.F.);
#8940=ORIENTED_EDGE('',*,*,#3501,.F.);
#8941=ORIENTED_EDGE('',*,*,#7411,.F.);
#8942=EDGE_LOOP('',(#8938,#8939,#8940,#8941));
#8943=FACE_OUTER_BOUND('',#8942,.T.);
#8944=ADVANCED_FACE('',(#8943),#8932,.F.);
#8945=CARTESIAN_POINT('',(0.900000000000001,3.079898987322327,0.750000000000000));
#8946=DIRECTION('',(-0.707106781186548,-0.707106781186547,0.0));
#8947=DIRECTION('',(0.0,0.0,1.0));
#8948=AXIS2_PLACEMENT_3D('',#8945,#8946,#8947);
#8949=PLANE('',#8948);
#8950=ORIENTED_EDGE('',*,*,#8870,.F.);
#8951=CARTESIAN_POINT('',(1.650459461817486,2.329439525504841,0.740000000000000));
#8952=DIRECTION('',(0.707106781186548,-0.707106781186548,0.0));
#8953=VECTOR('',#8952,0.960222814647606);
#8954=LINE('',#8951,#8953);
#8955=EDGE_CURVE('',#8905,#8863,#8954,.T.);
#8956=ORIENTED_EDGE('',*,*,#8955,.F.);
#8957=ORIENTED_EDGE('',*,*,#8910,.F.);
#8958=CARTESIAN_POINT('',(2.329439525504840,1.650459461817484,0.750000000000000));
#8959=DIRECTION('',(-0.707106781186548,0.707106781186548,0.0));
#8960=VECTOR('',#8959,0.960222814647605);
#8961=LINE('',#8958,#8960);
#8962=EDGE_CURVE('',#8865,#8903,#8961,.T.);
#8963=ORIENTED_EDGE('',*,*,#8962,.F.);
#8964=EDGE_LOOP('',(#8950,#8956,#8957,#8963));
#8965=FACE_OUTER_BOUND('',#8964,.T.);
#8966=ADVANCED_FACE('',(#8965),#8949,.F.);
#8967=CARTESIAN_POINT('',(0.900000000000001,3.079898987322327,0.750000000000000));
#8968=DIRECTION('',(-0.707106781186548,-0.707106781186547,0.0));
#8969=DIRECTION('',(0.0,0.0,1.0));
#8970=AXIS2_PLACEMENT_3D('',#8967,#8968,#8969);
#8971=PLANE('',#8970);
#8972=ORIENTED_EDGE('',*,*,#8786,.F.);
#8973=CARTESIAN_POINT('',(0.900000000000001,3.079898987322327,0.740000000000000));
#8974=DIRECTION('',(0.707106781186547,-0.707106781186548,0.0));
#8975=VECTOR('',#8974,0.854684092171545);
#8976=LINE('',#8973,#8975);
#8977=EDGE_CURVE('',#7587,#8779,#8976,.T.);
#8978=ORIENTED_EDGE('',*,*,#8977,.F.);
#8979=ORIENTED_EDGE('',*,*,#7592,.F.);
#8980=CARTESIAN_POINT('',(1.504352917346767,2.475546069975558,0.750000000000000));
#8981=DIRECTION('',(-0.707106781186547,0.707106781186548,0.0));
#8982=VECTOR('',#8981,0.854684092171545);
#8983=LINE('',#8980,#8982);
#8984=EDGE_CURVE('',#8781,#7579,#8983,.T.);
#8985=ORIENTED_EDGE('',*,*,#8984,.F.);
#8986=EDGE_LOOP('',(#8972,#8978,#8979,#8985));
#8987=FACE_OUTER_BOUND('',#8986,.T.);
#8988=ADVANCED_FACE('',(#8987),#8971,.F.);
#8989=CARTESIAN_POINT('',(3.162741699796954,1.099999999999994,0.750000000000000));
#8990=DIRECTION('',(0.707106781186547,0.707106781186548,0.0));
#8991=DIRECTION('',(0.0,0.0,-1.0));
#8992=AXIS2_PLACEMENT_3D('',#8989,#8990,#8991);
#8993=PLANE('',#8992);
#8994=ORIENTED_EDGE('',*,*,#8755,.F.);
#8995=CARTESIAN_POINT('',(1.099999999999997,3.162741699796949,0.750000000000000));
#8996=VERTEX_POINT('',#8995);
#8997=CARTESIAN_POINT('',(1.099999999999995,3.162741699796948,0.750000000000000));
#8998=DIRECTION('',(0.707106781186548,-0.707106781186547,0.0));
#8999=VECTOR('',#8998,0.719935265660639);
#9000=LINE('',#8997,#8999);
#9001=EDGE_CURVE('',#8996,#8748,#9000,.T.);
#9002=ORIENTED_EDGE('',*,*,#9001,.F.);
#9003=CARTESIAN_POINT('',(1.099999999999997,3.162741699796949,0.740000000000000));
#9004=VERTEX_POINT('',#9003);
#9005=CARTESIAN_POINT('',(1.099999999999997,3.162741699796949,0.750000000000000));
#9006=DIRECTION('',(0.0,0.0,-1.0));
#9007=VECTOR('',#9006,0.010000000000000);
#9008=LINE('',#9005,#9007);
#9009=EDGE_CURVE('',#8996,#9004,#9008,.T.);
#9010=ORIENTED_EDGE('',*,*,#9009,.T.);
#9011=CARTESIAN_POINT('',(1.609071108363973,2.653670591432973,0.740000000000000));
#9012=DIRECTION('',(-0.707106781186548,0.707106781186547,0.0));
#9013=VECTOR('',#9012,0.719935265660640);
#9014=LINE('',#9011,#9013);
#9015=EDGE_CURVE('',#8750,#9004,#9014,.T.);
#9016=ORIENTED_EDGE('',*,*,#9015,.F.);
#9017=EDGE_LOOP('',(#8994,#9002,#9010,#9016));
#9018=FACE_OUTER_BOUND('',#9017,.T.);
#9019=ADVANCED_FACE('',(#9018),#8993,.F.);
#9020=CARTESIAN_POINT('',(3.162741699796954,1.099999999999994,0.750000000000000));
#9021=DIRECTION('',(0.707106781186547,0.707106781186548,0.0));
#9022=DIRECTION('',(0.0,0.0,-1.0));
#9023=AXIS2_PLACEMENT_3D('',#9020,#9021,#9022);
#9024=PLANE('',#9023);
#9025=ORIENTED_EDGE('',*,*,#8729,.F.);
#9026=ORIENTED_EDGE('',*,*,#3517,.F.);
#9027=ORIENTED_EDGE('',*,*,#8815,.F.);
#9028=CARTESIAN_POINT('',(2.507564046962257,1.755177652834691,0.740000000000000));
#9029=DIRECTION('',(-0.707106781186548,0.707106781186547,0.0));
#9030=VECTOR('',#9029,1.064035042720191);
#9031=LINE('',#9028,#9030);
#9032=EDGE_CURVE('',#8724,#8810,#9031,.T.);
#9033=ORIENTED_EDGE('',*,*,#9032,.F.);
#9034=EDGE_LOOP('',(#9025,#9026,#9027,#9033));
#9035=FACE_OUTER_BOUND('',#9034,.T.);
#9036=ADVANCED_FACE('',(#9035),#9024,.F.);
#9037=CARTESIAN_POINT('',(19.881107838717330,9.881107838717327,0.750000000000000));
#9038=DIRECTION('',(-0.506801000941427,0.862063075096462,0.0));
#9039=DIRECTION('',(0.0,0.0,1.0));
#9040=AXIS2_PLACEMENT_3D('',#9037,#9038,#9039);
#9041=PLANE('',#9040);
#9042=CARTESIAN_POINT('',(17.346329408567026,8.390928891636024,0.740000000000000));
#9043=VERTEX_POINT('',#9042);
#9044=CARTESIAN_POINT('',(17.346329408567026,8.390928891636024,0.750000000000000));
#9045=VERTEX_POINT('',#9044);
#9046=CARTESIAN_POINT('',(17.346329408567026,8.390928891636026,0.740000000000000));
#9047=DIRECTION('',(0.0,0.0,1.0));
#9048=VECTOR('',#9047,0.010000000000000);
#9049=LINE('',#9046,#9048);
#9050=EDGE_CURVE('',#9043,#9045,#9049,.T.);
#9051=ORIENTED_EDGE('',*,*,#9050,.T.);
#9052=CARTESIAN_POINT('',(16.851462479550957,8.100000000000005,0.750000000000000));
#9053=VERTEX_POINT('',#9052);
#9054=CARTESIAN_POINT('',(16.851462479550960,8.100000000000005,0.750000000000000));
#9055=DIRECTION('',(0.862063075096461,0.506801000941429,0.0));
#9056=VECTOR('',#9055,0.574049560075048);
#9057=LINE('',#9054,#9056);
#9058=EDGE_CURVE('',#9053,#9045,#9057,.T.);
#9059=ORIENTED_EDGE('',*,*,#9058,.F.);
#9060=CARTESIAN_POINT('',(16.851462479550957,8.100000000000005,0.740000000000000));
#9061=VERTEX_POINT('',#9060);
#9062=CARTESIAN_POINT('',(16.851462479550957,8.100000000000005,0.750000000000000));
#9063=DIRECTION('',(0.0,0.0,-1.0));
#9064=VECTOR('',#9063,0.010000000000000);
#9065=LINE('',#9062,#9064);
#9066=EDGE_CURVE('',#9053,#9061,#9065,.T.);
#9067=ORIENTED_EDGE('',*,*,#9066,.T.);
#9068=CARTESIAN_POINT('',(17.346329408567023,8.390928891636026,0.740000000000000));
#9069=DIRECTION('',(-0.862063075096461,-0.506801000941429,0.0));
#9070=VECTOR('',#9069,0.574049560075048);
#9071=LINE('',#9068,#9070);
#9072=EDGE_CURVE('',#9043,#9061,#9071,.T.);
#9073=ORIENTED_EDGE('',*,*,#9072,.F.);
#9074=EDGE_LOOP('',(#9051,#9059,#9067,#9073));
#9075=FACE_OUTER_BOUND('',#9074,.T.);
#9076=ADVANCED_FACE('',(#9075),#9041,.F.);
#9077=CARTESIAN_POINT('',(19.881107838717330,9.881107838717327,0.750000000000000));
#9078=DIRECTION('',(-0.506801000941427,0.862063075096462,0.0));
#9079=DIRECTION('',(0.0,0.0,1.0));
#9080=AXIS2_PLACEMENT_3D('',#9077,#9078,#9079);
#9081=PLANE('',#9080);
#9082=CARTESIAN_POINT('',(17.524453930024439,8.495647082653230,0.750000000000000));
#9083=VERTEX_POINT('',#9082);
#9084=CARTESIAN_POINT('',(17.524453930024439,8.495647082653230,0.740000000000000));
#9085=VERTEX_POINT('',#9084);
#9086=CARTESIAN_POINT('',(17.524453930024439,8.495647082653230,0.750000000000000));
#9087=DIRECTION('',(0.0,0.0,-1.0));
#9088=VECTOR('',#9087,0.010000000000000);
#9089=LINE('',#9086,#9088);
#9090=EDGE_CURVE('',#9083,#9085,#9089,.T.);
#9091=ORIENTED_EDGE('',*,*,#9090,.T.);
#9092=CARTESIAN_POINT('',(19.881107838717330,9.881107838717327,0.740000000000000));
#9093=VERTEX_POINT('',#9092);
#9094=CARTESIAN_POINT('',(19.881107838717327,9.881107838717327,0.740000000000000));
#9095=DIRECTION('',(-0.862063075096461,-0.506801000941428,0.0));
#9096=VECTOR('',#9095,2.733737213404238);
#9097=LINE('',#9094,#9096);
#9098=EDGE_CURVE('',#9093,#9085,#9097,.T.);
#9099=ORIENTED_EDGE('',*,*,#9098,.F.);
#9100=CARTESIAN_POINT('',(19.881107838717330,9.881107838717327,0.750000000000000));
#9101=VERTEX_POINT('',#9100);
#9102=CARTESIAN_POINT('',(19.881107838717330,9.881107838717327,0.750000000000000));
#9103=DIRECTION('',(0.0,0.0,-1.0));
#9104=VECTOR('',#9103,0.010000000000000);
#9105=LINE('',#9102,#9104);
#9106=EDGE_CURVE('',#9101,#9093,#9105,.T.);
#9107=ORIENTED_EDGE('',*,*,#9106,.F.);
#9108=CARTESIAN_POINT('',(17.524453930024439,8.495647082653230,0.750000000000000));
#9109=DIRECTION('',(0.862063075096462,0.506801000941427,0.0));
#9110=VECTOR('',#9109,2.733737213404241);
#9111=LINE('',#9108,#9110);
#9112=EDGE_CURVE('',#9083,#9101,#9111,.T.);
#9113=ORIENTED_EDGE('',*,*,#9112,.F.);
#9114=EDGE_LOOP('',(#9091,#9099,#9107,#9113));
#9115=FACE_OUTER_BOUND('',#9114,.T.);
#9116=ADVANCED_FACE('',(#9115),#9081,.F.);
#9117=CARTESIAN_POINT('',(16.905896833329784,7.900000000000008,0.750000000000000));
#9118=DIRECTION('',(0.506801000941428,-0.862063075096461,0.0));
#9119=DIRECTION('',(0.0,0.0,-1.0));
#9120=AXIS2_PLACEMENT_3D('',#9117,#9118,#9119);
#9121=PLANE('',#9120);
#9122=CARTESIAN_POINT('',(17.492435953037745,8.244822347165306,0.740000000000000));
#9123=VERTEX_POINT('',#9122);
#9124=CARTESIAN_POINT('',(17.492435953037745,8.244822347165306,0.750000000000000));
#9125=DIRECTION('',(0.0,0.0,-1.0));
#9126=VECTOR('',#9125,0.010000000000000);
#9127=LINE('',#9124,#9126);
#9128=EDGE_CURVE('',#3576,#9123,#9127,.T.);
#9129=ORIENTED_EDGE('',*,*,#9128,.T.);
#9130=CARTESIAN_POINT('',(16.905896833329784,7.900000000000008,0.740000000000000));
#9131=VERTEX_POINT('',#9130);
#9132=CARTESIAN_POINT('',(16.905896833329784,7.900000000000005,0.740000000000000));
#9133=DIRECTION('',(0.862063075096462,0.506801000941426,0.0));
#9134=VECTOR('',#9133,0.680390027890162);
#9135=LINE('',#9132,#9134);
#9136=EDGE_CURVE('',#9131,#9123,#9135,.T.);
#9137=ORIENTED_EDGE('',*,*,#9136,.F.);
#9138=CARTESIAN_POINT('',(16.905896833329784,7.900000000000008,0.750000000000000));
#9139=DIRECTION('',(0.0,0.0,-1.0));
#9140=VECTOR('',#9139,0.010000000000000);
#9141=LINE('',#9138,#9140);
#9142=EDGE_CURVE('',#3584,#9131,#9141,.T.);
#9143=ORIENTED_EDGE('',*,*,#9142,.F.);
#9144=ORIENTED_EDGE('',*,*,#3589,.F.);
#9145=EDGE_LOOP('',(#9129,#9137,#9143,#9144));
#9146=FACE_OUTER_BOUND('',#9145,.T.);
#9147=ADVANCED_FACE('',(#9146),#9121,.F.);
#9148=CARTESIAN_POINT('',(18.099999999999994,6.851462479550943,0.750000000000000));
#9149=DIRECTION('',(0.862063075096461,-0.506801000941427,0.0));
#9150=DIRECTION('',(0.0,0.0,-1.0));
#9151=AXIS2_PLACEMENT_3D('',#9148,#9149,#9150);
#9152=PLANE('',#9151);
#9153=CARTESIAN_POINT('',(18.390928891636026,7.346329408567025,0.750000000000000));
#9154=VERTEX_POINT('',#9153);
#9155=CARTESIAN_POINT('',(18.390928891636026,7.346329408567025,0.740000000000000));
#9156=VERTEX_POINT('',#9155);
#9157=CARTESIAN_POINT('',(18.390928891636026,7.346329408567024,0.750000000000000));
#9158=DIRECTION('',(0.0,0.0,-1.0));
#9159=VECTOR('',#9158,0.010000000000000);
#9160=LINE('',#9157,#9159);
#9161=EDGE_CURVE('',#9154,#9156,#9160,.T.);
#9162=ORIENTED_EDGE('',*,*,#9161,.T.);
#9163=CARTESIAN_POINT('',(18.099999999999994,6.851462479550943,0.740000000000000));
#9164=DIRECTION('',(0.506801000941431,0.862063075096460,0.0));
#9165=VECTOR('',#9164,0.574049560075067);
#9166=LINE('',#9163,#9165);
#9167=EDGE_CURVE('',#8417,#9156,#9166,.T.);
#9168=ORIENTED_EDGE('',*,*,#9167,.F.);
#9169=ORIENTED_EDGE('',*,*,#8437,.F.);
#9170=CARTESIAN_POINT('',(18.390928891636030,7.346329408567024,0.750000000000000));
#9171=DIRECTION('',(-0.506801000941431,-0.862063075096460,0.0));
#9172=VECTOR('',#9171,0.574049560075067);
#9173=LINE('',#9170,#9172);
#9174=EDGE_CURVE('',#9154,#8426,#9173,.T.);
#9175=ORIENTED_EDGE('',*,*,#9174,.F.);
#9176=EDGE_LOOP('',(#9162,#9168,#9169,#9175));
#9177=FACE_OUTER_BOUND('',#9176,.T.);
#9178=ADVANCED_FACE('',(#9177),#9152,.F.);
#9179=CARTESIAN_POINT('',(18.099999999999994,6.851462479550943,0.750000000000000));
#9180=DIRECTION('',(0.862063075096461,-0.506801000941427,0.0));
#9181=DIRECTION('',(0.0,0.0,-1.0));
#9182=AXIS2_PLACEMENT_3D('',#9179,#9180,#9181);
#9183=PLANE('',#9182);
#9184=CARTESIAN_POINT('',(18.495647082653228,7.524453930024437,0.740000000000000));
#9185=VERTEX_POINT('',#9184);
#9186=CARTESIAN_POINT('',(18.495647082653228,7.524453930024437,0.750000000000000));
#9187=VERTEX_POINT('',#9186);
#9188=CARTESIAN_POINT('',(18.495647082653232,7.524453930024437,0.740000000000000));
#9189=DIRECTION('',(0.0,0.0,1.0));
#9190=VECTOR('',#9189,0.010000000000000);
#9191=LINE('',#9188,#9190);
#9192=EDGE_CURVE('',#9185,#9187,#9191,.T.);
#9193=ORIENTED_EDGE('',*,*,#9192,.T.);
#9194=CARTESIAN_POINT('',(19.881107838717330,9.881107838717327,0.750000000000000));
#9195=DIRECTION('',(-0.506801000941428,-0.862063075096461,0.0));
#9196=VECTOR('',#9195,2.733737213404241);
#9197=LINE('',#9194,#9196);
#9198=EDGE_CURVE('',#9101,#9187,#9197,.T.);
#9199=ORIENTED_EDGE('',*,*,#9198,.F.);
#9200=ORIENTED_EDGE('',*,*,#9106,.T.);
#9201=CARTESIAN_POINT('',(18.495647082653228,7.524453930024437,0.740000000000000));
#9202=DIRECTION('',(0.506801000941428,0.862063075096461,0.0));
#9203=VECTOR('',#9202,2.733737213404241);
#9204=LINE('',#9201,#9203);
#9205=EDGE_CURVE('',#9185,#9093,#9204,.T.);
#9206=ORIENTED_EDGE('',*,*,#9205,.F.);
#9207=EDGE_LOOP('',(#9193,#9199,#9200,#9206));
#9208=FACE_OUTER_BOUND('',#9207,.T.);
#9209=ADVANCED_FACE('',(#9208),#9183,.F.);
#9210=CARTESIAN_POINT('',(19.318143158415666,9.318143158415657,0.750000000000000));
#9211=DIRECTION('',(-0.862063075096460,0.506801000941431,0.0));
#9212=DIRECTION('',(0.0,0.0,1.0));
#9213=AXIS2_PLACEMENT_3D('',#9210,#9211,#9212);
#9214=PLANE('',#9213);
#9215=CARTESIAN_POINT('',(18.244822347165307,7.492435953037742,0.740000000000000));
#9216=VERTEX_POINT('',#9215);
#9217=CARTESIAN_POINT('',(18.244822347165307,7.492435953037742,0.740000000000000));
#9218=DIRECTION('',(0.0,0.0,1.0));
#9219=VECTOR('',#9218,0.010000000000000);
#9220=LINE('',#9217,#9219);
#9221=EDGE_CURVE('',#9216,#3568,#9220,.T.);
#9222=ORIENTED_EDGE('',*,*,#9221,.T.);
#9223=ORIENTED_EDGE('',*,*,#3573,.F.);
#9224=CARTESIAN_POINT('',(17.899999999999999,6.905896833329770,0.740000000000000));
#9225=VERTEX_POINT('',#9224);
#9226=CARTESIAN_POINT('',(17.899999999999999,6.905896833329770,0.750000000000000));
#9227=DIRECTION('',(0.0,0.0,-1.0));
#9228=VECTOR('',#9227,0.010000000000000);
#9229=LINE('',#9226,#9228);
#9230=EDGE_CURVE('',#3560,#9225,#9229,.T.);
#9231=ORIENTED_EDGE('',*,*,#9230,.T.);
#9232=CARTESIAN_POINT('',(18.244822347165307,7.492435953037742,0.740000000000000));
#9233=DIRECTION('',(-0.506801000941430,-0.862063075096460,0.0));
#9234=VECTOR('',#9233,0.680390027890176);
#9235=LINE('',#9232,#9234);
#9236=EDGE_CURVE('',#9216,#9225,#9235,.T.);
#9237=ORIENTED_EDGE('',*,*,#9236,.F.);
#9238=EDGE_LOOP('',(#9222,#9223,#9231,#9237));
#9239=FACE_OUTER_BOUND('',#9238,.T.);
#9240=ADVANCED_FACE('',(#9239),#9214,.F.);
#9241=CARTESIAN_POINT('',(16.851462479550957,8.100000000000005,0.750000000000000));
#9242=DIRECTION('',(0.0,1.0,0.0));
#9243=DIRECTION('',(0.0,0.0,1.0));
#9244=AXIS2_PLACEMENT_3D('',#9241,#9242,#9243);
#9245=PLANE('',#9244);
#9246=CARTESIAN_POINT('',(10.547003957594395,8.100000000000012,0.740000000000000));
#9247=VERTEX_POINT('',#9246);
#9248=CARTESIAN_POINT('',(16.851462479550957,8.100000000000005,0.740000000000000));
#9249=DIRECTION('',(-1.0,0.0,0.0));
#9250=VECTOR('',#9249,6.304458521956564);
#9251=LINE('',#9248,#9250);
#9252=EDGE_CURVE('',#9061,#9247,#9251,.T.);
#9253=ORIENTED_EDGE('',*,*,#9252,.F.);
#9254=ORIENTED_EDGE('',*,*,#9066,.F.);
#9255=CARTESIAN_POINT('',(10.547003957594395,8.100000000000012,0.750000000000000));
#9256=VERTEX_POINT('',#9255);
#9257=CARTESIAN_POINT('',(10.547003957594395,8.100000000000009,0.750000000000000));
#9258=DIRECTION('',(1.0,0.0,0.0));
#9259=VECTOR('',#9258,6.304458521956565);
#9260=LINE('',#9257,#9259);
#9261=EDGE_CURVE('',#9256,#9053,#9260,.T.);
#9262=ORIENTED_EDGE('',*,*,#9261,.F.);
#9263=CARTESIAN_POINT('',(10.547003957594395,8.100000000000012,0.740000000000000));
#9264=DIRECTION('',(0.0,0.0,1.0));
#9265=VECTOR('',#9264,0.010000000000000);
#9266=LINE('',#9263,#9265);
#9267=EDGE_CURVE('',#9247,#9256,#9266,.T.);
#9268=ORIENTED_EDGE('',*,*,#9267,.F.);
#9269=EDGE_LOOP('',(#9253,#9254,#9262,#9268));
#9270=FACE_OUTER_BOUND('',#9269,.T.);
#9271=ADVANCED_FACE('',(#9270),#9245,.F.);
#9272=CARTESIAN_POINT('',(16.905896833329784,7.900000000000008,0.750000000000000));
#9273=DIRECTION('',(0.506801000941428,-0.862063075096461,0.0));
#9274=DIRECTION('',(0.0,0.0,-1.0));
#9275=AXIS2_PLACEMENT_3D('',#9272,#9273,#9274);
#9276=PLANE('',#9275);
#9277=CARTESIAN_POINT('',(17.670560474495158,8.349540538182509,0.740000000000000));
#9278=VERTEX_POINT('',#9277);
#9279=CARTESIAN_POINT('',(17.670560474495158,8.349540538182509,0.750000000000000));
#9280=VERTEX_POINT('',#9279);
#9281=CARTESIAN_POINT('',(17.670560474495154,8.349540538182511,0.740000000000000));
#9282=DIRECTION('',(0.0,0.0,1.0));
#9283=VECTOR('',#9282,0.010000000000000);
#9284=LINE('',#9281,#9283);
#9285=EDGE_CURVE('',#9278,#9280,#9284,.T.);
#9286=ORIENTED_EDGE('',*,*,#9285,.T.);
#9287=CARTESIAN_POINT('',(19.318143158415666,9.318143158415657,0.750000000000000));
#9288=VERTEX_POINT('',#9287);
#9289=CARTESIAN_POINT('',(19.318143158415666,9.318143158415658,0.750000000000000));
#9290=DIRECTION('',(-0.862063075096461,-0.506801000941428,0.0));
#9291=VECTOR('',#9290,1.911208972424842);
#9292=LINE('',#9289,#9291);
#9293=EDGE_CURVE('',#9288,#9280,#9292,.T.);
#9294=ORIENTED_EDGE('',*,*,#9293,.F.);
#9295=CARTESIAN_POINT('',(19.318143158415666,9.318143158415657,0.740000000000000));
#9296=VERTEX_POINT('',#9295);
#9297=CARTESIAN_POINT('',(19.318143158415666,9.318143158415657,0.750000000000000));
#9298=DIRECTION('',(0.0,0.0,-1.0));
#9299=VECTOR('',#9298,0.010000000000000);
#9300=LINE('',#9297,#9299);
#9301=EDGE_CURVE('',#9288,#9296,#9300,.T.);
#9302=ORIENTED_EDGE('',*,*,#9301,.T.);
#9303=CARTESIAN_POINT('',(17.670560474495158,8.349540538182509,0.740000000000000));
#9304=DIRECTION('',(0.862063075096461,0.506801000941428,0.0));
#9305=VECTOR('',#9304,1.911208972424842);
#9306=LINE('',#9303,#9305);
#9307=EDGE_CURVE('',#9278,#9296,#9306,.T.);
#9308=ORIENTED_EDGE('',*,*,#9307,.F.);
#9309=EDGE_LOOP('',(#9286,#9294,#9302,#9308));
#9310=FACE_OUTER_BOUND('',#9309,.T.);
#9311=ADVANCED_FACE('',(#9310),#9276,.F.);
#9312=CARTESIAN_POINT('',(19.318143158415666,9.318143158415657,0.750000000000000));
#9313=DIRECTION('',(-0.862063075096460,0.506801000941431,0.0));
#9314=DIRECTION('',(0.0,0.0,1.0));
#9315=AXIS2_PLACEMENT_3D('',#9312,#9313,#9314);
#9316=PLANE('',#9315);
#9317=CARTESIAN_POINT('',(18.349540538182513,7.670560474495154,0.750000000000000));
#9318=VERTEX_POINT('',#9317);
#9319=CARTESIAN_POINT('',(18.349540538182513,7.670560474495154,0.740000000000000));
#9320=VERTEX_POINT('',#9319);
#9321=CARTESIAN_POINT('',(18.349540538182513,7.670560474495154,0.750000000000000));
#9322=DIRECTION('',(0.0,0.0,-1.0));
#9323=VECTOR('',#9322,0.010000000000000);
#9324=LINE('',#9321,#9323);
#9325=EDGE_CURVE('',#9318,#9320,#9324,.T.);
#9326=ORIENTED_EDGE('',*,*,#9325,.T.);
#9327=CARTESIAN_POINT('',(19.318143158415666,9.318143158415658,0.740000000000000));
#9328=DIRECTION('',(-0.506801000941430,-0.862063075096460,0.0));
#9329=VECTOR('',#9328,1.911208972424843);
#9330=LINE('',#9327,#9329);
#9331=EDGE_CURVE('',#9296,#9320,#9330,.T.);
#9332=ORIENTED_EDGE('',*,*,#9331,.F.);
#9333=ORIENTED_EDGE('',*,*,#9301,.F.);
#9334=CARTESIAN_POINT('',(18.349540538182513,7.670560474495153,0.750000000000000));
#9335=DIRECTION('',(0.506801000941430,0.862063075096460,0.0));
#9336=VECTOR('',#9335,1.911208972424842);
#9337=LINE('',#9334,#9336);
#9338=EDGE_CURVE('',#9318,#9288,#9337,.T.);
#9339=ORIENTED_EDGE('',*,*,#9338,.F.);
#9340=EDGE_LOOP('',(#9326,#9332,#9333,#9339));
#9341=FACE_OUTER_BOUND('',#9340,.T.);
#9342=ADVANCED_FACE('',(#9341),#9316,.F.);
#9343=CARTESIAN_POINT('',(17.899999999999999,6.905896833329770,0.750000000000000));
#9344=DIRECTION('',(-1.0,0.0,0.0));
#9345=DIRECTION('',(0.0,0.0,1.0));
#9346=AXIS2_PLACEMENT_3D('',#9343,#9344,#9345);
#9347=PLANE('',#9346);
#9348=CARTESIAN_POINT('',(17.900000000000002,6.905896833329768,0.740000000000000));
#9349=DIRECTION('',(0.0,-1.0,0.0));
#9350=VECTOR('',#9349,3.811793666659554);
#9351=LINE('',#9348,#9350);
#9352=EDGE_CURVE('',#9225,#8292,#9351,.T.);
#9353=ORIENTED_EDGE('',*,*,#9352,.F.);
#9354=ORIENTED_EDGE('',*,*,#9230,.F.);
#9355=ORIENTED_EDGE('',*,*,#3565,.F.);
#9356=ORIENTED_EDGE('',*,*,#8303,.T.);
#9357=EDGE_LOOP('',(#9353,#9354,#9355,#9356));
#9358=FACE_OUTER_BOUND('',#9357,.T.);
#9359=ADVANCED_FACE('',(#9358),#9347,.F.);
#9360=CARTESIAN_POINT('',(19.099999999999998,6.920101012677669,0.750000000000000));
#9361=DIRECTION('',(0.707106781186548,0.707106781186547,0.0));
#9362=DIRECTION('',(0.0,0.0,-1.0));
#9363=AXIS2_PLACEMENT_3D('',#9360,#9361,#9362);
#9364=PLANE('',#9363);
#9365=ORIENTED_EDGE('',*,*,#9285,.F.);
#9366=CARTESIAN_POINT('',(18.349540538182513,7.670560474495153,0.740000000000000));
#9367=DIRECTION('',(-0.707106781186547,0.707106781186548,0.0));
#9368=VECTOR('',#9367,0.960222814647606);
#9369=LINE('',#9366,#9368);
#9370=EDGE_CURVE('',#9320,#9278,#9369,.T.);
#9371=ORIENTED_EDGE('',*,*,#9370,.F.);
#9372=ORIENTED_EDGE('',*,*,#9325,.F.);
#9373=CARTESIAN_POINT('',(17.670560474495158,8.349540538182509,0.750000000000000));
#9374=DIRECTION('',(0.707106781186546,-0.707106781186549,0.0));
#9375=VECTOR('',#9374,0.960222814647603);
#9376=LINE('',#9373,#9375);
#9377=EDGE_CURVE('',#9280,#9318,#9376,.T.);
#9378=ORIENTED_EDGE('',*,*,#9377,.F.);
#9379=EDGE_LOOP('',(#9365,#9371,#9372,#9378));
#9380=FACE_OUTER_BOUND('',#9379,.T.);
#9381=ADVANCED_FACE('',(#9380),#9364,.F.);
#9382=CARTESIAN_POINT('',(19.099999999999998,6.920101012677669,0.750000000000000));
#9383=DIRECTION('',(0.707106781186548,0.707106781186547,0.0));
#9384=DIRECTION('',(0.0,0.0,-1.0));
#9385=AXIS2_PLACEMENT_3D('',#9382,#9383,#9384);
#9386=PLANE('',#9385);
#9387=ORIENTED_EDGE('',*,*,#9192,.F.);
#9388=CARTESIAN_POINT('',(19.099999999999998,6.920101012677669,0.740000000000000));
#9389=VERTEX_POINT('',#9388);
#9390=CARTESIAN_POINT('',(19.099999999999998,6.920101012677669,0.740000000000000));
#9391=DIRECTION('',(-0.707106781186546,0.707106781186549,0.0));
#9392=VECTOR('',#9391,0.854684092171544);
#9393=LINE('',#9390,#9392);
#9394=EDGE_CURVE('',#9389,#9185,#9393,.T.);
#9395=ORIENTED_EDGE('',*,*,#9394,.F.);
#9396=CARTESIAN_POINT('',(19.099999999999998,6.920101012677669,0.750000000000000));
#9397=VERTEX_POINT('',#9396);
#9398=CARTESIAN_POINT('',(19.099999999999998,6.920101012677669,0.750000000000000));
#9399=DIRECTION('',(0.0,0.0,-1.0));
#9400=VECTOR('',#9399,0.010000000000000);
#9401=LINE('',#9398,#9400);
#9402=EDGE_CURVE('',#9397,#9389,#9401,.T.);
#9403=ORIENTED_EDGE('',*,*,#9402,.F.);
#9404=CARTESIAN_POINT('',(18.495647082653228,7.524453930024437,0.750000000000000));
#9405=DIRECTION('',(0.707106781186545,-0.707106781186550,0.0));
#9406=VECTOR('',#9405,0.854684092171545);
#9407=LINE('',#9404,#9406);
#9408=EDGE_CURVE('',#9187,#9397,#9407,.T.);
#9409=ORIENTED_EDGE('',*,*,#9408,.F.);
#9410=EDGE_LOOP('',(#9387,#9395,#9403,#9409));
#9411=FACE_OUTER_BOUND('',#9410,.T.);
#9412=ADVANCED_FACE('',(#9411),#9386,.F.);
#9413=CARTESIAN_POINT('',(16.837258300203047,8.900000000000002,0.750000000000000));
#9414=DIRECTION('',(-0.707106781186548,-0.707106781186548,0.0));
#9415=DIRECTION('',(0.0,0.0,1.0));
#9416=AXIS2_PLACEMENT_3D('',#9413,#9414,#9415);
#9417=PLANE('',#9416);
#9418=ORIENTED_EDGE('',*,*,#9161,.F.);
#9419=CARTESIAN_POINT('',(18.900000000000002,6.837258300203047,0.750000000000000));
#9420=VERTEX_POINT('',#9419);
#9421=CARTESIAN_POINT('',(18.900000000000006,6.837258300203047,0.750000000000000));
#9422=DIRECTION('',(-0.707106781186548,0.707106781186547,0.0));
#9423=VECTOR('',#9422,0.719935265660643);
#9424=LINE('',#9421,#9423);
#9425=EDGE_CURVE('',#9420,#9154,#9424,.T.);
#9426=ORIENTED_EDGE('',*,*,#9425,.F.);
#9427=CARTESIAN_POINT('',(18.900000000000002,6.837258300203047,0.740000000000000));
#9428=VERTEX_POINT('',#9427);
#9429=CARTESIAN_POINT('',(18.900000000000002,6.837258300203047,0.750000000000000));
#9430=DIRECTION('',(0.0,0.0,-1.0));
#9431=VECTOR('',#9430,0.010000000000000);
#9432=LINE('',#9429,#9431);
#9433=EDGE_CURVE('',#9420,#9428,#9432,.T.);
#9434=ORIENTED_EDGE('',*,*,#9433,.T.);
#9435=CARTESIAN_POINT('',(18.390928891636026,7.346329408567024,0.740000000000000));
#9436=DIRECTION('',(0.707106781186547,-0.707106781186548,0.0));
#9437=VECTOR('',#9436,0.719935265660639);
#9438=LINE('',#9435,#9437);
#9439=EDGE_CURVE('',#9156,#9428,#9438,.T.);
#9440=ORIENTED_EDGE('',*,*,#9439,.F.);
#9441=EDGE_LOOP('',(#9418,#9426,#9434,#9440));
#9442=FACE_OUTER_BOUND('',#9441,.T.);
#9443=ADVANCED_FACE('',(#9442),#9417,.F.);
#9444=CARTESIAN_POINT('',(16.837258300203047,8.900000000000002,0.750000000000000));
#9445=DIRECTION('',(-0.707106781186548,-0.707106781186548,0.0));
#9446=DIRECTION('',(0.0,0.0,1.0));
#9447=AXIS2_PLACEMENT_3D('',#9444,#9445,#9446);
#9448=PLANE('',#9447);
#9449=ORIENTED_EDGE('',*,*,#9128,.F.);
#9450=ORIENTED_EDGE('',*,*,#3581,.F.);
#9451=ORIENTED_EDGE('',*,*,#9221,.F.);
#9452=CARTESIAN_POINT('',(17.492435953037742,8.244822347165306,0.740000000000000));
#9453=DIRECTION('',(0.707106781186548,-0.707106781186548,0.0));
#9454=VECTOR('',#9453,1.064035042720192);
#9455=LINE('',#9452,#9454);
#9456=EDGE_CURVE('',#9123,#9216,#9455,.T.);
#9457=ORIENTED_EDGE('',*,*,#9456,.F.);
#9458=EDGE_LOOP('',(#9449,#9450,#9451,#9457));
#9459=FACE_OUTER_BOUND('',#9458,.T.);
#9460=ADVANCED_FACE('',(#9459),#9448,.F.);
#9461=CARTESIAN_POINT('',(16.920101012677669,0.899999999999999,0.750000000000000));
#9462=DIRECTION('',(0.707106781186547,-0.707106781186548,0.0));
#9463=DIRECTION('',(0.0,0.0,-1.0));
#9464=AXIS2_PLACEMENT_3D('',#9461,#9462,#9463);
#9465=PLANE('',#9464);
#9466=ORIENTED_EDGE('',*,*,#8251,.F.);
#9467=CARTESIAN_POINT('',(19.100000000000009,3.079898987322338,0.750000000000000));
#9468=VERTEX_POINT('',#9467);
#9469=CARTESIAN_POINT('',(19.100000000000012,3.079898987322338,0.750000000000000));
#9470=DIRECTION('',(-0.707106781186547,-0.707106781186548,0.0));
#9471=VECTOR('',#9470,0.854684092171558);
#9472=LINE('',#9469,#9471);
#9473=EDGE_CURVE('',#9468,#8244,#9472,.T.);
#9474=ORIENTED_EDGE('',*,*,#9473,.F.);
#9475=CARTESIAN_POINT('',(19.100000000000009,3.079898987322338,0.740000000000000));
#9476=VERTEX_POINT('',#9475);
#9477=CARTESIAN_POINT('',(19.100000000000009,3.079898987322338,0.750000000000000));
#9478=DIRECTION('',(0.0,0.0,-1.0));
#9479=VECTOR('',#9478,0.010000000000000);
#9480=LINE('',#9477,#9479);
#9481=EDGE_CURVE('',#9468,#9476,#9480,.T.);
#9482=ORIENTED_EDGE('',*,*,#9481,.T.);
#9483=CARTESIAN_POINT('',(18.495647082653235,2.475546069975561,0.740000000000000));
#9484=DIRECTION('',(0.707106781186547,0.707106781186548,0.0));
#9485=VECTOR('',#9484,0.854684092171558);
#9486=LINE('',#9483,#9485);
#9487=EDGE_CURVE('',#8246,#9476,#9486,.T.);
#9488=ORIENTED_EDGE('',*,*,#9487,.F.);
#9489=EDGE_LOOP('',(#9466,#9474,#9482,#9488));
#9490=FACE_OUTER_BOUND('',#9489,.T.);
#9491=ADVANCED_FACE('',(#9490),#9465,.F.);
#9492=CARTESIAN_POINT('',(19.100000000000009,3.079898987322338,0.750000000000000));
#9493=DIRECTION('',(1.0,0.0,0.0));
#9494=DIRECTION('',(0.0,0.0,-1.0));
#9495=AXIS2_PLACEMENT_3D('',#9492,#9493,#9494);
#9496=PLANE('',#9495);
#9497=CARTESIAN_POINT('',(19.100000000000005,3.079898987322334,0.740000000000000));
#9498=DIRECTION('',(0.0,1.0,0.0));
#9499=VECTOR('',#9498,3.840202025355334);
#9500=LINE('',#9497,#9499);
#9501=EDGE_CURVE('',#9476,#9389,#9500,.T.);
#9502=ORIENTED_EDGE('',*,*,#9501,.F.);
#9503=ORIENTED_EDGE('',*,*,#9481,.F.);
#9504=CARTESIAN_POINT('',(19.100000000000001,6.920101012677669,0.750000000000000));
#9505=DIRECTION('',(0.0,-1.0,0.0));
#9506=VECTOR('',#9505,3.840202025355331);
#9507=LINE('',#9504,#9506);
#9508=EDGE_CURVE('',#9397,#9468,#9507,.T.);
#9509=ORIENTED_EDGE('',*,*,#9508,.F.);
#9510=ORIENTED_EDGE('',*,*,#9402,.T.);
#9511=EDGE_LOOP('',(#9502,#9503,#9509,#9510));
#9512=FACE_OUTER_BOUND('',#9511,.T.);
#9513=ADVANCED_FACE('',(#9512),#9496,.F.);
#9514=CARTESIAN_POINT('',(18.900000000000002,3.162741699796954,0.750000000000000));
#9515=DIRECTION('',(-0.707106781186548,0.707106781186547,0.0));
#9516=DIRECTION('',(0.0,0.0,1.0));
#9517=AXIS2_PLACEMENT_3D('',#9514,#9515,#9516);
#9518=PLANE('',#9517);
#9519=ORIENTED_EDGE('',*,*,#8211,.F.);
#9520=CARTESIAN_POINT('',(18.900000000000002,3.162741699796954,0.740000000000000));
#9521=VERTEX_POINT('',#9520);
#9522=CARTESIAN_POINT('',(18.900000000000002,3.162741699796954,0.740000000000000));
#9523=DIRECTION('',(-0.707106781186547,-0.707106781186548,0.0));
#9524=VECTOR('',#9523,0.719935265660639);
#9525=LINE('',#9522,#9524);
#9526=EDGE_CURVE('',#9521,#8204,#9525,.T.);
#9527=ORIENTED_EDGE('',*,*,#9526,.F.);
#9528=CARTESIAN_POINT('',(18.900000000000002,3.162741699796954,0.750000000000000));
#9529=VERTEX_POINT('',#9528);
#9530=CARTESIAN_POINT('',(18.900000000000002,3.162741699796954,0.750000000000000));
#9531=DIRECTION('',(0.0,0.0,-1.0));
#9532=VECTOR('',#9531,0.010000000000000);
#9533=LINE('',#9530,#9532);
#9534=EDGE_CURVE('',#9529,#9521,#9533,.T.);
#9535=ORIENTED_EDGE('',*,*,#9534,.F.);
#9536=CARTESIAN_POINT('',(18.390928891636030,2.653670591432977,0.750000000000000));
#9537=DIRECTION('',(0.707106781186547,0.707106781186548,0.0));
#9538=VECTOR('',#9537,0.719935265660639);
#9539=LINE('',#9536,#9538);
#9540=EDGE_CURVE('',#8206,#9529,#9539,.T.);
#9541=ORIENTED_EDGE('',*,*,#9540,.F.);
#9542=EDGE_LOOP('',(#9519,#9527,#9535,#9541));
#9543=FACE_OUTER_BOUND('',#9542,.T.);
#9544=ADVANCED_FACE('',(#9543),#9518,.F.);
#9545=CARTESIAN_POINT('',(16.837258300203047,1.099999999999994,0.750000000000000));
#9546=DIRECTION('',(0.0,1.0,0.0));
#9547=DIRECTION('',(0.0,0.0,1.0));
#9548=AXIS2_PLACEMENT_3D('',#9545,#9546,#9547);
#9549=PLANE('',#9548);
#9550=CARTESIAN_POINT('',(3.162741699796954,1.099999999999994,0.740000000000000));
#9551=VERTEX_POINT('',#9550);
#9552=CARTESIAN_POINT('',(16.837258300203043,1.099999999999999,0.740000000000000));
#9553=DIRECTION('',(-1.0,0.0,0.0));
#9554=VECTOR('',#9553,13.674516600406090);
#9555=LINE('',#9552,#9554);
#9556=EDGE_CURVE('',#8605,#9551,#9555,.T.);
#9557=ORIENTED_EDGE('',*,*,#9556,.F.);
#9558=ORIENTED_EDGE('',*,*,#8610,.F.);
#9559=CARTESIAN_POINT('',(3.162741699796954,1.099999999999994,0.750000000000000));
#9560=VERTEX_POINT('',#9559);
#9561=CARTESIAN_POINT('',(3.162741699796953,1.099999999999996,0.750000000000000));
#9562=DIRECTION('',(1.0,0.0,0.0));
#9563=VECTOR('',#9562,13.674516600406093);
#9564=LINE('',#9561,#9563);
#9565=EDGE_CURVE('',#9560,#8597,#9564,.T.);
#9566=ORIENTED_EDGE('',*,*,#9565,.F.);
#9567=CARTESIAN_POINT('',(3.162741699796954,1.099999999999994,0.750000000000000));
#9568=DIRECTION('',(0.0,0.0,-1.0));
#9569=VECTOR('',#9568,0.010000000000000);
#9570=LINE('',#9567,#9569);
#9571=EDGE_CURVE('',#9560,#9551,#9570,.T.);
#9572=ORIENTED_EDGE('',*,*,#9571,.T.);
#9573=EDGE_LOOP('',(#9557,#9558,#9566,#9572));
#9574=FACE_OUTER_BOUND('',#9573,.T.);
#9575=ADVANCED_FACE('',(#9574),#9549,.F.);
#9576=CARTESIAN_POINT('',(0.900000000000001,3.079898987322327,0.750000000000000));
#9577=DIRECTION('',(-0.707106781186548,-0.707106781186547,0.0));
#9578=DIRECTION('',(0.0,0.0,1.0));
#9579=AXIS2_PLACEMENT_3D('',#9576,#9577,#9578);
#9580=PLANE('',#9579);
#9581=ORIENTED_EDGE('',*,*,#8691,.F.);
#9582=CARTESIAN_POINT('',(3.079898987322338,0.899999999999987,0.750000000000000));
#9583=VERTEX_POINT('',#9582);
#9584=CARTESIAN_POINT('',(3.079898987322338,0.899999999999987,0.750000000000000));
#9585=DIRECTION('',(-0.707106781186548,0.707106781186547,0.0));
#9586=VECTOR('',#9585,0.854684092171560);
#9587=LINE('',#9584,#9586);
#9588=EDGE_CURVE('',#9583,#8684,#9587,.T.);
#9589=ORIENTED_EDGE('',*,*,#9588,.F.);
#9590=CARTESIAN_POINT('',(3.079898987322338,0.899999999999987,0.740000000000000));
#9591=VERTEX_POINT('',#9590);
#9592=CARTESIAN_POINT('',(3.079898987322338,0.899999999999987,0.750000000000000));
#9593=DIRECTION('',(0.0,0.0,-1.0));
#9594=VECTOR('',#9593,0.010000000000000);
#9595=LINE('',#9592,#9594);
#9596=EDGE_CURVE('',#9583,#9591,#9595,.T.);
#9597=ORIENTED_EDGE('',*,*,#9596,.T.);
#9598=CARTESIAN_POINT('',(2.475546069975562,1.504352917346766,0.740000000000000));
#9599=DIRECTION('',(0.707106781186547,-0.707106781186548,0.0));
#9600=VECTOR('',#9599,0.854684092171558);
#9601=LINE('',#9598,#9600);
#9602=EDGE_CURVE('',#8686,#9591,#9601,.T.);
#9603=ORIENTED_EDGE('',*,*,#9602,.F.);
#9604=EDGE_LOOP('',(#9581,#9589,#9597,#9603));
#9605=FACE_OUTER_BOUND('',#9604,.T.);
#9606=ADVANCED_FACE('',(#9605),#9580,.F.);
#9607=CARTESIAN_POINT('',(3.079898987322338,0.899999999999987,0.750000000000000));
#9608=DIRECTION('',(0.0,-1.0,0.0));
#9609=DIRECTION('',(0.0,0.0,-1.0));
#9610=AXIS2_PLACEMENT_3D('',#9607,#9608,#9609);
#9611=PLANE('',#9610);
#9612=CARTESIAN_POINT('',(3.079898987322341,0.899999999999968,0.740000000000000));
#9613=DIRECTION('',(1.0,0.0,0.0));
#9614=VECTOR('',#9613,13.840202025355328);
#9615=LINE('',#9612,#9614);
#9616=EDGE_CURVE('',#9591,#8566,#9615,.T.);
#9617=ORIENTED_EDGE('',*,*,#9616,.F.);
#9618=ORIENTED_EDGE('',*,*,#9596,.F.);
#9619=CARTESIAN_POINT('',(16.920101012677669,0.900000000000041,0.750000000000000));
#9620=DIRECTION('',(-1.0,0.0,0.0));
#9621=VECTOR('',#9620,13.840202025355332);
#9622=LINE('',#9619,#9621);
#9623=EDGE_CURVE('',#8574,#9583,#9622,.T.);
#9624=ORIENTED_EDGE('',*,*,#9623,.F.);
#9625=ORIENTED_EDGE('',*,*,#8579,.T.);
#9626=EDGE_LOOP('',(#9617,#9618,#9624,#9625));
#9627=FACE_OUTER_BOUND('',#9626,.T.);
#9628=ADVANCED_FACE('',(#9627),#9611,.F.);
#9629=CARTESIAN_POINT('',(3.162741699796954,1.099999999999994,0.750000000000000));
#9630=DIRECTION('',(0.707106781186547,0.707106781186548,0.0));
#9631=DIRECTION('',(0.0,0.0,-1.0));
#9632=AXIS2_PLACEMENT_3D('',#9629,#9630,#9631);
#9633=PLANE('',#9632);
#9634=ORIENTED_EDGE('',*,*,#8651,.F.);
#9635=CARTESIAN_POINT('',(3.162741699796954,1.099999999999996,0.740000000000000));
#9636=DIRECTION('',(-0.707106781186548,0.707106781186547,0.0));
#9637=VECTOR('',#9636,0.719935265660640);
#9638=LINE('',#9635,#9637);
#9639=EDGE_CURVE('',#9551,#8644,#9638,.T.);
#9640=ORIENTED_EDGE('',*,*,#9639,.F.);
#9641=ORIENTED_EDGE('',*,*,#9571,.F.);
#9642=CARTESIAN_POINT('',(2.653670591432975,1.609071108363970,0.750000000000000));
#9643=DIRECTION('',(0.707106781186548,-0.707106781186547,0.0));
#9644=VECTOR('',#9643,0.719935265660641);
#9645=LINE('',#9642,#9644);
#9646=EDGE_CURVE('',#8646,#9560,#9645,.T.);
#9647=ORIENTED_EDGE('',*,*,#9646,.F.);
#9648=EDGE_LOOP('',(#9634,#9640,#9641,#9647));
#9649=FACE_OUTER_BOUND('',#9648,.T.);
#9650=ADVANCED_FACE('',(#9649),#9633,.F.);
#9651=CARTESIAN_POINT('',(1.099999999999997,3.162741699796949,0.750000000000000));
#9652=DIRECTION('',(1.0,0.0,0.0));
#9653=DIRECTION('',(0.0,0.0,-1.0));
#9654=AXIS2_PLACEMENT_3D('',#9651,#9652,#9653);
#9655=PLANE('',#9654);
#9656=CARTESIAN_POINT('',(1.099999999999995,3.162741699796949,0.740000000000000));
#9657=DIRECTION('',(0.0,1.0,0.0));
#9658=VECTOR('',#9657,12.238477631085033);
#9659=LINE('',#9656,#9658);
#9660=EDGE_CURVE('',#9004,#7376,#9659,.T.);
#9661=ORIENTED_EDGE('',*,*,#9660,.F.);
#9662=ORIENTED_EDGE('',*,*,#9009,.F.);
#9663=CARTESIAN_POINT('',(1.099999999999992,15.401219330881981,0.750000000000000));
#9664=DIRECTION('',(0.0,-1.0,0.0));
#9665=VECTOR('',#9664,12.238477631085031);
#9666=LINE('',#9663,#9665);
#9667=EDGE_CURVE('',#7384,#8996,#9666,.T.);
#9668=ORIENTED_EDGE('',*,*,#9667,.F.);
#9669=ORIENTED_EDGE('',*,*,#7389,.F.);
#9670=EDGE_LOOP('',(#9661,#9662,#9668,#9669));
#9671=FACE_OUTER_BOUND('',#9670,.T.);
#9672=ADVANCED_FACE('',(#9671),#9655,.F.);
#9673=CARTESIAN_POINT('',(19.099999999999998,6.920101012677669,0.750000000000000));
#9674=DIRECTION('',(0.707106781186548,0.707106781186547,0.0));
#9675=DIRECTION('',(0.0,0.0,-1.0));
#9676=AXIS2_PLACEMENT_3D('',#9673,#9674,#9675);
#9677=PLANE('',#9676);
#9678=ORIENTED_EDGE('',*,*,#9090,.F.);
#9679=CARTESIAN_POINT('',(16.920101012677662,9.100000000000009,0.750000000000000));
#9680=VERTEX_POINT('',#9679);
#9681=CARTESIAN_POINT('',(16.920101012677662,9.100000000000007,0.750000000000000));
#9682=DIRECTION('',(0.707106781186547,-0.707106781186549,0.0));
#9683=VECTOR('',#9682,0.854684092171559);
#9684=LINE('',#9681,#9683);
#9685=EDGE_CURVE('',#9680,#9083,#9684,.T.);
#9686=ORIENTED_EDGE('',*,*,#9685,.F.);
#9687=CARTESIAN_POINT('',(16.920101012677662,9.100000000000009,0.740000000000000));
#9688=VERTEX_POINT('',#9687);
#9689=CARTESIAN_POINT('',(16.920101012677662,9.100000000000009,0.750000000000000));
#9690=DIRECTION('',(0.0,0.0,-1.0));
#9691=VECTOR('',#9690,0.010000000000000);
#9692=LINE('',#9689,#9691);
#9693=EDGE_CURVE('',#9680,#9688,#9692,.T.);
#9694=ORIENTED_EDGE('',*,*,#9693,.T.);
#9695=CARTESIAN_POINT('',(17.524453930024439,8.495647082653230,0.740000000000000));
#9696=DIRECTION('',(-0.707106781186548,0.707106781186548,0.0));
#9697=VECTOR('',#9696,0.854684092171558);
#9698=LINE('',#9695,#9697);
#9699=EDGE_CURVE('',#9085,#9688,#9698,.T.);
#9700=ORIENTED_EDGE('',*,*,#9699,.F.);
#9701=EDGE_LOOP('',(#9678,#9686,#9694,#9700));
#9702=FACE_OUTER_BOUND('',#9701,.T.);
#9703=ADVANCED_FACE('',(#9702),#9677,.F.);
#9704=CARTESIAN_POINT('',(16.920101012677662,9.100000000000009,0.750000000000000));
#9705=DIRECTION('',(0.0,1.0,0.0));
#9706=DIRECTION('',(0.0,0.0,1.0));
#9707=AXIS2_PLACEMENT_3D('',#9704,#9705,#9706);
#9708=PLANE('',#9707);
#9709=CARTESIAN_POINT('',(16.920101012677662,9.100000000000001,0.740000000000000));
#9710=DIRECTION('',(-1.0,0.0,0.0));
#9711=VECTOR('',#9710,6.787310617456360);
#9712=LINE('',#9709,#9711);
#9713=EDGE_CURVE('',#9688,#8112,#9712,.T.);
#9714=ORIENTED_EDGE('',*,*,#9713,.F.);
#9715=ORIENTED_EDGE('',*,*,#9693,.F.);
#9716=CARTESIAN_POINT('',(10.132790395221301,9.099999999999987,0.750000000000000));
#9717=DIRECTION('',(1.0,0.0,0.0));
#9718=VECTOR('',#9717,6.787310617456361);
#9719=LINE('',#9716,#9718);
#9720=EDGE_CURVE('',#8120,#9680,#9719,.T.);
#9721=ORIENTED_EDGE('',*,*,#9720,.F.);
#9722=ORIENTED_EDGE('',*,*,#8125,.F.);
#9723=EDGE_LOOP('',(#9714,#9715,#9721,#9722));
#9724=FACE_OUTER_BOUND('',#9723,.T.);
#9725=ADVANCED_FACE('',(#9724),#9708,.F.);
#9726=CARTESIAN_POINT('',(16.837258300203047,8.900000000000002,0.750000000000000));
#9727=DIRECTION('',(-0.707106781186548,-0.707106781186548,0.0));
#9728=DIRECTION('',(0.0,0.0,1.0));
#9729=AXIS2_PLACEMENT_3D('',#9726,#9727,#9728);
#9730=PLANE('',#9729);
#9731=ORIENTED_EDGE('',*,*,#9050,.F.);
#9732=CARTESIAN_POINT('',(16.837258300203047,8.900000000000002,0.740000000000000));
#9733=VERTEX_POINT('',#9732);
#9734=CARTESIAN_POINT('',(16.837258300203047,8.900000000000000,0.740000000000000));
#9735=DIRECTION('',(0.707106781186549,-0.707106781186546,0.0));
#9736=VECTOR('',#9735,0.719935265660637);
#9737=LINE('',#9734,#9736);
#9738=EDGE_CURVE('',#9733,#9043,#9737,.T.);
#9739=ORIENTED_EDGE('',*,*,#9738,.F.);
#9740=CARTESIAN_POINT('',(16.837258300203047,8.900000000000002,0.750000000000000));
#9741=VERTEX_POINT('',#9740);
#9742=CARTESIAN_POINT('',(16.837258300203047,8.900000000000002,0.750000000000000));
#9743=DIRECTION('',(0.0,0.0,-1.0));
#9744=VECTOR('',#9743,0.010000000000000);
#9745=LINE('',#9742,#9744);
#9746=EDGE_CURVE('',#9741,#9733,#9745,.T.);
#9747=ORIENTED_EDGE('',*,*,#9746,.F.);
#9748=CARTESIAN_POINT('',(17.346329408567026,8.390928891636024,0.750000000000000));
#9749=DIRECTION('',(-0.707106781186546,0.707106781186549,0.0));
#9750=VECTOR('',#9749,0.719935265660640);
#9751=LINE('',#9748,#9750);
#9752=EDGE_CURVE('',#9045,#9741,#9751,.T.);
#9753=ORIENTED_EDGE('',*,*,#9752,.F.);
#9754=EDGE_LOOP('',(#9731,#9739,#9747,#9753));
#9755=FACE_OUTER_BOUND('',#9754,.T.);
#9756=ADVANCED_FACE('',(#9755),#9730,.F.);
#9757=CARTESIAN_POINT('',(18.900000000000002,6.837258300203047,0.750000000000000));
#9758=DIRECTION('',(-1.0,0.0,0.0));
#9759=DIRECTION('',(0.0,0.0,1.0));
#9760=AXIS2_PLACEMENT_3D('',#9757,#9758,#9759);
#9761=PLANE('',#9760);
#9762=CARTESIAN_POINT('',(18.900000000000002,6.837258300203049,0.740000000000000));
#9763=DIRECTION('',(0.0,-1.0,0.0));
#9764=VECTOR('',#9763,3.674516600406096);
#9765=LINE('',#9762,#9764);
#9766=EDGE_CURVE('',#9428,#9521,#9765,.T.);
#9767=ORIENTED_EDGE('',*,*,#9766,.F.);
#9768=ORIENTED_EDGE('',*,*,#9433,.F.);
#9769=CARTESIAN_POINT('',(18.899999999999999,3.162741699796953,0.750000000000000));
#9770=DIRECTION('',(0.0,1.0,0.0));
#9771=VECTOR('',#9770,3.674516600406093);
#9772=LINE('',#9769,#9771);
#9773=EDGE_CURVE('',#9529,#9420,#9772,.T.);
#9774=ORIENTED_EDGE('',*,*,#9773,.F.);
#9775=ORIENTED_EDGE('',*,*,#9534,.T.);
#9776=EDGE_LOOP('',(#9767,#9768,#9774,#9775));
#9777=FACE_OUTER_BOUND('',#9776,.T.);
#9778=ADVANCED_FACE('',(#9777),#9761,.F.);
#9779=CARTESIAN_POINT('',(7.890928218044035,13.989708887162060,0.750000000000000));
#9780=DIRECTION('',(-0.923879532511286,-0.382683432365091,0.0));
#9781=DIRECTION('',(0.0,0.0,1.0));
#9782=AXIS2_PLACEMENT_3D('',#9779,#9780,#9781);
#9783=PLANE('',#9782);
#9784=CARTESIAN_POINT('',(9.999154667637438,8.900000000000008,0.740000000000000));
#9785=VERTEX_POINT('',#9784);
#9786=CARTESIAN_POINT('',(9.999154667637438,8.900000000000008,0.740000000000000));
#9787=DIRECTION('',(0.0,0.0,1.0));
#9788=VECTOR('',#9787,0.010000000000000);
#9789=LINE('',#9786,#9788);
#9790=EDGE_CURVE('',#9785,#3600,#9789,.T.);
#9791=ORIENTED_EDGE('',*,*,#9790,.T.);
#9792=ORIENTED_EDGE('',*,*,#3605,.F.);
#9793=CARTESIAN_POINT('',(10.413368230010532,7.900000000000015,0.740000000000000));
#9794=VERTEX_POINT('',#9793);
#9795=CARTESIAN_POINT('',(10.413368230010532,7.900000000000015,0.750000000000000));
#9796=DIRECTION('',(0.0,0.0,-1.0));
#9797=VECTOR('',#9796,0.010000000000000);
#9798=LINE('',#9795,#9797);
#9799=EDGE_CURVE('',#3592,#9794,#9798,.T.);
#9800=ORIENTED_EDGE('',*,*,#9799,.T.);
#9801=CARTESIAN_POINT('',(9.999154667637438,8.900000000000006,0.740000000000000));
#9802=DIRECTION('',(0.382683432365090,-0.923879532511287,0.0));
#9803=VECTOR('',#9802,1.082392200292385);
#9804=LINE('',#9801,#9803);
#9805=EDGE_CURVE('',#9785,#9794,#9804,.T.);
#9806=ORIENTED_EDGE('',*,*,#9805,.F.);
#9807=EDGE_LOOP('',(#9791,#9792,#9800,#9806));
#9808=FACE_OUTER_BOUND('',#9807,.T.);
#9809=ADVANCED_FACE('',(#9808),#9783,.F.);
#9810=CARTESIAN_POINT('',(7.890928218044035,13.989708887162060,0.750000000000000));
#9811=DIRECTION('',(-0.923879532511286,-0.382683432365091,0.0));
#9812=DIRECTION('',(0.0,0.0,1.0));
#9813=AXIS2_PLACEMENT_3D('',#9810,#9811,#9812);
#9814=PLANE('',#9813);
#9815=ORIENTED_EDGE('',*,*,#8023,.F.);
#9816=CARTESIAN_POINT('',(7.890928218044035,13.989708887162060,0.740000000000000));
#9817=DIRECTION('',(0.382683432365091,-0.923879532511286,0.0));
#9818=VECTOR('',#9817,1.082392200292393);
#9819=LINE('',#9816,#9818);
#9820=EDGE_CURVE('',#7721,#8018,#9819,.T.);
#9821=ORIENTED_EDGE('',*,*,#9820,.F.);
#9822=ORIENTED_EDGE('',*,*,#7726,.F.);
#9823=ORIENTED_EDGE('',*,*,#3637,.F.);
#9824=EDGE_LOOP('',(#9815,#9821,#9822,#9823));
#9825=FACE_OUTER_BOUND('',#9824,.T.);
#9826=ADVANCED_FACE('',(#9825),#9814,.F.);
#9827=CARTESIAN_POINT('',(10.547003957594395,8.100000000000012,0.750000000000000));
#9828=DIRECTION('',(0.923879532511286,0.382683432365091,0.0));
#9829=DIRECTION('',(0.0,0.0,-1.0));
#9830=AXIS2_PLACEMENT_3D('',#9827,#9828,#9829);
#9831=PLANE('',#9830);
#9832=CARTESIAN_POINT('',(10.215633107695918,8.900000000000008,0.750000000000000));
#9833=VERTEX_POINT('',#9832);
#9834=CARTESIAN_POINT('',(10.215633107695918,8.900000000000008,0.740000000000000));
#9835=VERTEX_POINT('',#9834);
#9836=CARTESIAN_POINT('',(10.215633107695918,8.900000000000008,0.750000000000000));
#9837=DIRECTION('',(0.0,0.0,-1.0));
#9838=VECTOR('',#9837,0.010000000000000);
#9839=LINE('',#9836,#9838);
#9840=EDGE_CURVE('',#9833,#9835,#9839,.T.);
#9841=ORIENTED_EDGE('',*,*,#9840,.T.);
#9842=CARTESIAN_POINT('',(10.547003957594395,8.100000000000012,0.740000000000000));
#9843=DIRECTION('',(-0.382683432365091,0.923879532511287,0.0));
#9844=VECTOR('',#9843,0.865913760233910);
#9845=LINE('',#9842,#9844);
#9846=EDGE_CURVE('',#9247,#9835,#9845,.T.);
#9847=ORIENTED_EDGE('',*,*,#9846,.F.);
#9848=ORIENTED_EDGE('',*,*,#9267,.T.);
#9849=CARTESIAN_POINT('',(10.215633107695918,8.900000000000008,0.750000000000000));
#9850=DIRECTION('',(0.382683432365092,-0.923879532511286,0.0));
#9851=VECTOR('',#9850,0.865913760233911);
#9852=LINE('',#9849,#9851);
#9853=EDGE_CURVE('',#9833,#9256,#9852,.T.);
#9854=ORIENTED_EDGE('',*,*,#9853,.F.);
#9855=EDGE_LOOP('',(#9841,#9847,#9848,#9854));
#9856=FACE_OUTER_BOUND('',#9855,.T.);
#9857=ADVANCED_FACE('',(#9856),#9831,.F.);
#9858=CARTESIAN_POINT('',(10.547003957594395,8.100000000000012,0.750000000000000));
#9859=DIRECTION('',(0.923879532511286,0.382683432365091,0.0));
#9860=DIRECTION('',(0.0,0.0,-1.0));
#9861=AXIS2_PLACEMENT_3D('',#9858,#9859,#9860);
#9862=PLANE('',#9861);
#9863=ORIENTED_EDGE('',*,*,#8056,.F.);
#9864=CARTESIAN_POINT('',(8.126844303464690,13.942782260108100,0.750000000000000));
#9865=DIRECTION('',(0.382683432365092,-0.923879532511286,0.0));
#9866=VECTOR('',#9865,0.865913760233917);
#9867=LINE('',#9864,#9866);
#9868=EDGE_CURVE('',#7823,#8049,#9867,.T.);
#9869=ORIENTED_EDGE('',*,*,#9868,.F.);
#9870=ORIENTED_EDGE('',*,*,#7830,.T.);
#9871=CARTESIAN_POINT('',(8.458215153363170,13.142782260108099,0.740000000000000));
#9872=DIRECTION('',(-0.382683432365092,0.923879532511286,0.0));
#9873=VECTOR('',#9872,0.865913760233917);
#9874=LINE('',#9871,#9873);
#9875=EDGE_CURVE('',#8051,#7825,#9874,.T.);
#9876=ORIENTED_EDGE('',*,*,#9875,.F.);
#9877=EDGE_LOOP('',(#9863,#9869,#9870,#9876));
#9878=FACE_OUTER_BOUND('',#9877,.T.);
#9879=ADVANCED_FACE('',(#9878),#9862,.F.);
#9880=CARTESIAN_POINT('',(8.916762467345045,8.900000000000008,0.750000000000000));
#9881=DIRECTION('',(0.0,-1.0,0.0));
#9882=DIRECTION('',(0.0,0.0,-1.0));
#9883=AXIS2_PLACEMENT_3D('',#9880,#9881,#9882);
#9884=PLANE('',#9883);
#9885=ORIENTED_EDGE('',*,*,#9840,.F.);
#9886=CARTESIAN_POINT('',(16.837258300203047,8.900000000000000,0.750000000000000));
#9887=DIRECTION('',(-1.0,0.0,0.0));
#9888=VECTOR('',#9887,6.621625192507128);
#9889=LINE('',#9886,#9888);
#9890=EDGE_CURVE('',#9741,#9833,#9889,.T.);
#9891=ORIENTED_EDGE('',*,*,#9890,.F.);
#9892=ORIENTED_EDGE('',*,*,#9746,.T.);
#9893=CARTESIAN_POINT('',(10.215633107695920,8.900000000000004,0.740000000000000));
#9894=DIRECTION('',(1.0,0.0,0.0));
#9895=VECTOR('',#9894,6.621625192507127);
#9896=LINE('',#9893,#9895);
#9897=EDGE_CURVE('',#9835,#9733,#9896,.T.);
#9898=ORIENTED_EDGE('',*,*,#9897,.F.);
#9899=EDGE_LOOP('',(#9885,#9891,#9892,#9898));
#9900=FACE_OUTER_BOUND('',#9899,.T.);
#9901=ADVANCED_FACE('',(#9900),#9884,.F.);
#9902=CARTESIAN_POINT('',(9.050398194928906,9.100000000000003,0.750000000000000));
#9903=DIRECTION('',(0.0,1.0,0.0));
#9904=DIRECTION('',(0.0,0.0,1.0));
#9905=AXIS2_PLACEMENT_3D('',#9902,#9903,#9904);
#9906=PLANE('',#9905);
#9907=ORIENTED_EDGE('',*,*,#8156,.F.);
#9908=CARTESIAN_POINT('',(9.050398194928906,9.100000000000003,0.750000000000000));
#9909=VERTEX_POINT('',#9908);
#9910=CARTESIAN_POINT('',(9.050398194928906,9.100000000000003,0.750000000000000));
#9911=DIRECTION('',(1.0,0.0,0.0));
#9912=VECTOR('',#9911,0.865913760233914);
#9913=LINE('',#9910,#9912);
#9914=EDGE_CURVE('',#9909,#8143,#9913,.T.);
#9915=ORIENTED_EDGE('',*,*,#9914,.F.);
#9916=CARTESIAN_POINT('',(9.050398194928906,9.100000000000003,0.740000000000000));
#9917=VERTEX_POINT('',#9916);
#9918=CARTESIAN_POINT('',(9.050398194928906,9.100000000000003,0.750000000000000));
#9919=DIRECTION('',(0.0,0.0,-1.0));
#9920=VECTOR('',#9919,0.010000000000000);
#9921=LINE('',#9918,#9920);
#9922=EDGE_CURVE('',#9909,#9917,#9921,.T.);
#9923=ORIENTED_EDGE('',*,*,#9922,.T.);
#9924=CARTESIAN_POINT('',(9.916311955162820,9.100000000000003,0.740000000000000));
#9925=DIRECTION('',(-1.0,0.0,0.0));
#9926=VECTOR('',#9925,0.865913760233914);
#9927=LINE('',#9924,#9926);
#9928=EDGE_CURVE('',#8151,#9917,#9927,.T.);
#9929=ORIENTED_EDGE('',*,*,#9928,.F.);
#9930=EDGE_LOOP('',(#9907,#9915,#9923,#9929));
#9931=FACE_OUTER_BOUND('',#9930,.T.);
#9932=ADVANCED_FACE('',(#9931),#9906,.F.);
#9933=CARTESIAN_POINT('',(8.916762467345045,8.900000000000008,0.750000000000000));
#9934=DIRECTION('',(0.0,-1.0,0.0));
#9935=DIRECTION('',(0.0,0.0,-1.0));
#9936=AXIS2_PLACEMENT_3D('',#9933,#9934,#9935);
#9937=PLANE('',#9936);
#9938=ORIENTED_EDGE('',*,*,#9790,.F.);
#9939=CARTESIAN_POINT('',(8.916762467345045,8.900000000000008,0.740000000000000));
#9940=VERTEX_POINT('',#9939);
#9941=CARTESIAN_POINT('',(8.916762467345045,8.900000000000008,0.740000000000000));
#9942=DIRECTION('',(1.0,0.0,0.0));
#9943=VECTOR('',#9942,1.082392200292393);
#9944=LINE('',#9941,#9943);
#9945=EDGE_CURVE('',#9940,#9785,#9944,.T.);
#9946=ORIENTED_EDGE('',*,*,#9945,.F.);
#9947=CARTESIAN_POINT('',(8.916762467345045,8.900000000000008,0.750000000000000));
#9948=DIRECTION('',(0.0,0.0,-1.0));
#9949=VECTOR('',#9948,0.010000000000000);
#9950=LINE('',#9947,#9949);
#9951=EDGE_CURVE('',#3608,#9940,#9950,.T.);
#9952=ORIENTED_EDGE('',*,*,#9951,.F.);
#9953=ORIENTED_EDGE('',*,*,#3613,.F.);
#9954=EDGE_LOOP('',(#9938,#9946,#9952,#9953));
#9955=FACE_OUTER_BOUND('',#9954,.T.);
#9956=ADVANCED_FACE('',(#9955),#9937,.F.);
#9957=CARTESIAN_POINT('',(9.050398194928906,9.100000000000003,0.750000000000000));
#9958=DIRECTION('',(0.923879532511286,0.382683432365092,0.0));
#9959=DIRECTION('',(0.0,0.0,-1.0));
#9960=AXIS2_PLACEMENT_3D('',#9957,#9958,#9959);
#9961=PLANE('',#9960);
#9962=CARTESIAN_POINT('',(9.050398194928906,9.100000000000003,0.740000000000000));
#9963=DIRECTION('',(-0.382683432365092,0.923879532511286,0.0));
#9964=VECTOR('',#9963,3.330970421016792);
#9965=LINE('',#9962,#9964);
#9966=EDGE_CURVE('',#9917,#7988,#9965,.T.);
#9967=ORIENTED_EDGE('',*,*,#9966,.F.);
#9968=ORIENTED_EDGE('',*,*,#9922,.F.);
#9969=CARTESIAN_POINT('',(7.775691001107604,12.177415395377919,0.750000000000000));
#9970=DIRECTION('',(0.382683432365092,-0.923879532511286,0.0));
#9971=VECTOR('',#9970,3.330970421016792);
#9972=LINE('',#9969,#9971);
#9973=EDGE_CURVE('',#7996,#9909,#9972,.T.);
#9974=ORIENTED_EDGE('',*,*,#9973,.F.);
#9975=ORIENTED_EDGE('',*,*,#8001,.T.);
#9976=EDGE_LOOP('',(#9967,#9968,#9974,#9975));
#9977=FACE_OUTER_BOUND('',#9976,.T.);
#9978=ADVANCED_FACE('',(#9977),#9961,.F.);
#9979=CARTESIAN_POINT('',(7.539774915686952,12.224342022431882,0.750000000000000));
#9980=DIRECTION('',(-0.923879532511286,-0.382683432365091,0.0));
#9981=DIRECTION('',(0.0,0.0,1.0));
#9982=AXIS2_PLACEMENT_3D('',#9979,#9980,#9981);
#9983=PLANE('',#9982);
#9984=CARTESIAN_POINT('',(7.539774915686952,12.224342022431882,0.740000000000000));
#9985=DIRECTION('',(0.382683432365091,-0.923879532511286,0.0));
#9986=VECTOR('',#9985,3.598241876184507);
#9987=LINE('',#9984,#9986);
#9988=EDGE_CURVE('',#8027,#9940,#9987,.T.);
#9989=ORIENTED_EDGE('',*,*,#9988,.F.);
#9990=ORIENTED_EDGE('',*,*,#8032,.F.);
#9991=ORIENTED_EDGE('',*,*,#3621,.F.);
#9992=ORIENTED_EDGE('',*,*,#9951,.T.);
#9993=EDGE_LOOP('',(#9989,#9990,#9991,#9992));
#9994=FACE_OUTER_BOUND('',#9993,.T.);
#9995=ADVANCED_FACE('',(#9994),#9983,.F.);
#9996=CARTESIAN_POINT('',(10.413368230010532,7.900000000000015,0.750000000000000));
#9997=DIRECTION('',(0.0,-1.0,0.0));
#9998=DIRECTION('',(0.0,0.0,-1.0));
#9999=AXIS2_PLACEMENT_3D('',#9996,#9997,#9998);
#10000=PLANE('',#9999);
#10001=CARTESIAN_POINT('',(10.413368230010528,7.900000000000003,0.740000000000000));
#10002=DIRECTION('',(1.0,0.0,0.0));
#10003=VECTOR('',#10002,6.492528603319256);
#10004=LINE('',#10001,#10003);
#10005=EDGE_CURVE('',#9794,#9131,#10004,.T.);
#10006=ORIENTED_EDGE('',*,*,#10005,.F.);
#10007=ORIENTED_EDGE('',*,*,#9799,.F.);
#10008=ORIENTED_EDGE('',*,*,#3597,.F.);
#10009=ORIENTED_EDGE('',*,*,#9142,.T.);
#10010=EDGE_LOOP('',(#10006,#10007,#10008,#10009));
#10011=FACE_OUTER_BOUND('',#10010,.T.);
#10012=ADVANCED_FACE('',(#10011),#10000,.F.);
#10013=CARTESIAN_POINT('',(13.799999999999992,28.101219330881989,0.750000000000000));
#10014=DIRECTION('',(-0.707106781186547,-0.707106781186548,0.0));
#10015=DIRECTION('',(0.0,0.0,1.0));
#10016=AXIS2_PLACEMENT_3D('',#10013,#10014,#10015);
#10017=PLANE('',#10016);
#10018=ORIENTED_EDGE('',*,*,#7349,.F.);
#10019=CARTESIAN_POINT('',(14.517157287525373,27.384062043356607,0.750000000000000));
#10020=DIRECTION('',(-0.707106781186548,0.707106781186547,0.0));
#10021=VECTOR('',#10020,1.014213562373092);
#10022=LINE('',#10019,#10021);
#10023=EDGE_CURVE('',#7659,#7336,#10022,.T.);
#10024=ORIENTED_EDGE('',*,*,#10023,.F.);
#10025=ORIENTED_EDGE('',*,*,#7664,.T.);
#10026=CARTESIAN_POINT('',(13.799999999999994,28.101219330881989,0.740000000000000));
#10027=DIRECTION('',(0.707106781186546,-0.707106781186548,0.0));
#10028=VECTOR('',#10027,1.014213562373095);
#10029=LINE('',#10026,#10028);
#10030=EDGE_CURVE('',#7344,#7651,#10029,.T.);
#10031=ORIENTED_EDGE('',*,*,#10030,.F.);
#10032=EDGE_LOOP('',(#10018,#10024,#10025,#10031));
#10033=FACE_OUTER_BOUND('',#10032,.T.);
#10034=ADVANCED_FACE('',(#10033),#10017,.F.);
#10035=CARTESIAN_POINT('',(13.799999999999992,28.101219330881989,0.750000000000000));
#10036=DIRECTION('',(-0.707106781186547,-0.707106781186548,0.0));
#10037=DIRECTION('',(0.0,0.0,1.0));
#10038=AXIS2_PLACEMENT_3D('',#10035,#10036,#10037);
#10039=PLANE('',#10038);
#10040=CARTESIAN_POINT('',(14.717157287525378,27.184062043356604,0.740000000000000));
#10041=VERTEX_POINT('',#10040);
#10042=CARTESIAN_POINT('',(14.717157287525378,27.184062043356604,0.740000000000000));
#10043=DIRECTION('',(0.0,0.0,1.0));
#10044=VECTOR('',#10043,0.010000000000000);
#10045=LINE('',#10042,#10044);
#10046=EDGE_CURVE('',#10041,#3472,#10045,.T.);
#10047=ORIENTED_EDGE('',*,*,#10046,.T.);
#10048=ORIENTED_EDGE('',*,*,#3477,.F.);
#10049=CARTESIAN_POINT('',(16.984062043356598,24.917157287525384,0.740000000000000));
#10050=VERTEX_POINT('',#10049);
#10051=CARTESIAN_POINT('',(16.984062043356598,24.917157287525384,0.750000000000000));
#10052=DIRECTION('',(0.0,0.0,-1.0));
#10053=VECTOR('',#10052,0.010000000000000);
#10054=LINE('',#10051,#10053);
#10055=EDGE_CURVE('',#3470,#10050,#10054,.T.);
#10056=ORIENTED_EDGE('',*,*,#10055,.T.);
#10057=CARTESIAN_POINT('',(14.717157287525378,27.184062043356604,0.740000000000000));
#10058=DIRECTION('',(0.707106781186548,-0.707106781186548,0.0));
#10059=VECTOR('',#10058,3.205887450304581);
#10060=LINE('',#10057,#10059);
#10061=EDGE_CURVE('',#10041,#10050,#10060,.T.);
#10062=ORIENTED_EDGE('',*,*,#10061,.F.);
#10063=EDGE_LOOP('',(#10047,#10048,#10056,#10062));
#10064=FACE_OUTER_BOUND('',#10063,.T.);
#10065=ADVANCED_FACE('',(#10064),#10039,.F.);
#10066=CARTESIAN_POINT('',(18.184062043356576,23.999999999999993,0.750000000000000));
#10067=DIRECTION('',(0.707106781186551,0.707106781186545,0.0));
#10068=DIRECTION('',(0.0,0.0,-1.0));
#10069=AXIS2_PLACEMENT_3D('',#10066,#10067,#10068);
#10070=PLANE('',#10069);
#10071=CARTESIAN_POINT('',(17.184062043356601,24.999999999999979,0.750000000000000));
#10072=VERTEX_POINT('',#10071);
#10073=CARTESIAN_POINT('',(17.184062043356601,24.999999999999979,0.740000000000000));
#10074=VERTEX_POINT('',#10073);
#10075=CARTESIAN_POINT('',(17.184062043356601,24.999999999999982,0.750000000000000));
#10076=DIRECTION('',(0.0,0.0,-1.0));
#10077=VECTOR('',#10076,0.010000000000000);
#10078=LINE('',#10075,#10077);
#10079=EDGE_CURVE('',#10072,#10074,#10078,.T.);
#10080=ORIENTED_EDGE('',*,*,#10079,.T.);
#10081=CARTESIAN_POINT('',(18.184062043356576,23.999999999999993,0.740000000000000));
#10082=DIRECTION('',(-0.707106781186545,0.707106781186550,0.0));
#10083=VECTOR('',#10082,1.414213562373065);
#10084=LINE('',#10081,#10083);
#10085=EDGE_CURVE('',#7761,#10074,#10084,.T.);
#10086=ORIENTED_EDGE('',*,*,#10085,.F.);
#10087=ORIENTED_EDGE('',*,*,#7766,.F.);
#10088=CARTESIAN_POINT('',(17.184062043356604,24.999999999999982,0.750000000000000));
#10089=DIRECTION('',(0.707106781186544,-0.707106781186551,0.0));
#10090=VECTOR('',#10089,1.414213562373067);
#10091=LINE('',#10088,#10090);
#10092=EDGE_CURVE('',#10072,#7753,#10091,.T.);
#10093=ORIENTED_EDGE('',*,*,#10092,.F.);
#10094=EDGE_LOOP('',(#10080,#10086,#10087,#10093));
#10095=FACE_OUTER_BOUND('',#10094,.T.);
#10096=ADVANCED_FACE('',(#10095),#10070,.F.);
#10097=CARTESIAN_POINT('',(18.184062043356576,23.999999999999993,0.750000000000000));
#10098=DIRECTION('',(0.707106781186551,0.707106781186545,0.0));
#10099=DIRECTION('',(0.0,0.0,-1.0));
#10100=AXIS2_PLACEMENT_3D('',#10097,#10098,#10099);
#10101=PLANE('',#10100);
#10102=CARTESIAN_POINT('',(14.799999999999990,27.384062043356607,0.740000000000000));
#10103=VERTEX_POINT('',#10102);
#10104=CARTESIAN_POINT('',(14.799999999999990,27.384062043356607,0.750000000000000));
#10105=VERTEX_POINT('',#10104);
#10106=CARTESIAN_POINT('',(14.799999999999994,27.384062043356607,0.740000000000000));
#10107=DIRECTION('',(0.0,0.0,1.0));
#10108=VECTOR('',#10107,0.010000000000000);
#10109=LINE('',#10106,#10108);
#10110=EDGE_CURVE('',#10103,#10105,#10109,.T.);
#10111=ORIENTED_EDGE('',*,*,#10110,.T.);
#10112=CARTESIAN_POINT('',(13.799999999999994,28.384062043356614,0.750000000000000));
#10113=VERTEX_POINT('',#10112);
#10114=CARTESIAN_POINT('',(13.799999999999997,28.384062043356618,0.750000000000000));
#10115=DIRECTION('',(0.707106781186544,-0.707106781186551,0.0));
#10116=VECTOR('',#10115,1.414213562373099);
#10117=LINE('',#10114,#10116);
#10118=EDGE_CURVE('',#10113,#10105,#10117,.T.);
#10119=ORIENTED_EDGE('',*,*,#10118,.F.);
#10120=CARTESIAN_POINT('',(13.799999999999994,28.384062043356614,0.740000000000000));
#10121=VERTEX_POINT('',#10120);
#10122=CARTESIAN_POINT('',(13.799999999999994,28.384062043356614,0.750000000000000));
#10123=DIRECTION('',(0.0,0.0,-1.0));
#10124=VECTOR('',#10123,0.010000000000000);
#10125=LINE('',#10122,#10124);
#10126=EDGE_CURVE('',#10113,#10121,#10125,.T.);
#10127=ORIENTED_EDGE('',*,*,#10126,.T.);
#10128=CARTESIAN_POINT('',(14.799999999999992,27.384062043356607,0.740000000000000));
#10129=DIRECTION('',(-0.707106781186544,0.707106781186551,0.0));
#10130=VECTOR('',#10129,1.414213562373099);
#10131=LINE('',#10128,#10130);
#10132=EDGE_CURVE('',#10103,#10121,#10131,.T.);
#10133=ORIENTED_EDGE('',*,*,#10132,.F.);
#10134=EDGE_LOOP('',(#10111,#10119,#10127,#10133));
#10135=FACE_OUTER_BOUND('',#10134,.T.);
#10136=ADVANCED_FACE('',(#10135),#10101,.F.);
#10137=CARTESIAN_POINT('',(18.184062043356576,23.999999999999993,0.750000000000000));
#10138=DIRECTION('',(0.707106781186551,0.707106781186545,0.0));
#10139=DIRECTION('',(0.0,0.0,-1.0));
#10140=AXIS2_PLACEMENT_3D('',#10137,#10138,#10139);
#10141=PLANE('',#10140);
#10142=CARTESIAN_POINT('',(14.999999999999993,27.184062043356604,0.750000000000000));
#10143=VERTEX_POINT('',#10142);
#10144=CARTESIAN_POINT('',(14.999999999999993,27.184062043356604,0.740000000000000));
#10145=VERTEX_POINT('',#10144);
#10146=CARTESIAN_POINT('',(14.999999999999989,27.184062043356604,0.750000000000000));
#10147=DIRECTION('',(0.0,0.0,-1.0));
#10148=VECTOR('',#10147,0.010000000000000);
#10149=LINE('',#10146,#10148);
#10150=EDGE_CURVE('',#10143,#10145,#10149,.T.);
#10151=ORIENTED_EDGE('',*,*,#10150,.T.);
#10152=CARTESIAN_POINT('',(16.984062043356598,25.199999999999982,0.740000000000000));
#10153=VERTEX_POINT('',#10152);
#10154=CARTESIAN_POINT('',(16.984062043356598,25.199999999999982,0.740000000000000));
#10155=DIRECTION('',(-0.707106781186545,0.707106781186550,0.0));
#10156=VECTOR('',#10155,2.805887450304596);
#10157=LINE('',#10154,#10156);
#10158=EDGE_CURVE('',#10153,#10145,#10157,.T.);
#10159=ORIENTED_EDGE('',*,*,#10158,.F.);
#10160=CARTESIAN_POINT('',(16.984062043356598,25.199999999999982,0.750000000000000));
#10161=VERTEX_POINT('',#10160);
#10162=CARTESIAN_POINT('',(16.984062043356598,25.199999999999982,0.740000000000000));
#10163=DIRECTION('',(0.0,0.0,1.0));
#10164=VECTOR('',#10163,0.010000000000000);
#10165=LINE('',#10162,#10164);
#10166=EDGE_CURVE('',#10153,#10161,#10165,.T.);
#10167=ORIENTED_EDGE('',*,*,#10166,.T.);
#10168=CARTESIAN_POINT('',(14.999999999999996,27.184062043356608,0.750000000000000));
#10169=DIRECTION('',(0.707106781186544,-0.707106781186551,0.0));
#10170=VECTOR('',#10169,2.805887450304599);
#10171=LINE('',#10168,#10170);
#10172=EDGE_CURVE('',#10143,#10161,#10171,.T.);
#10173=ORIENTED_EDGE('',*,*,#10172,.F.);
#10174=EDGE_LOOP('',(#10151,#10159,#10167,#10173));
#10175=FACE_OUTER_BOUND('',#10174,.T.);
#10176=ADVANCED_FACE('',(#10175),#10141,.F.);
#10177=CARTESIAN_POINT('',(13.799999999999994,28.384062043356614,0.750000000000000));
#10178=DIRECTION('',(-0.707106781186553,0.707106781186542,0.0));
#10179=DIRECTION('',(0.0,0.0,1.0));
#10180=AXIS2_PLACEMENT_3D('',#10177,#10178,#10179);
#10181=PLANE('',#10180);
#10182=CARTESIAN_POINT('',(13.799999999999995,28.384062043356611,0.740000000000000));
#10183=DIRECTION('',(-0.707106781186548,-0.707106781186548,0.0));
#10184=VECTOR('',#10183,1.414213562373100);
#10185=LINE('',#10182,#10184);
#10186=EDGE_CURVE('',#10121,#7612,#10185,.T.);
#10187=ORIENTED_EDGE('',*,*,#10186,.F.);
#10188=ORIENTED_EDGE('',*,*,#10126,.F.);
#10189=CARTESIAN_POINT('',(12.800000000000001,27.384062043356604,0.750000000000000));
#10190=DIRECTION('',(0.707106781186541,0.707106781186554,0.0));
#10191=VECTOR('',#10190,1.414213562373098);
#10192=LINE('',#10189,#10191);
#10193=EDGE_CURVE('',#7610,#10113,#10192,.T.);
#10194=ORIENTED_EDGE('',*,*,#10193,.F.);
#10195=ORIENTED_EDGE('',*,*,#7617,.T.);
#10196=EDGE_LOOP('',(#10187,#10188,#10194,#10195));
#10197=FACE_OUTER_BOUND('',#10196,.T.);
#10198=ADVANCED_FACE('',(#10197),#10181,.F.);
#10199=CARTESIAN_POINT('',(11.468629150101519,27.184062043356608,0.750000000000000));
#10200=DIRECTION('',(0.0,-1.0,0.0));
#10201=DIRECTION('',(0.0,0.0,-1.0));
#10202=AXIS2_PLACEMENT_3D('',#10199,#10200,#10201);
#10203=PLANE('',#10202);
#10204=ORIENTED_EDGE('',*,*,#10150,.F.);
#10205=CARTESIAN_POINT('',(16.131370849898474,27.184062043356604,0.750000000000000));
#10206=VERTEX_POINT('',#10205);
#10207=CARTESIAN_POINT('',(16.131370849898474,27.184062043356604,0.750000000000000));
#10208=DIRECTION('',(-1.0,0.0,0.0));
#10209=VECTOR('',#10208,1.131370849898481);
#10210=LINE('',#10207,#10209);
#10211=EDGE_CURVE('',#10206,#10143,#10210,.T.);
#10212=ORIENTED_EDGE('',*,*,#10211,.F.);
#10213=CARTESIAN_POINT('',(16.131370849898474,27.184062043356604,0.740000000000000));
#10214=VERTEX_POINT('',#10213);
#10215=CARTESIAN_POINT('',(16.131370849898477,27.184062043356604,0.750000000000000));
#10216=DIRECTION('',(0.0,0.0,-1.0));
#10217=VECTOR('',#10216,0.010000000000000);
#10218=LINE('',#10215,#10217);
#10219=EDGE_CURVE('',#10206,#10214,#10218,.T.);
#10220=ORIENTED_EDGE('',*,*,#10219,.T.);
#10221=CARTESIAN_POINT('',(14.999999999999995,27.184062043356604,0.740000000000000));
#10222=DIRECTION('',(1.0,0.0,0.0));
#10223=VECTOR('',#10222,1.131370849898479);
#10224=LINE('',#10221,#10223);
#10225=EDGE_CURVE('',#10145,#10214,#10224,.T.);
#10226=ORIENTED_EDGE('',*,*,#10225,.F.);
#10227=EDGE_LOOP('',(#10204,#10212,#10220,#10226));
#10228=FACE_OUTER_BOUND('',#10227,.T.);
#10229=ADVANCED_FACE('',(#10228),#10203,.F.);
#10230=CARTESIAN_POINT('',(16.214213562373089,27.384062043356607,0.750000000000000));
#10231=DIRECTION('',(0.0,1.0,0.0));
#10232=DIRECTION('',(0.0,0.0,1.0));
#10233=AXIS2_PLACEMENT_3D('',#10230,#10231,#10232);
#10234=PLANE('',#10233);
#10235=ORIENTED_EDGE('',*,*,#10110,.F.);
#10236=CARTESIAN_POINT('',(16.214213562373089,27.384062043356607,0.740000000000000));
#10237=VERTEX_POINT('',#10236);
#10238=CARTESIAN_POINT('',(16.214213562373089,27.384062043356607,0.740000000000000));
#10239=DIRECTION('',(-1.0,0.0,0.0));
#10240=VECTOR('',#10239,1.414213562373099);
#10241=LINE('',#10238,#10240);
#10242=EDGE_CURVE('',#10237,#10103,#10241,.T.);
#10243=ORIENTED_EDGE('',*,*,#10242,.F.);
#10244=CARTESIAN_POINT('',(16.214213562373089,27.384062043356607,0.750000000000000));
#10245=VERTEX_POINT('',#10244);
#10246=CARTESIAN_POINT('',(16.214213562373089,27.384062043356607,0.750000000000000));
#10247=DIRECTION('',(0.0,0.0,-1.0));
#10248=VECTOR('',#10247,0.010000000000000);
#10249=LINE('',#10246,#10248);
#10250=EDGE_CURVE('',#10245,#10237,#10249,.T.);
#10251=ORIENTED_EDGE('',*,*,#10250,.F.);
#10252=CARTESIAN_POINT('',(14.799999999999992,27.384062043356607,0.750000000000000));
#10253=DIRECTION('',(1.0,0.0,0.0));
#10254=VECTOR('',#10253,1.414213562373098);
#10255=LINE('',#10252,#10254);
#10256=EDGE_CURVE('',#10105,#10245,#10255,.T.);
#10257=ORIENTED_EDGE('',*,*,#10256,.F.);
#10258=EDGE_LOOP('',(#10235,#10243,#10251,#10257));
#10259=FACE_OUTER_BOUND('',#10258,.T.);
#10260=ADVANCED_FACE('',(#10259),#10234,.F.);
#10261=CARTESIAN_POINT('',(16.984062043356598,26.331370849898480,0.750000000000000));
#10262=DIRECTION('',(-1.0,0.0,0.0));
#10263=DIRECTION('',(0.0,0.0,1.0));
#10264=AXIS2_PLACEMENT_3D('',#10261,#10262,#10263);
#10265=PLANE('',#10264);
#10266=ORIENTED_EDGE('',*,*,#10166,.F.);
#10267=CARTESIAN_POINT('',(16.984062043356598,26.331370849898480,0.740000000000000));
#10268=VERTEX_POINT('',#10267);
#10269=CARTESIAN_POINT('',(16.984062043356598,26.331370849898480,0.740000000000000));
#10270=DIRECTION('',(0.0,-1.0,0.0));
#10271=VECTOR('',#10270,1.131370849898499);
#10272=LINE('',#10269,#10271);
#10273=EDGE_CURVE('',#10268,#10153,#10272,.T.);
#10274=ORIENTED_EDGE('',*,*,#10273,.F.);
#10275=CARTESIAN_POINT('',(16.984062043356598,26.331370849898480,0.750000000000000));
#10276=VERTEX_POINT('',#10275);
#10277=CARTESIAN_POINT('',(16.984062043356598,26.331370849898480,0.740000000000000));
#10278=DIRECTION('',(0.0,0.0,1.0));
#10279=VECTOR('',#10278,0.010000000000000);
#10280=LINE('',#10277,#10279);
#10281=EDGE_CURVE('',#10268,#10276,#10280,.T.);
#10282=ORIENTED_EDGE('',*,*,#10281,.T.);
#10283=CARTESIAN_POINT('',(16.984062043356598,25.199999999999982,0.750000000000000));
#10284=DIRECTION('',(0.0,1.0,0.0));
#10285=VECTOR('',#10284,1.131370849898499);
#10286=LINE('',#10283,#10285);
#10287=EDGE_CURVE('',#10161,#10276,#10286,.T.);
#10288=ORIENTED_EDGE('',*,*,#10287,.F.);
#10289=EDGE_LOOP('',(#10266,#10274,#10282,#10288));
#10290=FACE_OUTER_BOUND('',#10289,.T.);
#10291=ADVANCED_FACE('',(#10290),#10265,.F.);
#10292=CARTESIAN_POINT('',(17.184062043356601,21.585786437626901,0.750000000000000));
#10293=DIRECTION('',(1.0,0.0,0.0));
#10294=DIRECTION('',(0.0,0.0,-1.0));
#10295=AXIS2_PLACEMENT_3D('',#10292,#10293,#10294);
#10296=PLANE('',#10295);
#10297=ORIENTED_EDGE('',*,*,#10079,.F.);
#10298=CARTESIAN_POINT('',(17.184062043356601,26.414213562373096,0.750000000000000));
#10299=VERTEX_POINT('',#10298);
#10300=CARTESIAN_POINT('',(17.184062043356601,26.414213562373096,0.750000000000000));
#10301=DIRECTION('',(0.0,-1.0,0.0));
#10302=VECTOR('',#10301,1.414213562373121);
#10303=LINE('',#10300,#10302);
#10304=EDGE_CURVE('',#10299,#10072,#10303,.T.);
#10305=ORIENTED_EDGE('',*,*,#10304,.F.);
#10306=CARTESIAN_POINT('',(17.184062043356601,26.414213562373096,0.740000000000000));
#10307=VERTEX_POINT('',#10306);
#10308=CARTESIAN_POINT('',(17.184062043356601,26.414213562373096,0.750000000000000));
#10309=DIRECTION('',(0.0,0.0,-1.0));
#10310=VECTOR('',#10309,0.010000000000000);
#10311=LINE('',#10308,#10310);
#10312=EDGE_CURVE('',#10299,#10307,#10311,.T.);
#10313=ORIENTED_EDGE('',*,*,#10312,.T.);
#10314=CARTESIAN_POINT('',(17.184062043356601,24.999999999999979,0.740000000000000));
#10315=DIRECTION('',(0.0,1.0,0.0));
#10316=VECTOR('',#10315,1.414213562373117);
#10317=LINE('',#10314,#10316);
#10318=EDGE_CURVE('',#10074,#10307,#10317,.T.);
#10319=ORIENTED_EDGE('',*,*,#10318,.F.);
#10320=EDGE_LOOP('',(#10297,#10305,#10313,#10319));
#10321=FACE_OUTER_BOUND('',#10320,.T.);
#10322=ADVANCED_FACE('',(#10321),#10296,.F.);
#10323=CARTESIAN_POINT('',(11.468629150101519,27.184062043356608,0.750000000000000));
#10324=DIRECTION('',(0.0,-1.0,0.0));
#10325=DIRECTION('',(0.0,0.0,-1.0));
#10326=AXIS2_PLACEMENT_3D('',#10323,#10324,#10325);
#10327=PLANE('',#10326);
#10328=ORIENTED_EDGE('',*,*,#7420,.F.);
#10329=ORIENTED_EDGE('',*,*,#3485,.F.);
#10330=ORIENTED_EDGE('',*,*,#10046,.F.);
#10331=CARTESIAN_POINT('',(12.882842712474609,27.184062043356608,0.740000000000000));
#10332=DIRECTION('',(1.0,0.0,0.0));
#10333=VECTOR('',#10332,1.834314575050769);
#10334=LINE('',#10331,#10333);
#10335=EDGE_CURVE('',#7415,#10041,#10334,.T.);
#10336=ORIENTED_EDGE('',*,*,#10335,.F.);
#10337=EDGE_LOOP('',(#10328,#10329,#10330,#10336));
#10338=FACE_OUTER_BOUND('',#10337,.T.);
#10339=ADVANCED_FACE('',(#10338),#10327,.F.);
#10340=CARTESIAN_POINT('',(16.984062043356598,26.331370849898480,0.750000000000000));
#10341=DIRECTION('',(-1.0,0.0,0.0));
#10342=DIRECTION('',(0.0,0.0,1.0));
#10343=AXIS2_PLACEMENT_3D('',#10340,#10341,#10342);
#10344=PLANE('',#10343);
#10345=ORIENTED_EDGE('',*,*,#7717,.F.);
#10346=CARTESIAN_POINT('',(16.984062043356598,24.917157287525384,0.740000000000000));
#10347=DIRECTION('',(0.0,-1.0,0.0));
#10348=VECTOR('',#10347,1.834314575050762);
#10349=LINE('',#10346,#10348);
#10350=EDGE_CURVE('',#10050,#7712,#10349,.T.);
#10351=ORIENTED_EDGE('',*,*,#10350,.F.);
#10352=ORIENTED_EDGE('',*,*,#10055,.F.);
#10353=ORIENTED_EDGE('',*,*,#3651,.F.);
#10354=EDGE_LOOP('',(#10345,#10351,#10352,#10353));
#10355=FACE_OUTER_BOUND('',#10354,.T.);
#10356=ADVANCED_FACE('',(#10355),#10344,.F.);
#10357=CARTESIAN_POINT('',(16.984062043356598,26.331370849898480,0.750000000000000));
#10358=DIRECTION('',(-0.707106781186548,-0.707106781186548,0.0));
#10359=DIRECTION('',(0.0,0.0,1.0));
#10360=AXIS2_PLACEMENT_3D('',#10357,#10358,#10359);
#10361=PLANE('',#10360);
#10362=ORIENTED_EDGE('',*,*,#10219,.F.);
#10363=CARTESIAN_POINT('',(16.984062043356602,26.331370849898484,0.750000000000000));
#10364=DIRECTION('',(-0.707106781186547,0.707106781186547,0.0));
#10365=VECTOR('',#10364,1.205887450304575);
#10366=LINE('',#10363,#10365);
#10367=EDGE_CURVE('',#10276,#10206,#10366,.T.);
#10368=ORIENTED_EDGE('',*,*,#10367,.F.);
#10369=ORIENTED_EDGE('',*,*,#10281,.F.);
#10370=CARTESIAN_POINT('',(16.131370849898474,27.184062043356604,0.740000000000000));
#10371=DIRECTION('',(0.707106781186548,-0.707106781186548,0.0));
#10372=VECTOR('',#10371,1.205887450304580);
#10373=LINE('',#10370,#10372);
#10374=EDGE_CURVE('',#10214,#10268,#10373,.T.);
#10375=ORIENTED_EDGE('',*,*,#10374,.F.);
#10376=EDGE_LOOP('',(#10362,#10368,#10369,#10375));
#10377=FACE_OUTER_BOUND('',#10376,.T.);
#10378=ADVANCED_FACE('',(#10377),#10361,.F.);
#10379=CARTESIAN_POINT('',(17.184062043356601,26.414213562373096,0.750000000000000));
#10380=DIRECTION('',(0.707106781186548,0.707106781186548,0.0));
#10381=DIRECTION('',(0.0,0.0,-1.0));
#10382=AXIS2_PLACEMENT_3D('',#10379,#10380,#10381);
#10383=PLANE('',#10382);
#10384=CARTESIAN_POINT('',(17.184062043356601,26.414213562373096,0.740000000000000));
#10385=DIRECTION('',(-0.707106781186547,0.707106781186547,0.0));
#10386=VECTOR('',#10385,1.371572875253827);
#10387=LINE('',#10384,#10386);
#10388=EDGE_CURVE('',#10307,#10237,#10387,.T.);
#10389=ORIENTED_EDGE('',*,*,#10388,.F.);
#10390=ORIENTED_EDGE('',*,*,#10312,.F.);
#10391=CARTESIAN_POINT('',(16.214213562373089,27.384062043356607,0.750000000000000));
#10392=DIRECTION('',(0.707106781186547,-0.707106781186547,0.0));
#10393=VECTOR('',#10392,1.371572875253827);
#10394=LINE('',#10391,#10393);
#10395=EDGE_CURVE('',#10245,#10299,#10394,.T.);
#10396=ORIENTED_EDGE('',*,*,#10395,.F.);
#10397=ORIENTED_EDGE('',*,*,#10250,.T.);
#10398=EDGE_LOOP('',(#10389,#10390,#10396,#10397));
#10399=FACE_OUTER_BOUND('',#10398,.T.);
#10400=ADVANCED_FACE('',(#10399),#10383,.F.);
#10401=CARTESIAN_POINT('',(2.099999999999997,17.815432893255085,0.750000000000000));
#10402=DIRECTION('',(0.707106781186548,-0.707106781186548,0.0));
#10403=DIRECTION('',(0.0,0.0,-1.0));
#10404=AXIS2_PLACEMENT_3D('',#10401,#10402,#10403);
#10405=PLANE('',#10404);
#10406=CARTESIAN_POINT('',(2.099999999999997,17.815432893255085,0.740000000000000));
#10407=DIRECTION('',(0.707106781186548,0.707106781186548,0.0));
#10408=VECTOR('',#10407,13.249242404917496);
#10409=LINE('',#10406,#10408);
#10410=EDGE_CURVE('',#7526,#7682,#10409,.T.);
#10411=ORIENTED_EDGE('',*,*,#10410,.F.);
#10412=ORIENTED_EDGE('',*,*,#7531,.F.);
#10413=CARTESIAN_POINT('',(11.468629150101517,27.184062043356612,0.750000000000000));
#10414=DIRECTION('',(-0.707106781186547,-0.707106781186548,0.0));
#10415=VECTOR('',#10414,13.249242404917496);
#10416=LINE('',#10413,#10415);
#10417=EDGE_CURVE('',#7690,#7518,#10416,.T.);
#10418=ORIENTED_EDGE('',*,*,#10417,.F.);
#10419=ORIENTED_EDGE('',*,*,#7695,.T.);
#10420=EDGE_LOOP('',(#10411,#10412,#10418,#10419));
#10421=FACE_OUTER_BOUND('',#10420,.T.);
#10422=ADVANCED_FACE('',(#10421),#10405,.F.);
#10423=CARTESIAN_POINT('',(11.385786437626898,27.384062043356607,0.750000000000000));
#10424=DIRECTION('',(-0.707106781186547,0.707106781186548,0.0));
#10425=DIRECTION('',(0.0,0.0,1.0));
#10426=AXIS2_PLACEMENT_3D('',#10423,#10424,#10425);
#10427=PLANE('',#10426);
#10428=CARTESIAN_POINT('',(11.385786437626898,27.384062043356607,0.740000000000000));
#10429=DIRECTION('',(-0.707106781186548,-0.707106781186547,0.0));
#10430=VECTOR('',#10429,13.414927829866734);
#10431=LINE('',#10428,#10430);
#10432=EDGE_CURVE('',#7628,#7549,#10431,.T.);
#10433=ORIENTED_EDGE('',*,*,#10432,.F.);
#10434=ORIENTED_EDGE('',*,*,#7633,.F.);
#10435=CARTESIAN_POINT('',(1.899999999999990,17.898275605729712,0.750000000000000));
#10436=DIRECTION('',(0.707106781186548,0.707106781186547,0.0));
#10437=VECTOR('',#10436,13.414927829866734);
#10438=LINE('',#10435,#10437);
#10439=EDGE_CURVE('',#7557,#7620,#10438,.T.);
#10440=ORIENTED_EDGE('',*,*,#10439,.F.);
#10441=ORIENTED_EDGE('',*,*,#7562,.T.);
#10442=EDGE_LOOP('',(#10433,#10434,#10440,#10441));
#10443=FACE_OUTER_BOUND('',#10442,.T.);
#10444=ADVANCED_FACE('',(#10443),#10427,.F.);
#10445=CARTESIAN_POINT('',(6.763386512378653,22.619625905503590,0.740000000000000));
#10446=DIRECTION('',(0.0,0.0,1.0));
#10447=DIRECTION('',(1.0,0.0,0.0));
#10448=AXIS2_PLACEMENT_3D('',#10445,#10446,#10447);
#10449=PLANE('',#10448);
#10450=ORIENTED_EDGE('',*,*,#7639,.T.);
#10451=ORIENTED_EDGE('',*,*,#10432,.T.);
#10452=ORIENTED_EDGE('',*,*,#7554,.T.);
#10453=ORIENTED_EDGE('',*,*,#7466,.T.);
#10454=ORIENTED_EDGE('',*,*,#7598,.T.);
#10455=ORIENTED_EDGE('',*,*,#8977,.T.);
#10456=ORIENTED_EDGE('',*,*,#8799,.T.);
#10457=ORIENTED_EDGE('',*,*,#8699,.T.);
#10458=ORIENTED_EDGE('',*,*,#9602,.T.);
#10459=ORIENTED_EDGE('',*,*,#9616,.T.);
#10460=ORIENTED_EDGE('',*,*,#8571,.T.);
#10461=ORIENTED_EDGE('',*,*,#8375,.T.);
#10462=ORIENTED_EDGE('',*,*,#8259,.T.);
#10463=ORIENTED_EDGE('',*,*,#9487,.T.);
#10464=ORIENTED_EDGE('',*,*,#9501,.T.);
#10465=ORIENTED_EDGE('',*,*,#9394,.T.);
#10466=ORIENTED_EDGE('',*,*,#9205,.T.);
#10467=ORIENTED_EDGE('',*,*,#9098,.T.);
#10468=ORIENTED_EDGE('',*,*,#9699,.T.);
#10469=ORIENTED_EDGE('',*,*,#9713,.T.);
#10470=ORIENTED_EDGE('',*,*,#8117,.T.);
#10471=ORIENTED_EDGE('',*,*,#8100,.T.);
#10472=ORIENTED_EDGE('',*,*,#7900,.T.);
#10473=ORIENTED_EDGE('',*,*,#7772,.T.);
#10474=ORIENTED_EDGE('',*,*,#10085,.T.);
#10475=ORIENTED_EDGE('',*,*,#10318,.T.);
#10476=ORIENTED_EDGE('',*,*,#10388,.T.);
#10477=ORIENTED_EDGE('',*,*,#10242,.T.);
#10478=ORIENTED_EDGE('',*,*,#10132,.T.);
#10479=ORIENTED_EDGE('',*,*,#10186,.T.);
#10480=EDGE_LOOP('',(#10450,#10451,#10452,#10453,#10454,#10455,#10456,#10457,#10458,#10459,#10460,#10461,#10462,#10463,#10464,#10465,#10466,#10467,#10468,#10469,#10470,#10471,#10472,#10473,#10474,#10475,#10476,#10477,#10478,#10479));
#10481=FACE_OUTER_BOUND('',#10480,.T.);
#10482=ORIENTED_EDGE('',*,*,#10410,.T.);
#10483=ORIENTED_EDGE('',*,*,#7687,.T.);
#10484=ORIENTED_EDGE('',*,*,#7492,.T.);
#10485=ORIENTED_EDGE('',*,*,#7537,.T.);
#10486=EDGE_LOOP('',(#10482,#10483,#10484,#10485));
#10487=FACE_BOUND('',#10486,.T.);
#10488=ORIENTED_EDGE('',*,*,#7936,.T.);
#10489=ORIENTED_EDGE('',*,*,#7869,.T.);
#10490=ORIENTED_EDGE('',*,*,#7798,.T.);
#10491=EDGE_LOOP('',(#10488,#10489,#10490));
#10492=FACE_BOUND('',#10491,.T.);
#10493=ORIENTED_EDGE('',*,*,#10030,.T.);
#10494=ORIENTED_EDGE('',*,*,#7656,.T.);
#10495=ORIENTED_EDGE('',*,*,#7355,.T.);
#10496=EDGE_LOOP('',(#10493,#10494,#10495));
#10497=FACE_BOUND('',#10496,.T.);
#10498=ORIENTED_EDGE('',*,*,#9252,.T.);
#10499=ORIENTED_EDGE('',*,*,#9846,.T.);
#10500=ORIENTED_EDGE('',*,*,#9897,.T.);
#10501=ORIENTED_EDGE('',*,*,#9738,.T.);
#10502=ORIENTED_EDGE('',*,*,#9072,.T.);
#10503=EDGE_LOOP('',(#10498,#10499,#10500,#10501,#10502));
#10504=FACE_BOUND('',#10503,.T.);
#10505=ORIENTED_EDGE('',*,*,#9966,.T.);
#10506=ORIENTED_EDGE('',*,*,#7993,.T.);
#10507=ORIENTED_EDGE('',*,*,#8162,.T.);
#10508=ORIENTED_EDGE('',*,*,#9928,.T.);
#10509=EDGE_LOOP('',(#10505,#10506,#10507,#10508));
#10510=FACE_BOUND('',#10509,.T.);
#10511=ORIENTED_EDGE('',*,*,#8062,.T.);
#10512=ORIENTED_EDGE('',*,*,#9875,.T.);
#10513=ORIENTED_EDGE('',*,*,#7852,.T.);
#10514=ORIENTED_EDGE('',*,*,#7967,.T.);
#10515=EDGE_LOOP('',(#10511,#10512,#10513,#10514));
#10516=FACE_BOUND('',#10515,.T.);
#10517=ORIENTED_EDGE('',*,*,#9370,.T.);
#10518=ORIENTED_EDGE('',*,*,#9307,.T.);
#10519=ORIENTED_EDGE('',*,*,#9331,.T.);
#10520=EDGE_LOOP('',(#10517,#10518,#10519));
#10521=FACE_BOUND('',#10520,.T.);
#10522=ORIENTED_EDGE('',*,*,#8955,.T.);
#10523=ORIENTED_EDGE('',*,*,#8892,.T.);
#10524=ORIENTED_EDGE('',*,*,#8916,.T.);
#10525=EDGE_LOOP('',(#10522,#10523,#10524));
#10526=FACE_BOUND('',#10525,.T.);
#10527=ORIENTED_EDGE('',*,*,#9660,.T.);
#10528=ORIENTED_EDGE('',*,*,#7381,.T.);
#10529=ORIENTED_EDGE('',*,*,#8193,.T.);
#10530=ORIENTED_EDGE('',*,*,#8761,.T.);
#10531=ORIENTED_EDGE('',*,*,#9015,.T.);
#10532=EDGE_LOOP('',(#10527,#10528,#10529,#10530,#10531));
#10533=FACE_BOUND('',#10532,.T.);
#10534=ORIENTED_EDGE('',*,*,#8547,.T.);
#10535=ORIENTED_EDGE('',*,*,#8477,.T.);
#10536=ORIENTED_EDGE('',*,*,#8501,.T.);
#10537=EDGE_LOOP('',(#10534,#10535,#10536));
#10538=FACE_BOUND('',#10537,.T.);
#10539=ORIENTED_EDGE('',*,*,#9526,.T.);
#10540=ORIENTED_EDGE('',*,*,#8233,.T.);
#10541=ORIENTED_EDGE('',*,*,#8422,.T.);
#10542=ORIENTED_EDGE('',*,*,#9167,.T.);
#10543=ORIENTED_EDGE('',*,*,#9439,.T.);
#10544=ORIENTED_EDGE('',*,*,#9766,.T.);
#10545=EDGE_LOOP('',(#10539,#10540,#10541,#10542,#10543,#10544));
#10546=FACE_BOUND('',#10545,.T.);
#10547=ORIENTED_EDGE('',*,*,#8844,.T.);
#10548=ORIENTED_EDGE('',*,*,#8330,.T.);
#10549=ORIENTED_EDGE('',*,*,#8616,.T.);
#10550=ORIENTED_EDGE('',*,*,#9556,.T.);
#10551=ORIENTED_EDGE('',*,*,#9639,.T.);
#10552=ORIENTED_EDGE('',*,*,#8673,.T.);
#10553=EDGE_LOOP('',(#10547,#10548,#10549,#10550,#10551,#10552));
#10554=FACE_BOUND('',#10553,.T.);
#10555=ORIENTED_EDGE('',*,*,#10061,.T.);
#10556=ORIENTED_EDGE('',*,*,#10350,.T.);
#10557=ORIENTED_EDGE('',*,*,#7732,.T.);
#10558=ORIENTED_EDGE('',*,*,#9820,.T.);
#10559=ORIENTED_EDGE('',*,*,#8038,.T.);
#10560=ORIENTED_EDGE('',*,*,#9988,.T.);
#10561=ORIENTED_EDGE('',*,*,#9945,.T.);
#10562=ORIENTED_EDGE('',*,*,#9805,.T.);
#10563=ORIENTED_EDGE('',*,*,#10005,.T.);
#10564=ORIENTED_EDGE('',*,*,#9136,.T.);
#10565=ORIENTED_EDGE('',*,*,#9456,.T.);
#10566=ORIENTED_EDGE('',*,*,#9236,.T.);
#10567=ORIENTED_EDGE('',*,*,#9352,.T.);
#10568=ORIENTED_EDGE('',*,*,#8297,.T.);
#10569=ORIENTED_EDGE('',*,*,#8633,.T.);
#10570=ORIENTED_EDGE('',*,*,#8406,.T.);
#10571=ORIENTED_EDGE('',*,*,#8524,.T.);
#10572=ORIENTED_EDGE('',*,*,#8735,.T.);
#10573=ORIENTED_EDGE('',*,*,#9032,.T.);
#10574=ORIENTED_EDGE('',*,*,#8830,.T.);
#10575=ORIENTED_EDGE('',*,*,#8937,.T.);
#10576=ORIENTED_EDGE('',*,*,#7426,.T.);
#10577=ORIENTED_EDGE('',*,*,#10335,.T.);
#10578=EDGE_LOOP('',(#10555,#10556,#10557,#10558,#10559,#10560,#10561,#10562,#10563,#10564,#10565,#10566,#10567,#10568,#10569,#10570,#10571,#10572,#10573,#10574,#10575,#10576,#10577));
#10579=FACE_BOUND('',#10578,.T.);
#10580=ORIENTED_EDGE('',*,*,#10374,.T.);
#10581=ORIENTED_EDGE('',*,*,#10273,.T.);
#10582=ORIENTED_EDGE('',*,*,#10158,.T.);
#10583=ORIENTED_EDGE('',*,*,#10225,.T.);
#10584=EDGE_LOOP('',(#10580,#10581,#10582,#10583));
#10585=FACE_BOUND('',#10584,.T.);
#10586=ADVANCED_FACE('',(#10481,#10487,#10492,#10497,#10504,#10510,#10516,#10521,#10526,#10533,#10538,#10546,#10554,#10579,#10585),#10449,.T.);
#10587=CARTESIAN_POINT('',(10.371185865280806,12.339722657251569,0.750000000000000));
#10588=DIRECTION('',(0.0,0.0,1.0));
#10589=DIRECTION('',(1.0,0.0,0.0));
#10590=AXIS2_PLACEMENT_3D('',#10587,#10588,#10589);
#10591=PLANE('',#10590);
#10592=ORIENTED_EDGE('',*,*,#10172,.T.);
#10593=ORIENTED_EDGE('',*,*,#10287,.T.);
#10594=ORIENTED_EDGE('',*,*,#10367,.T.);
#10595=ORIENTED_EDGE('',*,*,#10211,.T.);
#10596=EDGE_LOOP('',(#10592,#10593,#10594,#10595));
#10597=FACE_OUTER_BOUND('',#10596,.T.);
#10598=ADVANCED_FACE('',(#10597),#10591,.T.);
#10599=CARTESIAN_POINT('',(10.371185865280806,12.339722657251569,0.750000000000000));
#10600=DIRECTION('',(0.0,0.0,1.0));
#10601=DIRECTION('',(1.0,0.0,0.0));
#10602=AXIS2_PLACEMENT_3D('',#10599,#10600,#10601);
#10603=PLANE('',#10602);
#10604=CARTESIAN_POINT('',(2.895704E-017,17.188225099390856,0.750000000000000));
#10605=VERTEX_POINT('',#10604);
#10606=CARTESIAN_POINT('',(0.058578643762688,17.329646455628161,0.750000000000000));
#10607=VERTEX_POINT('',#10606);
#10608=CARTESIAN_POINT('',(0.200000000000000,17.188225099390856,0.750000000000000));
#10609=DIRECTION('',(0.0,0.0,-1.0));
#10610=DIRECTION('',(-0.923879532511286,0.382683432365091,0.0));
#10611=AXIS2_PLACEMENT_3D('',#10608,#10609,#10610);
#10612=CIRCLE('',#10611,0.200000000000000);
#10613=EDGE_CURVE('',#10605,#10607,#10612,.T.);
#10614=ORIENTED_EDGE('',*,*,#10613,.F.);
#10615=CARTESIAN_POINT('',(3.369404E-019,0.200000000000000,0.750000000000000));
#10616=VERTEX_POINT('',#10615);
#10617=CARTESIAN_POINT('',(3.369404E-019,0.199999999999999,0.750000000000000));
#10618=DIRECTION('',(0.0,1.0,0.0));
#10619=VECTOR('',#10618,16.988225099390856);
#10620=LINE('',#10617,#10619);
#10621=EDGE_CURVE('',#10616,#10605,#10620,.T.);
#10622=ORIENTED_EDGE('',*,*,#10621,.F.);
#10623=CARTESIAN_POINT('',(0.200000000000000,0.0,0.750000000000000));
#10624=VERTEX_POINT('',#10623);
#10625=CARTESIAN_POINT('',(0.200000000000000,0.200000000000000,0.750000000000000));
#10626=DIRECTION('',(0.0,0.0,-1.000000000000000));
#10627=DIRECTION('',(-0.707106781186548,-0.707106781186547,0.0));
#10628=AXIS2_PLACEMENT_3D('',#10625,#10626,#10627);
#10629=CIRCLE('',#10628,0.200000000000000);
#10630=EDGE_CURVE('',#10624,#10616,#10629,.T.);
#10631=ORIENTED_EDGE('',*,*,#10630,.F.);
#10632=CARTESIAN_POINT('',(19.800000000000001,0.0,0.750000000000000));
#10633=VERTEX_POINT('',#10632);
#10634=CARTESIAN_POINT('',(19.800000000000001,0.0,0.750000000000000));
#10635=DIRECTION('',(-1.0,0.0,0.0));
#10636=VECTOR('',#10635,19.600000000000001);
#10637=LINE('',#10634,#10636);
#10638=EDGE_CURVE('',#10633,#10624,#10637,.T.);
#10639=ORIENTED_EDGE('',*,*,#10638,.F.);
#10640=CARTESIAN_POINT('',(20.0,0.200000000000000,0.750000000000000));
#10641=VERTEX_POINT('',#10640);
#10642=CARTESIAN_POINT('',(19.800000000000001,0.200000000000000,0.750000000000000));
#10643=DIRECTION('',(0.0,0.0,-1.000000000000000));
#10644=DIRECTION('',(0.707106781186548,-0.707106781186548,0.0));
#10645=AXIS2_PLACEMENT_3D('',#10642,#10643,#10644);
#10646=CIRCLE('',#10645,0.200000000000000);
#10647=EDGE_CURVE('',#10641,#10633,#10646,.T.);
#10648=ORIENTED_EDGE('',*,*,#10647,.F.);
#10649=CARTESIAN_POINT('',(20.0,9.800000000000004,0.750000000000000));
#10650=VERTEX_POINT('',#10649);
#10651=CARTESIAN_POINT('',(20.0,9.800000000000004,0.750000000000000));
#10652=DIRECTION('',(0.0,-1.0,0.0));
#10653=VECTOR('',#10652,9.600000000000005);
#10654=LINE('',#10651,#10653);
#10655=EDGE_CURVE('',#10650,#10641,#10654,.T.);
#10656=ORIENTED_EDGE('',*,*,#10655,.F.);
#10657=CARTESIAN_POINT('',(19.800000000000001,10.0,0.750000000000000));
#10658=VERTEX_POINT('',#10657);
#10659=CARTESIAN_POINT('',(19.800000000000001,9.800000000000004,0.750000000000000));
#10660=DIRECTION('',(0.0,0.0,-1.000000000000000));
#10661=DIRECTION('',(0.707106781186548,0.707106781186548,0.0));
#10662=AXIS2_PLACEMENT_3D('',#10659,#10660,#10661);
#10663=CIRCLE('',#10662,0.200000000000000);
#10664=EDGE_CURVE('',#10658,#10650,#10663,.T.);
#10665=ORIENTED_EDGE('',*,*,#10664,.F.);
#10666=CARTESIAN_POINT('',(12.212489168102788,10.000000000000004,0.750000000000000));
#10667=VERTEX_POINT('',#10666);
#10668=CARTESIAN_POINT('',(12.212489168102788,10.0,0.750000000000000));
#10669=DIRECTION('',(1.0,0.0,0.0));
#10670=VECTOR('',#10669,7.587510831897212);
#10671=LINE('',#10668,#10670);
#10672=EDGE_CURVE('',#10667,#10658,#10671,.T.);
#10673=ORIENTED_EDGE('',*,*,#10672,.F.);
#10674=CARTESIAN_POINT('',(10.648023074035521,13.776955262170050,0.750000000000000));
#10675=VERTEX_POINT('',#10674);
#10676=CARTESIAN_POINT('',(12.212489168102788,12.212489168102783,0.750000000000000));
#10677=DIRECTION('',(0.0,0.0,1.000000000000000));
#10678=DIRECTION('',(0.707106781186548,-0.707106781186548,0.0));
#10679=AXIS2_PLACEMENT_3D('',#10676,#10677,#10678);
#10680=CIRCLE('',#10679,2.212489168102783);
#10681=EDGE_CURVE('',#10675,#10667,#10680,.T.);
#10682=ORIENTED_EDGE('',*,*,#10681,.F.);
#10683=CARTESIAN_POINT('',(17.335533905932742,20.464466094067262,0.750000000000000));
#10684=VERTEX_POINT('',#10683);
#10685=CARTESIAN_POINT('',(17.335533905932742,20.464466094067266,0.750000000000000));
#10686=DIRECTION('',(-0.707106781186547,-0.707106781186548,0.0));
#10687=VECTOR('',#10686,9.457568516986026);
#10688=LINE('',#10685,#10687);
#10689=EDGE_CURVE('',#10684,#10675,#10688,.T.);
#10690=ORIENTED_EDGE('',*,*,#10689,.F.);
#10691=CARTESIAN_POINT('',(10.264466094067263,27.535533905932745,0.750000000000000));
#10692=VERTEX_POINT('',#10691);
#10693=CARTESIAN_POINT('',(13.799999999999999,24.000000000000004,0.750000000000000));
#10694=DIRECTION('',(0.0,0.0,-1.000000000000000));
#10695=DIRECTION('',(0.707106781186548,-0.707106781186547,0.0));
#10696=AXIS2_PLACEMENT_3D('',#10693,#10694,#10695);
#10697=CIRCLE('',#10696,5.0);
#10698=EDGE_CURVE('',#10692,#10684,#10697,.T.);
#10699=ORIENTED_EDGE('',*,*,#10698,.F.);
#10700=CARTESIAN_POINT('',(0.058578643762683,17.329646455628161,0.750000000000000));
#10701=DIRECTION('',(0.707106781186547,0.707106781186548,0.0));
#10702=VECTOR('',#10701,14.433304448274106);
#10703=LINE('',#10700,#10702);
#10704=EDGE_CURVE('',#10607,#10692,#10703,.T.);
#10705=ORIENTED_EDGE('',*,*,#10704,.F.);
#10706=EDGE_LOOP('',(#10614,#10622,#10631,#10639,#10648,#10656,#10665,#10673,#10682,#10690,#10699,#10705));
#10707=FACE_OUTER_BOUND('',#10706,.T.);
#10708=ORIENTED_EDGE('',*,*,#10118,.T.);
#10709=ORIENTED_EDGE('',*,*,#10256,.T.);
#10710=ORIENTED_EDGE('',*,*,#10395,.T.);
#10711=ORIENTED_EDGE('',*,*,#10304,.T.);
#10712=ORIENTED_EDGE('',*,*,#10092,.T.);
#10713=ORIENTED_EDGE('',*,*,#7758,.T.);
#10714=ORIENTED_EDGE('',*,*,#7914,.T.);
#10715=ORIENTED_EDGE('',*,*,#8093,.T.);
#10716=ORIENTED_EDGE('',*,*,#8131,.T.);
#10717=ORIENTED_EDGE('',*,*,#9720,.T.);
#10718=ORIENTED_EDGE('',*,*,#9685,.T.);
#10719=ORIENTED_EDGE('',*,*,#9112,.T.);
#10720=ORIENTED_EDGE('',*,*,#9198,.T.);
#10721=ORIENTED_EDGE('',*,*,#9408,.T.);
#10722=ORIENTED_EDGE('',*,*,#9508,.T.);
#10723=ORIENTED_EDGE('',*,*,#9473,.T.);
#10724=ORIENTED_EDGE('',*,*,#8273,.T.);
#10725=ORIENTED_EDGE('',*,*,#8368,.T.);
#10726=ORIENTED_EDGE('',*,*,#8585,.T.);
#10727=ORIENTED_EDGE('',*,*,#9623,.T.);
#10728=ORIENTED_EDGE('',*,*,#9588,.T.);
#10729=ORIENTED_EDGE('',*,*,#8713,.T.);
#10730=ORIENTED_EDGE('',*,*,#8792,.T.);
#10731=ORIENTED_EDGE('',*,*,#8984,.T.);
#10732=ORIENTED_EDGE('',*,*,#7584,.T.);
#10733=ORIENTED_EDGE('',*,*,#7452,.T.);
#10734=ORIENTED_EDGE('',*,*,#7568,.T.);
#10735=ORIENTED_EDGE('',*,*,#10439,.T.);
#10736=ORIENTED_EDGE('',*,*,#7625,.T.);
#10737=ORIENTED_EDGE('',*,*,#10193,.T.);
#10738=EDGE_LOOP('',(#10708,#10709,#10710,#10711,#10712,#10713,#10714,#10715,#10716,#10717,#10718,#10719,#10720,#10721,#10722,#10723,#10724,#10725,#10726,#10727,#10728,#10729,#10730,#10731,#10732,#10733,#10734,#10735,#10736,#10737));
#10739=FACE_BOUND('',#10738,.T.);
#10740=ADVANCED_FACE('',(#10707,#10739),#10603,.T.);
#10741=CARTESIAN_POINT('',(10.371185865280806,12.339722657251569,0.750000000000000));
#10742=DIRECTION('',(0.0,0.0,1.0));
#10743=DIRECTION('',(1.0,0.0,0.0));
#10744=AXIS2_PLACEMENT_3D('',#10741,#10742,#10743);
#10745=PLANE('',#10744);
#10746=ORIENTED_EDGE('',*,*,#1945,.T.);
#10747=ORIENTED_EDGE('',*,*,#1987,.T.);
#10748=ORIENTED_EDGE('',*,*,#2024,.T.);
#10749=ORIENTED_EDGE('',*,*,#2061,.T.);
#10750=ORIENTED_EDGE('',*,*,#2089,.T.);
#10751=EDGE_LOOP('',(#10746,#10747,#10748,#10749,#10750));
#10752=FACE_OUTER_BOUND('',#10751,.T.);
#10753=ADVANCED_FACE('',(#10752),#10745,.T.);
#10754=CARTESIAN_POINT('',(10.371185865280806,12.339722657251569,0.750000000000000));
#10755=DIRECTION('',(0.0,0.0,1.0));
#10756=DIRECTION('',(1.0,0.0,0.0));
#10757=AXIS2_PLACEMENT_3D('',#10754,#10755,#10756);
#10758=PLANE('',#10757);
#10759=ORIENTED_EDGE('',*,*,#9293,.T.);
#10760=ORIENTED_EDGE('',*,*,#9377,.T.);
#10761=ORIENTED_EDGE('',*,*,#9338,.T.);
#10762=EDGE_LOOP('',(#10759,#10760,#10761));
#10763=FACE_OUTER_BOUND('',#10762,.T.);
#10764=ADVANCED_FACE('',(#10763),#10758,.T.);
#10765=CARTESIAN_POINT('',(10.371185865280806,12.339722657251569,0.750000000000000));
#10766=DIRECTION('',(0.0,0.0,1.0));
#10767=DIRECTION('',(1.0,0.0,0.0));
#10768=AXIS2_PLACEMENT_3D('',#10765,#10766,#10767);
#10769=PLANE('',#10768);
#10770=ORIENTED_EDGE('',*,*,#9058,.T.);
#10771=ORIENTED_EDGE('',*,*,#9752,.T.);
#10772=ORIENTED_EDGE('',*,*,#9890,.T.);
#10773=ORIENTED_EDGE('',*,*,#9853,.T.);
#10774=ORIENTED_EDGE('',*,*,#9261,.T.);
#10775=EDGE_LOOP('',(#10770,#10771,#10772,#10773,#10774));
#10776=FACE_OUTER_BOUND('',#10775,.T.);
#10777=ADVANCED_FACE('',(#10776),#10769,.T.);
#10778=CARTESIAN_POINT('',(10.371185865280806,12.339722657251569,0.750000000000000));
#10779=DIRECTION('',(0.0,0.0,1.0));
#10780=DIRECTION('',(1.0,0.0,0.0));
#10781=AXIS2_PLACEMENT_3D('',#10778,#10779,#10780);
#10782=PLANE('',#10781);
#10783=ORIENTED_EDGE('',*,*,#8878,.T.);
#10784=ORIENTED_EDGE('',*,*,#8962,.T.);
#10785=ORIENTED_EDGE('',*,*,#8923,.T.);
#10786=EDGE_LOOP('',(#10783,#10784,#10785));
#10787=FACE_OUTER_BOUND('',#10786,.T.);
#10788=ADVANCED_FACE('',(#10787),#10782,.T.);
#10789=CARTESIAN_POINT('',(10.371185865280806,12.339722657251569,0.750000000000000));
#10790=DIRECTION('',(0.0,0.0,1.0));
#10791=DIRECTION('',(1.0,0.0,0.0));
#10792=AXIS2_PLACEMENT_3D('',#10789,#10790,#10791);
#10793=PLANE('',#10792);
#10794=ORIENTED_EDGE('',*,*,#8659,.T.);
#10795=ORIENTED_EDGE('',*,*,#9646,.T.);
#10796=ORIENTED_EDGE('',*,*,#9565,.T.);
#10797=ORIENTED_EDGE('',*,*,#8602,.T.);
#10798=ORIENTED_EDGE('',*,*,#8344,.T.);
#10799=ORIENTED_EDGE('',*,*,#8851,.T.);
#10800=EDGE_LOOP('',(#10794,#10795,#10796,#10797,#10798,#10799));
#10801=FACE_OUTER_BOUND('',#10800,.T.);
#10802=ADVANCED_FACE('',(#10801),#10793,.T.);
#10803=CARTESIAN_POINT('',(10.371185865280806,12.339722657251569,0.750000000000000));
#10804=DIRECTION('',(0.0,0.0,1.0));
#10805=DIRECTION('',(1.0,0.0,0.0));
#10806=AXIS2_PLACEMENT_3D('',#10803,#10804,#10805);
#10807=PLANE('',#10806);
#10808=ORIENTED_EDGE('',*,*,#8463,.T.);
#10809=ORIENTED_EDGE('',*,*,#8554,.T.);
#10810=ORIENTED_EDGE('',*,*,#8508,.T.);
#10811=EDGE_LOOP('',(#10808,#10809,#10810));
#10812=FACE_OUTER_BOUND('',#10811,.T.);
#10813=ADVANCED_FACE('',(#10812),#10807,.T.);
#10814=CARTESIAN_POINT('',(10.371185865280806,12.339722657251569,0.750000000000000));
#10815=DIRECTION('',(0.0,0.0,1.0));
#10816=DIRECTION('',(1.0,0.0,0.0));
#10817=AXIS2_PLACEMENT_3D('',#10814,#10815,#10816);
#10818=PLANE('',#10817);
#10819=ORIENTED_EDGE('',*,*,#8219,.T.);
#10820=ORIENTED_EDGE('',*,*,#9540,.T.);
#10821=ORIENTED_EDGE('',*,*,#9773,.T.);
#10822=ORIENTED_EDGE('',*,*,#9425,.T.);
#10823=ORIENTED_EDGE('',*,*,#9174,.T.);
#10824=ORIENTED_EDGE('',*,*,#8431,.T.);
#10825=EDGE_LOOP('',(#10819,#10820,#10821,#10822,#10823,#10824));
#10826=FACE_OUTER_BOUND('',#10825,.T.);
#10827=ADVANCED_FACE('',(#10826),#10818,.T.);
#10828=CARTESIAN_POINT('',(10.371185865280806,12.339722657251569,0.750000000000000));
#10829=DIRECTION('',(0.0,0.0,1.0));
#10830=DIRECTION('',(1.0,0.0,0.0));
#10831=AXIS2_PLACEMENT_3D('',#10828,#10829,#10830);
#10832=PLANE('',#10831);
#10833=ORIENTED_EDGE('',*,*,#8007,.T.);
#10834=ORIENTED_EDGE('',*,*,#9973,.T.);
#10835=ORIENTED_EDGE('',*,*,#9914,.T.);
#10836=ORIENTED_EDGE('',*,*,#8148,.T.);
#10837=EDGE_LOOP('',(#10833,#10834,#10835,#10836));
#10838=FACE_OUTER_BOUND('',#10837,.T.);
#10839=ADVANCED_FACE('',(#10838),#10832,.T.);
#10840=CARTESIAN_POINT('',(10.371185865280806,12.339722657251569,0.750000000000000));
#10841=DIRECTION('',(0.0,0.0,1.0));
#10842=DIRECTION('',(1.0,0.0,0.0));
#10843=AXIS2_PLACEMENT_3D('',#10840,#10841,#10842);
#10844=PLANE('',#10843);
#10845=ORIENTED_EDGE('',*,*,#7838,.T.);
#10846=ORIENTED_EDGE('',*,*,#9868,.T.);
#10847=ORIENTED_EDGE('',*,*,#8069,.T.);
#10848=ORIENTED_EDGE('',*,*,#7953,.T.);
#10849=EDGE_LOOP('',(#10845,#10846,#10847,#10848));
#10850=FACE_OUTER_BOUND('',#10849,.T.);
#10851=ADVANCED_FACE('',(#10850),#10844,.T.);
#10852=CARTESIAN_POINT('',(10.371185865280806,12.339722657251569,0.750000000000000));
#10853=DIRECTION('',(0.0,0.0,1.0));
#10854=DIRECTION('',(1.0,0.0,0.0));
#10855=AXIS2_PLACEMENT_3D('',#10852,#10853,#10854);
#10856=PLANE('',#10855);
#10857=ORIENTED_EDGE('',*,*,#7812,.T.);
#10858=ORIENTED_EDGE('',*,*,#7883,.T.);
#10859=ORIENTED_EDGE('',*,*,#7929,.T.);
#10860=EDGE_LOOP('',(#10857,#10858,#10859));
#10861=FACE_OUTER_BOUND('',#10860,.T.);
#10862=ADVANCED_FACE('',(#10861),#10856,.T.);
#10863=CARTESIAN_POINT('',(10.371185865280806,12.339722657251569,0.750000000000000));
#10864=DIRECTION('',(0.0,0.0,1.0));
#10865=DIRECTION('',(1.0,0.0,0.0));
#10866=AXIS2_PLACEMENT_3D('',#10863,#10864,#10865);
#10867=PLANE('',#10866);
#10868=ORIENTED_EDGE('',*,*,#7506,.T.);
#10869=ORIENTED_EDGE('',*,*,#7701,.T.);
#10870=ORIENTED_EDGE('',*,*,#10417,.T.);
#10871=ORIENTED_EDGE('',*,*,#7523,.T.);
#10872=EDGE_LOOP('',(#10868,#10869,#10870,#10871));
#10873=FACE_OUTER_BOUND('',#10872,.T.);
#10874=ADVANCED_FACE('',(#10873),#10867,.T.);
#10875=CARTESIAN_POINT('',(10.371185865280806,12.339722657251569,0.750000000000000));
#10876=DIRECTION('',(0.0,0.0,1.0));
#10877=DIRECTION('',(1.0,0.0,0.0));
#10878=AXIS2_PLACEMENT_3D('',#10875,#10876,#10877);
#10879=PLANE('',#10878);
#10880=ORIENTED_EDGE('',*,*,#7395,.T.);
#10881=ORIENTED_EDGE('',*,*,#9667,.T.);
#10882=ORIENTED_EDGE('',*,*,#9001,.T.);
#10883=ORIENTED_EDGE('',*,*,#8768,.T.);
#10884=ORIENTED_EDGE('',*,*,#8179,.T.);
#10885=EDGE_LOOP('',(#10880,#10881,#10882,#10883,#10884));
#10886=FACE_OUTER_BOUND('',#10885,.T.);
#10887=ADVANCED_FACE('',(#10886),#10879,.T.);
#10888=CARTESIAN_POINT('',(0.200000000000000,17.188225099390856,0.0));
#10889=DIRECTION('',(0.0,0.0,-1.0));
#10890=DIRECTION('',(-0.923879532511286,0.382683432365091,0.0));
#10891=AXIS2_PLACEMENT_3D('',#10888,#10889,#10890);
#10892=CYLINDRICAL_SURFACE('',#10891,0.200000000000000);
#10893=ORIENTED_EDGE('',*,*,#7045,.T.);
#10894=CARTESIAN_POINT('',(3.469447E-017,17.188225099390856,-0.750000000000000));
#10895=DIRECTION('',(0.0,0.0,1.0));
#10896=VECTOR('',#10895,1.500000000000000);
#10897=LINE('',#10894,#10896);
#10898=EDGE_CURVE('',#7039,#10605,#10897,.T.);
#10899=ORIENTED_EDGE('',*,*,#10898,.T.);
#10900=ORIENTED_EDGE('',*,*,#10613,.T.);
#10901=CARTESIAN_POINT('',(0.058578643762690,17.329646455628165,0.750000000000000));
#10902=DIRECTION('',(0.0,0.0,-1.0));
#10903=VECTOR('',#10902,1.500000000000000);
#10904=LINE('',#10901,#10903);
#10905=EDGE_CURVE('',#10607,#7037,#10904,.T.);
#10906=ORIENTED_EDGE('',*,*,#10905,.T.);
#10907=EDGE_LOOP('',(#10893,#10899,#10900,#10906));
#10908=FACE_OUTER_BOUND('',#10907,.T.);
#10909=ADVANCED_FACE('',(#10908),#10892,.T.);
#10910=CARTESIAN_POINT('',(10.371185865280806,12.339722657251569,0.750000000000000));
#10911=DIRECTION('',(0.0,0.0,1.0));
#10912=DIRECTION('',(1.0,0.0,0.0));
#10913=AXIS2_PLACEMENT_3D('',#10910,#10911,#10912);
#10914=PLANE('',#10913);
#10915=ORIENTED_EDGE('',*,*,#7341,.T.);
#10916=ORIENTED_EDGE('',*,*,#7670,.T.);
#10917=ORIENTED_EDGE('',*,*,#10023,.T.);
#10918=EDGE_LOOP('',(#10915,#10916,#10917));
#10919=FACE_OUTER_BOUND('',#10918,.T.);
#10920=ADVANCED_FACE('',(#10919),#10914,.T.);
#10921=CARTESIAN_POINT('',(0.0,0.0,0.0));
#10922=DIRECTION('',(-1.0,0.0,0.0));
#10923=DIRECTION('',(0.0,0.0,1.0));
#10924=AXIS2_PLACEMENT_3D('',#10921,#10922,#10923);
#10925=PLANE('',#10924);
#10926=ORIENTED_EDGE('',*,*,#10898,.F.);
#10927=ORIENTED_EDGE('',*,*,#7136,.T.);
#10928=CARTESIAN_POINT('',(0.0,0.200000000000000,0.750000000000000));
#10929=DIRECTION('',(0.0,0.0,-1.0));
#10930=VECTOR('',#10929,1.500000000000000);
#10931=LINE('',#10928,#10930);
#10932=EDGE_CURVE('',#10616,#7124,#10931,.T.);
#10933=ORIENTED_EDGE('',*,*,#10932,.F.);
#10934=ORIENTED_EDGE('',*,*,#10621,.T.);
#10935=EDGE_LOOP('',(#10926,#10927,#10933,#10934));
#10936=FACE_OUTER_BOUND('',#10935,.T.);
#10937=ADVANCED_FACE('',(#10936),#10925,.T.);
#10938=CARTESIAN_POINT('',(0.200000000000000,0.200000000000000,0.0));
#10939=DIRECTION('',(0.0,0.0,1.0));
#10940=DIRECTION('',(-0.707106781186548,-0.707106781186547,0.0));
#10941=AXIS2_PLACEMENT_3D('',#10938,#10939,#10940);
#10942=CYLINDRICAL_SURFACE('',#10941,0.200000000000000);
#10943=ORIENTED_EDGE('',*,*,#10630,.T.);
#10944=ORIENTED_EDGE('',*,*,#10932,.T.);
#10945=ORIENTED_EDGE('',*,*,#7130,.T.);
#10946=CARTESIAN_POINT('',(0.200000000000000,0.0,-0.750000000000000));
#10947=DIRECTION('',(0.0,0.0,1.0));
#10948=VECTOR('',#10947,1.500000000000000);
#10949=LINE('',#10946,#10948);
#10950=EDGE_CURVE('',#7116,#10624,#10949,.T.);
#10951=ORIENTED_EDGE('',*,*,#10950,.T.);
#10952=EDGE_LOOP('',(#10943,#10944,#10945,#10951));
#10953=FACE_OUTER_BOUND('',#10952,.T.);
#10954=ADVANCED_FACE('',(#10953),#10942,.T.);
#10955=CARTESIAN_POINT('',(19.800000000000001,9.800000000000004,0.0));
#10956=DIRECTION('',(0.0,0.0,1.0));
#10957=DIRECTION('',(0.707106781186548,0.707106781186548,0.0));
#10958=AXIS2_PLACEMENT_3D('',#10955,#10956,#10957);
#10959=CYLINDRICAL_SURFACE('',#10958,0.200000000000000);
#10960=ORIENTED_EDGE('',*,*,#10664,.T.);
#10961=CARTESIAN_POINT('',(20.0,9.800000000000004,0.750000000000000));
#10962=DIRECTION('',(0.0,0.0,-1.0));
#10963=VECTOR('',#10962,1.500000000000000);
#10964=LINE('',#10961,#10963);
#10965=EDGE_CURVE('',#10650,#7090,#10964,.T.);
#10966=ORIENTED_EDGE('',*,*,#10965,.T.);
#10967=ORIENTED_EDGE('',*,*,#7096,.T.);
#10968=CARTESIAN_POINT('',(19.800000000000001,10.000000000000004,-0.750000000000000));
#10969=DIRECTION('',(0.0,0.0,1.0));
#10970=VECTOR('',#10969,1.500000000000000);
#10971=LINE('',#10968,#10970);
#10972=EDGE_CURVE('',#7082,#10658,#10971,.T.);
#10973=ORIENTED_EDGE('',*,*,#10972,.T.);
#10974=EDGE_LOOP('',(#10960,#10966,#10967,#10973));
#10975=FACE_OUTER_BOUND('',#10974,.T.);
#10976=ADVANCED_FACE('',(#10975),#10959,.T.);
#10977=CARTESIAN_POINT('',(10.371185865280806,12.339722657251569,-0.750000000000000));
#10978=DIRECTION('',(0.0,0.0,1.0));
#10979=DIRECTION('',(1.0,0.0,0.0));
#10980=AXIS2_PLACEMENT_3D('',#10977,#10978,#10979);
#10981=PLANE('',#10980);
#10982=ORIENTED_EDGE('',*,*,#3787,.T.);
#10983=ORIENTED_EDGE('',*,*,#6462,.T.);
#10984=ORIENTED_EDGE('',*,*,#4088,.T.);
#10985=EDGE_LOOP('',(#10982,#10983,#10984));
#10986=FACE_OUTER_BOUND('',#10985,.T.);
#10987=ADVANCED_FACE('',(#10986),#10981,.F.);
#10988=CARTESIAN_POINT('',(20.0,10.0,0.0));
#10989=DIRECTION('',(1.0,0.0,0.0));
#10990=DIRECTION('',(0.0,0.0,-1.0));
#10991=AXIS2_PLACEMENT_3D('',#10988,#10989,#10990);
#10992=PLANE('',#10991);
#10993=ORIENTED_EDGE('',*,*,#10965,.F.);
#10994=ORIENTED_EDGE('',*,*,#10655,.T.);
#10995=CARTESIAN_POINT('',(20.0,0.200000000000000,-0.750000000000000));
#10996=DIRECTION('',(0.0,0.0,1.0));
#10997=VECTOR('',#10996,1.500000000000000);
#10998=LINE('',#10995,#10997);
#10999=EDGE_CURVE('',#7099,#10641,#10998,.T.);
#11000=ORIENTED_EDGE('',*,*,#10999,.F.);
#11001=ORIENTED_EDGE('',*,*,#7104,.T.);
#11002=EDGE_LOOP('',(#10993,#10994,#11000,#11001));
#11003=FACE_OUTER_BOUND('',#11002,.T.);
#11004=ADVANCED_FACE('',(#11003),#10992,.T.);
#11005=CARTESIAN_POINT('',(19.800000000000001,0.200000000000000,0.0));
#11006=DIRECTION('',(0.0,0.0,1.0));
#11007=DIRECTION('',(0.707106781186548,-0.707106781186548,0.0));
#11008=AXIS2_PLACEMENT_3D('',#11005,#11006,#11007);
#11009=CYLINDRICAL_SURFACE('',#11008,0.200000000000000);
#11010=ORIENTED_EDGE('',*,*,#10647,.T.);
#11011=CARTESIAN_POINT('',(19.800000000000001,0.0,0.750000000000000));
#11012=DIRECTION('',(0.0,0.0,-1.0));
#11013=VECTOR('',#11012,1.500000000000000);
#11014=LINE('',#11011,#11013);
#11015=EDGE_CURVE('',#10633,#7107,#11014,.T.);
#11016=ORIENTED_EDGE('',*,*,#11015,.T.);
#11017=ORIENTED_EDGE('',*,*,#7113,.T.);
#11018=ORIENTED_EDGE('',*,*,#10999,.T.);
#11019=EDGE_LOOP('',(#11010,#11016,#11017,#11018));
#11020=FACE_OUTER_BOUND('',#11019,.T.);
#11021=ADVANCED_FACE('',(#11020),#11009,.T.);
#11022=CARTESIAN_POINT('',(13.799999999999999,24.000000000000004,0.0));
#11023=DIRECTION('',(0.0,0.0,1.0));
#11024=DIRECTION('',(-1.0,0.0,0.0));
#11025=AXIS2_PLACEMENT_3D('',#11022,#11023,#11024);
#11026=CYLINDRICAL_SURFACE('',#11025,1.500000000000000);
#11027=ORIENTED_EDGE('',*,*,#1869,.F.);
#11028=EDGE_LOOP('',(#11027));
#11029=FACE_OUTER_BOUND('',#11028,.T.);
#11030=ORIENTED_EDGE('',*,*,#3711,.F.);
#11031=EDGE_LOOP('',(#11030));
#11032=FACE_BOUND('',#11031,.T.);
#11033=ADVANCED_FACE('',(#11029,#11032),#11026,.F.);
#11034=CARTESIAN_POINT('',(6.658571571457150,17.0,0.0));
#11035=DIRECTION('',(0.0,0.0,1.0));
#11036=DIRECTION('',(-1.0,0.0,0.0));
#11037=AXIS2_PLACEMENT_3D('',#11034,#11035,#11036);
#11038=CYLINDRICAL_SURFACE('',#11037,1.500000000000000);
#11039=ORIENTED_EDGE('',*,*,#1858,.F.);
#11040=EDGE_LOOP('',(#11039));
#11041=FACE_OUTER_BOUND('',#11040,.T.);
#11042=ORIENTED_EDGE('',*,*,#3700,.F.);
#11043=EDGE_LOOP('',(#11042));
#11044=FACE_BOUND('',#11043,.T.);
#11045=ADVANCED_FACE('',(#11041,#11044),#11038,.F.);
#11046=CARTESIAN_POINT('',(5.0,5.000000000000001,0.0));
#11047=DIRECTION('',(0.0,0.0,1.0));
#11048=DIRECTION('',(-1.0,0.0,0.0));
#11049=AXIS2_PLACEMENT_3D('',#11046,#11047,#11048);
#11050=CYLINDRICAL_SURFACE('',#11049,1.500000000000000);
#11051=ORIENTED_EDGE('',*,*,#1891,.F.);
#11052=EDGE_LOOP('',(#11051));
#11053=FACE_OUTER_BOUND('',#11052,.T.);
#11054=ORIENTED_EDGE('',*,*,#3733,.F.);
#11055=EDGE_LOOP('',(#11054));
#11056=FACE_BOUND('',#11055,.T.);
#11057=ADVANCED_FACE('',(#11053,#11056),#11050,.F.);
#11058=CARTESIAN_POINT('',(14.999999999999998,5.0,0.0));
#11059=DIRECTION('',(0.0,0.0,1.0));
#11060=DIRECTION('',(-1.0,0.0,0.0));
#11061=AXIS2_PLACEMENT_3D('',#11058,#11059,#11060);
#11062=CYLINDRICAL_SURFACE('',#11061,1.500000000000000);
#11063=ORIENTED_EDGE('',*,*,#1880,.F.);
#11064=EDGE_LOOP('',(#11063));
#11065=FACE_OUTER_BOUND('',#11064,.T.);
#11066=ORIENTED_EDGE('',*,*,#3722,.F.);
#11067=EDGE_LOOP('',(#11066));
#11068=FACE_BOUND('',#11067,.T.);
#11069=ADVANCED_FACE('',(#11065,#11068),#11062,.F.);
#11070=CARTESIAN_POINT('',(2.909661E-017,17.271067811865475,0.0));
#11071=DIRECTION('',(-0.707106781186548,0.707106781186547,0.0));
#11072=DIRECTION('',(0.0,0.0,1.0));
#11073=AXIS2_PLACEMENT_3D('',#11070,#11071,#11072);
#11074=PLANE('',#11073);
#11075=ORIENTED_EDGE('',*,*,#10905,.F.);
#11076=ORIENTED_EDGE('',*,*,#10704,.T.);
#11077=CARTESIAN_POINT('',(10.264466094067263,27.535533905932745,-0.750000000000000));
#11078=DIRECTION('',(0.0,0.0,1.0));
#11079=VECTOR('',#11078,1.500000000000000);
#11080=LINE('',#11077,#11079);
#11081=EDGE_CURVE('',#7048,#10692,#11080,.T.);
#11082=ORIENTED_EDGE('',*,*,#11081,.F.);
#11083=ORIENTED_EDGE('',*,*,#7053,.T.);
#11084=EDGE_LOOP('',(#11075,#11076,#11082,#11083));
#11085=FACE_OUTER_BOUND('',#11084,.T.);
#11086=ADVANCED_FACE('',(#11085),#11074,.T.);
#11087=CARTESIAN_POINT('',(13.799999999999999,24.000000000000004,0.0));
#11088=DIRECTION('',(0.0,0.0,1.0));
#11089=DIRECTION('',(0.707106781186548,-0.707106781186547,0.0));
#11090=AXIS2_PLACEMENT_3D('',#11087,#11088,#11089);
#11091=CYLINDRICAL_SURFACE('',#11090,5.000000000000001);
#11092=ORIENTED_EDGE('',*,*,#10698,.T.);
#11093=CARTESIAN_POINT('',(17.335533905932742,20.464466094067262,-0.750000000000000));
#11094=DIRECTION('',(0.0,0.0,1.0));
#11095=VECTOR('',#11094,1.500000000000000);
#11096=LINE('',#11093,#11095);
#11097=EDGE_CURVE('',#7056,#10684,#11096,.T.);
#11098=ORIENTED_EDGE('',*,*,#11097,.F.);
#11099=ORIENTED_EDGE('',*,*,#7062,.T.);
#11100=ORIENTED_EDGE('',*,*,#11081,.T.);
#11101=EDGE_LOOP('',(#11092,#11098,#11099,#11100));
#11102=FACE_OUTER_BOUND('',#11101,.T.);
#11103=ADVANCED_FACE('',(#11102),#11091,.T.);
#11104=CARTESIAN_POINT('',(17.335533905932742,20.464466094067262,0.0));
#11105=DIRECTION('',(0.707106781186548,-0.707106781186547,0.0));
#11106=DIRECTION('',(0.0,0.0,-1.0));
#11107=AXIS2_PLACEMENT_3D('',#11104,#11105,#11106);
#11108=PLANE('',#11107);
#11109=ORIENTED_EDGE('',*,*,#10689,.T.);
#11110=CARTESIAN_POINT('',(10.648023074035521,13.776955262170050,-0.750000000000000));
#11111=DIRECTION('',(0.0,0.0,1.0));
#11112=VECTOR('',#11111,1.500000000000000);
#11113=LINE('',#11110,#11112);
#11114=EDGE_CURVE('',#7065,#10675,#11113,.T.);
#11115=ORIENTED_EDGE('',*,*,#11114,.F.);
#11116=ORIENTED_EDGE('',*,*,#7070,.T.);
#11117=ORIENTED_EDGE('',*,*,#11097,.T.);
#11118=EDGE_LOOP('',(#11109,#11115,#11116,#11117));
#11119=FACE_OUTER_BOUND('',#11118,.T.);
#11120=ADVANCED_FACE('',(#11119),#11108,.T.);
#11121=CARTESIAN_POINT('',(12.212489168102788,12.212489168102783,0.0));
#11122=DIRECTION('',(0.0,0.0,1.0));
#11123=DIRECTION('',(0.707106781186548,-0.707106781186548,0.0));
#11124=AXIS2_PLACEMENT_3D('',#11121,#11122,#11123);
#11125=CYLINDRICAL_SURFACE('',#11124,2.212489168102783);
#11126=ORIENTED_EDGE('',*,*,#10681,.T.);
#11127=CARTESIAN_POINT('',(12.212489168102788,10.000000000000004,-0.750000000000000));
#11128=DIRECTION('',(0.0,0.0,1.0));
#11129=VECTOR('',#11128,1.500000000000000);
#11130=LINE('',#11127,#11129);
#11131=EDGE_CURVE('',#7073,#10667,#11130,.T.);
#11132=ORIENTED_EDGE('',*,*,#11131,.F.);
#11133=ORIENTED_EDGE('',*,*,#7079,.T.);
#11134=ORIENTED_EDGE('',*,*,#11114,.T.);
#11135=EDGE_LOOP('',(#11126,#11132,#11133,#11134));
#11136=FACE_OUTER_BOUND('',#11135,.T.);
#11137=ADVANCED_FACE('',(#11136),#11125,.F.);
#11138=CARTESIAN_POINT('',(12.212489168102788,10.000000000000004,0.0));
#11139=DIRECTION('',(0.0,1.0,0.0));
#11140=DIRECTION('',(0.0,0.0,1.0));
#11141=AXIS2_PLACEMENT_3D('',#11138,#11139,#11140);
#11142=PLANE('',#11141);
#11143=ORIENTED_EDGE('',*,*,#10972,.F.);
#11144=ORIENTED_EDGE('',*,*,#7087,.T.);
#11145=ORIENTED_EDGE('',*,*,#11131,.T.);
#11146=ORIENTED_EDGE('',*,*,#10672,.T.);
#11147=EDGE_LOOP('',(#11143,#11144,#11145,#11146));
#11148=FACE_OUTER_BOUND('',#11147,.T.);
#11149=ADVANCED_FACE('',(#11148),#11142,.T.);
#11150=CARTESIAN_POINT('',(20.0,0.0,0.0));
#11151=DIRECTION('',(0.0,-1.0,0.0));
#11152=DIRECTION('',(0.0,0.0,-1.0));
#11153=AXIS2_PLACEMENT_3D('',#11150,#11151,#11152);
#11154=PLANE('',#11153);
#11155=ORIENTED_EDGE('',*,*,#10950,.F.);
#11156=ORIENTED_EDGE('',*,*,#7121,.T.);
#11157=ORIENTED_EDGE('',*,*,#11015,.F.);
#11158=ORIENTED_EDGE('',*,*,#10638,.T.);
#11159=EDGE_LOOP('',(#11155,#11156,#11157,#11158));
#11160=FACE_OUTER_BOUND('',#11159,.T.);
#11161=ADVANCED_FACE('',(#11160),#11154,.T.);
#11162=CLOSED_SHELL('',(#113,#150,#187,#224,#252,#298,#335,#372,#409,#446,#474,#520,#551,#588,#625,#662,#699,#736,#773,#804,#841,#878,#915,#952,#980,#1017,#1057,#1088,#1119,#1141,#1153,#1193,#1224,#1255,#1286,#1317,#1350,#1383,#1416,#1447,#1480,#1513,#1546,#1577,#1599,#1621,#1895,#1909,#1955,#1992,#2029,#2066,#2094,#2140,#2177,#2214,#2251,#2288,#2316,#2362,#2393,#2430,#2467,#2504,#2541,#2578,#2615,#2646,#2683,#2720,#2757,#2794,#2822,#2859,#2899,#2930,#2961,#2983,#2995,#3035,#3066,#3097,#3128,#3159,#3192,#3225,#3258,#3289,#3322,#3355,#3388,#3419,#3441,#3463,#3737,#3751,#3791,#3831,#3862,#3902,#3942,#3973,#4004,#4035,#4075,#4106,#4137,#4168,#4208,#4248,#4288,#4319,#4350,#4372,#4403,#4443,#4474,#4505,#4536,#4567,#4598,#4629,#4669,#4709,#4740,#4780,#4811,#4842,#4873,#4913,#4944,#4968,#4990,#5021,#5052,#5069,#5109,#5149,#5173,#5204,#5235,#5266,#5288,#5328,#5359,#5376,#5398,#5420,#5451,#5468,#5508,#5548,#5579,#5610,#5641,#5672,#5703,#5743,#5774,#5791,#5813,#5844,#5875,#5892,#5923,#5945,#5976,#6007,#6038,#6060,#6082,#6104,#6135,#6157,#6188,#6210,#6241,#6258,#6289,#6311,#6333,#6364,#6388,#6410,#6427,#6444,#6466,#6497,#6528,#6568,#6608,#6630,#6661,#6692,#6723,#6754,#6771,#6788,#6810,#6832,#6854,#6876,#7018,#7030,#7172,#7185,#7196,#7209,#7220,#7234,#7245,#7259,#7271,#7283,#7294,#7306,#7319,#7359,#7399,#7430,#7470,#7510,#7541,#7572,#7603,#7643,#7674,#7705,#7736,#7776,#7816,#7856,#7887,#7918,#7940,#7971,#8011,#8042,#8073,#8104,#8135,#8166,#8197,#8237,#8277,#8308,#8348,#8379,#8410,#8441,#8481,#8512,#8536,#8558,#8589,#8620,#8637,#8677,#8717,#8741,#8772,#8803,#8834,#8856,#8896,#8927,#8944,#8966,#8988,#9019,#9036,#9076,#9116,#9147,#9178,#9209,#9240,#9271,#9311,#9342,#9359,#9381,#9412,#9443,#9460,#9491,#9513,#9544,#9575,#9606,#9628,#9650,#9672,#9703,#9725,#9756,#9778,#9809,#9826,#9857,#9879,#9901,#9932,#9956,#9978,#9995,#10012,#10034,#10065,#10096,#10136,#10176,#10198,#10229,#10260,#10291,#10322,#10339,#10356,#10378,#10400,#10422,#10444,#10586,#10598,#10740,#10753,#10764,#10777,#10788,#10802,#10813,#10827,#10839,#10851,#10862,#10874,#10887,#10909,#10920,#10937,#10954,#10976,#10987,#11004,#11021,#11033,#11045,#11057,#11069,#11086,#11103,#11120,#11137,#11149,#11161));
#11163=MANIFOLD_SOLID_BREP('Solid1',#11162);
#11164=COLOUR_RGB('Metal-Steel',0.639216005802155,0.639216005802155,0.686275005340576);
#11165=FILL_AREA_STYLE_COLOUR('Metal-Steel',#11164);
#11166=FILL_AREA_STYLE('Metal-Steel',(#11165));
#11167=SURFACE_STYLE_FILL_AREA(#11166);
#11168=SURFACE_SIDE_STYLE('Metal-Steel',(#11167));
#11169=SURFACE_STYLE_USAGE(.BOTH.,#11168);
#11170=PRESENTATION_STYLE_ASSIGNMENT((#11169));
#11171=STYLED_ITEM('',(#11170),#11163);
#11172=MECHANICAL_DESIGN_GEOMETRIC_PRESENTATION_REPRESENTATION('',(#11171),#36);
#11173=ADVANCED_BREP_SHAPE_REPRESENTATION('ABSR',(#11163),#36);
#11174=SHAPE_REPRESENTATION_RELATIONSHIP('SRR','None',#11173,#41);
ENDSEC;
END-ISO-10303-21;
