ISO-10303-21;
HEADER;
/****************************************************************
 * Generated by software with PDE/Lib inside                    *
 * PDElib Version v51a, created Fri 12/12/2008                  *
 * International Technegroup Inc. (www.iti-oh.com)              *
 ****************************************************************/
FILE_DESCRIPTION((''),'2;1');
FILE_NAME('G:\\Makerbeam\\PARTS\\100292.stp','2015-07-14T02:29:13',('Jeff'),(''),'Autodesk Inventor 2010','Autodesk Inventor 2010','');
FILE_SCHEMA(('CONFIG_CONTROL_DESIGN'));
ENDSEC;
DATA;
#5=APPLICATION_CONTEXT('configuration controlled 3D designs of mechanical parts and assemblies');
#6=APPLICATION_PROTOCOL_DEFINITION('International Standard','configuration_control_3d_design_ed2_mim_lf',2004,#5);
#7=PRODUCT_CONTEXT('',#5,'mechanical');
#8=PRODUCT('100292','100292',$,(#7));
#9=PRODUCT_RELATED_PRODUCT_CATEGORY('part',$,(#8));
#10=PRODUCT_DEFINITION_FORMATION('',$,#8);
#11=PRODUCT_DEFINITION_CONTEXT('part definition',#5,'design');
#12=PRODUCT_DEFINITION('',$,#10,#11);
#18=(NAMED_UNIT(*)PLANE_ANGLE_UNIT()SI_UNIT($,.RADIAN.));
#19=DIMENSIONAL_EXPONENTS(0.0,0.0,0.0,0.0,0.0,0.0,0.0);
#20=PLANE_ANGLE_MEASURE_WITH_UNIT(PLANE_ANGLE_MEASURE(0.017453292500000),#18);
#24=(CONVERSION_BASED_UNIT('DEGREE',#20)NAMED_UNIT(#19)PLANE_ANGLE_UNIT());
#28=(NAMED_UNIT(*)SI_UNIT($,.STERADIAN.)SOLID_ANGLE_UNIT());
#32=(LENGTH_UNIT()NAMED_UNIT(*)SI_UNIT(.MILLI.,.METRE.));
#34=UNCERTAINTY_MEASURE_WITH_UNIT(LENGTH_MEASURE(0.010000000000000),#32,'DISTANCE_ACCURACY_VALUE','');
#36=(GEOMETRIC_REPRESENTATION_CONTEXT(3)GLOBAL_UNCERTAINTY_ASSIGNED_CONTEXT((#34))GLOBAL_UNIT_ASSIGNED_CONTEXT((#24,#28,#32))REPRESENTATION_CONTEXT('None','None'));
#37=AXIS2_PLACEMENT_3D('',#38,#39,#40);
#38=CARTESIAN_POINT('',(0.0,0.0,0.0));
#39=DIRECTION('',(0.0,0.0,1.0));
#40=DIRECTION('',(1.0,0.0,0.0));
#41=SHAPE_REPRESENTATION('',(#37),#36);
#42=PRODUCT_DEFINITION_SHAPE('','',#12);
#43=SHAPE_DEFINITION_REPRESENTATION(#42,#41);
#49=(NAMED_UNIT(*)PLANE_ANGLE_UNIT()SI_UNIT($,.RADIAN.));
#50=DIMENSIONAL_EXPONENTS(0.0,0.0,0.0,0.0,0.0,0.0,0.0);
#51=PLANE_ANGLE_MEASURE_WITH_UNIT(PLANE_ANGLE_MEASURE(0.017453292500000),#49);
#55=(CONVERSION_BASED_UNIT('DEGREE',#51)NAMED_UNIT(#50)PLANE_ANGLE_UNIT());
#59=(NAMED_UNIT(*)SI_UNIT($,.STERADIAN.)SOLID_ANGLE_UNIT());
#63=(LENGTH_UNIT()NAMED_UNIT(*)SI_UNIT(.MILLI.,.METRE.));
#65=UNCERTAINTY_MEASURE_WITH_UNIT(LENGTH_MEASURE(0.000001000000000),#63,'DISTANCE_ACCURACY_VALUE','');
#67=(GEOMETRIC_REPRESENTATION_CONTEXT(3)GLOBAL_UNCERTAINTY_ASSIGNED_CONTEXT((#65))GLOBAL_UNIT_ASSIGNED_CONTEXT((#55,#59,#63))REPRESENTATION_CONTEXT('','3D'));
#68=CARTESIAN_POINT('',(5.252570163440158,10.786917920468998,-0.750000000000000));
#69=DIRECTION('',(-1.0,0.0,0.0));
#70=DIRECTION('',(0.0,0.0,1.0));
#71=AXIS2_PLACEMENT_3D('',#68,#69,#70);
#72=PLANE('',#71);
#73=CARTESIAN_POINT('',(5.252570163440158,10.786917920468998,-0.650000000000000));
#74=VERTEX_POINT('',#73);
#75=CARTESIAN_POINT('',(5.252570163440158,10.956125240063553,-0.650000000000000));
#76=VERTEX_POINT('',#75);
#77=CARTESIAN_POINT('',(5.252570163440158,10.786917920468998,-0.650000000000000));
#78=DIRECTION('',(0.0,1.0,0.0));
#79=VECTOR('',#78,0.169207319594555);
#80=LINE('',#77,#79);
#81=EDGE_CURVE('',#74,#76,#80,.T.);
#82=ORIENTED_EDGE('',*,*,#81,.F.);
#83=CARTESIAN_POINT('',(5.252570163440158,10.786917920468998,-0.750000000000000));
#84=VERTEX_POINT('',#83);
#85=CARTESIAN_POINT('',(5.252570163440158,10.786917920468998,-0.750000000000000));
#86=DIRECTION('',(0.0,0.0,1.0));
#87=VECTOR('',#86,0.100000000000000);
#88=LINE('',#85,#87);
#89=EDGE_CURVE('',#84,#74,#88,.T.);
#90=ORIENTED_EDGE('',*,*,#89,.F.);
#91=CARTESIAN_POINT('',(5.252570163440158,10.956125240063553,-0.750000000000000));
#92=VERTEX_POINT('',#91);
#93=CARTESIAN_POINT('',(5.252570163440158,10.956125240063553,-0.750000000000000));
#94=DIRECTION('',(0.0,-1.0,0.0));
#95=VECTOR('',#94,0.169207319594555);
#96=LINE('',#93,#95);
#97=EDGE_CURVE('',#92,#84,#96,.T.);
#98=ORIENTED_EDGE('',*,*,#97,.F.);
#99=CARTESIAN_POINT('',(5.252570163440158,10.956125240063553,-0.750000000000000));
#100=DIRECTION('',(0.0,0.0,1.0));
#101=VECTOR('',#100,0.100000000000000);
#102=LINE('',#99,#101);
#103=EDGE_CURVE('',#92,#76,#102,.T.);
#104=ORIENTED_EDGE('',*,*,#103,.T.);
#105=EDGE_LOOP('',(#82,#90,#98,#104));
#106=FACE_OUTER_BOUND('',#105,.T.);
#107=ADVANCED_FACE('',(#106),#72,.F.);
#108=CARTESIAN_POINT('',(5.252570163440158,10.956125240063553,-0.750000000000000));
#109=DIRECTION('',(0.0,1.0,0.0));
#110=DIRECTION('',(0.0,0.0,1.0));
#111=AXIS2_PLACEMENT_3D('',#108,#109,#110);
#112=PLANE('',#111);
#113=CARTESIAN_POINT('',(6.046015297214630,10.956125240063553,-0.650000000000000));
#114=VERTEX_POINT('',#113);
#115=CARTESIAN_POINT('',(5.252570163440158,10.956125240063553,-0.650000000000000));
#116=DIRECTION('',(1.0,0.0,0.0));
#117=VECTOR('',#116,0.793445133774473);
#118=LINE('',#115,#117);
#119=EDGE_CURVE('',#76,#114,#118,.T.);
#120=ORIENTED_EDGE('',*,*,#119,.F.);
#121=ORIENTED_EDGE('',*,*,#103,.F.);
#122=CARTESIAN_POINT('',(6.046015297214630,10.956125240063553,-0.750000000000000));
#123=VERTEX_POINT('',#122);
#124=CARTESIAN_POINT('',(6.046015297214630,10.956125240063553,-0.750000000000000));
#125=DIRECTION('',(-1.0,0.0,0.0));
#126=VECTOR('',#125,0.793445133774473);
#127=LINE('',#124,#126);
#128=EDGE_CURVE('',#123,#92,#127,.T.);
#129=ORIENTED_EDGE('',*,*,#128,.F.);
#130=CARTESIAN_POINT('',(6.046015297214630,10.956125240063553,-0.750000000000000));
#131=DIRECTION('',(0.0,0.0,1.0));
#132=VECTOR('',#131,0.100000000000000);
#133=LINE('',#130,#132);
#134=EDGE_CURVE('',#123,#114,#133,.T.);
#135=ORIENTED_EDGE('',*,*,#134,.T.);
#136=EDGE_LOOP('',(#120,#121,#129,#135));
#137=FACE_OUTER_BOUND('',#136,.T.);
#138=ADVANCED_FACE('',(#137),#112,.F.);
#139=CARTESIAN_POINT('',(6.046015297214630,10.956125240063553,-0.750000000000000));
#140=DIRECTION('',(1.0,0.0,0.0));
#141=DIRECTION('',(0.0,0.0,-1.0));
#142=AXIS2_PLACEMENT_3D('',#139,#140,#141);
#143=PLANE('',#142);
#144=CARTESIAN_POINT('',(6.046015297214630,10.786917920468998,-0.650000000000000));
#145=VERTEX_POINT('',#144);
#146=CARTESIAN_POINT('',(6.046015297214630,10.956125240063553,-0.650000000000000));
#147=DIRECTION('',(0.0,-1.0,0.0));
#148=VECTOR('',#147,0.169207319594555);
#149=LINE('',#146,#148);
#150=EDGE_CURVE('',#114,#145,#149,.T.);
#151=ORIENTED_EDGE('',*,*,#150,.F.);
#152=ORIENTED_EDGE('',*,*,#134,.F.);
#153=CARTESIAN_POINT('',(6.046015297214630,10.786917920468998,-0.750000000000000));
#154=VERTEX_POINT('',#153);
#155=CARTESIAN_POINT('',(6.046015297214630,10.786917920468998,-0.750000000000000));
#156=DIRECTION('',(0.0,1.0,0.0));
#157=VECTOR('',#156,0.169207319594555);
#158=LINE('',#155,#157);
#159=EDGE_CURVE('',#154,#123,#158,.T.);
#160=ORIENTED_EDGE('',*,*,#159,.F.);
#161=CARTESIAN_POINT('',(6.046015297214630,10.786917920468998,-0.750000000000000));
#162=DIRECTION('',(0.0,0.0,1.0));
#163=VECTOR('',#162,0.100000000000000);
#164=LINE('',#161,#163);
#165=EDGE_CURVE('',#154,#145,#164,.T.);
#166=ORIENTED_EDGE('',*,*,#165,.T.);
#167=EDGE_LOOP('',(#151,#152,#160,#166));
#168=FACE_OUTER_BOUND('',#167,.T.);
#169=ADVANCED_FACE('',(#168),#143,.F.);
#170=CARTESIAN_POINT('',(6.046015297214630,10.786917920468998,-0.750000000000000));
#171=DIRECTION('',(0.0,-1.0,0.0));
#172=DIRECTION('',(0.0,0.0,-1.0));
#173=AXIS2_PLACEMENT_3D('',#170,#171,#172);
#174=PLANE('',#173);
#175=CARTESIAN_POINT('',(5.750283585490812,10.786917920468998,-0.650000000000000));
#176=VERTEX_POINT('',#175);
#177=CARTESIAN_POINT('',(6.046015297214630,10.786917920468998,-0.650000000000000));
#178=DIRECTION('',(-1.0,0.0,0.0));
#179=VECTOR('',#178,0.295731711723819);
#180=LINE('',#177,#179);
#181=EDGE_CURVE('',#145,#176,#180,.T.);
#182=ORIENTED_EDGE('',*,*,#181,.F.);
#183=ORIENTED_EDGE('',*,*,#165,.F.);
#184=CARTESIAN_POINT('',(5.750283585490812,10.786917920468998,-0.750000000000000));
#185=VERTEX_POINT('',#184);
#186=CARTESIAN_POINT('',(5.750283585490811,10.786917920468998,-0.750000000000000));
#187=DIRECTION('',(1.0,0.0,0.0));
#188=VECTOR('',#187,0.295731711723819);
#189=LINE('',#186,#188);
#190=EDGE_CURVE('',#185,#154,#189,.T.);
#191=ORIENTED_EDGE('',*,*,#190,.F.);
#192=CARTESIAN_POINT('',(5.750283585490812,10.786917920468998,-0.750000000000000));
#193=DIRECTION('',(0.0,0.0,1.0));
#194=VECTOR('',#193,0.100000000000000);
#195=LINE('',#192,#194);
#196=EDGE_CURVE('',#185,#176,#195,.T.);
#197=ORIENTED_EDGE('',*,*,#196,.T.);
#198=EDGE_LOOP('',(#182,#183,#191,#197));
#199=FACE_OUTER_BOUND('',#198,.T.);
#200=ADVANCED_FACE('',(#199),#174,.F.);
#201=CARTESIAN_POINT('',(5.750283585490812,10.786917920468998,-0.750000000000000));
#202=DIRECTION('',(1.0,0.0,0.0));
#203=DIRECTION('',(0.0,0.0,-1.0));
#204=AXIS2_PLACEMENT_3D('',#201,#202,#203);
#205=PLANE('',#204);
#206=CARTESIAN_POINT('',(5.750283585490812,9.978228884028347,-0.650000000000000));
#207=VERTEX_POINT('',#206);
#208=CARTESIAN_POINT('',(5.750283585490812,10.786917920468998,-0.650000000000000));
#209=DIRECTION('',(0.0,-1.0,0.0));
#210=VECTOR('',#209,0.808689036440651);
#211=LINE('',#208,#210);
#212=EDGE_CURVE('',#176,#207,#211,.T.);
#213=ORIENTED_EDGE('',*,*,#212,.F.);
#214=ORIENTED_EDGE('',*,*,#196,.F.);
#215=CARTESIAN_POINT('',(5.750283585490812,9.978228884028347,-0.750000000000000));
#216=VERTEX_POINT('',#215);
#217=CARTESIAN_POINT('',(5.750283585490812,9.978228884028347,-0.750000000000000));
#218=DIRECTION('',(0.0,1.0,0.0));
#219=VECTOR('',#218,0.808689036440651);
#220=LINE('',#217,#219);
#221=EDGE_CURVE('',#216,#185,#220,.T.);
#222=ORIENTED_EDGE('',*,*,#221,.F.);
#223=CARTESIAN_POINT('',(5.750283585490812,9.978228884028347,-0.750000000000000));
#224=DIRECTION('',(0.0,0.0,1.0));
#225=VECTOR('',#224,0.100000000000000);
#226=LINE('',#223,#225);
#227=EDGE_CURVE('',#216,#207,#226,.T.);
#228=ORIENTED_EDGE('',*,*,#227,.T.);
#229=EDGE_LOOP('',(#213,#214,#222,#228));
#230=FACE_OUTER_BOUND('',#229,.T.);
#231=ADVANCED_FACE('',(#230),#205,.F.);
#232=CARTESIAN_POINT('',(5.721320170425077,9.759478880768718,-0.750000000000000));
#233=CARTESIAN_POINT('',(5.750283585490812,9.818167906033496,-0.750000000000000));
#234=CARTESIAN_POINT('',(5.750283585490812,9.978228884028347,-0.750000000000000));
#235=CARTESIAN_POINT('',(5.721320170425077,9.759478880768718,-0.650000000000000));
#236=CARTESIAN_POINT('',(5.750283585490812,9.818167906033496,-0.650000000000000));
#237=CARTESIAN_POINT('',(5.750283585490812,9.978228884028347,-0.650000000000000));
#238=B_SPLINE_SURFACE_WITH_KNOTS('',2,1,((#232,#235),(#233,#236),(#234,#237)),.UNSPECIFIED.,.F.,.F.,.U.,(3,3),(2,2),(0.0,1.0),(0.0,0.010000000000000),.UNSPECIFIED.);
#239=CARTESIAN_POINT('',(5.721320170425077,9.759478880768718,-0.650000000000000));
#240=VERTEX_POINT('',#239);
#241=CARTESIAN_POINT('',(5.750283585490812,9.978228884028347,-0.650000000000000));
#242=CARTESIAN_POINT('',(5.750283585490812,9.818167906033496,-0.650000000000000));
#243=CARTESIAN_POINT('',(5.721320170425077,9.759478880768718,-0.650000000000000));
#244=QUASI_UNIFORM_CURVE('',2,(#241,#242,#243),.UNSPECIFIED.,.F.,.U.);
#245=EDGE_CURVE('',#207,#240,#244,.T.);
#246=ORIENTED_EDGE('',*,*,#245,.F.);
#247=ORIENTED_EDGE('',*,*,#227,.F.);
#248=CARTESIAN_POINT('',(5.721320170425077,9.759478880768718,-0.750000000000000));
#249=VERTEX_POINT('',#248);
#250=CARTESIAN_POINT('',(5.721320170425077,9.759478880768718,-0.750000000000000));
#251=CARTESIAN_POINT('',(5.750283585490812,9.818167906033496,-0.750000000000000));
#252=CARTESIAN_POINT('',(5.750283585490812,9.978228884028347,-0.750000000000000));
#253=QUASI_UNIFORM_CURVE('',2,(#250,#251,#252),.UNSPECIFIED.,.F.,.U.);
#254=EDGE_CURVE('',#249,#216,#253,.T.);
#255=ORIENTED_EDGE('',*,*,#254,.F.);
#256=CARTESIAN_POINT('',(5.721320170425077,9.759478880768718,-0.750000000000000));
#257=DIRECTION('',(0.0,0.0,1.0));
#258=VECTOR('',#257,0.100000000000000);
#259=LINE('',#256,#258);
#260=EDGE_CURVE('',#249,#240,#259,.T.);
#261=ORIENTED_EDGE('',*,*,#260,.T.);
#262=EDGE_LOOP('',(#246,#247,#255,#261));
#263=FACE_OUTER_BOUND('',#262,.T.);
#264=ADVANCED_FACE('',(#263),#238,.F.);
#265=CARTESIAN_POINT('',(5.520862850364860,9.661917903705190,-0.750000000000000));
#266=CARTESIAN_POINT('',(5.674826267293240,9.661917903705190,-0.750000000000000));
#267=CARTESIAN_POINT('',(5.721320170425077,9.759478880768718,-0.750000000000000));
#268=CARTESIAN_POINT('',(5.520862850364860,9.661917903705190,-0.650000000000000));
#269=CARTESIAN_POINT('',(5.674826267293240,9.661917903705190,-0.650000000000000));
#270=CARTESIAN_POINT('',(5.721320170425077,9.759478880768718,-0.650000000000000));
#271=B_SPLINE_SURFACE_WITH_KNOTS('',2,1,((#265,#268),(#266,#269),(#267,#270)),.UNSPECIFIED.,.F.,.F.,.U.,(3,3),(2,2),(0.0,1.0),(0.0,0.010000000000000),.UNSPECIFIED.);
#272=CARTESIAN_POINT('',(5.520862850364860,9.661917903705190,-0.650000000000000));
#273=VERTEX_POINT('',#272);
#274=CARTESIAN_POINT('',(5.721320170425077,9.759478880768718,-0.650000000000000));
#275=CARTESIAN_POINT('',(5.674826267293240,9.661917903705190,-0.650000000000000));
#276=CARTESIAN_POINT('',(5.520862850364860,9.661917903705190,-0.650000000000000));
#277=QUASI_UNIFORM_CURVE('',2,(#274,#275,#276),.UNSPECIFIED.,.F.,.U.);
#278=EDGE_CURVE('',#240,#273,#277,.T.);
#279=ORIENTED_EDGE('',*,*,#278,.F.);
#280=ORIENTED_EDGE('',*,*,#260,.F.);
#281=CARTESIAN_POINT('',(5.520862850364860,9.661917903705190,-0.750000000000000));
#282=VERTEX_POINT('',#281);
#283=CARTESIAN_POINT('',(5.520862850364860,9.661917903705190,-0.750000000000000));
#284=CARTESIAN_POINT('',(5.674826267293240,9.661917903705190,-0.750000000000000));
#285=CARTESIAN_POINT('',(5.721320170425077,9.759478880768718,-0.750000000000000));
#286=QUASI_UNIFORM_CURVE('',2,(#283,#284,#285),.UNSPECIFIED.,.F.,.U.);
#287=EDGE_CURVE('',#282,#249,#286,.T.);
#288=ORIENTED_EDGE('',*,*,#287,.F.);
#289=CARTESIAN_POINT('',(5.520862850364860,9.661917903705190,-0.750000000000000));
#290=DIRECTION('',(0.0,0.0,1.0));
#291=VECTOR('',#290,0.100000000000000);
#292=LINE('',#289,#291);
#293=EDGE_CURVE('',#282,#273,#292,.T.);
#294=ORIENTED_EDGE('',*,*,#293,.T.);
#295=EDGE_LOOP('',(#279,#280,#288,#294));
#296=FACE_OUTER_BOUND('',#295,.T.);
#297=ADVANCED_FACE('',(#296),#271,.F.);
#298=CARTESIAN_POINT('',(5.388240897169126,9.682497172304528,-0.750000000000000));
#299=CARTESIAN_POINT('',(5.464460410500007,9.661917903705190,-0.750000000000000));
#300=CARTESIAN_POINT('',(5.520862850364860,9.661917903705190,-0.750000000000000));
#301=CARTESIAN_POINT('',(5.388240897169126,9.682497172304528,-0.650000000000000));
#302=CARTESIAN_POINT('',(5.464460410500007,9.661917903705190,-0.650000000000000));
#303=CARTESIAN_POINT('',(5.520862850364860,9.661917903705190,-0.650000000000000));
#304=B_SPLINE_SURFACE_WITH_KNOTS('',2,1,((#298,#301),(#299,#302),(#300,#303)),.UNSPECIFIED.,.F.,.F.,.U.,(3,3),(2,2),(0.0,1.0),(0.0,0.010000000000000),.UNSPECIFIED.);
#305=CARTESIAN_POINT('',(5.388240897169126,9.682497172304528,-0.650000000000000));
#306=VERTEX_POINT('',#305);
#307=CARTESIAN_POINT('',(5.520862850364860,9.661917903705190,-0.650000000000000));
#308=CARTESIAN_POINT('',(5.464460410500007,9.661917903705190,-0.650000000000000));
#309=CARTESIAN_POINT('',(5.388240897169126,9.682497172304528,-0.650000000000000));
#310=QUASI_UNIFORM_CURVE('',2,(#307,#308,#309),.UNSPECIFIED.,.F.,.U.);
#311=EDGE_CURVE('',#273,#306,#310,.T.);
#312=ORIENTED_EDGE('',*,*,#311,.F.);
#313=ORIENTED_EDGE('',*,*,#293,.F.);
#314=CARTESIAN_POINT('',(5.388240897169126,9.682497172304528,-0.750000000000000));
#315=VERTEX_POINT('',#314);
#316=CARTESIAN_POINT('',(5.388240897169126,9.682497172304528,-0.750000000000000));
#317=CARTESIAN_POINT('',(5.464460410500007,9.661917903705190,-0.750000000000000));
#318=CARTESIAN_POINT('',(5.520862850364860,9.661917903705190,-0.750000000000000));
#319=QUASI_UNIFORM_CURVE('',2,(#316,#317,#318),.UNSPECIFIED.,.F.,.U.);
#320=EDGE_CURVE('',#315,#282,#319,.T.);
#321=ORIENTED_EDGE('',*,*,#320,.F.);
#322=CARTESIAN_POINT('',(5.388240897169126,9.682497172304528,-0.750000000000000));
#323=DIRECTION('',(0.0,0.0,1.0));
#324=VECTOR('',#323,0.100000000000000);
#325=LINE('',#322,#324);
#326=EDGE_CURVE('',#315,#306,#325,.T.);
#327=ORIENTED_EDGE('',*,*,#326,.T.);
#328=EDGE_LOOP('',(#312,#313,#321,#327));
#329=FACE_OUTER_BOUND('',#328,.T.);
#330=ADVANCED_FACE('',(#329),#304,.F.);
#331=CARTESIAN_POINT('',(5.388240897169126,9.682497172304528,-0.750000000000000));
#332=DIRECTION('',(-0.979694594829586,0.200495638011636,0.0));
#333=DIRECTION('',(0.0,0.0,1.0));
#334=AXIS2_PLACEMENT_3D('',#331,#332,#333);
#335=PLANE('',#334);
#336=CARTESIAN_POINT('',(5.421777483034714,9.846369125965923,-0.650000000000000));
#337=VERTEX_POINT('',#336);
#338=CARTESIAN_POINT('',(5.388240897169126,9.682497172304528,-0.650000000000000));
#339=DIRECTION('',(0.200495638011636,0.979694594829586,0.0));
#340=VECTOR('',#339,0.167268406426087);
#341=LINE('',#338,#340);
#342=EDGE_CURVE('',#306,#337,#341,.T.);
#343=ORIENTED_EDGE('',*,*,#342,.F.);
#344=ORIENTED_EDGE('',*,*,#326,.F.);
#345=CARTESIAN_POINT('',(5.421777483034714,9.846369125965923,-0.750000000000000));
#346=VERTEX_POINT('',#345);
#347=CARTESIAN_POINT('',(5.421777483034716,9.846369125965923,-0.750000000000000));
#348=DIRECTION('',(-0.200495638011641,-0.979694594829585,0.0));
#349=VECTOR('',#348,0.167268406426087);
#350=LINE('',#347,#349);
#351=EDGE_CURVE('',#346,#315,#350,.T.);
#352=ORIENTED_EDGE('',*,*,#351,.F.);
#353=CARTESIAN_POINT('',(5.421777483034714,9.846369125965923,-0.750000000000000));
#354=DIRECTION('',(0.0,0.0,1.0));
#355=VECTOR('',#354,0.100000000000000);
#356=LINE('',#353,#355);
#357=EDGE_CURVE('',#346,#337,#356,.T.);
#358=ORIENTED_EDGE('',*,*,#357,.T.);
#359=EDGE_LOOP('',(#343,#344,#352,#358));
#360=FACE_OUTER_BOUND('',#359,.T.);
#361=ADVANCED_FACE('',(#360),#335,.F.);
#362=CARTESIAN_POINT('',(5.469033581299860,9.840271564899453,-0.750000000000000));
#363=CARTESIAN_POINT('',(5.452265288367066,9.840271564899453,-0.750000000000000));
#364=CARTESIAN_POINT('',(5.421777483034714,9.846369125965923,-0.750000000000000));
#365=CARTESIAN_POINT('',(5.469033581299860,9.840271564899453,-0.650000000000000));
#366=CARTESIAN_POINT('',(5.452265288367066,9.840271564899453,-0.650000000000000));
#367=CARTESIAN_POINT('',(5.421777483034714,9.846369125965923,-0.650000000000000));
#368=B_SPLINE_SURFACE_WITH_KNOTS('',2,1,((#362,#365),(#363,#366),(#364,#367)),.UNSPECIFIED.,.F.,.F.,.U.,(3,3),(2,2),(0.0,1.0),(0.0,0.010000000000000),.UNSPECIFIED.);
#369=CARTESIAN_POINT('',(5.469033581299860,9.840271564899453,-0.650000000000000));
#370=VERTEX_POINT('',#369);
#371=CARTESIAN_POINT('',(5.421777483034714,9.846369125965923,-0.650000000000000));
#372=CARTESIAN_POINT('',(5.452265288367066,9.840271564899453,-0.650000000000000));
#373=CARTESIAN_POINT('',(5.469033581299860,9.840271564899453,-0.650000000000000));
#374=QUASI_UNIFORM_CURVE('',2,(#371,#372,#373),.UNSPECIFIED.,.F.,.U.);
#375=EDGE_CURVE('',#337,#370,#374,.T.);
#376=ORIENTED_EDGE('',*,*,#375,.F.);
#377=ORIENTED_EDGE('',*,*,#357,.F.);
#378=CARTESIAN_POINT('',(5.469033581299860,9.840271564899453,-0.750000000000000));
#379=VERTEX_POINT('',#378);
#380=CARTESIAN_POINT('',(5.469033581299860,9.840271564899453,-0.750000000000000));
#381=CARTESIAN_POINT('',(5.452265288367066,9.840271564899453,-0.750000000000000));
#382=CARTESIAN_POINT('',(5.421777483034714,9.846369125965923,-0.750000000000000));
#383=QUASI_UNIFORM_CURVE('',2,(#380,#381,#382),.UNSPECIFIED.,.F.,.U.);
#384=EDGE_CURVE('',#379,#346,#383,.T.);
#385=ORIENTED_EDGE('',*,*,#384,.F.);
#386=CARTESIAN_POINT('',(5.469033581299860,9.840271564899453,-0.750000000000000));
#387=DIRECTION('',(0.0,0.0,1.0));
#388=VECTOR('',#387,0.100000000000000);
#389=LINE('',#386,#388);
#390=EDGE_CURVE('',#379,#370,#389,.T.);
#391=ORIENTED_EDGE('',*,*,#390,.T.);
#392=EDGE_LOOP('',(#376,#377,#385,#391));
#393=FACE_OUTER_BOUND('',#392,.T.);
#394=ADVANCED_FACE('',(#393),#368,.F.);
#395=CARTESIAN_POINT('',(5.542966509230815,9.889052053431215,-0.750000000000000));
#396=CARTESIAN_POINT('',(5.528484801697947,9.840271564899453,-0.750000000000000));
#397=CARTESIAN_POINT('',(5.469033581299860,9.840271564899453,-0.750000000000000));
#398=CARTESIAN_POINT('',(5.542966509230815,9.889052053431215,-0.650000000000000));
#399=CARTESIAN_POINT('',(5.528484801697947,9.840271564899453,-0.650000000000000));
#400=CARTESIAN_POINT('',(5.469033581299860,9.840271564899453,-0.650000000000000));
#401=B_SPLINE_SURFACE_WITH_KNOTS('',2,1,((#395,#398),(#396,#399),(#397,#400)),.UNSPECIFIED.,.F.,.F.,.U.,(3,3),(2,2),(0.0,1.0),(0.0,0.010000000000000),.UNSPECIFIED.);
#402=CARTESIAN_POINT('',(5.542966509230815,9.889052053431215,-0.650000000000000));
#403=VERTEX_POINT('',#402);
#404=CARTESIAN_POINT('',(5.469033581299860,9.840271564899453,-0.650000000000000));
#405=CARTESIAN_POINT('',(5.528484801697947,9.840271564899453,-0.650000000000000));
#406=CARTESIAN_POINT('',(5.542966509230815,9.889052053431215,-0.650000000000000));
#407=QUASI_UNIFORM_CURVE('',2,(#404,#405,#406),.UNSPECIFIED.,.F.,.U.);
#408=EDGE_CURVE('',#370,#403,#407,.T.);
#409=ORIENTED_EDGE('',*,*,#408,.F.);
#410=ORIENTED_EDGE('',*,*,#390,.F.);
#411=CARTESIAN_POINT('',(5.542966509230815,9.889052053431215,-0.750000000000000));
#412=VERTEX_POINT('',#411);
#413=CARTESIAN_POINT('',(5.542966509230815,9.889052053431215,-0.750000000000000));
#414=CARTESIAN_POINT('',(5.528484801697947,9.840271564899453,-0.750000000000000));
#415=CARTESIAN_POINT('',(5.469033581299860,9.840271564899453,-0.750000000000000));
#416=QUASI_UNIFORM_CURVE('',2,(#413,#414,#415),.UNSPECIFIED.,.F.,.U.);
#417=EDGE_CURVE('',#412,#379,#416,.T.);
#418=ORIENTED_EDGE('',*,*,#417,.F.);
#419=CARTESIAN_POINT('',(5.542966509230815,9.889052053431215,-0.750000000000000));
#420=DIRECTION('',(0.0,0.0,1.0));
#421=VECTOR('',#420,0.100000000000000);
#422=LINE('',#419,#421);
#423=EDGE_CURVE('',#412,#403,#422,.T.);
#424=ORIENTED_EDGE('',*,*,#423,.T.);
#425=EDGE_LOOP('',(#409,#410,#418,#424));
#426=FACE_OUTER_BOUND('',#425,.T.);
#427=ADVANCED_FACE('',(#426),#401,.F.);
#428=CARTESIAN_POINT('',(5.548301875163977,9.987375225628053,-0.750000000000000));
#429=CARTESIAN_POINT('',(5.548301875163977,9.908106931763935,-0.750000000000000));
#430=CARTESIAN_POINT('',(5.542966509230815,9.889052053431215,-0.750000000000000));
#431=CARTESIAN_POINT('',(5.548301875163977,9.987375225628053,-0.650000000000000));
#432=CARTESIAN_POINT('',(5.548301875163977,9.908106931763935,-0.650000000000000));
#433=CARTESIAN_POINT('',(5.542966509230815,9.889052053431215,-0.650000000000000));
#434=B_SPLINE_SURFACE_WITH_KNOTS('',2,1,((#428,#431),(#429,#432),(#430,#433)),.UNSPECIFIED.,.F.,.F.,.U.,(3,3),(2,2),(0.0,1.0),(0.0,0.010000000000000),.UNSPECIFIED.);
#435=CARTESIAN_POINT('',(5.548301875163977,9.987375225628053,-0.650000000000000));
#436=VERTEX_POINT('',#435);
#437=CARTESIAN_POINT('',(5.542966509230815,9.889052053431215,-0.650000000000000));
#438=CARTESIAN_POINT('',(5.548301875163977,9.908106931763935,-0.650000000000000));
#439=CARTESIAN_POINT('',(5.548301875163977,9.987375225628053,-0.650000000000000));
#440=QUASI_UNIFORM_CURVE('',2,(#437,#438,#439),.UNSPECIFIED.,.F.,.U.);
#441=EDGE_CURVE('',#403,#436,#440,.T.);
#442=ORIENTED_EDGE('',*,*,#441,.F.);
#443=ORIENTED_EDGE('',*,*,#423,.F.);
#444=CARTESIAN_POINT('',(5.548301875163977,9.987375225628053,-0.750000000000000));
#445=VERTEX_POINT('',#444);
#446=CARTESIAN_POINT('',(5.548301875163977,9.987375225628053,-0.750000000000000));
#447=CARTESIAN_POINT('',(5.548301875163977,9.908106931763935,-0.750000000000000));
#448=CARTESIAN_POINT('',(5.542966509230815,9.889052053431215,-0.750000000000000));
#449=QUASI_UNIFORM_CURVE('',2,(#446,#447,#448),.UNSPECIFIED.,.F.,.U.);
#450=EDGE_CURVE('',#445,#412,#449,.T.);
#451=ORIENTED_EDGE('',*,*,#450,.F.);
#452=CARTESIAN_POINT('',(5.548301875163977,9.987375225628053,-0.750000000000000));
#453=DIRECTION('',(0.0,0.0,1.0));
#454=VECTOR('',#453,0.100000000000000);
#455=LINE('',#452,#454);
#456=EDGE_CURVE('',#445,#436,#455,.T.);
#457=ORIENTED_EDGE('',*,*,#456,.T.);
#458=EDGE_LOOP('',(#442,#443,#451,#457));
#459=FACE_OUTER_BOUND('',#458,.T.);
#460=ADVANCED_FACE('',(#459),#434,.F.);
#461=CARTESIAN_POINT('',(5.548301875163977,9.987375225628053,-0.750000000000000));
#462=DIRECTION('',(-1.0,0.0,0.0));
#463=DIRECTION('',(0.0,0.0,1.0));
#464=AXIS2_PLACEMENT_3D('',#461,#462,#463);
#465=PLANE('',#464);
#466=CARTESIAN_POINT('',(5.548301875163977,10.786917920468998,-0.650000000000000));
#467=VERTEX_POINT('',#466);
#468=CARTESIAN_POINT('',(5.548301875163977,9.987375225628053,-0.650000000000000));
#469=DIRECTION('',(0.0,1.0,0.0));
#470=VECTOR('',#469,0.799542694840945);
#471=LINE('',#468,#470);
#472=EDGE_CURVE('',#436,#467,#471,.T.);
#473=ORIENTED_EDGE('',*,*,#472,.F.);
#474=ORIENTED_EDGE('',*,*,#456,.F.);
#475=CARTESIAN_POINT('',(5.548301875163977,10.786917920468998,-0.750000000000000));
#476=VERTEX_POINT('',#475);
#477=CARTESIAN_POINT('',(5.548301875163977,10.786917920468998,-0.750000000000000));
#478=DIRECTION('',(0.0,-1.0,0.0));
#479=VECTOR('',#478,0.799542694840945);
#480=LINE('',#477,#479);
#481=EDGE_CURVE('',#476,#445,#480,.T.);
#482=ORIENTED_EDGE('',*,*,#481,.F.);
#483=CARTESIAN_POINT('',(5.548301875163977,10.786917920468998,-0.750000000000000));
#484=DIRECTION('',(0.0,0.0,1.0));
#485=VECTOR('',#484,0.100000000000000);
#486=LINE('',#483,#485);
#487=EDGE_CURVE('',#476,#467,#486,.T.);
#488=ORIENTED_EDGE('',*,*,#487,.T.);
#489=EDGE_LOOP('',(#473,#474,#482,#488));
#490=FACE_OUTER_BOUND('',#489,.T.);
#491=ADVANCED_FACE('',(#490),#465,.F.);
#492=CARTESIAN_POINT('',(5.548301875163977,10.786917920468998,-0.750000000000000));
#493=DIRECTION('',(0.0,-1.0,0.0));
#494=DIRECTION('',(0.0,0.0,-1.0));
#495=AXIS2_PLACEMENT_3D('',#492,#493,#494);
#496=PLANE('',#495);
#497=CARTESIAN_POINT('',(5.548301875163977,10.786917920468998,-0.650000000000000));
#498=DIRECTION('',(-1.0,0.0,0.0));
#499=VECTOR('',#498,0.295731711723819);
#500=LINE('',#497,#499);
#501=EDGE_CURVE('',#467,#74,#500,.T.);
#502=ORIENTED_EDGE('',*,*,#501,.F.);
#503=ORIENTED_EDGE('',*,*,#487,.F.);
#504=CARTESIAN_POINT('',(5.252570163440157,10.786917920468998,-0.750000000000000));
#505=DIRECTION('',(1.0,0.0,0.0));
#506=VECTOR('',#505,0.295731711723819);
#507=LINE('',#504,#506);
#508=EDGE_CURVE('',#84,#476,#507,.T.);
#509=ORIENTED_EDGE('',*,*,#508,.F.);
#510=ORIENTED_EDGE('',*,*,#89,.T.);
#511=EDGE_LOOP('',(#502,#503,#509,#510));
#512=FACE_OUTER_BOUND('',#511,.T.);
#513=ADVANCED_FACE('',(#512),#496,.F.);
#514=CARTESIAN_POINT('',(5.630530999166586,10.443322810344959,-0.650000000000000));
#515=DIRECTION('',(0.0,0.0,1.0));
#516=DIRECTION('',(1.0,0.0,0.0));
#517=AXIS2_PLACEMENT_3D('',#514,#515,#516);
#518=PLANE('',#517);
#519=ORIENTED_EDGE('',*,*,#81,.T.);
#520=ORIENTED_EDGE('',*,*,#119,.T.);
#521=ORIENTED_EDGE('',*,*,#150,.T.);
#522=ORIENTED_EDGE('',*,*,#181,.T.);
#523=ORIENTED_EDGE('',*,*,#212,.T.);
#524=ORIENTED_EDGE('',*,*,#245,.T.);
#525=ORIENTED_EDGE('',*,*,#278,.T.);
#526=ORIENTED_EDGE('',*,*,#311,.T.);
#527=ORIENTED_EDGE('',*,*,#342,.T.);
#528=ORIENTED_EDGE('',*,*,#375,.T.);
#529=ORIENTED_EDGE('',*,*,#408,.T.);
#530=ORIENTED_EDGE('',*,*,#441,.T.);
#531=ORIENTED_EDGE('',*,*,#472,.T.);
#532=ORIENTED_EDGE('',*,*,#501,.T.);
#533=EDGE_LOOP('',(#519,#520,#521,#522,#523,#524,#525,#526,#527,#528,#529,#530,#531,#532));
#534=FACE_OUTER_BOUND('',#533,.T.);
#535=ADVANCED_FACE('',(#534),#518,.F.);
#536=CARTESIAN_POINT('',(4.553428463647123,11.000695743158824,-0.750000000000000));
#537=DIRECTION('',(0.0,1.0,0.0));
#538=DIRECTION('',(0.0,0.0,1.0));
#539=AXIS2_PLACEMENT_3D('',#536,#537,#538);
#540=PLANE('',#539);
#541=CARTESIAN_POINT('',(4.553428463647123,11.000695743158824,-0.650000000000000));
#542=VERTEX_POINT('',#541);
#543=CARTESIAN_POINT('',(4.747107558915662,11.000695743158824,-0.650000000000000));
#544=VERTEX_POINT('',#543);
#545=CARTESIAN_POINT('',(4.553428463647123,11.000695743158824,-0.650000000000000));
#546=DIRECTION('',(1.0,0.0,0.0));
#547=VECTOR('',#546,0.193679095268539);
#548=LINE('',#545,#547);
#549=EDGE_CURVE('',#542,#544,#548,.T.);
#550=ORIENTED_EDGE('',*,*,#549,.F.);
#551=CARTESIAN_POINT('',(4.553428463647123,11.000695743158824,-0.750000000000000));
#552=VERTEX_POINT('',#551);
#553=CARTESIAN_POINT('',(4.553428463647123,11.000695743158824,-0.750000000000000));
#554=DIRECTION('',(0.0,0.0,1.0));
#555=VECTOR('',#554,0.100000000000000);
#556=LINE('',#553,#555);
#557=EDGE_CURVE('',#552,#542,#556,.T.);
#558=ORIENTED_EDGE('',*,*,#557,.F.);
#559=CARTESIAN_POINT('',(4.747107558915662,11.000695743158824,-0.750000000000000));
#560=VERTEX_POINT('',#559);
#561=CARTESIAN_POINT('',(4.747107558915662,11.000695743158824,-0.750000000000000));
#562=DIRECTION('',(-1.0,0.0,0.0));
#563=VECTOR('',#562,0.193679095268539);
#564=LINE('',#561,#563);
#565=EDGE_CURVE('',#560,#552,#564,.T.);
#566=ORIENTED_EDGE('',*,*,#565,.F.);
#567=CARTESIAN_POINT('',(4.747107558915662,11.000695743158824,-0.750000000000000));
#568=DIRECTION('',(0.0,0.0,1.0));
#569=VECTOR('',#568,0.100000000000000);
#570=LINE('',#567,#569);
#571=EDGE_CURVE('',#560,#544,#570,.T.);
#572=ORIENTED_EDGE('',*,*,#571,.T.);
#573=EDGE_LOOP('',(#550,#558,#566,#572));
#574=FACE_OUTER_BOUND('',#573,.T.);
#575=ADVANCED_FACE('',(#574),#540,.F.);
#576=CARTESIAN_POINT('',(4.747107558915662,11.000695743158824,-0.750000000000000));
#577=DIRECTION('',(0.953878492307212,0.300192974457632,0.0));
#578=DIRECTION('',(0.0,0.0,-1.0));
#579=AXIS2_PLACEMENT_3D('',#576,#577,#578);
#580=PLANE('',#579);
#581=CARTESIAN_POINT('',(5.144190222855345,9.738945319170892,-0.650000000000000));
#582=VERTEX_POINT('',#581);
#583=CARTESIAN_POINT('',(4.747107558915662,11.000695743158825,-0.650000000000000));
#584=DIRECTION('',(0.300192974457632,-0.953878492307212,0.0));
#585=VECTOR('',#584,1.322758018095209);
#586=LINE('',#583,#585);
#587=EDGE_CURVE('',#544,#582,#586,.T.);
#588=ORIENTED_EDGE('',*,*,#587,.F.);
#589=ORIENTED_EDGE('',*,*,#571,.F.);
#590=CARTESIAN_POINT('',(5.144190222855345,9.738945319170892,-0.750000000000000));
#591=VERTEX_POINT('',#590);
#592=CARTESIAN_POINT('',(5.144190222855345,9.738945319170892,-0.750000000000000));
#593=DIRECTION('',(-0.300192974457632,0.953878492307212,0.0));
#594=VECTOR('',#593,1.322758018095208);
#595=LINE('',#592,#594);
#596=EDGE_CURVE('',#591,#560,#595,.T.);
#597=ORIENTED_EDGE('',*,*,#596,.F.);
#598=CARTESIAN_POINT('',(5.144190222855345,9.738945319170892,-0.750000000000000));
#599=DIRECTION('',(0.0,0.0,1.0));
#600=VECTOR('',#599,0.100000000000000);
#601=LINE('',#598,#600);
#602=EDGE_CURVE('',#591,#582,#601,.T.);
#603=ORIENTED_EDGE('',*,*,#602,.T.);
#604=EDGE_LOOP('',(#588,#589,#597,#603));
#605=FACE_OUTER_BOUND('',#604,.T.);
#606=ADVANCED_FACE('',(#605),#580,.F.);
#607=CARTESIAN_POINT('',(5.144190222855345,9.738945319170892,-0.750000000000000));
#608=DIRECTION('',(0.0,-1.0,0.0));
#609=DIRECTION('',(0.0,0.0,-1.0));
#610=AXIS2_PLACEMENT_3D('',#607,#608,#609);
#611=PLANE('',#610);
#612=CARTESIAN_POINT('',(4.951321500370357,9.738945319170892,-0.650000000000000));
#613=VERTEX_POINT('',#612);
#614=CARTESIAN_POINT('',(5.144190222855345,9.738945319170892,-0.650000000000000));
#615=DIRECTION('',(-1.0,0.0,0.0));
#616=VECTOR('',#615,0.192868722484988);
#617=LINE('',#614,#616);
#618=EDGE_CURVE('',#582,#613,#617,.T.);
#619=ORIENTED_EDGE('',*,*,#618,.F.);
#620=ORIENTED_EDGE('',*,*,#602,.F.);
#621=CARTESIAN_POINT('',(4.951321500370357,9.738945319170892,-0.750000000000000));
#622=VERTEX_POINT('',#621);
#623=CARTESIAN_POINT('',(4.951321500370357,9.738945319170892,-0.750000000000000));
#624=DIRECTION('',(1.0,0.0,0.0));
#625=VECTOR('',#624,0.192868722484989);
#626=LINE('',#623,#625);
#627=EDGE_CURVE('',#622,#591,#626,.T.);
#628=ORIENTED_EDGE('',*,*,#627,.F.);
#629=CARTESIAN_POINT('',(4.951321500370357,9.738945319170892,-0.750000000000000));
#630=DIRECTION('',(0.0,0.0,1.0));
#631=VECTOR('',#630,0.100000000000000);
#632=LINE('',#629,#631);
#633=EDGE_CURVE('',#622,#613,#632,.T.);
#634=ORIENTED_EDGE('',*,*,#633,.T.);
#635=EDGE_LOOP('',(#619,#620,#628,#634));
#636=FACE_OUTER_BOUND('',#635,.T.);
#637=ADVANCED_FACE('',(#636),#611,.F.);
#638=CARTESIAN_POINT('',(4.951321500370357,9.738945319170892,-0.750000000000000));
#639=DIRECTION('',(-0.953702934136148,-0.300750250906133,0.0));
#640=DIRECTION('',(0.0,0.0,1.0));
#641=AXIS2_PLACEMENT_3D('',#638,#639,#640);
#642=PLANE('',#641);
#643=CARTESIAN_POINT('',(4.951321500370357,9.738945319170892,-0.650000000000000));
#644=DIRECTION('',(-0.300750250906133,0.953702934136148,0.0));
#645=VECTOR('',#644,1.323001512133136);
#646=LINE('',#643,#645);
#647=EDGE_CURVE('',#613,#542,#646,.T.);
#648=ORIENTED_EDGE('',*,*,#647,.F.);
#649=ORIENTED_EDGE('',*,*,#633,.F.);
#650=CARTESIAN_POINT('',(4.553428463647122,11.000695743158824,-0.750000000000000));
#651=DIRECTION('',(0.300750250906133,-0.953702934136148,0.0));
#652=VECTOR('',#651,1.323001512133137);
#653=LINE('',#650,#652);
#654=EDGE_CURVE('',#552,#622,#653,.T.);
#655=ORIENTED_EDGE('',*,*,#654,.F.);
#656=ORIENTED_EDGE('',*,*,#557,.T.);
#657=EDGE_LOOP('',(#648,#649,#655,#656));
#658=FACE_OUTER_BOUND('',#657,.T.);
#659=ADVANCED_FACE('',(#658),#642,.F.);
#660=CARTESIAN_POINT('',(4.848951062937640,10.369989130202802,-0.650000000000000));
#661=DIRECTION('',(0.0,0.0,1.0));
#662=DIRECTION('',(1.0,0.0,0.0));
#663=AXIS2_PLACEMENT_3D('',#660,#661,#662);
#664=PLANE('',#663);
#665=ORIENTED_EDGE('',*,*,#549,.T.);
#666=ORIENTED_EDGE('',*,*,#587,.T.);
#667=ORIENTED_EDGE('',*,*,#618,.T.);
#668=ORIENTED_EDGE('',*,*,#647,.T.);
#669=EDGE_LOOP('',(#665,#666,#667,#668));
#670=FACE_OUTER_BOUND('',#669,.T.);
#671=ADVANCED_FACE('',(#670),#664,.F.);
#672=CARTESIAN_POINT('',(3.897836881754870,10.414796220651903,-0.750000000000000));
#673=CARTESIAN_POINT('',(3.875956816599011,10.396157646630243,-0.750000000000000));
#674=CARTESIAN_POINT('',(3.851645633092499,10.332948569513313,-0.750000000000000));
#675=CARTESIAN_POINT('',(3.851645633092499,10.284326202500294,-0.750000000000000));
#676=CARTESIAN_POINT('',(3.897836881754870,10.414796220651903,-0.650000000000000));
#677=CARTESIAN_POINT('',(3.875956816599011,10.396157646630243,-0.650000000000000));
#678=CARTESIAN_POINT('',(3.851645633092499,10.332948569513313,-0.650000000000000));
#679=CARTESIAN_POINT('',(3.851645633092499,10.284326202500294,-0.650000000000000));
#680=B_SPLINE_SURFACE_WITH_KNOTS('',2,1,((#672,#676),(#673,#677),(#674,#678),(#675,#679)),.UNSPECIFIED.,.F.,.F.,.U.,(3,1,3),(2,2),(-2.0,-1.0,0.0),(0.0,0.010000000000000),.UNSPECIFIED.);
#681=CARTESIAN_POINT('',(3.851645633092499,10.284326202500292,-0.650000000000000));
#682=VERTEX_POINT('',#681);
#683=CARTESIAN_POINT('',(3.897836881754870,10.414796220651903,-0.650000000000000));
#684=VERTEX_POINT('',#683);
#685=CARTESIAN_POINT('',(3.851645633092499,10.284326202500294,-0.650000000000000));
#686=CARTESIAN_POINT('',(3.851645633092499,10.332948569513313,-0.650000000000000));
#687=CARTESIAN_POINT('',(3.875956816599011,10.396157646630243,-0.650000000000000));
#688=CARTESIAN_POINT('',(3.897836881754870,10.414796220651903,-0.650000000000000));
#689=QUASI_UNIFORM_CURVE('',2,(#685,#686,#687,#688),.UNSPECIFIED.,.F.,.U.);
#690=EDGE_CURVE('',#682,#684,#689,.T.);
#691=ORIENTED_EDGE('',*,*,#690,.T.);
#692=CARTESIAN_POINT('',(3.897836881754870,10.414796220651903,-0.750000000000000));
#693=VERTEX_POINT('',#692);
#694=CARTESIAN_POINT('',(3.897836881754870,10.414796220651903,-0.750000000000000));
#695=DIRECTION('',(0.0,0.0,1.0));
#696=VECTOR('',#695,0.100000000000000);
#697=LINE('',#694,#696);
#698=EDGE_CURVE('',#693,#684,#697,.T.);
#699=ORIENTED_EDGE('',*,*,#698,.F.);
#700=CARTESIAN_POINT('',(3.851645633092499,10.284326202500292,-0.750000000000000));
#701=VERTEX_POINT('',#700);
#702=CARTESIAN_POINT('',(3.851645633092499,10.284326202500294,-0.750000000000000));
#703=CARTESIAN_POINT('',(3.851645633092499,10.332948569513313,-0.750000000000000));
#704=CARTESIAN_POINT('',(3.875956816599011,10.396157646630243,-0.750000000000000));
#705=CARTESIAN_POINT('',(3.897836881754870,10.414796220651903,-0.750000000000000));
#706=QUASI_UNIFORM_CURVE('',2,(#702,#703,#704,#705),.UNSPECIFIED.,.F.,.U.);
#707=EDGE_CURVE('',#701,#693,#706,.T.);
#708=ORIENTED_EDGE('',*,*,#707,.F.);
#709=CARTESIAN_POINT('',(3.851645633092499,10.284326202500292,-0.750000000000000));
#710=DIRECTION('',(0.0,0.0,1.0));
#711=VECTOR('',#710,0.100000000000000);
#712=LINE('',#709,#711);
#713=EDGE_CURVE('',#701,#682,#712,.T.);
#714=ORIENTED_EDGE('',*,*,#713,.T.);
#715=EDGE_LOOP('',(#691,#699,#708,#714));
#716=FACE_OUTER_BOUND('',#715,.T.);
#717=ADVANCED_FACE('',(#716),#680,.T.);
#718=CARTESIAN_POINT('',(4.008047580317721,10.448021504777467,-0.750000000000000));
#719=CARTESIAN_POINT('',(3.976443041759257,10.448021504777467,-0.750000000000000));
#720=CARTESIAN_POINT('',(3.920527319694282,10.434245167457112,-0.750000000000000));
#721=CARTESIAN_POINT('',(3.897836881754870,10.414796220651903,-0.750000000000000));
#722=CARTESIAN_POINT('',(4.008047580317721,10.448021504777467,-0.650000000000000));
#723=CARTESIAN_POINT('',(3.976443041759257,10.448021504777467,-0.650000000000000));
#724=CARTESIAN_POINT('',(3.920527319694282,10.434245167457112,-0.650000000000000));
#725=CARTESIAN_POINT('',(3.897836881754870,10.414796220651903,-0.650000000000000));
#726=B_SPLINE_SURFACE_WITH_KNOTS('',2,1,((#718,#722),(#719,#723),(#720,#724),(#721,#725)),.UNSPECIFIED.,.F.,.F.,.U.,(3,1,3),(2,2),(-2.0,-1.0,0.0),(0.0,0.010000000000000),.UNSPECIFIED.);
#727=CARTESIAN_POINT('',(4.008047580317721,10.448021504777467,-0.650000000000000));
#728=VERTEX_POINT('',#727);
#729=CARTESIAN_POINT('',(3.897836881754870,10.414796220651903,-0.650000000000000));
#730=CARTESIAN_POINT('',(3.920527319694282,10.434245167457112,-0.650000000000000));
#731=CARTESIAN_POINT('',(3.976443041759257,10.448021504777467,-0.650000000000000));
#732=CARTESIAN_POINT('',(4.008047580317721,10.448021504777467,-0.650000000000000));
#733=QUASI_UNIFORM_CURVE('',2,(#729,#730,#731,#732),.UNSPECIFIED.,.F.,.U.);
#734=EDGE_CURVE('',#684,#728,#733,.T.);
#735=ORIENTED_EDGE('',*,*,#734,.T.);
#736=CARTESIAN_POINT('',(4.008047580317721,10.448021504777467,-0.750000000000000));
#737=VERTEX_POINT('',#736);
#738=CARTESIAN_POINT('',(4.008047580317721,10.448021504777467,-0.750000000000000));
#739=DIRECTION('',(0.0,0.0,1.0));
#740=VECTOR('',#739,0.100000000000000);
#741=LINE('',#738,#740);
#742=EDGE_CURVE('',#737,#728,#741,.T.);
#743=ORIENTED_EDGE('',*,*,#742,.F.);
#744=CARTESIAN_POINT('',(3.897836881754870,10.414796220651903,-0.750000000000000));
#745=CARTESIAN_POINT('',(3.920527319694282,10.434245167457112,-0.750000000000000));
#746=CARTESIAN_POINT('',(3.976443041759257,10.448021504777467,-0.750000000000000));
#747=CARTESIAN_POINT('',(4.008047580317721,10.448021504777467,-0.750000000000000));
#748=QUASI_UNIFORM_CURVE('',2,(#744,#745,#746,#747),.UNSPECIFIED.,.F.,.U.);
#749=EDGE_CURVE('',#693,#737,#748,.T.);
#750=ORIENTED_EDGE('',*,*,#749,.F.);
#751=ORIENTED_EDGE('',*,*,#698,.T.);
#752=EDGE_LOOP('',(#735,#743,#750,#751));
#753=FACE_OUTER_BOUND('',#752,.T.);
#754=ADVANCED_FACE('',(#753),#726,.T.);
#755=CARTESIAN_POINT('',(4.114206414962821,10.424520694054507,-0.750000000000000));
#756=CARTESIAN_POINT('',(4.089895231456310,10.434245167457112,-0.750000000000000));
#757=CARTESIAN_POINT('',(4.034789882174884,10.448021504777467,-0.750000000000000));
#758=CARTESIAN_POINT('',(4.008047580317721,10.448021504777467,-0.750000000000000));
#759=CARTESIAN_POINT('',(4.114206414962821,10.424520694054507,-0.650000000000000));
#760=CARTESIAN_POINT('',(4.089895231456310,10.434245167457112,-0.650000000000000));
#761=CARTESIAN_POINT('',(4.034789882174884,10.448021504777467,-0.650000000000000));
#762=CARTESIAN_POINT('',(4.008047580317721,10.448021504777467,-0.650000000000000));
#763=B_SPLINE_SURFACE_WITH_KNOTS('',2,1,((#755,#759),(#756,#760),(#757,#761),(#758,#762)),.UNSPECIFIED.,.F.,.F.,.U.,(3,1,3),(2,2),(-2.0,-1.0,0.0),(0.0,0.010000000000000),.UNSPECIFIED.);
#764=CARTESIAN_POINT('',(4.114206414962821,10.424520694054509,-0.650000000000000));
#765=VERTEX_POINT('',#764);
#766=CARTESIAN_POINT('',(4.008047580317721,10.448021504777467,-0.650000000000000));
#767=CARTESIAN_POINT('',(4.034789882174884,10.448021504777467,-0.650000000000000));
#768=CARTESIAN_POINT('',(4.089895231456310,10.434245167457112,-0.650000000000000));
#769=CARTESIAN_POINT('',(4.114206414962821,10.424520694054507,-0.650000000000000));
#770=QUASI_UNIFORM_CURVE('',2,(#766,#767,#768,#769),.UNSPECIFIED.,.F.,.U.);
#771=EDGE_CURVE('',#728,#765,#770,.T.);
#772=ORIENTED_EDGE('',*,*,#771,.T.);
#773=CARTESIAN_POINT('',(4.114206414962821,10.424520694054509,-0.750000000000000));
#774=VERTEX_POINT('',#773);
#775=CARTESIAN_POINT('',(4.114206414962821,10.424520694054509,-0.750000000000000));
#776=DIRECTION('',(0.0,0.0,1.0));
#777=VECTOR('',#776,0.100000000000000);
#778=LINE('',#775,#777);
#779=EDGE_CURVE('',#774,#765,#778,.T.);
#780=ORIENTED_EDGE('',*,*,#779,.F.);
#781=CARTESIAN_POINT('',(4.008047580317721,10.448021504777467,-0.750000000000000));
#782=CARTESIAN_POINT('',(4.034789882174884,10.448021504777467,-0.750000000000000));
#783=CARTESIAN_POINT('',(4.089895231456310,10.434245167457112,-0.750000000000000));
#784=CARTESIAN_POINT('',(4.114206414962821,10.424520694054507,-0.750000000000000));
#785=QUASI_UNIFORM_CURVE('',2,(#781,#782,#783,#784),.UNSPECIFIED.,.F.,.U.);
#786=EDGE_CURVE('',#737,#774,#785,.T.);
#787=ORIENTED_EDGE('',*,*,#786,.F.);
#788=ORIENTED_EDGE('',*,*,#742,.T.);
#789=EDGE_LOOP('',(#772,#780,#787,#788));
#790=FACE_OUTER_BOUND('',#789,.T.);
#791=ADVANCED_FACE('',(#790),#763,.T.);
#792=CARTESIAN_POINT('',(4.115827160529921,10.363742735288229,-0.750000000000000));
#793=CARTESIAN_POINT('',(4.115827160529921,10.387243546011188,-0.750000000000000));
#794=CARTESIAN_POINT('',(4.114206414962821,10.418037711786104,-0.750000000000000));
#795=CARTESIAN_POINT('',(4.114206414962821,10.424520694054507,-0.750000000000000));
#796=CARTESIAN_POINT('',(4.115827160529921,10.363742735288229,-0.650000000000000));
#797=CARTESIAN_POINT('',(4.115827160529921,10.387243546011188,-0.650000000000000));
#798=CARTESIAN_POINT('',(4.114206414962821,10.418037711786104,-0.650000000000000));
#799=CARTESIAN_POINT('',(4.114206414962821,10.424520694054507,-0.650000000000000));
#800=B_SPLINE_SURFACE_WITH_KNOTS('',2,1,((#792,#796),(#793,#797),(#794,#798),(#795,#799)),.UNSPECIFIED.,.F.,.F.,.U.,(3,1,3),(2,2),(-2.0,-1.0,0.0),(0.0,0.010000000000000),.UNSPECIFIED.);
#801=CARTESIAN_POINT('',(4.115827160529921,10.363742735288229,-0.650000000000000));
#802=VERTEX_POINT('',#801);
#803=CARTESIAN_POINT('',(4.114206414962821,10.424520694054507,-0.650000000000000));
#804=CARTESIAN_POINT('',(4.114206414962821,10.418037711786104,-0.650000000000000));
#805=CARTESIAN_POINT('',(4.115827160529921,10.387243546011188,-0.650000000000000));
#806=CARTESIAN_POINT('',(4.115827160529921,10.363742735288229,-0.650000000000000));
#807=QUASI_UNIFORM_CURVE('',2,(#803,#804,#805,#806),.UNSPECIFIED.,.F.,.U.);
#808=EDGE_CURVE('',#765,#802,#807,.T.);
#809=ORIENTED_EDGE('',*,*,#808,.T.);
#810=CARTESIAN_POINT('',(4.115827160529921,10.363742735288229,-0.750000000000000));
#811=VERTEX_POINT('',#810);
#812=CARTESIAN_POINT('',(4.115827160529921,10.363742735288229,-0.750000000000000));
#813=DIRECTION('',(0.0,0.0,1.0));
#814=VECTOR('',#813,0.100000000000000);
#815=LINE('',#812,#814);
#816=EDGE_CURVE('',#811,#802,#815,.T.);
#817=ORIENTED_EDGE('',*,*,#816,.F.);
#818=CARTESIAN_POINT('',(4.114206414962821,10.424520694054507,-0.750000000000000));
#819=CARTESIAN_POINT('',(4.114206414962821,10.418037711786104,-0.750000000000000));
#820=CARTESIAN_POINT('',(4.115827160529921,10.387243546011188,-0.750000000000000));
#821=CARTESIAN_POINT('',(4.115827160529921,10.363742735288229,-0.750000000000000));
#822=QUASI_UNIFORM_CURVE('',2,(#818,#819,#820,#821),.UNSPECIFIED.,.F.,.U.);
#823=EDGE_CURVE('',#774,#811,#822,.T.);
#824=ORIENTED_EDGE('',*,*,#823,.F.);
#825=ORIENTED_EDGE('',*,*,#779,.T.);
#826=EDGE_LOOP('',(#809,#817,#824,#825));
#827=FACE_OUTER_BOUND('',#826,.T.);
#828=ADVANCED_FACE('',(#827),#800,.T.);
#829=CARTESIAN_POINT('',(4.062342556815596,10.145752456513179,-0.750000000000000));
#830=CARTESIAN_POINT('',(4.085843367538558,10.172494758370341,-0.750000000000000));
#831=CARTESIAN_POINT('',(4.115827160529921,10.277032847448339,-0.750000000000000));
#832=CARTESIAN_POINT('',(4.115827160529921,10.363742735288229,-0.750000000000000));
#833=CARTESIAN_POINT('',(4.062342556815596,10.145752456513179,-0.650000000000000));
#834=CARTESIAN_POINT('',(4.085843367538558,10.172494758370341,-0.650000000000000));
#835=CARTESIAN_POINT('',(4.115827160529921,10.277032847448339,-0.650000000000000));
#836=CARTESIAN_POINT('',(4.115827160529921,10.363742735288229,-0.650000000000000));
#837=B_SPLINE_SURFACE_WITH_KNOTS('',2,1,((#829,#833),(#830,#834),(#831,#835),(#832,#836)),.UNSPECIFIED.,.F.,.F.,.U.,(3,1,3),(2,2),(-2.0,-1.0,0.0),(0.0,0.010000000000000),.UNSPECIFIED.);
#838=CARTESIAN_POINT('',(4.062342556815596,10.145752456513179,-0.650000000000000));
#839=VERTEX_POINT('',#838);
#840=CARTESIAN_POINT('',(4.115827160529921,10.363742735288229,-0.650000000000000));
#841=CARTESIAN_POINT('',(4.115827160529921,10.277032847448339,-0.650000000000000));
#842=CARTESIAN_POINT('',(4.085843367538558,10.172494758370341,-0.650000000000000));
#843=CARTESIAN_POINT('',(4.062342556815596,10.145752456513179,-0.650000000000000));
#844=QUASI_UNIFORM_CURVE('',2,(#840,#841,#842,#843),.UNSPECIFIED.,.F.,.U.);
#845=EDGE_CURVE('',#802,#839,#844,.T.);
#846=ORIENTED_EDGE('',*,*,#845,.T.);
#847=CARTESIAN_POINT('',(4.062342556815596,10.145752456513179,-0.750000000000000));
#848=VERTEX_POINT('',#847);
#849=CARTESIAN_POINT('',(4.062342556815596,10.145752456513179,-0.750000000000000));
#850=DIRECTION('',(0.0,0.0,1.0));
#851=VECTOR('',#850,0.100000000000000);
#852=LINE('',#849,#851);
#853=EDGE_CURVE('',#848,#839,#852,.T.);
#854=ORIENTED_EDGE('',*,*,#853,.F.);
#855=CARTESIAN_POINT('',(4.115827160529921,10.363742735288229,-0.750000000000000));
#856=CARTESIAN_POINT('',(4.115827160529921,10.277032847448339,-0.750000000000000));
#857=CARTESIAN_POINT('',(4.085843367538558,10.172494758370341,-0.750000000000000));
#858=CARTESIAN_POINT('',(4.062342556815596,10.145752456513179,-0.750000000000000));
#859=QUASI_UNIFORM_CURVE('',2,(#855,#856,#857,#858),.UNSPECIFIED.,.F.,.U.);
#860=EDGE_CURVE('',#811,#848,#859,.T.);
#861=ORIENTED_EDGE('',*,*,#860,.F.);
#862=ORIENTED_EDGE('',*,*,#816,.T.);
#863=EDGE_LOOP('',(#846,#854,#861,#862));
#864=FACE_OUTER_BOUND('',#863,.T.);
#865=ADVANCED_FACE('',(#864),#837,.T.);
#866=CARTESIAN_POINT('',(3.975632668975706,10.105233817335659,-0.750000000000000));
#867=CARTESIAN_POINT('',(3.999943852482218,10.105233817335659,-0.750000000000000));
#868=CARTESIAN_POINT('',(4.045324728361039,10.123872391357319,-0.750000000000000));
#869=CARTESIAN_POINT('',(4.062342556815596,10.145752456513179,-0.750000000000000));
#870=CARTESIAN_POINT('',(3.975632668975706,10.105233817335659,-0.650000000000000));
#871=CARTESIAN_POINT('',(3.999943852482218,10.105233817335659,-0.650000000000000));
#872=CARTESIAN_POINT('',(4.045324728361039,10.123872391357319,-0.650000000000000));
#873=CARTESIAN_POINT('',(4.062342556815596,10.145752456513179,-0.650000000000000));
#874=B_SPLINE_SURFACE_WITH_KNOTS('',2,1,((#866,#870),(#867,#871),(#868,#872),(#869,#873)),.UNSPECIFIED.,.F.,.F.,.U.,(3,1,3),(2,2),(-2.0,-1.0,0.0),(0.0,0.010000000000000),.UNSPECIFIED.);
#875=CARTESIAN_POINT('',(3.975632668975706,10.105233817335659,-0.650000000000000));
#876=VERTEX_POINT('',#875);
#877=CARTESIAN_POINT('',(4.062342556815596,10.145752456513179,-0.650000000000000));
#878=CARTESIAN_POINT('',(4.045324728361039,10.123872391357319,-0.650000000000000));
#879=CARTESIAN_POINT('',(3.999943852482218,10.105233817335659,-0.650000000000000));
#880=CARTESIAN_POINT('',(3.975632668975706,10.105233817335659,-0.650000000000000));
#881=QUASI_UNIFORM_CURVE('',2,(#877,#878,#879,#880),.UNSPECIFIED.,.F.,.U.);
#882=EDGE_CURVE('',#839,#876,#881,.T.);
#883=ORIENTED_EDGE('',*,*,#882,.T.);
#884=CARTESIAN_POINT('',(3.975632668975706,10.105233817335659,-0.750000000000000));
#885=VERTEX_POINT('',#884);
#886=CARTESIAN_POINT('',(3.975632668975706,10.105233817335659,-0.750000000000000));
#887=DIRECTION('',(0.0,0.0,1.0));
#888=VECTOR('',#887,0.100000000000000);
#889=LINE('',#886,#888);
#890=EDGE_CURVE('',#885,#876,#889,.T.);
#891=ORIENTED_EDGE('',*,*,#890,.F.);
#892=CARTESIAN_POINT('',(4.062342556815596,10.145752456513179,-0.750000000000000));
#893=CARTESIAN_POINT('',(4.045324728361039,10.123872391357319,-0.750000000000000));
#894=CARTESIAN_POINT('',(3.999943852482218,10.105233817335659,-0.750000000000000));
#895=CARTESIAN_POINT('',(3.975632668975706,10.105233817335659,-0.750000000000000));
#896=QUASI_UNIFORM_CURVE('',2,(#892,#893,#894,#895),.UNSPECIFIED.,.F.,.U.);
#897=EDGE_CURVE('',#848,#885,#896,.T.);
#898=ORIENTED_EDGE('',*,*,#897,.F.);
#899=ORIENTED_EDGE('',*,*,#853,.T.);
#900=EDGE_LOOP('',(#883,#891,#898,#899));
#901=FACE_OUTER_BOUND('',#900,.T.);
#902=ADVANCED_FACE('',(#901),#874,.T.);
#903=CARTESIAN_POINT('',(3.892164272270018,10.145752456513179,-0.750000000000000));
#904=CARTESIAN_POINT('',(3.908371727941026,10.125493136924419,-0.750000000000000));
#905=CARTESIAN_POINT('',(3.955373349386947,10.105233817335659,-0.750000000000000));
#906=CARTESIAN_POINT('',(3.975632668975706,10.105233817335659,-0.750000000000000));
#907=CARTESIAN_POINT('',(3.892164272270018,10.145752456513179,-0.650000000000000));
#908=CARTESIAN_POINT('',(3.908371727941026,10.125493136924419,-0.650000000000000));
#909=CARTESIAN_POINT('',(3.955373349386947,10.105233817335659,-0.650000000000000));
#910=CARTESIAN_POINT('',(3.975632668975706,10.105233817335659,-0.650000000000000));
#911=B_SPLINE_SURFACE_WITH_KNOTS('',2,1,((#903,#907),(#904,#908),(#905,#909),(#906,#910)),.UNSPECIFIED.,.F.,.F.,.U.,(3,1,3),(2,2),(-2.0,-1.0,0.0),(0.0,0.010000000000000),.UNSPECIFIED.);
#912=CARTESIAN_POINT('',(3.892164272270018,10.145752456513179,-0.650000000000000));
#913=VERTEX_POINT('',#912);
#914=CARTESIAN_POINT('',(3.975632668975706,10.105233817335659,-0.650000000000000));
#915=CARTESIAN_POINT('',(3.955373349386947,10.105233817335659,-0.650000000000000));
#916=CARTESIAN_POINT('',(3.908371727941026,10.125493136924419,-0.650000000000000));
#917=CARTESIAN_POINT('',(3.892164272270018,10.145752456513179,-0.650000000000000));
#918=QUASI_UNIFORM_CURVE('',2,(#914,#915,#916,#917),.UNSPECIFIED.,.F.,.U.);
#919=EDGE_CURVE('',#876,#913,#918,.T.);
#920=ORIENTED_EDGE('',*,*,#919,.T.);
#921=CARTESIAN_POINT('',(3.892164272270018,10.145752456513179,-0.750000000000000));
#922=VERTEX_POINT('',#921);
#923=CARTESIAN_POINT('',(3.892164272270018,10.145752456513179,-0.750000000000000));
#924=DIRECTION('',(0.0,0.0,1.0));
#925=VECTOR('',#924,0.100000000000000);
#926=LINE('',#923,#925);
#927=EDGE_CURVE('',#922,#913,#926,.T.);
#928=ORIENTED_EDGE('',*,*,#927,.F.);
#929=CARTESIAN_POINT('',(3.975632668975706,10.105233817335659,-0.750000000000000));
#930=CARTESIAN_POINT('',(3.955373349386947,10.105233817335659,-0.750000000000000));
#931=CARTESIAN_POINT('',(3.908371727941026,10.125493136924419,-0.750000000000000));
#932=CARTESIAN_POINT('',(3.892164272270018,10.145752456513179,-0.750000000000000));
#933=QUASI_UNIFORM_CURVE('',2,(#929,#930,#931,#932),.UNSPECIFIED.,.F.,.U.);
#934=EDGE_CURVE('',#885,#922,#933,.T.);
#935=ORIENTED_EDGE('',*,*,#934,.F.);
#936=ORIENTED_EDGE('',*,*,#890,.T.);
#937=EDGE_LOOP('',(#920,#928,#935,#936));
#938=FACE_OUTER_BOUND('',#937,.T.);
#939=ADVANCED_FACE('',(#938),#911,.T.);
#940=CARTESIAN_POINT('',(3.851645633092499,10.284326202500294,-0.750000000000000));
#941=CARTESIAN_POINT('',(3.851645633092499,10.226789734868216,-0.750000000000000));
#942=CARTESIAN_POINT('',(3.872715325464809,10.170063640019688,-0.750000000000000));
#943=CARTESIAN_POINT('',(3.892164272270018,10.145752456513179,-0.750000000000000));
#944=CARTESIAN_POINT('',(3.851645633092499,10.284326202500294,-0.650000000000000));
#945=CARTESIAN_POINT('',(3.851645633092499,10.226789734868216,-0.650000000000000));
#946=CARTESIAN_POINT('',(3.872715325464809,10.170063640019688,-0.650000000000000));
#947=CARTESIAN_POINT('',(3.892164272270018,10.145752456513179,-0.650000000000000));
#948=B_SPLINE_SURFACE_WITH_KNOTS('',2,1,((#940,#944),(#941,#945),(#942,#946),(#943,#947)),.UNSPECIFIED.,.F.,.F.,.U.,(3,1,3),(2,2),(-2.0,-1.0,0.0),(0.0,0.010000000000000),.UNSPECIFIED.);
#949=CARTESIAN_POINT('',(3.892164272270018,10.145752456513179,-0.650000000000000));
#950=CARTESIAN_POINT('',(3.872715325464809,10.170063640019688,-0.650000000000000));
#951=CARTESIAN_POINT('',(3.851645633092499,10.226789734868216,-0.650000000000000));
#952=CARTESIAN_POINT('',(3.851645633092499,10.284326202500294,-0.650000000000000));
#953=QUASI_UNIFORM_CURVE('',2,(#949,#950,#951,#952),.UNSPECIFIED.,.F.,.U.);
#954=EDGE_CURVE('',#913,#682,#953,.T.);
#955=ORIENTED_EDGE('',*,*,#954,.T.);
#956=ORIENTED_EDGE('',*,*,#713,.F.);
#957=CARTESIAN_POINT('',(3.892164272270018,10.145752456513179,-0.750000000000000));
#958=CARTESIAN_POINT('',(3.872715325464809,10.170063640019688,-0.750000000000000));
#959=CARTESIAN_POINT('',(3.851645633092499,10.226789734868216,-0.750000000000000));
#960=CARTESIAN_POINT('',(3.851645633092499,10.284326202500294,-0.750000000000000));
#961=QUASI_UNIFORM_CURVE('',2,(#957,#958,#959,#960),.UNSPECIFIED.,.F.,.U.);
#962=EDGE_CURVE('',#922,#701,#961,.T.);
#963=ORIENTED_EDGE('',*,*,#962,.F.);
#964=ORIENTED_EDGE('',*,*,#927,.T.);
#965=EDGE_LOOP('',(#955,#956,#963,#964));
#966=FACE_OUTER_BOUND('',#965,.T.);
#967=ADVANCED_FACE('',(#966),#948,.T.);
#968=CARTESIAN_POINT('',(3.713071887105385,10.565525558392272,-0.750000000000000));
#969=CARTESIAN_POINT('',(3.661208028958161,10.525817291998303,-0.750000000000000));
#970=CARTESIAN_POINT('',(3.599619697408333,10.396968019413794,-0.750000000000000));
#971=CARTESIAN_POINT('',(3.599619697408333,10.296481794253548,-0.750000000000000));
#972=CARTESIAN_POINT('',(3.713071887105385,10.565525558392272,-0.650000000000000));
#973=CARTESIAN_POINT('',(3.661208028958161,10.525817291998303,-0.650000000000000));
#974=CARTESIAN_POINT('',(3.599619697408333,10.396968019413794,-0.650000000000000));
#975=CARTESIAN_POINT('',(3.599619697408333,10.296481794253548,-0.650000000000000));
#976=B_SPLINE_SURFACE_WITH_KNOTS('',2,1,((#968,#972),(#969,#973),(#970,#974),(#971,#975)),.UNSPECIFIED.,.F.,.F.,.U.,(3,1,3),(2,2),(0.0,1.0,2.0),(0.0,0.010000000000000),.UNSPECIFIED.);
#977=CARTESIAN_POINT('',(3.599619697408333,10.296481794253548,-0.650000000000000));
#978=VERTEX_POINT('',#977);
#979=CARTESIAN_POINT('',(3.713071887105385,10.565525558392274,-0.650000000000000));
#980=VERTEX_POINT('',#979);
#981=CARTESIAN_POINT('',(3.599619697408333,10.296481794253548,-0.650000000000000));
#982=CARTESIAN_POINT('',(3.599619697408333,10.396968019413794,-0.650000000000000));
#983=CARTESIAN_POINT('',(3.661208028958161,10.525817291998303,-0.650000000000000));
#984=CARTESIAN_POINT('',(3.713071887105385,10.565525558392272,-0.650000000000000));
#985=QUASI_UNIFORM_CURVE('',2,(#981,#982,#983,#984),.UNSPECIFIED.,.F.,.U.);
#986=EDGE_CURVE('',#978,#980,#985,.T.);
#987=ORIENTED_EDGE('',*,*,#986,.F.);
#988=CARTESIAN_POINT('',(3.599619697408333,10.296481794253548,-0.750000000000000));
#989=VERTEX_POINT('',#988);
#990=CARTESIAN_POINT('',(3.599619697408333,10.296481794253548,-0.750000000000000));
#991=DIRECTION('',(0.0,0.0,1.0));
#992=VECTOR('',#991,0.100000000000000);
#993=LINE('',#990,#992);
#994=EDGE_CURVE('',#989,#978,#993,.T.);
#995=ORIENTED_EDGE('',*,*,#994,.F.);
#996=CARTESIAN_POINT('',(3.713071887105385,10.565525558392274,-0.750000000000000));
#997=VERTEX_POINT('',#996);
#998=CARTESIAN_POINT('',(3.713071887105385,10.565525558392272,-0.750000000000000));
#999=CARTESIAN_POINT('',(3.661208028958161,10.525817291998303,-0.750000000000000));
#1000=CARTESIAN_POINT('',(3.599619697408333,10.396968019413794,-0.750000000000000));
#1001=CARTESIAN_POINT('',(3.599619697408333,10.296481794253548,-0.750000000000000));
#1002=QUASI_UNIFORM_CURVE('',2,(#998,#999,#1000,#1001),.UNSPECIFIED.,.F.,.U.);
#1003=EDGE_CURVE('',#997,#989,#1002,.T.);
#1004=ORIENTED_EDGE('',*,*,#1003,.F.);
#1005=CARTESIAN_POINT('',(3.713071887105385,10.565525558392274,-0.750000000000000));
#1006=DIRECTION('',(0.0,0.0,1.0));
#1007=VECTOR('',#1006,0.100000000000000);
#1008=LINE('',#1005,#1007);
#1009=EDGE_CURVE('',#997,#980,#1008,.T.);
#1010=ORIENTED_EDGE('',*,*,#1009,.T.);
#1011=EDGE_LOOP('',(#987,#995,#1004,#1010));
#1012=FACE_OUTER_BOUND('',#1011,.T.);
#1013=ADVANCED_FACE('',(#1012),#976,.F.);
#1014=CARTESIAN_POINT('',(3.898647254538421,10.622251653240797,-0.750000000000000));
#1015=CARTESIAN_POINT('',(3.844352278040546,10.622251653240797,-0.750000000000000));
#1016=CARTESIAN_POINT('',(3.749538662365152,10.593078233032983,-0.750000000000000));
#1017=CARTESIAN_POINT('',(3.713071887105385,10.565525558392272,-0.750000000000000));
#1018=CARTESIAN_POINT('',(3.898647254538421,10.622251653240797,-0.650000000000000));
#1019=CARTESIAN_POINT('',(3.844352278040546,10.622251653240797,-0.650000000000000));
#1020=CARTESIAN_POINT('',(3.749538662365152,10.593078233032983,-0.650000000000000));
#1021=CARTESIAN_POINT('',(3.713071887105385,10.565525558392272,-0.650000000000000));
#1022=B_SPLINE_SURFACE_WITH_KNOTS('',2,1,((#1014,#1018),(#1015,#1019),(#1016,#1020),(#1017,#1021)),.UNSPECIFIED.,.F.,.F.,.U.,(3,1,3),(2,2),(0.0,1.0,2.0),(0.0,0.010000000000000),.UNSPECIFIED.);
#1023=CARTESIAN_POINT('',(3.898647254538421,10.622251653240797,-0.650000000000000));
#1024=VERTEX_POINT('',#1023);
#1025=CARTESIAN_POINT('',(3.713071887105385,10.565525558392272,-0.650000000000000));
#1026=CARTESIAN_POINT('',(3.749538662365152,10.593078233032983,-0.650000000000000));
#1027=CARTESIAN_POINT('',(3.844352278040546,10.622251653240797,-0.650000000000000));
#1028=CARTESIAN_POINT('',(3.898647254538421,10.622251653240797,-0.650000000000000));
#1029=QUASI_UNIFORM_CURVE('',2,(#1025,#1026,#1027,#1028),.UNSPECIFIED.,.F.,.U.);
#1030=EDGE_CURVE('',#980,#1024,#1029,.T.);
#1031=ORIENTED_EDGE('',*,*,#1030,.F.);
#1032=ORIENTED_EDGE('',*,*,#1009,.F.);
#1033=CARTESIAN_POINT('',(3.898647254538421,10.622251653240797,-0.750000000000000));
#1034=VERTEX_POINT('',#1033);
#1035=CARTESIAN_POINT('',(3.898647254538421,10.622251653240797,-0.750000000000000));
#1036=CARTESIAN_POINT('',(3.844352278040546,10.622251653240797,-0.750000000000000));
#1037=CARTESIAN_POINT('',(3.749538662365152,10.593078233032983,-0.750000000000000));
#1038=CARTESIAN_POINT('',(3.713071887105385,10.565525558392272,-0.750000000000000));
#1039=QUASI_UNIFORM_CURVE('',2,(#1035,#1036,#1037,#1038),.UNSPECIFIED.,.F.,.U.);
#1040=EDGE_CURVE('',#1034,#997,#1039,.T.);
#1041=ORIENTED_EDGE('',*,*,#1040,.F.);
#1042=CARTESIAN_POINT('',(3.898647254538421,10.622251653240797,-0.750000000000000));
#1043=DIRECTION('',(0.0,0.0,1.0));
#1044=VECTOR('',#1043,0.100000000000000);
#1045=LINE('',#1042,#1044);
#1046=EDGE_CURVE('',#1034,#1024,#1045,.T.);
#1047=ORIENTED_EDGE('',*,*,#1046,.T.);
#1048=EDGE_LOOP('',(#1031,#1032,#1041,#1047));
#1049=FACE_OUTER_BOUND('',#1048,.T.);
#1050=ADVANCED_FACE('',(#1049),#1022,.F.);
#1051=CARTESIAN_POINT('',(4.113396042179270,10.553369966639018,-0.750000000000000));
#1052=CARTESIAN_POINT('',(4.063963302382697,10.584974505197483,-0.750000000000000));
#1053=CARTESIAN_POINT('',(3.962666704438901,10.622251653240797,-0.750000000000000));
#1054=CARTESIAN_POINT('',(3.898647254538421,10.622251653240797,-0.750000000000000));
#1055=CARTESIAN_POINT('',(4.113396042179270,10.553369966639018,-0.650000000000000));
#1056=CARTESIAN_POINT('',(4.063963302382697,10.584974505197483,-0.650000000000000));
#1057=CARTESIAN_POINT('',(3.962666704438901,10.622251653240797,-0.650000000000000));
#1058=CARTESIAN_POINT('',(3.898647254538421,10.622251653240797,-0.650000000000000));
#1059=B_SPLINE_SURFACE_WITH_KNOTS('',2,1,((#1051,#1055),(#1052,#1056),(#1053,#1057),(#1054,#1058)),.UNSPECIFIED.,.F.,.F.,.U.,(3,1,3),(2,2),(0.0,1.0,2.0),(0.0,0.010000000000000),.UNSPECIFIED.);
#1060=CARTESIAN_POINT('',(4.113396042179270,10.553369966639018,-0.650000000000000));
#1061=VERTEX_POINT('',#1060);
#1062=CARTESIAN_POINT('',(3.898647254538421,10.622251653240797,-0.650000000000000));
#1063=CARTESIAN_POINT('',(3.962666704438901,10.622251653240797,-0.650000000000000));
#1064=CARTESIAN_POINT('',(4.063963302382697,10.584974505197483,-0.650000000000000));
#1065=CARTESIAN_POINT('',(4.113396042179270,10.553369966639018,-0.650000000000000));
#1066=QUASI_UNIFORM_CURVE('',2,(#1062,#1063,#1064,#1065),.UNSPECIFIED.,.F.,.U.);
#1067=EDGE_CURVE('',#1024,#1061,#1066,.T.);
#1068=ORIENTED_EDGE('',*,*,#1067,.F.);
#1069=ORIENTED_EDGE('',*,*,#1046,.F.);
#1070=CARTESIAN_POINT('',(4.113396042179270,10.553369966639018,-0.750000000000000));
#1071=VERTEX_POINT('',#1070);
#1072=CARTESIAN_POINT('',(4.113396042179270,10.553369966639018,-0.750000000000000));
#1073=CARTESIAN_POINT('',(4.063963302382697,10.584974505197483,-0.750000000000000));
#1074=CARTESIAN_POINT('',(3.962666704438901,10.622251653240797,-0.750000000000000));
#1075=CARTESIAN_POINT('',(3.898647254538421,10.622251653240797,-0.750000000000000));
#1076=QUASI_UNIFORM_CURVE('',2,(#1072,#1073,#1074,#1075),.UNSPECIFIED.,.F.,.U.);
#1077=EDGE_CURVE('',#1071,#1034,#1076,.T.);
#1078=ORIENTED_EDGE('',*,*,#1077,.F.);
#1079=CARTESIAN_POINT('',(4.113396042179270,10.553369966639018,-0.750000000000000));
#1080=DIRECTION('',(0.0,0.0,1.0));
#1081=VECTOR('',#1080,0.100000000000000);
#1082=LINE('',#1079,#1081);
#1083=EDGE_CURVE('',#1071,#1061,#1082,.T.);
#1084=ORIENTED_EDGE('',*,*,#1083,.T.);
#1085=EDGE_LOOP('',(#1068,#1069,#1078,#1084));
#1086=FACE_OUTER_BOUND('',#1085,.T.);
#1087=ADVANCED_FACE('',(#1086),#1059,.F.);
#1088=CARTESIAN_POINT('',(3.852456005876050,10.792429937786377,-0.750000000000000));
#1089=CARTESIAN_POINT('',(3.969960059490854,10.792429937786377,-0.750000000000000));
#1090=CARTESIAN_POINT('',(4.097998959291813,10.668442901903170,-0.750000000000000));
#1091=CARTESIAN_POINT('',(4.113396042179270,10.553369966639018,-0.750000000000000));
#1092=CARTESIAN_POINT('',(3.852456005876050,10.792429937786377,-0.650000000000000));
#1093=CARTESIAN_POINT('',(3.969960059490854,10.792429937786377,-0.650000000000000));
#1094=CARTESIAN_POINT('',(4.097998959291813,10.668442901903170,-0.650000000000000));
#1095=CARTESIAN_POINT('',(4.113396042179270,10.553369966639018,-0.650000000000000));
#1096=B_SPLINE_SURFACE_WITH_KNOTS('',2,1,((#1088,#1092),(#1089,#1093),(#1090,#1094),(#1091,#1095)),.UNSPECIFIED.,.F.,.F.,.U.,(3,1,3),(2,2),(0.0,1.0,2.0),(0.0,0.010000000000000),.UNSPECIFIED.);
#1097=CARTESIAN_POINT('',(3.852456005876049,10.792429937786377,-0.650000000000000));
#1098=VERTEX_POINT('',#1097);
#1099=CARTESIAN_POINT('',(4.113396042179270,10.553369966639018,-0.650000000000000));
#1100=CARTESIAN_POINT('',(4.097998959291813,10.668442901903170,-0.650000000000000));
#1101=CARTESIAN_POINT('',(3.969960059490854,10.792429937786377,-0.650000000000000));
#1102=CARTESIAN_POINT('',(3.852456005876050,10.792429937786377,-0.650000000000000));
#1103=QUASI_UNIFORM_CURVE('',2,(#1099,#1100,#1101,#1102),.UNSPECIFIED.,.F.,.U.);
#1104=EDGE_CURVE('',#1061,#1098,#1103,.T.);
#1105=ORIENTED_EDGE('',*,*,#1104,.F.);
#1106=ORIENTED_EDGE('',*,*,#1083,.F.);
#1107=CARTESIAN_POINT('',(3.852456005876049,10.792429937786377,-0.750000000000000));
#1108=VERTEX_POINT('',#1107);
#1109=CARTESIAN_POINT('',(3.852456005876050,10.792429937786377,-0.750000000000000));
#1110=CARTESIAN_POINT('',(3.969960059490854,10.792429937786377,-0.750000000000000));
#1111=CARTESIAN_POINT('',(4.097998959291813,10.668442901903170,-0.750000000000000));
#1112=CARTESIAN_POINT('',(4.113396042179270,10.553369966639018,-0.750000000000000));
#1113=QUASI_UNIFORM_CURVE('',2,(#1109,#1110,#1111,#1112),.UNSPECIFIED.,.F.,.U.);
#1114=EDGE_CURVE('',#1108,#1071,#1113,.T.);
#1115=ORIENTED_EDGE('',*,*,#1114,.F.);
#1116=CARTESIAN_POINT('',(3.852456005876049,10.792429937786377,-0.750000000000000));
#1117=DIRECTION('',(0.0,0.0,1.0));
#1118=VECTOR('',#1117,0.100000000000000);
#1119=LINE('',#1116,#1118);
#1120=EDGE_CURVE('',#1108,#1098,#1119,.T.);
#1121=ORIENTED_EDGE('',*,*,#1120,.T.);
#1122=EDGE_LOOP('',(#1105,#1106,#1115,#1121));
#1123=FACE_OUTER_BOUND('',#1122,.T.);
#1124=ADVANCED_FACE('',(#1123),#1096,.F.);
#1125=CARTESIAN_POINT('',(3.701726668135680,10.761635772011463,-0.750000000000000));
#1126=CARTESIAN_POINT('',(3.719554869373789,10.770549872630518,-0.750000000000000));
#1127=CARTESIAN_POINT('',(3.800592147728826,10.792429937786377,-0.750000000000000));
#1128=CARTESIAN_POINT('',(3.852456005876050,10.792429937786377,-0.750000000000000));
#1129=CARTESIAN_POINT('',(3.701726668135680,10.761635772011463,-0.650000000000000));
#1130=CARTESIAN_POINT('',(3.719554869373789,10.770549872630518,-0.650000000000000));
#1131=CARTESIAN_POINT('',(3.800592147728826,10.792429937786377,-0.650000000000000));
#1132=CARTESIAN_POINT('',(3.852456005876050,10.792429937786377,-0.650000000000000));
#1133=B_SPLINE_SURFACE_WITH_KNOTS('',2,1,((#1125,#1129),(#1126,#1130),(#1127,#1131),(#1128,#1132)),.UNSPECIFIED.,.F.,.F.,.U.,(3,1,3),(2,2),(0.0,1.0,2.0),(0.0,0.010000000000000),.UNSPECIFIED.);
#1134=CARTESIAN_POINT('',(3.701726668135680,10.761635772011463,-0.650000000000000));
#1135=VERTEX_POINT('',#1134);
#1136=CARTESIAN_POINT('',(3.852456005876050,10.792429937786377,-0.650000000000000));
#1137=CARTESIAN_POINT('',(3.800592147728826,10.792429937786377,-0.650000000000000));
#1138=CARTESIAN_POINT('',(3.719554869373789,10.770549872630518,-0.650000000000000));
#1139=CARTESIAN_POINT('',(3.701726668135680,10.761635772011463,-0.650000000000000));
#1140=QUASI_UNIFORM_CURVE('',2,(#1136,#1137,#1138,#1139),.UNSPECIFIED.,.F.,.U.);
#1141=EDGE_CURVE('',#1098,#1135,#1140,.T.);
#1142=ORIENTED_EDGE('',*,*,#1141,.F.);
#1143=ORIENTED_EDGE('',*,*,#1120,.F.);
#1144=CARTESIAN_POINT('',(3.701726668135680,10.761635772011463,-0.750000000000000));
#1145=VERTEX_POINT('',#1144);
#1146=CARTESIAN_POINT('',(3.701726668135680,10.761635772011463,-0.750000000000000));
#1147=CARTESIAN_POINT('',(3.719554869373789,10.770549872630518,-0.750000000000000));
#1148=CARTESIAN_POINT('',(3.800592147728826,10.792429937786377,-0.750000000000000));
#1149=CARTESIAN_POINT('',(3.852456005876050,10.792429937786377,-0.750000000000000));
#1150=QUASI_UNIFORM_CURVE('',2,(#1146,#1147,#1148,#1149),.UNSPECIFIED.,.F.,.U.);
#1151=EDGE_CURVE('',#1145,#1108,#1150,.T.);
#1152=ORIENTED_EDGE('',*,*,#1151,.F.);
#1153=CARTESIAN_POINT('',(3.701726668135680,10.761635772011463,-0.750000000000000));
#1154=DIRECTION('',(0.0,0.0,1.0));
#1155=VECTOR('',#1154,0.100000000000000);
#1156=LINE('',#1153,#1155);
#1157=EDGE_CURVE('',#1145,#1135,#1156,.T.);
#1158=ORIENTED_EDGE('',*,*,#1157,.T.);
#1159=EDGE_LOOP('',(#1142,#1143,#1152,#1158));
#1160=FACE_OUTER_BOUND('',#1159,.T.);
#1161=ADVANCED_FACE('',(#1160),#1133,.F.);
#1162=CARTESIAN_POINT('',(3.701726668135680,10.761635772011463,-0.750000000000000));
#1163=DIRECTION('',(0.0,-1.0,0.0));
#1164=DIRECTION('',(0.0,0.0,-1.0));
#1165=AXIS2_PLACEMENT_3D('',#1162,#1163,#1164);
#1166=PLANE('',#1165);
#1167=CARTESIAN_POINT('',(3.683898466897571,10.761635772011463,-0.650000000000000));
#1168=VERTEX_POINT('',#1167);
#1169=CARTESIAN_POINT('',(3.701726668135680,10.761635772011463,-0.650000000000000));
#1170=DIRECTION('',(-1.0,0.0,0.0));
#1171=VECTOR('',#1170,0.017828201238109);
#1172=LINE('',#1169,#1171);
#1173=EDGE_CURVE('',#1135,#1168,#1172,.T.);
#1174=ORIENTED_EDGE('',*,*,#1173,.F.);
#1175=ORIENTED_EDGE('',*,*,#1157,.F.);
#1176=CARTESIAN_POINT('',(3.683898466897571,10.761635772011463,-0.750000000000000));
#1177=VERTEX_POINT('',#1176);
#1178=CARTESIAN_POINT('',(3.683898466897571,10.761635772011463,-0.750000000000000));
#1179=DIRECTION('',(1.0,0.0,0.0));
#1180=VECTOR('',#1179,0.017828201238109);
#1181=LINE('',#1178,#1180);
#1182=EDGE_CURVE('',#1177,#1145,#1181,.T.);
#1183=ORIENTED_EDGE('',*,*,#1182,.F.);
#1184=CARTESIAN_POINT('',(3.683898466897571,10.761635772011463,-0.750000000000000));
#1185=DIRECTION('',(0.0,0.0,1.0));
#1186=VECTOR('',#1185,0.100000000000000);
#1187=LINE('',#1184,#1186);
#1188=EDGE_CURVE('',#1177,#1168,#1187,.T.);
#1189=ORIENTED_EDGE('',*,*,#1188,.T.);
#1190=EDGE_LOOP('',(#1174,#1175,#1183,#1189));
#1191=FACE_OUTER_BOUND('',#1190,.T.);
#1192=ADVANCED_FACE('',(#1191),#1166,.F.);
#1193=CARTESIAN_POINT('',(3.683898466897571,10.761635772011463,-0.750000000000000));
#1194=DIRECTION('',(-1.0,0.0,0.0));
#1195=DIRECTION('',(0.0,0.0,1.0));
#1196=AXIS2_PLACEMENT_3D('',#1193,#1194,#1195);
#1197=PLANE('',#1196);
#1198=CARTESIAN_POINT('',(3.683898466897571,10.957745985630654,-0.650000000000000));
#1199=VERTEX_POINT('',#1198);
#1200=CARTESIAN_POINT('',(3.683898466897571,10.761635772011463,-0.650000000000000));
#1201=DIRECTION('',(0.0,1.0,0.0));
#1202=VECTOR('',#1201,0.196110213619191);
#1203=LINE('',#1200,#1202);
#1204=EDGE_CURVE('',#1168,#1199,#1203,.T.);
#1205=ORIENTED_EDGE('',*,*,#1204,.F.);
#1206=ORIENTED_EDGE('',*,*,#1188,.F.);
#1207=CARTESIAN_POINT('',(3.683898466897571,10.957745985630654,-0.750000000000000));
#1208=VERTEX_POINT('',#1207);
#1209=CARTESIAN_POINT('',(3.683898466897572,10.957745985630654,-0.750000000000000));
#1210=DIRECTION('',(0.0,-1.0,0.0));
#1211=VECTOR('',#1210,0.196110213619191);
#1212=LINE('',#1209,#1211);
#1213=EDGE_CURVE('',#1208,#1177,#1212,.T.);
#1214=ORIENTED_EDGE('',*,*,#1213,.F.);
#1215=CARTESIAN_POINT('',(3.683898466897571,10.957745985630654,-0.750000000000000));
#1216=DIRECTION('',(0.0,0.0,1.0));
#1217=VECTOR('',#1216,0.100000000000000);
#1218=LINE('',#1215,#1217);
#1219=EDGE_CURVE('',#1208,#1199,#1218,.T.);
#1220=ORIENTED_EDGE('',*,*,#1219,.T.);
#1221=EDGE_LOOP('',(#1205,#1206,#1214,#1220));
#1222=FACE_OUTER_BOUND('',#1221,.T.);
#1223=ADVANCED_FACE('',(#1222),#1197,.F.);
#1224=CARTESIAN_POINT('',(3.850024887525398,10.974763814085211,-0.750000000000000));
#1225=CARTESIAN_POINT('',(3.800592147728826,10.974763814085211,-0.750000000000000));
#1226=CARTESIAN_POINT('',(3.701726668135680,10.961797849548404,-0.750000000000000));
#1227=CARTESIAN_POINT('',(3.683898466897571,10.957745985630654,-0.750000000000000));
#1228=CARTESIAN_POINT('',(3.850024887525398,10.974763814085211,-0.650000000000000));
#1229=CARTESIAN_POINT('',(3.800592147728826,10.974763814085211,-0.650000000000000));
#1230=CARTESIAN_POINT('',(3.701726668135680,10.961797849548404,-0.650000000000000));
#1231=CARTESIAN_POINT('',(3.683898466897571,10.957745985630654,-0.650000000000000));
#1232=B_SPLINE_SURFACE_WITH_KNOTS('',2,1,((#1224,#1228),(#1225,#1229),(#1226,#1230),(#1227,#1231)),.UNSPECIFIED.,.F.,.F.,.U.,(3,1,3),(2,2),(0.0,1.0,2.0),(0.0,0.010000000000000),.UNSPECIFIED.);
#1233=CARTESIAN_POINT('',(3.850024887525398,10.974763814085211,-0.650000000000000));
#1234=VERTEX_POINT('',#1233);
#1235=CARTESIAN_POINT('',(3.683898466897571,10.957745985630654,-0.650000000000000));
#1236=CARTESIAN_POINT('',(3.701726668135680,10.961797849548404,-0.650000000000000));
#1237=CARTESIAN_POINT('',(3.800592147728826,10.974763814085211,-0.650000000000000));
#1238=CARTESIAN_POINT('',(3.850024887525398,10.974763814085211,-0.650000000000000));
#1239=QUASI_UNIFORM_CURVE('',2,(#1235,#1236,#1237,#1238),.UNSPECIFIED.,.F.,.U.);
#1240=EDGE_CURVE('',#1199,#1234,#1239,.T.);
#1241=ORIENTED_EDGE('',*,*,#1240,.F.);
#1242=ORIENTED_EDGE('',*,*,#1219,.F.);
#1243=CARTESIAN_POINT('',(3.850024887525398,10.974763814085211,-0.750000000000000));
#1244=VERTEX_POINT('',#1243);
#1245=CARTESIAN_POINT('',(3.850024887525398,10.974763814085211,-0.750000000000000));
#1246=CARTESIAN_POINT('',(3.800592147728826,10.974763814085211,-0.750000000000000));
#1247=CARTESIAN_POINT('',(3.701726668135680,10.961797849548404,-0.750000000000000));
#1248=CARTESIAN_POINT('',(3.683898466897571,10.957745985630654,-0.750000000000000));
#1249=QUASI_UNIFORM_CURVE('',2,(#1245,#1246,#1247,#1248),.UNSPECIFIED.,.F.,.U.);
#1250=EDGE_CURVE('',#1244,#1208,#1249,.T.);
#1251=ORIENTED_EDGE('',*,*,#1250,.F.);
#1252=CARTESIAN_POINT('',(3.850024887525398,10.974763814085211,-0.750000000000000));
#1253=DIRECTION('',(0.0,0.0,1.0));
#1254=VECTOR('',#1253,0.100000000000000);
#1255=LINE('',#1252,#1254);
#1256=EDGE_CURVE('',#1244,#1234,#1255,.T.);
#1257=ORIENTED_EDGE('',*,*,#1256,.T.);
#1258=EDGE_LOOP('',(#1241,#1242,#1251,#1257));
#1259=FACE_OUTER_BOUND('',#1258,.T.);
#1260=ADVANCED_FACE('',(#1259),#1232,.F.);
#1261=CARTESIAN_POINT('',(4.243866060330880,10.815930748509338,-0.750000000000000));
#1262=CARTESIAN_POINT('',(4.183088101564602,10.890485044595973,-0.750000000000000));
#1263=CARTESIAN_POINT('',(3.985357142378311,10.974763814085211,-0.750000000000000));
#1264=CARTESIAN_POINT('',(3.850024887525398,10.974763814085211,-0.750000000000000));
#1265=CARTESIAN_POINT('',(4.243866060330880,10.815930748509338,-0.650000000000000));
#1266=CARTESIAN_POINT('',(4.183088101564602,10.890485044595973,-0.650000000000000));
#1267=CARTESIAN_POINT('',(3.985357142378311,10.974763814085211,-0.650000000000000));
#1268=CARTESIAN_POINT('',(3.850024887525398,10.974763814085211,-0.650000000000000));
#1269=B_SPLINE_SURFACE_WITH_KNOTS('',2,1,((#1261,#1265),(#1262,#1266),(#1263,#1267),(#1264,#1268)),.UNSPECIFIED.,.F.,.F.,.U.,(3,1,3),(2,2),(0.0,1.0,2.0),(0.0,0.010000000000000),.UNSPECIFIED.);
#1270=CARTESIAN_POINT('',(4.243866060330880,10.815930748509338,-0.650000000000000));
#1271=VERTEX_POINT('',#1270);
#1272=CARTESIAN_POINT('',(3.850024887525398,10.974763814085211,-0.650000000000000));
#1273=CARTESIAN_POINT('',(3.985357142378311,10.974763814085211,-0.650000000000000));
#1274=CARTESIAN_POINT('',(4.183088101564602,10.890485044595973,-0.650000000000000));
#1275=CARTESIAN_POINT('',(4.243866060330880,10.815930748509338,-0.650000000000000));
#1276=QUASI_UNIFORM_CURVE('',2,(#1272,#1273,#1274,#1275),.UNSPECIFIED.,.F.,.U.);
#1277=EDGE_CURVE('',#1234,#1271,#1276,.T.);
#1278=ORIENTED_EDGE('',*,*,#1277,.F.);
#1279=ORIENTED_EDGE('',*,*,#1256,.F.);
#1280=CARTESIAN_POINT('',(4.243866060330880,10.815930748509338,-0.750000000000000));
#1281=VERTEX_POINT('',#1280);
#1282=CARTESIAN_POINT('',(4.243866060330880,10.815930748509338,-0.750000000000000));
#1283=CARTESIAN_POINT('',(4.183088101564602,10.890485044595973,-0.750000000000000));
#1284=CARTESIAN_POINT('',(3.985357142378311,10.974763814085211,-0.750000000000000));
#1285=CARTESIAN_POINT('',(3.850024887525398,10.974763814085211,-0.750000000000000));
#1286=QUASI_UNIFORM_CURVE('',2,(#1282,#1283,#1284,#1285),.UNSPECIFIED.,.F.,.U.);
#1287=EDGE_CURVE('',#1281,#1244,#1286,.T.);
#1288=ORIENTED_EDGE('',*,*,#1287,.F.);
#1289=CARTESIAN_POINT('',(4.243866060330880,10.815930748509338,-0.750000000000000));
#1290=DIRECTION('',(0.0,0.0,1.0));
#1291=VECTOR('',#1290,0.100000000000000);
#1292=LINE('',#1289,#1291);
#1293=EDGE_CURVE('',#1281,#1271,#1292,.T.);
#1294=ORIENTED_EDGE('',*,*,#1293,.T.);
#1295=EDGE_LOOP('',(#1278,#1279,#1288,#1294));
#1296=FACE_OUTER_BOUND('',#1295,.T.);
#1297=ADVANCED_FACE('',(#1296),#1269,.F.);
#1298=CARTESIAN_POINT('',(4.364611605079886,10.401830256115097,-0.750000000000000));
#1299=CARTESIAN_POINT('',(4.364611605079886,10.533110647050258,-0.750000000000000));
#1300=CARTESIAN_POINT('',(4.307885510231360,10.737324588504951,-0.750000000000000));
#1301=CARTESIAN_POINT('',(4.243866060330880,10.815930748509338,-0.750000000000000));
#1302=CARTESIAN_POINT('',(4.364611605079886,10.401830256115097,-0.650000000000000));
#1303=CARTESIAN_POINT('',(4.364611605079886,10.533110647050258,-0.650000000000000));
#1304=CARTESIAN_POINT('',(4.307885510231360,10.737324588504951,-0.650000000000000));
#1305=CARTESIAN_POINT('',(4.243866060330880,10.815930748509338,-0.650000000000000));
#1306=B_SPLINE_SURFACE_WITH_KNOTS('',2,1,((#1298,#1302),(#1299,#1303),(#1300,#1304),(#1301,#1305)),.UNSPECIFIED.,.F.,.F.,.U.,(3,1,3),(2,2),(0.0,1.0,2.0),(0.0,0.010000000000000),.UNSPECIFIED.);
#1307=CARTESIAN_POINT('',(4.364611605079886,10.401830256115099,-0.650000000000000));
#1308=VERTEX_POINT('',#1307);
#1309=CARTESIAN_POINT('',(4.243866060330880,10.815930748509338,-0.650000000000000));
#1310=CARTESIAN_POINT('',(4.307885510231360,10.737324588504951,-0.650000000000000));
#1311=CARTESIAN_POINT('',(4.364611605079886,10.533110647050258,-0.650000000000000));
#1312=CARTESIAN_POINT('',(4.364611605079886,10.401830256115097,-0.650000000000000));
#1313=QUASI_UNIFORM_CURVE('',2,(#1309,#1310,#1311,#1312),.UNSPECIFIED.,.F.,.U.);
#1314=EDGE_CURVE('',#1271,#1308,#1313,.T.);
#1315=ORIENTED_EDGE('',*,*,#1314,.F.);
#1316=ORIENTED_EDGE('',*,*,#1293,.F.);
#1317=CARTESIAN_POINT('',(4.364611605079886,10.401830256115099,-0.750000000000000));
#1318=VERTEX_POINT('',#1317);
#1319=CARTESIAN_POINT('',(4.364611605079886,10.401830256115097,-0.750000000000000));
#1320=CARTESIAN_POINT('',(4.364611605079886,10.533110647050258,-0.750000000000000));
#1321=CARTESIAN_POINT('',(4.307885510231360,10.737324588504951,-0.750000000000000));
#1322=CARTESIAN_POINT('',(4.243866060330880,10.815930748509338,-0.750000000000000));
#1323=QUASI_UNIFORM_CURVE('',2,(#1319,#1320,#1321,#1322),.UNSPECIFIED.,.F.,.U.);
#1324=EDGE_CURVE('',#1318,#1281,#1323,.T.);
#1325=ORIENTED_EDGE('',*,*,#1324,.F.);
#1326=CARTESIAN_POINT('',(4.364611605079886,10.401830256115099,-0.750000000000000));
#1327=DIRECTION('',(0.0,0.0,1.0));
#1328=VECTOR('',#1327,0.100000000000000);
#1329=LINE('',#1326,#1328);
#1330=EDGE_CURVE('',#1318,#1308,#1329,.T.);
#1331=ORIENTED_EDGE('',*,*,#1330,.T.);
#1332=EDGE_LOOP('',(#1315,#1316,#1325,#1331));
#1333=FACE_OUTER_BOUND('',#1332,.T.);
#1334=ADVANCED_FACE('',(#1333),#1306,.F.);
#1335=CARTESIAN_POINT('',(4.247107551465082,10.034731385166777,-0.750000000000000));
#1336=CARTESIAN_POINT('',(4.303833646313608,10.092267852798853,-0.750000000000000));
#1337=CARTESIAN_POINT('',(4.364611605079886,10.274601729097688,-0.750000000000000));
#1338=CARTESIAN_POINT('',(4.364611605079886,10.401830256115097,-0.750000000000000));
#1339=CARTESIAN_POINT('',(4.247107551465082,10.034731385166777,-0.650000000000000));
#1340=CARTESIAN_POINT('',(4.303833646313608,10.092267852798853,-0.650000000000000));
#1341=CARTESIAN_POINT('',(4.364611605079886,10.274601729097688,-0.650000000000000));
#1342=CARTESIAN_POINT('',(4.364611605079886,10.401830256115097,-0.650000000000000));
#1343=B_SPLINE_SURFACE_WITH_KNOTS('',2,1,((#1335,#1339),(#1336,#1340),(#1337,#1341),(#1338,#1342)),.UNSPECIFIED.,.F.,.F.,.U.,(3,1,3),(2,2),(0.0,1.0,2.0),(0.0,0.010000000000000),.UNSPECIFIED.);
#1344=CARTESIAN_POINT('',(4.247107551465082,10.034731385166777,-0.650000000000000));
#1345=VERTEX_POINT('',#1344);
#1346=CARTESIAN_POINT('',(4.364611605079886,10.401830256115097,-0.650000000000000));
#1347=CARTESIAN_POINT('',(4.364611605079886,10.274601729097688,-0.650000000000000));
#1348=CARTESIAN_POINT('',(4.303833646313608,10.092267852798853,-0.650000000000000));
#1349=CARTESIAN_POINT('',(4.247107551465082,10.034731385166777,-0.650000000000000));
#1350=QUASI_UNIFORM_CURVE('',2,(#1346,#1347,#1348,#1349),.UNSPECIFIED.,.F.,.U.);
#1351=EDGE_CURVE('',#1308,#1345,#1350,.T.);
#1352=ORIENTED_EDGE('',*,*,#1351,.F.);
#1353=ORIENTED_EDGE('',*,*,#1330,.F.);
#1354=CARTESIAN_POINT('',(4.247107551465082,10.034731385166777,-0.750000000000000));
#1355=VERTEX_POINT('',#1354);
#1356=CARTESIAN_POINT('',(4.247107551465082,10.034731385166777,-0.750000000000000));
#1357=CARTESIAN_POINT('',(4.303833646313608,10.092267852798853,-0.750000000000000));
#1358=CARTESIAN_POINT('',(4.364611605079886,10.274601729097688,-0.750000000000000));
#1359=CARTESIAN_POINT('',(4.364611605079886,10.401830256115097,-0.750000000000000));
#1360=QUASI_UNIFORM_CURVE('',2,(#1356,#1357,#1358,#1359),.UNSPECIFIED.,.F.,.U.);
#1361=EDGE_CURVE('',#1355,#1318,#1360,.T.);
#1362=ORIENTED_EDGE('',*,*,#1361,.F.);
#1363=CARTESIAN_POINT('',(4.247107551465082,10.034731385166777,-0.750000000000000));
#1364=DIRECTION('',(0.0,0.0,1.0));
#1365=VECTOR('',#1364,0.100000000000000);
#1366=LINE('',#1363,#1365);
#1367=EDGE_CURVE('',#1355,#1345,#1366,.T.);
#1368=ORIENTED_EDGE('',*,*,#1367,.T.);
#1369=EDGE_LOOP('',(#1352,#1353,#1362,#1368));
#1370=FACE_OUTER_BOUND('',#1369,.T.);
#1371=ADVANCED_FACE('',(#1370),#1343,.F.);
#1372=CARTESIAN_POINT('',(3.974822296192156,9.935055532790081,-0.750000000000000));
#1373=CARTESIAN_POINT('',(4.062342556815596,9.935055532790081,-0.750000000000000));
#1374=CARTESIAN_POINT('',(4.199295557235610,9.985298645370204,-0.750000000000000));
#1375=CARTESIAN_POINT('',(4.247107551465082,10.034731385166777,-0.750000000000000));
#1376=CARTESIAN_POINT('',(3.974822296192156,9.935055532790081,-0.650000000000000));
#1377=CARTESIAN_POINT('',(4.062342556815596,9.935055532790081,-0.650000000000000));
#1378=CARTESIAN_POINT('',(4.199295557235610,9.985298645370204,-0.650000000000000));
#1379=CARTESIAN_POINT('',(4.247107551465082,10.034731385166777,-0.650000000000000));
#1380=B_SPLINE_SURFACE_WITH_KNOTS('',2,1,((#1372,#1376),(#1373,#1377),(#1374,#1378),(#1375,#1379)),.UNSPECIFIED.,.F.,.F.,.U.,(3,1,3),(2,2),(0.0,1.0,2.0),(0.0,0.010000000000000),.UNSPECIFIED.);
#1381=CARTESIAN_POINT('',(3.974822296192155,9.935055532790081,-0.650000000000000));
#1382=VERTEX_POINT('',#1381);
#1383=CARTESIAN_POINT('',(4.247107551465082,10.034731385166777,-0.650000000000000));
#1384=CARTESIAN_POINT('',(4.199295557235610,9.985298645370204,-0.650000000000000));
#1385=CARTESIAN_POINT('',(4.062342556815596,9.935055532790081,-0.650000000000000));
#1386=CARTESIAN_POINT('',(3.974822296192156,9.935055532790081,-0.650000000000000));
#1387=QUASI_UNIFORM_CURVE('',2,(#1383,#1384,#1385,#1386),.UNSPECIFIED.,.F.,.U.);
#1388=EDGE_CURVE('',#1345,#1382,#1387,.T.);
#1389=ORIENTED_EDGE('',*,*,#1388,.F.);
#1390=ORIENTED_EDGE('',*,*,#1367,.F.);
#1391=CARTESIAN_POINT('',(3.974822296192155,9.935055532790081,-0.750000000000000));
#1392=VERTEX_POINT('',#1391);
#1393=CARTESIAN_POINT('',(3.974822296192156,9.935055532790081,-0.750000000000000));
#1394=CARTESIAN_POINT('',(4.062342556815596,9.935055532790081,-0.750000000000000));
#1395=CARTESIAN_POINT('',(4.199295557235610,9.985298645370204,-0.750000000000000));
#1396=CARTESIAN_POINT('',(4.247107551465082,10.034731385166777,-0.750000000000000));
#1397=QUASI_UNIFORM_CURVE('',2,(#1393,#1394,#1395,#1396),.UNSPECIFIED.,.F.,.U.);
#1398=EDGE_CURVE('',#1392,#1355,#1397,.T.);
#1399=ORIENTED_EDGE('',*,*,#1398,.F.);
#1400=CARTESIAN_POINT('',(3.974822296192155,9.935055532790081,-0.750000000000000));
#1401=DIRECTION('',(0.0,0.0,1.0));
#1402=VECTOR('',#1401,0.100000000000000);
#1403=LINE('',#1400,#1402);
#1404=EDGE_CURVE('',#1392,#1382,#1403,.T.);
#1405=ORIENTED_EDGE('',*,*,#1404,.T.);
#1406=EDGE_LOOP('',(#1389,#1390,#1399,#1405));
#1407=FACE_OUTER_BOUND('',#1406,.T.);
#1408=ADVANCED_FACE('',(#1407),#1380,.F.);
#1409=CARTESIAN_POINT('',(3.599619697408333,10.296481794253548,-0.750000000000000));
#1410=CARTESIAN_POINT('',(3.599619697408333,10.138459101461226,-0.750000000000000));
#1411=CARTESIAN_POINT('',(3.799781774945275,9.935055532790081,-0.750000000000000));
#1412=CARTESIAN_POINT('',(3.974822296192156,9.935055532790081,-0.750000000000000));
#1413=CARTESIAN_POINT('',(3.599619697408333,10.296481794253548,-0.650000000000000));
#1414=CARTESIAN_POINT('',(3.599619697408333,10.138459101461226,-0.650000000000000));
#1415=CARTESIAN_POINT('',(3.799781774945275,9.935055532790081,-0.650000000000000));
#1416=CARTESIAN_POINT('',(3.974822296192156,9.935055532790081,-0.650000000000000));
#1417=B_SPLINE_SURFACE_WITH_KNOTS('',2,1,((#1409,#1413),(#1410,#1414),(#1411,#1415),(#1412,#1416)),.UNSPECIFIED.,.F.,.F.,.U.,(3,1,3),(2,2),(0.0,1.0,2.0),(0.0,0.010000000000000),.UNSPECIFIED.);
#1418=CARTESIAN_POINT('',(3.974822296192156,9.935055532790081,-0.650000000000000));
#1419=CARTESIAN_POINT('',(3.799781774945275,9.935055532790081,-0.650000000000000));
#1420=CARTESIAN_POINT('',(3.599619697408333,10.138459101461226,-0.650000000000000));
#1421=CARTESIAN_POINT('',(3.599619697408333,10.296481794253548,-0.650000000000000));
#1422=QUASI_UNIFORM_CURVE('',2,(#1418,#1419,#1420,#1421),.UNSPECIFIED.,.F.,.U.);
#1423=EDGE_CURVE('',#1382,#978,#1422,.T.);
#1424=ORIENTED_EDGE('',*,*,#1423,.F.);
#1425=ORIENTED_EDGE('',*,*,#1404,.F.);
#1426=CARTESIAN_POINT('',(3.599619697408333,10.296481794253548,-0.750000000000000));
#1427=CARTESIAN_POINT('',(3.599619697408333,10.138459101461226,-0.750000000000000));
#1428=CARTESIAN_POINT('',(3.799781774945275,9.935055532790081,-0.750000000000000));
#1429=CARTESIAN_POINT('',(3.974822296192156,9.935055532790081,-0.750000000000000));
#1430=QUASI_UNIFORM_CURVE('',2,(#1426,#1427,#1428,#1429),.UNSPECIFIED.,.F.,.U.);
#1431=EDGE_CURVE('',#989,#1392,#1430,.T.);
#1432=ORIENTED_EDGE('',*,*,#1431,.F.);
#1433=ORIENTED_EDGE('',*,*,#994,.T.);
#1434=EDGE_LOOP('',(#1424,#1425,#1432,#1433));
#1435=FACE_OUTER_BOUND('',#1434,.T.);
#1436=ADVANCED_FACE('',(#1435),#1417,.F.);
#1437=CARTESIAN_POINT('',(3.972906715446335,10.503358705693282,-0.650000000000000));
#1438=DIRECTION('',(0.0,0.0,1.0));
#1439=DIRECTION('',(1.0,0.0,0.0));
#1440=AXIS2_PLACEMENT_3D('',#1437,#1438,#1439);
#1441=PLANE('',#1440);
#1442=ORIENTED_EDGE('',*,*,#986,.T.);
#1443=ORIENTED_EDGE('',*,*,#1030,.T.);
#1444=ORIENTED_EDGE('',*,*,#1067,.T.);
#1445=ORIENTED_EDGE('',*,*,#1104,.T.);
#1446=ORIENTED_EDGE('',*,*,#1141,.T.);
#1447=ORIENTED_EDGE('',*,*,#1173,.T.);
#1448=ORIENTED_EDGE('',*,*,#1204,.T.);
#1449=ORIENTED_EDGE('',*,*,#1240,.T.);
#1450=ORIENTED_EDGE('',*,*,#1277,.T.);
#1451=ORIENTED_EDGE('',*,*,#1314,.T.);
#1452=ORIENTED_EDGE('',*,*,#1351,.T.);
#1453=ORIENTED_EDGE('',*,*,#1388,.T.);
#1454=ORIENTED_EDGE('',*,*,#1423,.T.);
#1455=EDGE_LOOP('',(#1442,#1443,#1444,#1445,#1446,#1447,#1448,#1449,#1450,#1451,#1452,#1453,#1454));
#1456=FACE_OUTER_BOUND('',#1455,.T.);
#1457=ORIENTED_EDGE('',*,*,#690,.F.);
#1458=ORIENTED_EDGE('',*,*,#954,.F.);
#1459=ORIENTED_EDGE('',*,*,#919,.F.);
#1460=ORIENTED_EDGE('',*,*,#882,.F.);
#1461=ORIENTED_EDGE('',*,*,#845,.F.);
#1462=ORIENTED_EDGE('',*,*,#808,.F.);
#1463=ORIENTED_EDGE('',*,*,#771,.F.);
#1464=ORIENTED_EDGE('',*,*,#734,.F.);
#1465=EDGE_LOOP('',(#1457,#1458,#1459,#1460,#1461,#1462,#1463,#1464));
#1466=FACE_BOUND('',#1465,.T.);
#1467=ADVANCED_FACE('',(#1456,#1466),#1441,.F.);
#1468=CARTESIAN_POINT('',(10.961953998718965,12.746656831701614,-0.750000000000000));
#1469=DIRECTION('',(0.0,0.0,1.0));
#1470=DIRECTION('',(1.0,0.0,0.0));
#1471=AXIS2_PLACEMENT_3D('',#1468,#1469,#1470);
#1472=PLANE('',#1471);
#1473=CARTESIAN_POINT('',(12.633771302024099,27.826189541009288,-0.750000000000000));
#1474=VERTEX_POINT('',#1473);
#1475=CARTESIAN_POINT('',(12.969317906421910,27.234295068717564,-0.750000000000000));
#1476=VERTEX_POINT('',#1475);
#1477=CARTESIAN_POINT('',(12.633771302024098,27.826189541009288,-0.750000000000000));
#1478=DIRECTION('',(0.493168022227351,-0.869934079026890,0.0));
#1479=VECTOR('',#1478,0.680390027890180);
#1480=LINE('',#1477,#1479);
#1481=EDGE_CURVE('',#1474,#1476,#1480,.T.);
#1482=ORIENTED_EDGE('',*,*,#1481,.T.);
#1483=CARTESIAN_POINT('',(16.270428055733728,25.328398235387812,-0.750000000000000));
#1484=VERTEX_POINT('',#1483);
#1485=CARTESIAN_POINT('',(12.969317906421912,27.234295068717568,-0.750000000000000));
#1486=DIRECTION('',(0.866025403784439,-0.500000000000000,0.0));
#1487=VECTOR('',#1486,3.811793666659553);
#1488=LINE('',#1485,#1487);
#1489=EDGE_CURVE('',#1476,#1484,#1488,.T.);
#1490=ORIENTED_EDGE('',*,*,#1489,.T.);
#1491=CARTESIAN_POINT('',(16.950797007296828,25.333753587971557,-0.750000000000000));
#1492=VERTEX_POINT('',#1491);
#1493=CARTESIAN_POINT('',(16.270428055733728,25.328398235387816,-0.750000000000000));
#1494=DIRECTION('',(0.999969023168781,0.007871003930430,0.0));
#1495=VECTOR('',#1494,0.680390027890157);
#1496=LINE('',#1493,#1495);
#1497=EDGE_CURVE('',#1484,#1492,#1496,.T.);
#1498=ORIENTED_EDGE('',*,*,#1497,.T.);
#1499=CARTESIAN_POINT('',(17.226189541009290,24.305974660131540,-0.750000000000000));
#1500=VERTEX_POINT('',#1499);
#1501=CARTESIAN_POINT('',(16.950797007296831,25.333753587971561,-0.750000000000000));
#1502=DIRECTION('',(0.258819045102521,-0.965925826289068,0.0));
#1503=VECTOR('',#1502,1.064035042720188);
#1504=LINE('',#1501,#1503);
#1505=EDGE_CURVE('',#1492,#1500,#1504,.T.);
#1506=ORIENTED_EDGE('',*,*,#1505,.T.);
#1507=CARTESIAN_POINT('',(16.634295068717570,23.970428055733727,-0.750000000000000));
#1508=VERTEX_POINT('',#1507);
#1509=CARTESIAN_POINT('',(17.226189541009290,24.305974660131536,-0.750000000000000));
#1510=DIRECTION('',(-0.869934079026891,-0.493168022227350,0.0));
#1511=VECTOR('',#1510,0.680390027890176);
#1512=LINE('',#1509,#1511);
#1513=EDGE_CURVE('',#1500,#1508,#1512,.T.);
#1514=ORIENTED_EDGE('',*,*,#1513,.T.);
#1515=CARTESIAN_POINT('',(10.728421096750429,13.741154273188013,-0.750000000000000));
#1516=VERTEX_POINT('',#1515);
#1517=CARTESIAN_POINT('',(16.634295068717567,23.970428055733727,-0.750000000000000));
#1518=DIRECTION('',(-0.499999999999999,-0.866025403784439,0.0));
#1519=VECTOR('',#1518,11.811747943934295);
#1520=LINE('',#1517,#1519);
#1521=EDGE_CURVE('',#1508,#1516,#1520,.T.);
#1522=ORIENTED_EDGE('',*,*,#1521,.T.);
#1523=CARTESIAN_POINT('',(11.305771365940057,12.741154273188007,-0.750000000000000));
#1524=VERTEX_POINT('',#1523);
#1525=CARTESIAN_POINT('',(10.728421096750427,13.741154273188011,-0.750000000000000));
#1526=DIRECTION('',(0.500000000000001,-0.866025403784438,0.0));
#1527=VECTOR('',#1526,1.154700538379257);
#1528=LINE('',#1525,#1527);
#1529=EDGE_CURVE('',#1516,#1524,#1528,.T.);
#1530=ORIENTED_EDGE('',*,*,#1529,.T.);
#1531=CARTESIAN_POINT('',(10.728421096750431,11.741154273188005,-0.750000000000000));
#1532=VERTEX_POINT('',#1531);
#1533=CARTESIAN_POINT('',(11.305771365940057,12.741154273188005,-0.750000000000000));
#1534=DIRECTION('',(-0.500000000000000,-0.866025403784439,0.0));
#1535=VECTOR('',#1534,1.154700538379253);
#1536=LINE('',#1533,#1535);
#1537=EDGE_CURVE('',#1524,#1532,#1536,.T.);
#1538=ORIENTED_EDGE('',*,*,#1537,.T.);
#1539=CARTESIAN_POINT('',(12.368762281184784,8.899999999999995,-0.750000000000000));
#1540=VERTEX_POINT('',#1539);
#1541=CARTESIAN_POINT('',(10.728421096750433,11.741154273188007,-0.750000000000000));
#1542=DIRECTION('',(0.499999999999999,-0.866025403784439,0.0));
#1543=VECTOR('',#1542,3.280682368868707);
#1544=LINE('',#1541,#1543);
#1545=EDGE_CURVE('',#1532,#1540,#1544,.T.);
#1546=ORIENTED_EDGE('',*,*,#1545,.T.);
#1547=CARTESIAN_POINT('',(13.523462819564035,8.899999999999999,-0.750000000000000));
#1548=VERTEX_POINT('',#1547);
#1549=CARTESIAN_POINT('',(12.368762281184784,8.899999999999993,-0.750000000000000));
#1550=DIRECTION('',(1.0,0.0,0.0));
#1551=VECTOR('',#1550,1.154700538379251);
#1552=LINE('',#1549,#1551);
#1553=EDGE_CURVE('',#1540,#1548,#1552,.T.);
#1554=ORIENTED_EDGE('',*,*,#1553,.T.);
#1555=CARTESIAN_POINT('',(14.100813088753657,7.900000000000002,-0.750000000000000));
#1556=VERTEX_POINT('',#1555);
#1557=CARTESIAN_POINT('',(13.523462819564033,8.899999999999997,-0.750000000000000));
#1558=DIRECTION('',(0.500000000000000,-0.866025403784439,0.0));
#1559=VECTOR('',#1558,1.154700538379246);
#1560=LINE('',#1557,#1559);
#1561=EDGE_CURVE('',#1548,#1556,#1560,.T.);
#1562=ORIENTED_EDGE('',*,*,#1561,.T.);
#1563=CARTESIAN_POINT('',(16.905896833329784,7.900000000000008,-0.750000000000000));
#1564=VERTEX_POINT('',#1563);
#1565=CARTESIAN_POINT('',(14.100813088753656,7.900000000000004,-0.750000000000000));
#1566=DIRECTION('',(1.0,0.0,0.0));
#1567=VECTOR('',#1566,2.805083744576129);
#1568=LINE('',#1565,#1567);
#1569=EDGE_CURVE('',#1556,#1564,#1568,.T.);
#1570=ORIENTED_EDGE('',*,*,#1569,.T.);
#1571=CARTESIAN_POINT('',(17.492435953037745,8.244822347165306,-0.750000000000000));
#1572=VERTEX_POINT('',#1571);
#1573=CARTESIAN_POINT('',(16.905896833329788,7.900000000000007,-0.750000000000000));
#1574=DIRECTION('',(0.862063075096461,0.506801000941428,0.0));
#1575=VECTOR('',#1574,0.680390027890159);
#1576=LINE('',#1573,#1575);
#1577=EDGE_CURVE('',#1564,#1572,#1576,.T.);
#1578=ORIENTED_EDGE('',*,*,#1577,.T.);
#1579=CARTESIAN_POINT('',(18.244822347165307,7.492435953037742,-0.750000000000000));
#1580=VERTEX_POINT('',#1579);
#1581=CARTESIAN_POINT('',(17.492435953037745,8.244822347165304,-0.750000000000000));
#1582=DIRECTION('',(0.707106781186547,-0.707106781186548,0.0));
#1583=VECTOR('',#1582,1.064035042720188);
#1584=LINE('',#1581,#1583);
#1585=EDGE_CURVE('',#1572,#1580,#1584,.T.);
#1586=ORIENTED_EDGE('',*,*,#1585,.T.);
#1587=CARTESIAN_POINT('',(17.899999999999999,6.905896833329770,-0.750000000000000));
#1588=VERTEX_POINT('',#1587);
#1589=CARTESIAN_POINT('',(18.244822347165311,7.492435953037742,-0.750000000000000));
#1590=DIRECTION('',(-0.506801000941433,-0.862063075096458,0.0));
#1591=VECTOR('',#1590,0.680390027890179);
#1592=LINE('',#1589,#1591);
#1593=EDGE_CURVE('',#1580,#1588,#1592,.T.);
#1594=ORIENTED_EDGE('',*,*,#1593,.T.);
#1595=CARTESIAN_POINT('',(17.900000000000006,3.094103166670215,-0.750000000000000));
#1596=VERTEX_POINT('',#1595);
#1597=CARTESIAN_POINT('',(17.899999999999999,6.905896833329770,-0.750000000000000));
#1598=DIRECTION('',(0.0,-1.0,0.0));
#1599=VECTOR('',#1598,3.811793666659556);
#1600=LINE('',#1597,#1599);
#1601=EDGE_CURVE('',#1588,#1596,#1600,.T.);
#1602=ORIENTED_EDGE('',*,*,#1601,.T.);
#1603=CARTESIAN_POINT('',(18.244822347165307,2.507564046962256,-0.750000000000000));
#1604=VERTEX_POINT('',#1603);
#1605=CARTESIAN_POINT('',(17.900000000000006,3.094103166670213,-0.750000000000000));
#1606=DIRECTION('',(0.506801000941431,-0.862063075096460,0.0));
#1607=VECTOR('',#1606,0.680390027890161);
#1608=LINE('',#1605,#1607);
#1609=EDGE_CURVE('',#1596,#1604,#1608,.T.);
#1610=ORIENTED_EDGE('',*,*,#1609,.T.);
#1611=CARTESIAN_POINT('',(17.492435953037742,1.755177652834690,-0.750000000000000));
#1612=VERTEX_POINT('',#1611);
#1613=CARTESIAN_POINT('',(18.244822347165307,2.507564046962256,-0.750000000000000));
#1614=DIRECTION('',(-0.707106781186548,-0.707106781186547,0.0));
#1615=VECTOR('',#1614,1.064035042720192);
#1616=LINE('',#1613,#1615);
#1617=EDGE_CURVE('',#1604,#1612,#1616,.T.);
#1618=ORIENTED_EDGE('',*,*,#1617,.T.);
#1619=CARTESIAN_POINT('',(16.905896833329766,2.100000000000000,-0.750000000000000));
#1620=VERTEX_POINT('',#1619);
#1621=CARTESIAN_POINT('',(17.492435953037742,1.755177652834689,-0.750000000000000));
#1622=DIRECTION('',(-0.862063075096459,0.506801000941431,0.0));
#1623=VECTOR('',#1622,0.680390027890177);
#1624=LINE('',#1621,#1623);
#1625=EDGE_CURVE('',#1612,#1620,#1624,.T.);
#1626=ORIENTED_EDGE('',*,*,#1625,.T.);
#1627=CARTESIAN_POINT('',(3.094103166670210,2.099999999999989,-0.750000000000000));
#1628=VERTEX_POINT('',#1627);
#1629=CARTESIAN_POINT('',(16.905896833329766,2.099999999999999,-0.750000000000000));
#1630=DIRECTION('',(-1.0,0.0,0.0));
#1631=VECTOR('',#1630,13.811793666659558);
#1632=LINE('',#1629,#1631);
#1633=EDGE_CURVE('',#1620,#1628,#1632,.T.);
#1634=ORIENTED_EDGE('',*,*,#1633,.T.);
#1635=CARTESIAN_POINT('',(2.507564046962250,1.755177652834689,-0.750000000000000));
#1636=VERTEX_POINT('',#1635);
#1637=CARTESIAN_POINT('',(3.094103166670210,2.099999999999989,-0.750000000000000));
#1638=DIRECTION('',(-0.862063075096461,-0.506801000941429,0.0));
#1639=VECTOR('',#1638,0.680390027890161);
#1640=LINE('',#1637,#1639);
#1641=EDGE_CURVE('',#1628,#1636,#1640,.T.);
#1642=ORIENTED_EDGE('',*,*,#1641,.T.);
#1643=CARTESIAN_POINT('',(1.755177652834687,2.507564046962251,-0.750000000000000));
#1644=VERTEX_POINT('',#1643);
#1645=CARTESIAN_POINT('',(2.507564046962250,1.755177652834689,-0.750000000000000));
#1646=DIRECTION('',(-0.707106781186548,0.707106781186547,0.0));
#1647=VECTOR('',#1646,1.064035042720188);
#1648=LINE('',#1645,#1647);
#1649=EDGE_CURVE('',#1636,#1644,#1648,.T.);
#1650=ORIENTED_EDGE('',*,*,#1649,.T.);
#1651=CARTESIAN_POINT('',(2.099999999999997,3.094103166670226,-0.750000000000000));
#1652=VERTEX_POINT('',#1651);
#1653=CARTESIAN_POINT('',(1.755177652834686,2.507564046962251,-0.750000000000000));
#1654=DIRECTION('',(0.506801000941430,0.862063075096460,0.0));
#1655=VECTOR('',#1654,0.680390027890179);
#1656=LINE('',#1653,#1655);
#1657=EDGE_CURVE('',#1644,#1652,#1656,.T.);
#1658=ORIENTED_EDGE('',*,*,#1657,.T.);
#1659=CARTESIAN_POINT('',(2.099999999999993,10.396290544517100,-0.750000000000000));
#1660=VERTEX_POINT('',#1659);
#1661=CARTESIAN_POINT('',(2.099999999999997,3.094103166670227,-0.750000000000000));
#1662=DIRECTION('',(0.0,1.0,0.0));
#1663=VECTOR('',#1662,7.302187377846874);
#1664=LINE('',#1661,#1663);
#1665=EDGE_CURVE('',#1652,#1660,#1664,.T.);
#1666=ORIENTED_EDGE('',*,*,#1665,.T.);
#1667=CARTESIAN_POINT('',(11.611347726767821,26.870428055733726,-0.750000000000000));
#1668=VERTEX_POINT('',#1667);
#1669=CARTESIAN_POINT('',(2.099999999999992,10.396290544517100,-0.750000000000000));
#1670=DIRECTION('',(0.500000000000000,0.866025403784438,0.0));
#1671=VECTOR('',#1670,19.022695453535661);
#1672=LINE('',#1669,#1671);
#1673=EDGE_CURVE('',#1660,#1668,#1672,.T.);
#1674=ORIENTED_EDGE('',*,*,#1673,.T.);
#1675=CARTESIAN_POINT('',(11.605992374184076,27.550797007296829,-0.750000000000000));
#1676=VERTEX_POINT('',#1675);
#1677=CARTESIAN_POINT('',(11.611347726767823,26.870428055733726,-0.750000000000000));
#1678=DIRECTION('',(-0.007871003930427,0.999969023168782,0.0));
#1679=VECTOR('',#1678,0.680390027890160);
#1680=LINE('',#1677,#1679);
#1681=EDGE_CURVE('',#1668,#1676,#1680,.T.);
#1682=ORIENTED_EDGE('',*,*,#1681,.T.);
#1683=CARTESIAN_POINT('',(11.605992374184078,27.550797007296826,-0.750000000000000));
#1684=DIRECTION('',(0.965925826289068,0.258819045102521,0.0));
#1685=VECTOR('',#1684,1.064035042720190);
#1686=LINE('',#1683,#1685);
#1687=EDGE_CURVE('',#1676,#1474,#1686,.T.);
#1688=ORIENTED_EDGE('',*,*,#1687,.T.);
#1689=EDGE_LOOP('',(#1482,#1490,#1498,#1506,#1514,#1522,#1530,#1538,#1546,#1554,#1562,#1570,#1578,#1586,#1594,#1602,#1610,#1618,#1626,#1634,#1642,#1650,#1658,#1666,#1674,#1682,#1688));
#1690=FACE_OUTER_BOUND('',#1689,.T.);
#1691=CARTESIAN_POINT('',(6.500000000000000,5.000000000000001,-0.750000000000000));
#1692=VERTEX_POINT('',#1691);
#1693=CARTESIAN_POINT('',(5.0,5.000000000000001,-0.750000000000000));
#1694=DIRECTION('',(0.0,0.0,1.0));
#1695=DIRECTION('',(-1.0,0.0,0.0));
#1696=AXIS2_PLACEMENT_3D('',#1693,#1694,#1695);
#1697=CIRCLE('',#1696,1.500000000000000);
#1698=EDGE_CURVE('',#1692,#1692,#1697,.T.);
#1699=ORIENTED_EDGE('',*,*,#1698,.T.);
#1700=EDGE_LOOP('',(#1699));
#1701=FACE_BOUND('',#1700,.T.);
#1702=CARTESIAN_POINT('',(16.500000000000000,5.0,-0.750000000000000));
#1703=VERTEX_POINT('',#1702);
#1704=CARTESIAN_POINT('',(14.999999999999998,5.0,-0.750000000000000));
#1705=DIRECTION('',(0.0,0.0,1.0));
#1706=DIRECTION('',(-1.0,0.0,0.0));
#1707=AXIS2_PLACEMENT_3D('',#1704,#1705,#1706);
#1708=CIRCLE('',#1707,1.500000000000000);
#1709=EDGE_CURVE('',#1703,#1703,#1708,.T.);
#1710=ORIENTED_EDGE('',*,*,#1709,.T.);
#1711=EDGE_LOOP('',(#1710));
#1712=FACE_BOUND('',#1711,.T.);
#1713=CARTESIAN_POINT('',(14.669872981077802,23.769872981077814,-0.750000000000000));
#1714=VERTEX_POINT('',#1713);
#1715=CARTESIAN_POINT('',(13.169872981077804,23.769872981077814,-0.750000000000000));
#1716=DIRECTION('',(0.0,0.0,1.0));
#1717=DIRECTION('',(-1.0,0.0,0.0));
#1718=AXIS2_PLACEMENT_3D('',#1715,#1716,#1717);
#1719=CIRCLE('',#1718,1.500000000000000);
#1720=EDGE_CURVE('',#1714,#1714,#1719,.T.);
#1721=ORIENTED_EDGE('',*,*,#1720,.T.);
#1722=EDGE_LOOP('',(#1721));
#1723=FACE_BOUND('',#1722,.T.);
#1724=CARTESIAN_POINT('',(10.761284993072952,17.0,-0.750000000000000));
#1725=VERTEX_POINT('',#1724);
#1726=CARTESIAN_POINT('',(9.261284993072952,17.0,-0.750000000000000));
#1727=DIRECTION('',(0.0,0.0,1.0));
#1728=DIRECTION('',(-1.0,0.0,0.0));
#1729=AXIS2_PLACEMENT_3D('',#1726,#1727,#1728);
#1730=CIRCLE('',#1729,1.500000000000000);
#1731=EDGE_CURVE('',#1725,#1725,#1730,.T.);
#1732=ORIENTED_EDGE('',*,*,#1731,.T.);
#1733=EDGE_LOOP('',(#1732));
#1734=FACE_BOUND('',#1733,.T.);
#1735=ORIENTED_EDGE('',*,*,#1003,.T.);
#1736=ORIENTED_EDGE('',*,*,#1431,.T.);
#1737=ORIENTED_EDGE('',*,*,#1398,.T.);
#1738=ORIENTED_EDGE('',*,*,#1361,.T.);
#1739=ORIENTED_EDGE('',*,*,#1324,.T.);
#1740=ORIENTED_EDGE('',*,*,#1287,.T.);
#1741=ORIENTED_EDGE('',*,*,#1250,.T.);
#1742=ORIENTED_EDGE('',*,*,#1213,.T.);
#1743=ORIENTED_EDGE('',*,*,#1182,.T.);
#1744=ORIENTED_EDGE('',*,*,#1151,.T.);
#1745=ORIENTED_EDGE('',*,*,#1114,.T.);
#1746=ORIENTED_EDGE('',*,*,#1077,.T.);
#1747=ORIENTED_EDGE('',*,*,#1040,.T.);
#1748=EDGE_LOOP('',(#1735,#1736,#1737,#1738,#1739,#1740,#1741,#1742,#1743,#1744,#1745,#1746,#1747));
#1749=FACE_BOUND('',#1748,.T.);
#1750=ORIENTED_EDGE('',*,*,#565,.T.);
#1751=ORIENTED_EDGE('',*,*,#654,.T.);
#1752=ORIENTED_EDGE('',*,*,#627,.T.);
#1753=ORIENTED_EDGE('',*,*,#596,.T.);
#1754=EDGE_LOOP('',(#1750,#1751,#1752,#1753));
#1755=FACE_BOUND('',#1754,.T.);
#1756=ORIENTED_EDGE('',*,*,#97,.T.);
#1757=ORIENTED_EDGE('',*,*,#508,.T.);
#1758=ORIENTED_EDGE('',*,*,#481,.T.);
#1759=ORIENTED_EDGE('',*,*,#450,.T.);
#1760=ORIENTED_EDGE('',*,*,#417,.T.);
#1761=ORIENTED_EDGE('',*,*,#384,.T.);
#1762=ORIENTED_EDGE('',*,*,#351,.T.);
#1763=ORIENTED_EDGE('',*,*,#320,.T.);
#1764=ORIENTED_EDGE('',*,*,#287,.T.);
#1765=ORIENTED_EDGE('',*,*,#254,.T.);
#1766=ORIENTED_EDGE('',*,*,#221,.T.);
#1767=ORIENTED_EDGE('',*,*,#190,.T.);
#1768=ORIENTED_EDGE('',*,*,#159,.T.);
#1769=ORIENTED_EDGE('',*,*,#128,.T.);
#1770=EDGE_LOOP('',(#1756,#1757,#1758,#1759,#1760,#1761,#1762,#1763,#1764,#1765,#1766,#1767,#1768,#1769));
#1771=FACE_BOUND('',#1770,.T.);
#1772=ADVANCED_FACE('',(#1690,#1701,#1712,#1723,#1734,#1749,#1755,#1771),#1472,.F.);
#1773=CARTESIAN_POINT('',(4.640387778706018,10.521335165198401,0.750000000000000));
#1774=DIRECTION('',(1.0,0.0,0.0));
#1775=DIRECTION('',(0.0,0.0,-1.0));
#1776=AXIS2_PLACEMENT_3D('',#1773,#1774,#1775);
#1777=PLANE('',#1776);
#1778=CARTESIAN_POINT('',(4.640387778706018,10.521335165198401,0.650000000000000));
#1779=VERTEX_POINT('',#1778);
#1780=CARTESIAN_POINT('',(4.640387778706018,10.690542484792957,0.650000000000000));
#1781=VERTEX_POINT('',#1780);
#1782=CARTESIAN_POINT('',(4.640387778706018,10.521335165198401,0.650000000000000));
#1783=DIRECTION('',(0.0,1.0,0.0));
#1784=VECTOR('',#1783,0.169207319594555);
#1785=LINE('',#1782,#1784);
#1786=EDGE_CURVE('',#1779,#1781,#1785,.T.);
#1787=ORIENTED_EDGE('',*,*,#1786,.F.);
#1788=CARTESIAN_POINT('',(4.640387778706018,10.521335165198401,0.750000000000000));
#1789=VERTEX_POINT('',#1788);
#1790=CARTESIAN_POINT('',(4.640387778706018,10.521335165198401,0.750000000000000));
#1791=DIRECTION('',(0.0,0.0,-1.0));
#1792=VECTOR('',#1791,0.100000000000000);
#1793=LINE('',#1790,#1792);
#1794=EDGE_CURVE('',#1789,#1779,#1793,.T.);
#1795=ORIENTED_EDGE('',*,*,#1794,.F.);
#1796=CARTESIAN_POINT('',(4.640387778706018,10.690542484792957,0.750000000000000));
#1797=VERTEX_POINT('',#1796);
#1798=CARTESIAN_POINT('',(4.640387778706017,10.690542484792957,0.750000000000000));
#1799=DIRECTION('',(0.0,-1.0,0.0));
#1800=VECTOR('',#1799,0.169207319594555);
#1801=LINE('',#1798,#1800);
#1802=EDGE_CURVE('',#1797,#1789,#1801,.T.);
#1803=ORIENTED_EDGE('',*,*,#1802,.F.);
#1804=CARTESIAN_POINT('',(4.640387778706018,10.690542484792957,0.750000000000000));
#1805=DIRECTION('',(0.0,0.0,-1.0));
#1806=VECTOR('',#1805,0.100000000000000);
#1807=LINE('',#1804,#1806);
#1808=EDGE_CURVE('',#1797,#1781,#1807,.T.);
#1809=ORIENTED_EDGE('',*,*,#1808,.T.);
#1810=EDGE_LOOP('',(#1787,#1795,#1803,#1809));
#1811=FACE_OUTER_BOUND('',#1810,.T.);
#1812=ADVANCED_FACE('',(#1811),#1777,.F.);
#1813=CARTESIAN_POINT('',(4.640387778706018,10.690542484792957,0.750000000000000));
#1814=DIRECTION('',(0.0,1.0,0.0));
#1815=DIRECTION('',(0.0,0.0,1.0));
#1816=AXIS2_PLACEMENT_3D('',#1813,#1814,#1815);
#1817=PLANE('',#1816);
#1818=CARTESIAN_POINT('',(3.846942644931544,10.690542484792957,0.650000000000000));
#1819=VERTEX_POINT('',#1818);
#1820=CARTESIAN_POINT('',(4.640387778706018,10.690542484792957,0.650000000000000));
#1821=DIRECTION('',(-1.0,0.0,0.0));
#1822=VECTOR('',#1821,0.793445133774473);
#1823=LINE('',#1820,#1822);
#1824=EDGE_CURVE('',#1781,#1819,#1823,.T.);
#1825=ORIENTED_EDGE('',*,*,#1824,.F.);
#1826=ORIENTED_EDGE('',*,*,#1808,.F.);
#1827=CARTESIAN_POINT('',(3.846942644931544,10.690542484792957,0.750000000000000));
#1828=VERTEX_POINT('',#1827);
#1829=CARTESIAN_POINT('',(3.846942644931545,10.690542484792957,0.750000000000000));
#1830=DIRECTION('',(1.0,0.0,0.0));
#1831=VECTOR('',#1830,0.793445133774473);
#1832=LINE('',#1829,#1831);
#1833=EDGE_CURVE('',#1828,#1797,#1832,.T.);
#1834=ORIENTED_EDGE('',*,*,#1833,.F.);
#1835=CARTESIAN_POINT('',(3.846942644931544,10.690542484792957,0.750000000000000));
#1836=DIRECTION('',(0.0,0.0,-1.0));
#1837=VECTOR('',#1836,0.100000000000000);
#1838=LINE('',#1835,#1837);
#1839=EDGE_CURVE('',#1828,#1819,#1838,.T.);
#1840=ORIENTED_EDGE('',*,*,#1839,.T.);
#1841=EDGE_LOOP('',(#1825,#1826,#1834,#1840));
#1842=FACE_OUTER_BOUND('',#1841,.T.);
#1843=ADVANCED_FACE('',(#1842),#1817,.F.);
#1844=CARTESIAN_POINT('',(3.846942644931544,10.690542484792957,0.750000000000000));
#1845=DIRECTION('',(-1.0,0.0,0.0));
#1846=DIRECTION('',(0.0,0.0,1.0));
#1847=AXIS2_PLACEMENT_3D('',#1844,#1845,#1846);
#1848=PLANE('',#1847);
#1849=CARTESIAN_POINT('',(3.846942644931544,10.521335165198401,0.650000000000000));
#1850=VERTEX_POINT('',#1849);
#1851=CARTESIAN_POINT('',(3.846942644931544,10.690542484792957,0.650000000000000));
#1852=DIRECTION('',(0.0,-1.0,0.0));
#1853=VECTOR('',#1852,0.169207319594555);
#1854=LINE('',#1851,#1853);
#1855=EDGE_CURVE('',#1819,#1850,#1854,.T.);
#1856=ORIENTED_EDGE('',*,*,#1855,.F.);
#1857=ORIENTED_EDGE('',*,*,#1839,.F.);
#1858=CARTESIAN_POINT('',(3.846942644931544,10.521335165198401,0.750000000000000));
#1859=VERTEX_POINT('',#1858);
#1860=CARTESIAN_POINT('',(3.846942644931544,10.521335165198401,0.750000000000000));
#1861=DIRECTION('',(0.0,1.0,0.0));
#1862=VECTOR('',#1861,0.169207319594555);
#1863=LINE('',#1860,#1862);
#1864=EDGE_CURVE('',#1859,#1828,#1863,.T.);
#1865=ORIENTED_EDGE('',*,*,#1864,.F.);
#1866=CARTESIAN_POINT('',(3.846942644931544,10.521335165198401,0.750000000000000));
#1867=DIRECTION('',(0.0,0.0,-1.0));
#1868=VECTOR('',#1867,0.100000000000000);
#1869=LINE('',#1866,#1868);
#1870=EDGE_CURVE('',#1859,#1850,#1869,.T.);
#1871=ORIENTED_EDGE('',*,*,#1870,.T.);
#1872=EDGE_LOOP('',(#1856,#1857,#1865,#1871));
#1873=FACE_OUTER_BOUND('',#1872,.T.);
#1874=ADVANCED_FACE('',(#1873),#1848,.F.);
#1875=CARTESIAN_POINT('',(3.846942644931544,10.521335165198401,0.750000000000000));
#1876=DIRECTION('',(0.0,-1.0,0.0));
#1877=DIRECTION('',(0.0,0.0,-1.0));
#1878=AXIS2_PLACEMENT_3D('',#1875,#1876,#1877);
#1879=PLANE('',#1878);
#1880=CARTESIAN_POINT('',(4.142674356655363,10.521335165198401,0.650000000000000));
#1881=VERTEX_POINT('',#1880);
#1882=CARTESIAN_POINT('',(3.846942644931545,10.521335165198401,0.650000000000000));
#1883=DIRECTION('',(1.0,0.0,0.0));
#1884=VECTOR('',#1883,0.295731711723819);
#1885=LINE('',#1882,#1884);
#1886=EDGE_CURVE('',#1850,#1881,#1885,.T.);
#1887=ORIENTED_EDGE('',*,*,#1886,.F.);
#1888=ORIENTED_EDGE('',*,*,#1870,.F.);
#1889=CARTESIAN_POINT('',(4.142674356655363,10.521335165198401,0.750000000000000));
#1890=VERTEX_POINT('',#1889);
#1891=CARTESIAN_POINT('',(4.142674356655363,10.521335165198401,0.750000000000000));
#1892=DIRECTION('',(-1.0,0.0,0.0));
#1893=VECTOR('',#1892,0.295731711723819);
#1894=LINE('',#1891,#1893);
#1895=EDGE_CURVE('',#1890,#1859,#1894,.T.);
#1896=ORIENTED_EDGE('',*,*,#1895,.F.);
#1897=CARTESIAN_POINT('',(4.142674356655363,10.521335165198401,0.750000000000000));
#1898=DIRECTION('',(0.0,0.0,-1.0));
#1899=VECTOR('',#1898,0.100000000000000);
#1900=LINE('',#1897,#1899);
#1901=EDGE_CURVE('',#1890,#1881,#1900,.T.);
#1902=ORIENTED_EDGE('',*,*,#1901,.T.);
#1903=EDGE_LOOP('',(#1887,#1888,#1896,#1902));
#1904=FACE_OUTER_BOUND('',#1903,.T.);
#1905=ADVANCED_FACE('',(#1904),#1879,.F.);
#1906=CARTESIAN_POINT('',(4.142674356655363,10.521335165198401,0.750000000000000));
#1907=DIRECTION('',(-1.0,0.0,0.0));
#1908=DIRECTION('',(0.0,0.0,1.0));
#1909=AXIS2_PLACEMENT_3D('',#1906,#1907,#1908);
#1910=PLANE('',#1909);
#1911=CARTESIAN_POINT('',(4.142674356655363,9.712646128757751,0.650000000000000));
#1912=VERTEX_POINT('',#1911);
#1913=CARTESIAN_POINT('',(4.142674356655363,10.521335165198401,0.650000000000000));
#1914=DIRECTION('',(0.0,-1.0,0.0));
#1915=VECTOR('',#1914,0.808689036440651);
#1916=LINE('',#1913,#1915);
#1917=EDGE_CURVE('',#1881,#1912,#1916,.T.);
#1918=ORIENTED_EDGE('',*,*,#1917,.F.);
#1919=ORIENTED_EDGE('',*,*,#1901,.F.);
#1920=CARTESIAN_POINT('',(4.142674356655363,9.712646128757751,0.750000000000000));
#1921=VERTEX_POINT('',#1920);
#1922=CARTESIAN_POINT('',(4.142674356655363,9.712646128757751,0.750000000000000));
#1923=DIRECTION('',(0.0,1.0,0.0));
#1924=VECTOR('',#1923,0.808689036440651);
#1925=LINE('',#1922,#1924);
#1926=EDGE_CURVE('',#1921,#1890,#1925,.T.);
#1927=ORIENTED_EDGE('',*,*,#1926,.F.);
#1928=CARTESIAN_POINT('',(4.142674356655363,9.712646128757751,0.750000000000000));
#1929=DIRECTION('',(0.0,0.0,-1.0));
#1930=VECTOR('',#1929,0.100000000000000);
#1931=LINE('',#1928,#1930);
#1932=EDGE_CURVE('',#1921,#1912,#1931,.T.);
#1933=ORIENTED_EDGE('',*,*,#1932,.T.);
#1934=EDGE_LOOP('',(#1918,#1919,#1927,#1933));
#1935=FACE_OUTER_BOUND('',#1934,.T.);
#1936=ADVANCED_FACE('',(#1935),#1910,.F.);
#1937=CARTESIAN_POINT('',(4.171637771721098,9.493896125498122,0.750000000000000));
#1938=CARTESIAN_POINT('',(4.142674356655363,9.552585150762901,0.750000000000000));
#1939=CARTESIAN_POINT('',(4.142674356655363,9.712646128757751,0.750000000000000));
#1940=CARTESIAN_POINT('',(4.171637771721098,9.493896125498122,0.650000000000000));
#1941=CARTESIAN_POINT('',(4.142674356655363,9.552585150762901,0.650000000000000));
#1942=CARTESIAN_POINT('',(4.142674356655363,9.712646128757751,0.650000000000000));
#1943=B_SPLINE_SURFACE_WITH_KNOTS('',2,1,((#1937,#1940),(#1938,#1941),(#1939,#1942)),.UNSPECIFIED.,.F.,.F.,.U.,(3,3),(2,2),(0.0,1.0),(0.0,0.010000000000000),.UNSPECIFIED.);
#1944=CARTESIAN_POINT('',(4.171637771721098,9.493896125498122,0.650000000000000));
#1945=VERTEX_POINT('',#1944);
#1946=CARTESIAN_POINT('',(4.142674356655363,9.712646128757751,0.650000000000000));
#1947=CARTESIAN_POINT('',(4.142674356655363,9.552585150762901,0.650000000000000));
#1948=CARTESIAN_POINT('',(4.171637771721098,9.493896125498122,0.650000000000000));
#1949=QUASI_UNIFORM_CURVE('',2,(#1946,#1947,#1948),.UNSPECIFIED.,.F.,.U.);
#1950=EDGE_CURVE('',#1912,#1945,#1949,.T.);
#1951=ORIENTED_EDGE('',*,*,#1950,.F.);
#1952=ORIENTED_EDGE('',*,*,#1932,.F.);
#1953=CARTESIAN_POINT('',(4.171637771721098,9.493896125498122,0.750000000000000));
#1954=VERTEX_POINT('',#1953);
#1955=CARTESIAN_POINT('',(4.171637771721098,9.493896125498122,0.750000000000000));
#1956=CARTESIAN_POINT('',(4.142674356655363,9.552585150762901,0.750000000000000));
#1957=CARTESIAN_POINT('',(4.142674356655363,9.712646128757751,0.750000000000000));
#1958=QUASI_UNIFORM_CURVE('',2,(#1955,#1956,#1957),.UNSPECIFIED.,.F.,.U.);
#1959=EDGE_CURVE('',#1954,#1921,#1958,.T.);
#1960=ORIENTED_EDGE('',*,*,#1959,.F.);
#1961=CARTESIAN_POINT('',(4.171637771721098,9.493896125498122,0.750000000000000));
#1962=DIRECTION('',(0.0,0.0,-1.0));
#1963=VECTOR('',#1962,0.100000000000000);
#1964=LINE('',#1961,#1963);
#1965=EDGE_CURVE('',#1954,#1945,#1964,.T.);
#1966=ORIENTED_EDGE('',*,*,#1965,.T.);
#1967=EDGE_LOOP('',(#1951,#1952,#1960,#1966));
#1968=FACE_OUTER_BOUND('',#1967,.T.);
#1969=ADVANCED_FACE('',(#1968),#1943,.F.);
#1970=CARTESIAN_POINT('',(4.372095091781316,9.396335148434595,0.750000000000000));
#1971=CARTESIAN_POINT('',(4.218131674852936,9.396335148434595,0.750000000000000));
#1972=CARTESIAN_POINT('',(4.171637771721098,9.493896125498122,0.750000000000000));
#1973=CARTESIAN_POINT('',(4.372095091781316,9.396335148434595,0.650000000000000));
#1974=CARTESIAN_POINT('',(4.218131674852936,9.396335148434595,0.650000000000000));
#1975=CARTESIAN_POINT('',(4.171637771721098,9.493896125498122,0.650000000000000));
#1976=B_SPLINE_SURFACE_WITH_KNOTS('',2,1,((#1970,#1973),(#1971,#1974),(#1972,#1975)),.UNSPECIFIED.,.F.,.F.,.U.,(3,3),(2,2),(0.0,1.0),(0.0,0.010000000000000),.UNSPECIFIED.);
#1977=CARTESIAN_POINT('',(4.372095091781316,9.396335148434595,0.650000000000000));
#1978=VERTEX_POINT('',#1977);
#1979=CARTESIAN_POINT('',(4.171637771721098,9.493896125498122,0.650000000000000));
#1980=CARTESIAN_POINT('',(4.218131674852936,9.396335148434595,0.650000000000000));
#1981=CARTESIAN_POINT('',(4.372095091781316,9.396335148434595,0.650000000000000));
#1982=QUASI_UNIFORM_CURVE('',2,(#1979,#1980,#1981),.UNSPECIFIED.,.F.,.U.);
#1983=EDGE_CURVE('',#1945,#1978,#1982,.T.);
#1984=ORIENTED_EDGE('',*,*,#1983,.F.);
#1985=ORIENTED_EDGE('',*,*,#1965,.F.);
#1986=CARTESIAN_POINT('',(4.372095091781316,9.396335148434595,0.750000000000000));
#1987=VERTEX_POINT('',#1986);
#1988=CARTESIAN_POINT('',(4.372095091781316,9.396335148434595,0.750000000000000));
#1989=CARTESIAN_POINT('',(4.218131674852936,9.396335148434595,0.750000000000000));
#1990=CARTESIAN_POINT('',(4.171637771721098,9.493896125498122,0.750000000000000));
#1991=QUASI_UNIFORM_CURVE('',2,(#1988,#1989,#1990),.UNSPECIFIED.,.F.,.U.);
#1992=EDGE_CURVE('',#1987,#1954,#1991,.T.);
#1993=ORIENTED_EDGE('',*,*,#1992,.F.);
#1994=CARTESIAN_POINT('',(4.372095091781316,9.396335148434595,0.750000000000000));
#1995=DIRECTION('',(0.0,0.0,-1.0));
#1996=VECTOR('',#1995,0.100000000000000);
#1997=LINE('',#1994,#1996);
#1998=EDGE_CURVE('',#1987,#1978,#1997,.T.);
#1999=ORIENTED_EDGE('',*,*,#1998,.T.);
#2000=EDGE_LOOP('',(#1984,#1985,#1993,#1999));
#2001=FACE_OUTER_BOUND('',#2000,.T.);
#2002=ADVANCED_FACE('',(#2001),#1976,.F.);
#2003=CARTESIAN_POINT('',(4.504717044977049,9.416914417033933,0.750000000000000));
#2004=CARTESIAN_POINT('',(4.428497531646168,9.396335148434595,0.750000000000000));
#2005=CARTESIAN_POINT('',(4.372095091781316,9.396335148434595,0.750000000000000));
#2006=CARTESIAN_POINT('',(4.504717044977049,9.416914417033933,0.650000000000000));
#2007=CARTESIAN_POINT('',(4.428497531646168,9.396335148434595,0.650000000000000));
#2008=CARTESIAN_POINT('',(4.372095091781316,9.396335148434595,0.650000000000000));
#2009=B_SPLINE_SURFACE_WITH_KNOTS('',2,1,((#2003,#2006),(#2004,#2007),(#2005,#2008)),.UNSPECIFIED.,.F.,.F.,.U.,(3,3),(2,2),(0.0,1.0),(0.0,0.010000000000000),.UNSPECIFIED.);
#2010=CARTESIAN_POINT('',(4.504717044977049,9.416914417033933,0.650000000000000));
#2011=VERTEX_POINT('',#2010);
#2012=CARTESIAN_POINT('',(4.372095091781316,9.396335148434595,0.650000000000000));
#2013=CARTESIAN_POINT('',(4.428497531646168,9.396335148434595,0.650000000000000));
#2014=CARTESIAN_POINT('',(4.504717044977049,9.416914417033933,0.650000000000000));
#2015=QUASI_UNIFORM_CURVE('',2,(#2012,#2013,#2014),.UNSPECIFIED.,.F.,.U.);
#2016=EDGE_CURVE('',#1978,#2011,#2015,.T.);
#2017=ORIENTED_EDGE('',*,*,#2016,.F.);
#2018=ORIENTED_EDGE('',*,*,#1998,.F.);
#2019=CARTESIAN_POINT('',(4.504717044977049,9.416914417033933,0.750000000000000));
#2020=VERTEX_POINT('',#2019);
#2021=CARTESIAN_POINT('',(4.504717044977049,9.416914417033933,0.750000000000000));
#2022=CARTESIAN_POINT('',(4.428497531646168,9.396335148434595,0.750000000000000));
#2023=CARTESIAN_POINT('',(4.372095091781316,9.396335148434595,0.750000000000000));
#2024=QUASI_UNIFORM_CURVE('',2,(#2021,#2022,#2023),.UNSPECIFIED.,.F.,.U.);
#2025=EDGE_CURVE('',#2020,#1987,#2024,.T.);
#2026=ORIENTED_EDGE('',*,*,#2025,.F.);
#2027=CARTESIAN_POINT('',(4.504717044977049,9.416914417033933,0.750000000000000));
#2028=DIRECTION('',(0.0,0.0,-1.0));
#2029=VECTOR('',#2028,0.100000000000000);
#2030=LINE('',#2027,#2029);
#2031=EDGE_CURVE('',#2020,#2011,#2030,.T.);
#2032=ORIENTED_EDGE('',*,*,#2031,.T.);
#2033=EDGE_LOOP('',(#2017,#2018,#2026,#2032));
#2034=FACE_OUTER_BOUND('',#2033,.T.);
#2035=ADVANCED_FACE('',(#2034),#2009,.F.);
#2036=CARTESIAN_POINT('',(4.504717044977049,9.416914417033933,0.750000000000000));
#2037=DIRECTION('',(0.979694594829586,0.200495638011636,0.0));
#2038=DIRECTION('',(0.0,0.0,-1.0));
#2039=AXIS2_PLACEMENT_3D('',#2036,#2037,#2038);
#2040=PLANE('',#2039);
#2041=CARTESIAN_POINT('',(4.471180459111461,9.580786370695329,0.650000000000000));
#2042=VERTEX_POINT('',#2041);
#2043=CARTESIAN_POINT('',(4.504717044977049,9.416914417033933,0.650000000000000));
#2044=DIRECTION('',(-0.200495638011636,0.979694594829586,0.0));
#2045=VECTOR('',#2044,0.167268406426087);
#2046=LINE('',#2043,#2045);
#2047=EDGE_CURVE('',#2011,#2042,#2046,.T.);
#2048=ORIENTED_EDGE('',*,*,#2047,.F.);
#2049=ORIENTED_EDGE('',*,*,#2031,.F.);
#2050=CARTESIAN_POINT('',(4.471180459111461,9.580786370695329,0.750000000000000));
#2051=VERTEX_POINT('',#2050);
#2052=CARTESIAN_POINT('',(4.471180459111461,9.580786370695327,0.750000000000000));
#2053=DIRECTION('',(0.200495638011636,-0.979694594829586,0.0));
#2054=VECTOR('',#2053,0.167268406426087);
#2055=LINE('',#2052,#2054);
#2056=EDGE_CURVE('',#2051,#2020,#2055,.T.);
#2057=ORIENTED_EDGE('',*,*,#2056,.F.);
#2058=CARTESIAN_POINT('',(4.471180459111461,9.580786370695329,0.750000000000000));
#2059=DIRECTION('',(0.0,0.0,-1.0));
#2060=VECTOR('',#2059,0.100000000000000);
#2061=LINE('',#2058,#2060);
#2062=EDGE_CURVE('',#2051,#2042,#2061,.T.);
#2063=ORIENTED_EDGE('',*,*,#2062,.T.);
#2064=EDGE_LOOP('',(#2048,#2049,#2057,#2063));
#2065=FACE_OUTER_BOUND('',#2064,.T.);
#2066=ADVANCED_FACE('',(#2065),#2040,.F.);
#2067=CARTESIAN_POINT('',(4.423924360846315,9.574688809628857,0.750000000000000));
#2068=CARTESIAN_POINT('',(4.440692653779109,9.574688809628857,0.750000000000000));
#2069=CARTESIAN_POINT('',(4.471180459111461,9.580786370695329,0.750000000000000));
#2070=CARTESIAN_POINT('',(4.423924360846315,9.574688809628857,0.650000000000000));
#2071=CARTESIAN_POINT('',(4.440692653779109,9.574688809628857,0.650000000000000));
#2072=CARTESIAN_POINT('',(4.471180459111461,9.580786370695329,0.650000000000000));
#2073=B_SPLINE_SURFACE_WITH_KNOTS('',2,1,((#2067,#2070),(#2068,#2071),(#2069,#2072)),.UNSPECIFIED.,.F.,.F.,.U.,(3,3),(2,2),(0.0,1.0),(0.0,0.010000000000000),.UNSPECIFIED.);
#2074=CARTESIAN_POINT('',(4.423924360846315,9.574688809628857,0.650000000000000));
#2075=VERTEX_POINT('',#2074);
#2076=CARTESIAN_POINT('',(4.471180459111461,9.580786370695329,0.650000000000000));
#2077=CARTESIAN_POINT('',(4.440692653779109,9.574688809628857,0.650000000000000));
#2078=CARTESIAN_POINT('',(4.423924360846315,9.574688809628857,0.650000000000000));
#2079=QUASI_UNIFORM_CURVE('',2,(#2076,#2077,#2078),.UNSPECIFIED.,.F.,.U.);
#2080=EDGE_CURVE('',#2042,#2075,#2079,.T.);
#2081=ORIENTED_EDGE('',*,*,#2080,.F.);
#2082=ORIENTED_EDGE('',*,*,#2062,.F.);
#2083=CARTESIAN_POINT('',(4.423924360846315,9.574688809628857,0.750000000000000));
#2084=VERTEX_POINT('',#2083);
#2085=CARTESIAN_POINT('',(4.423924360846315,9.574688809628857,0.750000000000000));
#2086=CARTESIAN_POINT('',(4.440692653779109,9.574688809628857,0.750000000000000));
#2087=CARTESIAN_POINT('',(4.471180459111461,9.580786370695329,0.750000000000000));
#2088=QUASI_UNIFORM_CURVE('',2,(#2085,#2086,#2087),.UNSPECIFIED.,.F.,.U.);
#2089=EDGE_CURVE('',#2084,#2051,#2088,.T.);
#2090=ORIENTED_EDGE('',*,*,#2089,.F.);
#2091=CARTESIAN_POINT('',(4.423924360846315,9.574688809628857,0.750000000000000));
#2092=DIRECTION('',(0.0,0.0,-1.0));
#2093=VECTOR('',#2092,0.100000000000000);
#2094=LINE('',#2091,#2093);
#2095=EDGE_CURVE('',#2084,#2075,#2094,.T.);
#2096=ORIENTED_EDGE('',*,*,#2095,.T.);
#2097=EDGE_LOOP('',(#2081,#2082,#2090,#2096));
#2098=FACE_OUTER_BOUND('',#2097,.T.);
#2099=ADVANCED_FACE('',(#2098),#2073,.F.);
#2100=CARTESIAN_POINT('',(4.349991432915360,9.623469298160622,0.750000000000000));
#2101=CARTESIAN_POINT('',(4.364473140448228,9.574688809628857,0.750000000000000));
#2102=CARTESIAN_POINT('',(4.423924360846315,9.574688809628857,0.750000000000000));
#2103=CARTESIAN_POINT('',(4.349991432915360,9.623469298160622,0.650000000000000));
#2104=CARTESIAN_POINT('',(4.364473140448228,9.574688809628857,0.650000000000000));
#2105=CARTESIAN_POINT('',(4.423924360846315,9.574688809628857,0.650000000000000));
#2106=B_SPLINE_SURFACE_WITH_KNOTS('',2,1,((#2100,#2103),(#2101,#2104),(#2102,#2105)),.UNSPECIFIED.,.F.,.F.,.U.,(3,3),(2,2),(0.0,1.0),(0.0,0.010000000000000),.UNSPECIFIED.);
#2107=CARTESIAN_POINT('',(4.349991432915360,9.623469298160622,0.650000000000000));
#2108=VERTEX_POINT('',#2107);
#2109=CARTESIAN_POINT('',(4.423924360846315,9.574688809628857,0.650000000000000));
#2110=CARTESIAN_POINT('',(4.364473140448228,9.574688809628857,0.650000000000000));
#2111=CARTESIAN_POINT('',(4.349991432915360,9.623469298160622,0.650000000000000));
#2112=QUASI_UNIFORM_CURVE('',2,(#2109,#2110,#2111),.UNSPECIFIED.,.F.,.U.);
#2113=EDGE_CURVE('',#2075,#2108,#2112,.T.);
#2114=ORIENTED_EDGE('',*,*,#2113,.F.);
#2115=ORIENTED_EDGE('',*,*,#2095,.F.);
#2116=CARTESIAN_POINT('',(4.349991432915360,9.623469298160622,0.750000000000000));
#2117=VERTEX_POINT('',#2116);
#2118=CARTESIAN_POINT('',(4.349991432915360,9.623469298160622,0.750000000000000));
#2119=CARTESIAN_POINT('',(4.364473140448228,9.574688809628857,0.750000000000000));
#2120=CARTESIAN_POINT('',(4.423924360846315,9.574688809628857,0.750000000000000));
#2121=QUASI_UNIFORM_CURVE('',2,(#2118,#2119,#2120),.UNSPECIFIED.,.F.,.U.);
#2122=EDGE_CURVE('',#2117,#2084,#2121,.T.);
#2123=ORIENTED_EDGE('',*,*,#2122,.F.);
#2124=CARTESIAN_POINT('',(4.349991432915360,9.623469298160622,0.750000000000000));
#2125=DIRECTION('',(0.0,0.0,-1.0));
#2126=VECTOR('',#2125,0.100000000000000);
#2127=LINE('',#2124,#2126);
#2128=EDGE_CURVE('',#2117,#2108,#2127,.T.);
#2129=ORIENTED_EDGE('',*,*,#2128,.T.);
#2130=EDGE_LOOP('',(#2114,#2115,#2123,#2129));
#2131=FACE_OUTER_BOUND('',#2130,.T.);
#2132=ADVANCED_FACE('',(#2131),#2106,.F.);
#2133=CARTESIAN_POINT('',(4.344656066982198,9.721792470357457,0.750000000000000));
#2134=CARTESIAN_POINT('',(4.344656066982198,9.642524176493341,0.750000000000000));
#2135=CARTESIAN_POINT('',(4.349991432915360,9.623469298160622,0.750000000000000));
#2136=CARTESIAN_POINT('',(4.344656066982198,9.721792470357457,0.650000000000000));
#2137=CARTESIAN_POINT('',(4.344656066982198,9.642524176493341,0.650000000000000));
#2138=CARTESIAN_POINT('',(4.349991432915360,9.623469298160622,0.650000000000000));
#2139=B_SPLINE_SURFACE_WITH_KNOTS('',2,1,((#2133,#2136),(#2134,#2137),(#2135,#2138)),.UNSPECIFIED.,.F.,.F.,.U.,(3,3),(2,2),(0.0,1.0),(0.0,0.010000000000000),.UNSPECIFIED.);
#2140=CARTESIAN_POINT('',(4.344656066982198,9.721792470357457,0.650000000000000));
#2141=VERTEX_POINT('',#2140);
#2142=CARTESIAN_POINT('',(4.349991432915360,9.623469298160622,0.650000000000000));
#2143=CARTESIAN_POINT('',(4.344656066982198,9.642524176493341,0.650000000000000));
#2144=CARTESIAN_POINT('',(4.344656066982198,9.721792470357457,0.650000000000000));
#2145=QUASI_UNIFORM_CURVE('',2,(#2142,#2143,#2144),.UNSPECIFIED.,.F.,.U.);
#2146=EDGE_CURVE('',#2108,#2141,#2145,.T.);
#2147=ORIENTED_EDGE('',*,*,#2146,.F.);
#2148=ORIENTED_EDGE('',*,*,#2128,.F.);
#2149=CARTESIAN_POINT('',(4.344656066982198,9.721792470357457,0.750000000000000));
#2150=VERTEX_POINT('',#2149);
#2151=CARTESIAN_POINT('',(4.344656066982198,9.721792470357457,0.750000000000000));
#2152=CARTESIAN_POINT('',(4.344656066982198,9.642524176493341,0.750000000000000));
#2153=CARTESIAN_POINT('',(4.349991432915360,9.623469298160622,0.750000000000000));
#2154=QUASI_UNIFORM_CURVE('',2,(#2151,#2152,#2153),.UNSPECIFIED.,.F.,.U.);
#2155=EDGE_CURVE('',#2150,#2117,#2154,.T.);
#2156=ORIENTED_EDGE('',*,*,#2155,.F.);
#2157=CARTESIAN_POINT('',(4.344656066982198,9.721792470357457,0.750000000000000));
#2158=DIRECTION('',(0.0,0.0,-1.0));
#2159=VECTOR('',#2158,0.100000000000000);
#2160=LINE('',#2157,#2159);
#2161=EDGE_CURVE('',#2150,#2141,#2160,.T.);
#2162=ORIENTED_EDGE('',*,*,#2161,.T.);
#2163=EDGE_LOOP('',(#2147,#2148,#2156,#2162));
#2164=FACE_OUTER_BOUND('',#2163,.T.);
#2165=ADVANCED_FACE('',(#2164),#2139,.F.);
#2166=CARTESIAN_POINT('',(4.344656066982198,9.721792470357457,0.750000000000000));
#2167=DIRECTION('',(1.0,0.0,0.0));
#2168=DIRECTION('',(0.0,0.0,-1.0));
#2169=AXIS2_PLACEMENT_3D('',#2166,#2167,#2168);
#2170=PLANE('',#2169);
#2171=CARTESIAN_POINT('',(4.344656066982198,10.521335165198401,0.650000000000000));
#2172=VERTEX_POINT('',#2171);
#2173=CARTESIAN_POINT('',(4.344656066982198,9.721792470357457,0.650000000000000));
#2174=DIRECTION('',(0.0,1.0,0.0));
#2175=VECTOR('',#2174,0.799542694840945);
#2176=LINE('',#2173,#2175);
#2177=EDGE_CURVE('',#2141,#2172,#2176,.T.);
#2178=ORIENTED_EDGE('',*,*,#2177,.F.);
#2179=ORIENTED_EDGE('',*,*,#2161,.F.);
#2180=CARTESIAN_POINT('',(4.344656066982198,10.521335165198401,0.750000000000000));
#2181=VERTEX_POINT('',#2180);
#2182=CARTESIAN_POINT('',(4.344656066982198,10.521335165198401,0.750000000000000));
#2183=DIRECTION('',(0.0,-1.0,0.0));
#2184=VECTOR('',#2183,0.799542694840945);
#2185=LINE('',#2182,#2184);
#2186=EDGE_CURVE('',#2181,#2150,#2185,.T.);
#2187=ORIENTED_EDGE('',*,*,#2186,.F.);
#2188=CARTESIAN_POINT('',(4.344656066982198,10.521335165198401,0.750000000000000));
#2189=DIRECTION('',(0.0,0.0,-1.0));
#2190=VECTOR('',#2189,0.100000000000000);
#2191=LINE('',#2188,#2190);
#2192=EDGE_CURVE('',#2181,#2172,#2191,.T.);
#2193=ORIENTED_EDGE('',*,*,#2192,.T.);
#2194=EDGE_LOOP('',(#2178,#2179,#2187,#2193));
#2195=FACE_OUTER_BOUND('',#2194,.T.);
#2196=ADVANCED_FACE('',(#2195),#2170,.F.);
#2197=CARTESIAN_POINT('',(4.344656066982198,10.521335165198401,0.750000000000000));
#2198=DIRECTION('',(0.0,-1.0,0.0));
#2199=DIRECTION('',(0.0,0.0,-1.0));
#2200=AXIS2_PLACEMENT_3D('',#2197,#2198,#2199);
#2201=PLANE('',#2200);
#2202=CARTESIAN_POINT('',(4.344656066982198,10.521335165198401,0.650000000000000));
#2203=DIRECTION('',(1.0,0.0,0.0));
#2204=VECTOR('',#2203,0.295731711723819);
#2205=LINE('',#2202,#2204);
#2206=EDGE_CURVE('',#2172,#1779,#2205,.T.);
#2207=ORIENTED_EDGE('',*,*,#2206,.F.);
#2208=ORIENTED_EDGE('',*,*,#2192,.F.);
#2209=CARTESIAN_POINT('',(4.640387778706018,10.521335165198401,0.750000000000000));
#2210=DIRECTION('',(-1.0,0.0,0.0));
#2211=VECTOR('',#2210,0.295731711723819);
#2212=LINE('',#2209,#2211);
#2213=EDGE_CURVE('',#1789,#2181,#2212,.T.);
#2214=ORIENTED_EDGE('',*,*,#2213,.F.);
#2215=ORIENTED_EDGE('',*,*,#1794,.T.);
#2216=EDGE_LOOP('',(#2207,#2208,#2214,#2215));
#2217=FACE_OUTER_BOUND('',#2216,.T.);
#2218=ADVANCED_FACE('',(#2217),#2201,.F.);
#2219=CARTESIAN_POINT('',(4.262426942979588,10.177740055074363,0.650000000000000));
#2220=DIRECTION('',(0.0,0.0,1.0));
#2221=DIRECTION('',(1.0,0.0,0.0));
#2222=AXIS2_PLACEMENT_3D('',#2219,#2220,#2221);
#2223=PLANE('',#2222);
#2224=ORIENTED_EDGE('',*,*,#1786,.T.);
#2225=ORIENTED_EDGE('',*,*,#1824,.T.);
#2226=ORIENTED_EDGE('',*,*,#1855,.T.);
#2227=ORIENTED_EDGE('',*,*,#1886,.T.);
#2228=ORIENTED_EDGE('',*,*,#1917,.T.);
#2229=ORIENTED_EDGE('',*,*,#1950,.T.);
#2230=ORIENTED_EDGE('',*,*,#1983,.T.);
#2231=ORIENTED_EDGE('',*,*,#2016,.T.);
#2232=ORIENTED_EDGE('',*,*,#2047,.T.);
#2233=ORIENTED_EDGE('',*,*,#2080,.T.);
#2234=ORIENTED_EDGE('',*,*,#2113,.T.);
#2235=ORIENTED_EDGE('',*,*,#2146,.T.);
#2236=ORIENTED_EDGE('',*,*,#2177,.T.);
#2237=ORIENTED_EDGE('',*,*,#2206,.T.);
#2238=EDGE_LOOP('',(#2224,#2225,#2226,#2227,#2228,#2229,#2230,#2231,#2232,#2233,#2234,#2235,#2236,#2237));
#2239=FACE_OUTER_BOUND('',#2238,.T.);
#2240=ADVANCED_FACE('',(#2239),#2223,.T.);
#2241=CARTESIAN_POINT('',(5.339529478499053,10.735112987888229,0.750000000000000));
#2242=DIRECTION('',(0.0,1.0,0.0));
#2243=DIRECTION('',(0.0,0.0,1.0));
#2244=AXIS2_PLACEMENT_3D('',#2241,#2242,#2243);
#2245=PLANE('',#2244);
#2246=CARTESIAN_POINT('',(5.339529478499053,10.735112987888229,0.650000000000000));
#2247=VERTEX_POINT('',#2246);
#2248=CARTESIAN_POINT('',(5.145850383230513,10.735112987888229,0.650000000000000));
#2249=VERTEX_POINT('',#2248);
#2250=CARTESIAN_POINT('',(5.339529478499053,10.735112987888229,0.650000000000000));
#2251=DIRECTION('',(-1.0,0.0,0.0));
#2252=VECTOR('',#2251,0.193679095268540);
#2253=LINE('',#2250,#2252);
#2254=EDGE_CURVE('',#2247,#2249,#2253,.T.);
#2255=ORIENTED_EDGE('',*,*,#2254,.F.);
#2256=CARTESIAN_POINT('',(5.339529478499053,10.735112987888229,0.750000000000000));
#2257=VERTEX_POINT('',#2256);
#2258=CARTESIAN_POINT('',(5.339529478499053,10.735112987888229,0.750000000000000));
#2259=DIRECTION('',(0.0,0.0,-1.0));
#2260=VECTOR('',#2259,0.100000000000000);
#2261=LINE('',#2258,#2260);
#2262=EDGE_CURVE('',#2257,#2247,#2261,.T.);
#2263=ORIENTED_EDGE('',*,*,#2262,.F.);
#2264=CARTESIAN_POINT('',(5.145850383230513,10.735112987888229,0.750000000000000));
#2265=VERTEX_POINT('',#2264);
#2266=CARTESIAN_POINT('',(5.145850383230513,10.735112987888229,0.750000000000000));
#2267=DIRECTION('',(1.0,0.0,0.0));
#2268=VECTOR('',#2267,0.193679095268540);
#2269=LINE('',#2266,#2268);
#2270=EDGE_CURVE('',#2265,#2257,#2269,.T.);
#2271=ORIENTED_EDGE('',*,*,#2270,.F.);
#2272=CARTESIAN_POINT('',(5.145850383230513,10.735112987888229,0.750000000000000));
#2273=DIRECTION('',(0.0,0.0,-1.0));
#2274=VECTOR('',#2273,0.100000000000000);
#2275=LINE('',#2272,#2274);
#2276=EDGE_CURVE('',#2265,#2249,#2275,.T.);
#2277=ORIENTED_EDGE('',*,*,#2276,.T.);
#2278=EDGE_LOOP('',(#2255,#2263,#2271,#2277));
#2279=FACE_OUTER_BOUND('',#2278,.T.);
#2280=ADVANCED_FACE('',(#2279),#2245,.F.);
#2281=CARTESIAN_POINT('',(5.145850383230513,10.735112987888229,0.750000000000000));
#2282=DIRECTION('',(-0.953878492307212,0.300192974457632,0.0));
#2283=DIRECTION('',(0.0,0.0,1.0));
#2284=AXIS2_PLACEMENT_3D('',#2281,#2282,#2283);
#2285=PLANE('',#2284);
#2286=CARTESIAN_POINT('',(4.748767719290830,9.473362563900295,0.650000000000000));
#2287=VERTEX_POINT('',#2286);
#2288=CARTESIAN_POINT('',(5.145850383230513,10.735112987888229,0.650000000000000));
#2289=DIRECTION('',(-0.300192974457632,-0.953878492307212,0.0));
#2290=VECTOR('',#2289,1.322758018095209);
#2291=LINE('',#2288,#2290);
#2292=EDGE_CURVE('',#2249,#2287,#2291,.T.);
#2293=ORIENTED_EDGE('',*,*,#2292,.F.);
#2294=ORIENTED_EDGE('',*,*,#2276,.F.);
#2295=CARTESIAN_POINT('',(4.748767719290830,9.473362563900295,0.750000000000000));
#2296=VERTEX_POINT('',#2295);
#2297=CARTESIAN_POINT('',(4.748767719290830,9.473362563900295,0.750000000000000));
#2298=DIRECTION('',(0.300192974457632,0.953878492307212,0.0));
#2299=VECTOR('',#2298,1.322758018095209);
#2300=LINE('',#2297,#2299);
#2301=EDGE_CURVE('',#2296,#2265,#2300,.T.);
#2302=ORIENTED_EDGE('',*,*,#2301,.F.);
#2303=CARTESIAN_POINT('',(4.748767719290830,9.473362563900295,0.750000000000000));
#2304=DIRECTION('',(0.0,0.0,-1.0));
#2305=VECTOR('',#2304,0.100000000000000);
#2306=LINE('',#2303,#2305);
#2307=EDGE_CURVE('',#2296,#2287,#2306,.T.);
#2308=ORIENTED_EDGE('',*,*,#2307,.T.);
#2309=EDGE_LOOP('',(#2293,#2294,#2302,#2308));
#2310=FACE_OUTER_BOUND('',#2309,.T.);
#2311=ADVANCED_FACE('',(#2310),#2285,.F.);
#2312=CARTESIAN_POINT('',(4.748767719290830,9.473362563900295,0.750000000000000));
#2313=DIRECTION('',(0.0,-1.0,0.0));
#2314=DIRECTION('',(0.0,0.0,-1.0));
#2315=AXIS2_PLACEMENT_3D('',#2312,#2313,#2314);
#2316=PLANE('',#2315);
#2317=CARTESIAN_POINT('',(4.941636441775819,9.473362563900295,0.650000000000000));
#2318=VERTEX_POINT('',#2317);
#2319=CARTESIAN_POINT('',(4.748767719290830,9.473362563900295,0.650000000000000));
#2320=DIRECTION('',(1.0,0.0,0.0));
#2321=VECTOR('',#2320,0.192868722484989);
#2322=LINE('',#2319,#2321);
#2323=EDGE_CURVE('',#2287,#2318,#2322,.T.);
#2324=ORIENTED_EDGE('',*,*,#2323,.F.);
#2325=ORIENTED_EDGE('',*,*,#2307,.F.);
#2326=CARTESIAN_POINT('',(4.941636441775819,9.473362563900295,0.750000000000000));
#2327=VERTEX_POINT('',#2326);
#2328=CARTESIAN_POINT('',(4.941636441775819,9.473362563900295,0.750000000000000));
#2329=DIRECTION('',(-1.0,0.0,0.0));
#2330=VECTOR('',#2329,0.192868722484989);
#2331=LINE('',#2328,#2330);
#2332=EDGE_CURVE('',#2327,#2296,#2331,.T.);
#2333=ORIENTED_EDGE('',*,*,#2332,.F.);
#2334=CARTESIAN_POINT('',(4.941636441775819,9.473362563900295,0.750000000000000));
#2335=DIRECTION('',(0.0,0.0,-1.0));
#2336=VECTOR('',#2335,0.100000000000000);
#2337=LINE('',#2334,#2336);
#2338=EDGE_CURVE('',#2327,#2318,#2337,.T.);
#2339=ORIENTED_EDGE('',*,*,#2338,.T.);
#2340=EDGE_LOOP('',(#2324,#2325,#2333,#2339));
#2341=FACE_OUTER_BOUND('',#2340,.T.);
#2342=ADVANCED_FACE('',(#2341),#2316,.F.);
#2343=CARTESIAN_POINT('',(4.941636441775819,9.473362563900295,0.750000000000000));
#2344=DIRECTION('',(0.953702934136148,-0.300750250906133,0.0));
#2345=DIRECTION('',(0.0,0.0,-1.0));
#2346=AXIS2_PLACEMENT_3D('',#2343,#2344,#2345);
#2347=PLANE('',#2346);
#2348=CARTESIAN_POINT('',(4.941636441775819,9.473362563900295,0.650000000000000));
#2349=DIRECTION('',(0.300750250906133,0.953702934136148,0.0));
#2350=VECTOR('',#2349,1.323001512133137);
#2351=LINE('',#2348,#2350);
#2352=EDGE_CURVE('',#2318,#2247,#2351,.T.);
#2353=ORIENTED_EDGE('',*,*,#2352,.F.);
#2354=ORIENTED_EDGE('',*,*,#2338,.F.);
#2355=CARTESIAN_POINT('',(5.339529478499053,10.735112987888229,0.750000000000000));
#2356=DIRECTION('',(-0.300750250906133,-0.953702934136148,0.0));
#2357=VECTOR('',#2356,1.323001512133137);
#2358=LINE('',#2355,#2357);
#2359=EDGE_CURVE('',#2257,#2327,#2358,.T.);
#2360=ORIENTED_EDGE('',*,*,#2359,.F.);
#2361=ORIENTED_EDGE('',*,*,#2262,.T.);
#2362=EDGE_LOOP('',(#2353,#2354,#2360,#2361));
#2363=FACE_OUTER_BOUND('',#2362,.T.);
#2364=ADVANCED_FACE('',(#2363),#2347,.F.);
#2365=CARTESIAN_POINT('',(5.044006879208536,10.104406374932207,0.650000000000000));
#2366=DIRECTION('',(0.0,0.0,1.0));
#2367=DIRECTION('',(1.0,0.0,0.0));
#2368=AXIS2_PLACEMENT_3D('',#2365,#2366,#2367);
#2369=PLANE('',#2368);
#2370=ORIENTED_EDGE('',*,*,#2254,.T.);
#2371=ORIENTED_EDGE('',*,*,#2292,.T.);
#2372=ORIENTED_EDGE('',*,*,#2323,.T.);
#2373=ORIENTED_EDGE('',*,*,#2352,.T.);
#2374=EDGE_LOOP('',(#2370,#2371,#2372,#2373));
#2375=FACE_OUTER_BOUND('',#2374,.T.);
#2376=ADVANCED_FACE('',(#2375),#2369,.T.);
#2377=CARTESIAN_POINT('',(5.995121060391304,10.149213465381308,0.750000000000000));
#2378=CARTESIAN_POINT('',(6.017001125547164,10.130574891359650,0.750000000000000));
#2379=CARTESIAN_POINT('',(6.041312309053676,10.067365814242720,0.750000000000000));
#2380=CARTESIAN_POINT('',(6.041312309053676,10.018743447229699,0.750000000000000));
#2381=CARTESIAN_POINT('',(5.995121060391304,10.149213465381308,0.650000000000000));
#2382=CARTESIAN_POINT('',(6.017001125547164,10.130574891359650,0.650000000000000));
#2383=CARTESIAN_POINT('',(6.041312309053676,10.067365814242720,0.650000000000000));
#2384=CARTESIAN_POINT('',(6.041312309053676,10.018743447229699,0.650000000000000));
#2385=B_SPLINE_SURFACE_WITH_KNOTS('',2,1,((#2377,#2381),(#2378,#2382),(#2379,#2383),(#2380,#2384)),.UNSPECIFIED.,.F.,.F.,.U.,(3,1,3),(2,2),(-2.0,-1.0,0.0),(0.0,0.010000000000000),.UNSPECIFIED.);
#2386=CARTESIAN_POINT('',(6.041312309053676,10.018743447229696,0.650000000000000));
#2387=VERTEX_POINT('',#2386);
#2388=CARTESIAN_POINT('',(5.995121060391304,10.149213465381308,0.650000000000000));
#2389=VERTEX_POINT('',#2388);
#2390=CARTESIAN_POINT('',(6.041312309053676,10.018743447229699,0.650000000000000));
#2391=CARTESIAN_POINT('',(6.041312309053676,10.067365814242720,0.650000000000000));
#2392=CARTESIAN_POINT('',(6.017001125547164,10.130574891359650,0.650000000000000));
#2393=CARTESIAN_POINT('',(5.995121060391304,10.149213465381308,0.650000000000000));
#2394=QUASI_UNIFORM_CURVE('',2,(#2390,#2391,#2392,#2393),.UNSPECIFIED.,.F.,.U.);
#2395=EDGE_CURVE('',#2387,#2389,#2394,.T.);
#2396=ORIENTED_EDGE('',*,*,#2395,.T.);
#2397=CARTESIAN_POINT('',(5.995121060391304,10.149213465381308,0.750000000000000));
#2398=VERTEX_POINT('',#2397);
#2399=CARTESIAN_POINT('',(5.995121060391304,10.149213465381308,0.750000000000000));
#2400=DIRECTION('',(0.0,0.0,-1.0));
#2401=VECTOR('',#2400,0.100000000000000);
#2402=LINE('',#2399,#2401);
#2403=EDGE_CURVE('',#2398,#2389,#2402,.T.);
#2404=ORIENTED_EDGE('',*,*,#2403,.F.);
#2405=CARTESIAN_POINT('',(6.041312309053676,10.018743447229696,0.750000000000000));
#2406=VERTEX_POINT('',#2405);
#2407=CARTESIAN_POINT('',(6.041312309053676,10.018743447229699,0.750000000000000));
#2408=CARTESIAN_POINT('',(6.041312309053676,10.067365814242720,0.750000000000000));
#2409=CARTESIAN_POINT('',(6.017001125547164,10.130574891359650,0.750000000000000));
#2410=CARTESIAN_POINT('',(5.995121060391304,10.149213465381308,0.750000000000000));
#2411=QUASI_UNIFORM_CURVE('',2,(#2407,#2408,#2409,#2410),.UNSPECIFIED.,.F.,.U.);
#2412=EDGE_CURVE('',#2406,#2398,#2411,.T.);
#2413=ORIENTED_EDGE('',*,*,#2412,.F.);
#2414=CARTESIAN_POINT('',(6.041312309053676,10.018743447229696,0.750000000000000));
#2415=DIRECTION('',(0.0,0.0,-1.0));
#2416=VECTOR('',#2415,0.100000000000000);
#2417=LINE('',#2414,#2416);
#2418=EDGE_CURVE('',#2406,#2387,#2417,.T.);
#2419=ORIENTED_EDGE('',*,*,#2418,.T.);
#2420=EDGE_LOOP('',(#2396,#2404,#2413,#2419));
#2421=FACE_OUTER_BOUND('',#2420,.T.);
#2422=ADVANCED_FACE('',(#2421),#2385,.T.);
#2423=CARTESIAN_POINT('',(5.884910361828454,10.182438749506872,0.750000000000000));
#2424=CARTESIAN_POINT('',(5.916514900386918,10.182438749506872,0.750000000000000));
#2425=CARTESIAN_POINT('',(5.972430622451894,10.168662412186517,0.750000000000000));
#2426=CARTESIAN_POINT('',(5.995121060391304,10.149213465381308,0.750000000000000));
#2427=CARTESIAN_POINT('',(5.884910361828454,10.182438749506872,0.650000000000000));
#2428=CARTESIAN_POINT('',(5.916514900386918,10.182438749506872,0.650000000000000));
#2429=CARTESIAN_POINT('',(5.972430622451894,10.168662412186517,0.650000000000000));
#2430=CARTESIAN_POINT('',(5.995121060391304,10.149213465381308,0.650000000000000));
#2431=B_SPLINE_SURFACE_WITH_KNOTS('',2,1,((#2423,#2427),(#2424,#2428),(#2425,#2429),(#2426,#2430)),.UNSPECIFIED.,.F.,.F.,.U.,(3,1,3),(2,2),(-2.0,-1.0,0.0),(0.0,0.010000000000000),.UNSPECIFIED.);
#2432=CARTESIAN_POINT('',(5.884910361828454,10.182438749506872,0.650000000000000));
#2433=VERTEX_POINT('',#2432);
#2434=CARTESIAN_POINT('',(5.995121060391304,10.149213465381308,0.650000000000000));
#2435=CARTESIAN_POINT('',(5.972430622451894,10.168662412186517,0.650000000000000));
#2436=CARTESIAN_POINT('',(5.916514900386918,10.182438749506872,0.650000000000000));
#2437=CARTESIAN_POINT('',(5.884910361828454,10.182438749506872,0.650000000000000));
#2438=QUASI_UNIFORM_CURVE('',2,(#2434,#2435,#2436,#2437),.UNSPECIFIED.,.F.,.U.);
#2439=EDGE_CURVE('',#2389,#2433,#2438,.T.);
#2440=ORIENTED_EDGE('',*,*,#2439,.T.);
#2441=CARTESIAN_POINT('',(5.884910361828454,10.182438749506872,0.750000000000000));
#2442=VERTEX_POINT('',#2441);
#2443=CARTESIAN_POINT('',(5.884910361828454,10.182438749506872,0.750000000000000));
#2444=DIRECTION('',(0.0,0.0,-1.0));
#2445=VECTOR('',#2444,0.100000000000000);
#2446=LINE('',#2443,#2445);
#2447=EDGE_CURVE('',#2442,#2433,#2446,.T.);
#2448=ORIENTED_EDGE('',*,*,#2447,.F.);
#2449=CARTESIAN_POINT('',(5.995121060391304,10.149213465381308,0.750000000000000));
#2450=CARTESIAN_POINT('',(5.972430622451894,10.168662412186517,0.750000000000000));
#2451=CARTESIAN_POINT('',(5.916514900386918,10.182438749506872,0.750000000000000));
#2452=CARTESIAN_POINT('',(5.884910361828454,10.182438749506872,0.750000000000000));
#2453=QUASI_UNIFORM_CURVE('',2,(#2449,#2450,#2451,#2452),.UNSPECIFIED.,.F.,.U.);
#2454=EDGE_CURVE('',#2398,#2442,#2453,.T.);
#2455=ORIENTED_EDGE('',*,*,#2454,.F.);
#2456=ORIENTED_EDGE('',*,*,#2403,.T.);
#2457=EDGE_LOOP('',(#2440,#2448,#2455,#2456));
#2458=FACE_OUTER_BOUND('',#2457,.T.);
#2459=ADVANCED_FACE('',(#2458),#2431,.T.);
#2460=CARTESIAN_POINT('',(5.778751527183355,10.158937938783911,0.750000000000000));
#2461=CARTESIAN_POINT('',(5.803062710689866,10.168662412186517,0.750000000000000));
#2462=CARTESIAN_POINT('',(5.858168059971291,10.182438749506872,0.750000000000000));
#2463=CARTESIAN_POINT('',(5.884910361828454,10.182438749506872,0.750000000000000));
#2464=CARTESIAN_POINT('',(5.778751527183355,10.158937938783911,0.650000000000000));
#2465=CARTESIAN_POINT('',(5.803062710689866,10.168662412186517,0.650000000000000));
#2466=CARTESIAN_POINT('',(5.858168059971291,10.182438749506872,0.650000000000000));
#2467=CARTESIAN_POINT('',(5.884910361828454,10.182438749506872,0.650000000000000));
#2468=B_SPLINE_SURFACE_WITH_KNOTS('',2,1,((#2460,#2464),(#2461,#2465),(#2462,#2466),(#2463,#2467)),.UNSPECIFIED.,.F.,.F.,.U.,(3,1,3),(2,2),(-2.0,-1.0,0.0),(0.0,0.010000000000000),.UNSPECIFIED.);
#2469=CARTESIAN_POINT('',(5.778751527183355,10.158937938783914,0.650000000000000));
#2470=VERTEX_POINT('',#2469);
#2471=CARTESIAN_POINT('',(5.884910361828454,10.182438749506872,0.650000000000000));
#2472=CARTESIAN_POINT('',(5.858168059971291,10.182438749506872,0.650000000000000));
#2473=CARTESIAN_POINT('',(5.803062710689866,10.168662412186517,0.650000000000000));
#2474=CARTESIAN_POINT('',(5.778751527183355,10.158937938783911,0.650000000000000));
#2475=QUASI_UNIFORM_CURVE('',2,(#2471,#2472,#2473,#2474),.UNSPECIFIED.,.F.,.U.);
#2476=EDGE_CURVE('',#2433,#2470,#2475,.T.);
#2477=ORIENTED_EDGE('',*,*,#2476,.T.);
#2478=CARTESIAN_POINT('',(5.778751527183355,10.158937938783914,0.750000000000000));
#2479=VERTEX_POINT('',#2478);
#2480=CARTESIAN_POINT('',(5.778751527183355,10.158937938783914,0.750000000000000));
#2481=DIRECTION('',(0.0,0.0,-1.0));
#2482=VECTOR('',#2481,0.100000000000000);
#2483=LINE('',#2480,#2482);
#2484=EDGE_CURVE('',#2479,#2470,#2483,.T.);
#2485=ORIENTED_EDGE('',*,*,#2484,.F.);
#2486=CARTESIAN_POINT('',(5.884910361828454,10.182438749506872,0.750000000000000));
#2487=CARTESIAN_POINT('',(5.858168059971291,10.182438749506872,0.750000000000000));
#2488=CARTESIAN_POINT('',(5.803062710689866,10.168662412186517,0.750000000000000));
#2489=CARTESIAN_POINT('',(5.778751527183355,10.158937938783911,0.750000000000000));
#2490=QUASI_UNIFORM_CURVE('',2,(#2486,#2487,#2488,#2489),.UNSPECIFIED.,.F.,.U.);
#2491=EDGE_CURVE('',#2442,#2479,#2490,.T.);
#2492=ORIENTED_EDGE('',*,*,#2491,.F.);
#2493=ORIENTED_EDGE('',*,*,#2447,.T.);
#2494=EDGE_LOOP('',(#2477,#2485,#2492,#2493));
#2495=FACE_OUTER_BOUND('',#2494,.T.);
#2496=ADVANCED_FACE('',(#2495),#2468,.T.);
#2497=CARTESIAN_POINT('',(5.777130781616254,10.098159980017634,0.750000000000000));
#2498=CARTESIAN_POINT('',(5.777130781616254,10.121660790740595,0.750000000000000));
#2499=CARTESIAN_POINT('',(5.778751527183355,10.152454956515509,0.750000000000000));
#2500=CARTESIAN_POINT('',(5.778751527183355,10.158937938783911,0.750000000000000));
#2501=CARTESIAN_POINT('',(5.777130781616254,10.098159980017634,0.650000000000000));
#2502=CARTESIAN_POINT('',(5.777130781616254,10.121660790740595,0.650000000000000));
#2503=CARTESIAN_POINT('',(5.778751527183355,10.152454956515509,0.650000000000000));
#2504=CARTESIAN_POINT('',(5.778751527183355,10.158937938783911,0.650000000000000));
#2505=B_SPLINE_SURFACE_WITH_KNOTS('',2,1,((#2497,#2501),(#2498,#2502),(#2499,#2503),(#2500,#2504)),.UNSPECIFIED.,.F.,.F.,.U.,(3,1,3),(2,2),(-2.0,-1.0,0.0),(0.0,0.010000000000000),.UNSPECIFIED.);
#2506=CARTESIAN_POINT('',(5.777130781616254,10.098159980017634,0.650000000000000));
#2507=VERTEX_POINT('',#2506);
#2508=CARTESIAN_POINT('',(5.778751527183355,10.158937938783911,0.650000000000000));
#2509=CARTESIAN_POINT('',(5.778751527183355,10.152454956515509,0.650000000000000));
#2510=CARTESIAN_POINT('',(5.777130781616254,10.121660790740595,0.650000000000000));
#2511=CARTESIAN_POINT('',(5.777130781616254,10.098159980017634,0.650000000000000));
#2512=QUASI_UNIFORM_CURVE('',2,(#2508,#2509,#2510,#2511),.UNSPECIFIED.,.F.,.U.);
#2513=EDGE_CURVE('',#2470,#2507,#2512,.T.);
#2514=ORIENTED_EDGE('',*,*,#2513,.T.);
#2515=CARTESIAN_POINT('',(5.777130781616254,10.098159980017634,0.750000000000000));
#2516=VERTEX_POINT('',#2515);
#2517=CARTESIAN_POINT('',(5.777130781616254,10.098159980017634,0.750000000000000));
#2518=DIRECTION('',(0.0,0.0,-1.0));
#2519=VECTOR('',#2518,0.100000000000000);
#2520=LINE('',#2517,#2519);
#2521=EDGE_CURVE('',#2516,#2507,#2520,.T.);
#2522=ORIENTED_EDGE('',*,*,#2521,.F.);
#2523=CARTESIAN_POINT('',(5.778751527183355,10.158937938783911,0.750000000000000));
#2524=CARTESIAN_POINT('',(5.778751527183355,10.152454956515509,0.750000000000000));
#2525=CARTESIAN_POINT('',(5.777130781616254,10.121660790740595,0.750000000000000));
#2526=CARTESIAN_POINT('',(5.777130781616254,10.098159980017634,0.750000000000000));
#2527=QUASI_UNIFORM_CURVE('',2,(#2523,#2524,#2525,#2526),.UNSPECIFIED.,.F.,.U.);
#2528=EDGE_CURVE('',#2479,#2516,#2527,.T.);
#2529=ORIENTED_EDGE('',*,*,#2528,.F.);
#2530=ORIENTED_EDGE('',*,*,#2484,.T.);
#2531=EDGE_LOOP('',(#2514,#2522,#2529,#2530));
#2532=FACE_OUTER_BOUND('',#2531,.T.);
#2533=ADVANCED_FACE('',(#2532),#2505,.T.);
#2534=CARTESIAN_POINT('',(5.830615385330579,9.880169701242584,0.750000000000000));
#2535=CARTESIAN_POINT('',(5.807114574607618,9.906912003099746,0.750000000000000));
#2536=CARTESIAN_POINT('',(5.777130781616254,10.011450092177745,0.750000000000000));
#2537=CARTESIAN_POINT('',(5.777130781616254,10.098159980017634,0.750000000000000));
#2538=CARTESIAN_POINT('',(5.830615385330579,9.880169701242584,0.650000000000000));
#2539=CARTESIAN_POINT('',(5.807114574607618,9.906912003099746,0.650000000000000));
#2540=CARTESIAN_POINT('',(5.777130781616254,10.011450092177745,0.650000000000000));
#2541=CARTESIAN_POINT('',(5.777130781616254,10.098159980017634,0.650000000000000));
#2542=B_SPLINE_SURFACE_WITH_KNOTS('',2,1,((#2534,#2538),(#2535,#2539),(#2536,#2540),(#2537,#2541)),.UNSPECIFIED.,.F.,.F.,.U.,(3,1,3),(2,2),(-2.0,-1.0,0.0),(0.0,0.010000000000000),.UNSPECIFIED.);
#2543=CARTESIAN_POINT('',(5.830615385330579,9.880169701242584,0.650000000000000));
#2544=VERTEX_POINT('',#2543);
#2545=CARTESIAN_POINT('',(5.777130781616254,10.098159980017634,0.650000000000000));
#2546=CARTESIAN_POINT('',(5.777130781616254,10.011450092177745,0.650000000000000));
#2547=CARTESIAN_POINT('',(5.807114574607618,9.906912003099746,0.650000000000000));
#2548=CARTESIAN_POINT('',(5.830615385330579,9.880169701242584,0.650000000000000));
#2549=QUASI_UNIFORM_CURVE('',2,(#2545,#2546,#2547,#2548),.UNSPECIFIED.,.F.,.U.);
#2550=EDGE_CURVE('',#2507,#2544,#2549,.T.);
#2551=ORIENTED_EDGE('',*,*,#2550,.T.);
#2552=CARTESIAN_POINT('',(5.830615385330579,9.880169701242584,0.750000000000000));
#2553=VERTEX_POINT('',#2552);
#2554=CARTESIAN_POINT('',(5.830615385330579,9.880169701242584,0.750000000000000));
#2555=DIRECTION('',(0.0,0.0,-1.0));
#2556=VECTOR('',#2555,0.100000000000000);
#2557=LINE('',#2554,#2556);
#2558=EDGE_CURVE('',#2553,#2544,#2557,.T.);
#2559=ORIENTED_EDGE('',*,*,#2558,.F.);
#2560=CARTESIAN_POINT('',(5.777130781616254,10.098159980017634,0.750000000000000));
#2561=CARTESIAN_POINT('',(5.777130781616254,10.011450092177745,0.750000000000000));
#2562=CARTESIAN_POINT('',(5.807114574607618,9.906912003099746,0.750000000000000));
#2563=CARTESIAN_POINT('',(5.830615385330579,9.880169701242584,0.750000000000000));
#2564=QUASI_UNIFORM_CURVE('',2,(#2560,#2561,#2562,#2563),.UNSPECIFIED.,.F.,.U.);
#2565=EDGE_CURVE('',#2516,#2553,#2564,.T.);
#2566=ORIENTED_EDGE('',*,*,#2565,.F.);
#2567=ORIENTED_EDGE('',*,*,#2521,.T.);
#2568=EDGE_LOOP('',(#2551,#2559,#2566,#2567));
#2569=FACE_OUTER_BOUND('',#2568,.T.);
#2570=ADVANCED_FACE('',(#2569),#2542,.T.);
#2571=CARTESIAN_POINT('',(5.917325273170468,9.839651062065064,0.750000000000000));
#2572=CARTESIAN_POINT('',(5.893014089663957,9.839651062065064,0.750000000000000));
#2573=CARTESIAN_POINT('',(5.847633213785136,9.858289636086724,0.750000000000000));
#2574=CARTESIAN_POINT('',(5.830615385330579,9.880169701242584,0.750000000000000));
#2575=CARTESIAN_POINT('',(5.917325273170468,9.839651062065064,0.650000000000000));
#2576=CARTESIAN_POINT('',(5.893014089663957,9.839651062065064,0.650000000000000));
#2577=CARTESIAN_POINT('',(5.847633213785136,9.858289636086724,0.650000000000000));
#2578=CARTESIAN_POINT('',(5.830615385330579,9.880169701242584,0.650000000000000));
#2579=B_SPLINE_SURFACE_WITH_KNOTS('',2,1,((#2571,#2575),(#2572,#2576),(#2573,#2577),(#2574,#2578)),.UNSPECIFIED.,.F.,.F.,.U.,(3,1,3),(2,2),(-2.0,-1.0,0.0),(0.0,0.010000000000000),.UNSPECIFIED.);
#2580=CARTESIAN_POINT('',(5.917325273170468,9.839651062065064,0.650000000000000));
#2581=VERTEX_POINT('',#2580);
#2582=CARTESIAN_POINT('',(5.830615385330579,9.880169701242584,0.650000000000000));
#2583=CARTESIAN_POINT('',(5.847633213785136,9.858289636086724,0.650000000000000));
#2584=CARTESIAN_POINT('',(5.893014089663957,9.839651062065064,0.650000000000000));
#2585=CARTESIAN_POINT('',(5.917325273170468,9.839651062065064,0.650000000000000));
#2586=QUASI_UNIFORM_CURVE('',2,(#2582,#2583,#2584,#2585),.UNSPECIFIED.,.F.,.U.);
#2587=EDGE_CURVE('',#2544,#2581,#2586,.T.);
#2588=ORIENTED_EDGE('',*,*,#2587,.T.);
#2589=CARTESIAN_POINT('',(5.917325273170468,9.839651062065064,0.750000000000000));
#2590=VERTEX_POINT('',#2589);
#2591=CARTESIAN_POINT('',(5.917325273170468,9.839651062065064,0.750000000000000));
#2592=DIRECTION('',(0.0,0.0,-1.0));
#2593=VECTOR('',#2592,0.100000000000000);
#2594=LINE('',#2591,#2593);
#2595=EDGE_CURVE('',#2590,#2581,#2594,.T.);
#2596=ORIENTED_EDGE('',*,*,#2595,.F.);
#2597=CARTESIAN_POINT('',(5.830615385330579,9.880169701242584,0.750000000000000));
#2598=CARTESIAN_POINT('',(5.847633213785136,9.858289636086724,0.750000000000000));
#2599=CARTESIAN_POINT('',(5.893014089663957,9.839651062065064,0.750000000000000));
#2600=CARTESIAN_POINT('',(5.917325273170468,9.839651062065064,0.750000000000000));
#2601=QUASI_UNIFORM_CURVE('',2,(#2597,#2598,#2599,#2600),.UNSPECIFIED.,.F.,.U.);
#2602=EDGE_CURVE('',#2553,#2590,#2601,.T.);
#2603=ORIENTED_EDGE('',*,*,#2602,.F.);
#2604=ORIENTED_EDGE('',*,*,#2558,.T.);
#2605=EDGE_LOOP('',(#2588,#2596,#2603,#2604));
#2606=FACE_OUTER_BOUND('',#2605,.T.);
#2607=ADVANCED_FACE('',(#2606),#2579,.T.);
#2608=CARTESIAN_POINT('',(6.000793669876156,9.880169701242584,0.750000000000000));
#2609=CARTESIAN_POINT('',(5.984586214205150,9.859910381653824,0.750000000000000));
#2610=CARTESIAN_POINT('',(5.937584592759228,9.839651062065064,0.750000000000000));
#2611=CARTESIAN_POINT('',(5.917325273170468,9.839651062065064,0.750000000000000));
#2612=CARTESIAN_POINT('',(6.000793669876156,9.880169701242584,0.650000000000000));
#2613=CARTESIAN_POINT('',(5.984586214205150,9.859910381653824,0.650000000000000));
#2614=CARTESIAN_POINT('',(5.937584592759228,9.839651062065064,0.650000000000000));
#2615=CARTESIAN_POINT('',(5.917325273170468,9.839651062065064,0.650000000000000));
#2616=B_SPLINE_SURFACE_WITH_KNOTS('',2,1,((#2608,#2612),(#2609,#2613),(#2610,#2614),(#2611,#2615)),.UNSPECIFIED.,.F.,.F.,.U.,(3,1,3),(2,2),(-2.0,-1.0,0.0),(0.0,0.010000000000000),.UNSPECIFIED.);
#2617=CARTESIAN_POINT('',(6.000793669876156,9.880169701242584,0.650000000000000));
#2618=VERTEX_POINT('',#2617);
#2619=CARTESIAN_POINT('',(5.917325273170468,9.839651062065064,0.650000000000000));
#2620=CARTESIAN_POINT('',(5.937584592759228,9.839651062065064,0.650000000000000));
#2621=CARTESIAN_POINT('',(5.984586214205150,9.859910381653824,0.650000000000000));
#2622=CARTESIAN_POINT('',(6.000793669876156,9.880169701242584,0.650000000000000));
#2623=QUASI_UNIFORM_CURVE('',2,(#2619,#2620,#2621,#2622),.UNSPECIFIED.,.F.,.U.);
#2624=EDGE_CURVE('',#2581,#2618,#2623,.T.);
#2625=ORIENTED_EDGE('',*,*,#2624,.T.);
#2626=CARTESIAN_POINT('',(6.000793669876156,9.880169701242584,0.750000000000000));
#2627=VERTEX_POINT('',#2626);
#2628=CARTESIAN_POINT('',(6.000793669876156,9.880169701242584,0.750000000000000));
#2629=DIRECTION('',(0.0,0.0,-1.0));
#2630=VECTOR('',#2629,0.100000000000000);
#2631=LINE('',#2628,#2630);
#2632=EDGE_CURVE('',#2627,#2618,#2631,.T.);
#2633=ORIENTED_EDGE('',*,*,#2632,.F.);
#2634=CARTESIAN_POINT('',(5.917325273170468,9.839651062065064,0.750000000000000));
#2635=CARTESIAN_POINT('',(5.937584592759228,9.839651062065064,0.750000000000000));
#2636=CARTESIAN_POINT('',(5.984586214205150,9.859910381653824,0.750000000000000));
#2637=CARTESIAN_POINT('',(6.000793669876156,9.880169701242584,0.750000000000000));
#2638=QUASI_UNIFORM_CURVE('',2,(#2634,#2635,#2636,#2637),.UNSPECIFIED.,.F.,.U.);
#2639=EDGE_CURVE('',#2590,#2627,#2638,.T.);
#2640=ORIENTED_EDGE('',*,*,#2639,.F.);
#2641=ORIENTED_EDGE('',*,*,#2595,.T.);
#2642=EDGE_LOOP('',(#2625,#2633,#2640,#2641));
#2643=FACE_OUTER_BOUND('',#2642,.T.);
#2644=ADVANCED_FACE('',(#2643),#2616,.T.);
#2645=CARTESIAN_POINT('',(6.041312309053676,10.018743447229699,0.750000000000000));
#2646=CARTESIAN_POINT('',(6.041312309053676,9.961206979597622,0.750000000000000));
#2647=CARTESIAN_POINT('',(6.020242616681366,9.904480884749095,0.750000000000000));
#2648=CARTESIAN_POINT('',(6.000793669876156,9.880169701242584,0.750000000000000));
#2649=CARTESIAN_POINT('',(6.041312309053676,10.018743447229699,0.650000000000000));
#2650=CARTESIAN_POINT('',(6.041312309053676,9.961206979597622,0.650000000000000));
#2651=CARTESIAN_POINT('',(6.020242616681366,9.904480884749095,0.650000000000000));
#2652=CARTESIAN_POINT('',(6.000793669876156,9.880169701242584,0.650000000000000));
#2653=B_SPLINE_SURFACE_WITH_KNOTS('',2,1,((#2645,#2649),(#2646,#2650),(#2647,#2651),(#2648,#2652)),.UNSPECIFIED.,.F.,.F.,.U.,(3,1,3),(2,2),(-2.0,-1.0,0.0),(0.0,0.010000000000000),.UNSPECIFIED.);
#2654=CARTESIAN_POINT('',(6.000793669876156,9.880169701242584,0.650000000000000));
#2655=CARTESIAN_POINT('',(6.020242616681366,9.904480884749095,0.650000000000000));
#2656=CARTESIAN_POINT('',(6.041312309053676,9.961206979597622,0.650000000000000));
#2657=CARTESIAN_POINT('',(6.041312309053676,10.018743447229699,0.650000000000000));
#2658=QUASI_UNIFORM_CURVE('',2,(#2654,#2655,#2656,#2657),.UNSPECIFIED.,.F.,.U.);
#2659=EDGE_CURVE('',#2618,#2387,#2658,.T.);
#2660=ORIENTED_EDGE('',*,*,#2659,.T.);
#2661=ORIENTED_EDGE('',*,*,#2418,.F.);
#2662=CARTESIAN_POINT('',(6.000793669876156,9.880169701242584,0.750000000000000));
#2663=CARTESIAN_POINT('',(6.020242616681366,9.904480884749095,0.750000000000000));
#2664=CARTESIAN_POINT('',(6.041312309053676,9.961206979597622,0.750000000000000));
#2665=CARTESIAN_POINT('',(6.041312309053676,10.018743447229699,0.750000000000000));
#2666=QUASI_UNIFORM_CURVE('',2,(#2662,#2663,#2664,#2665),.UNSPECIFIED.,.F.,.U.);
#2667=EDGE_CURVE('',#2627,#2406,#2666,.T.);
#2668=ORIENTED_EDGE('',*,*,#2667,.F.);
#2669=ORIENTED_EDGE('',*,*,#2632,.T.);
#2670=EDGE_LOOP('',(#2660,#2661,#2668,#2669));
#2671=FACE_OUTER_BOUND('',#2670,.T.);
#2672=ADVANCED_FACE('',(#2671),#2653,.T.);
#2673=CARTESIAN_POINT('',(6.179886055040790,10.299942803121677,0.750000000000000));
#2674=CARTESIAN_POINT('',(6.231749913188014,10.260234536727708,0.750000000000000));
#2675=CARTESIAN_POINT('',(6.293338244737842,10.131385264143200,0.750000000000000));
#2676=CARTESIAN_POINT('',(6.293338244737842,10.030899038982955,0.750000000000000));
#2677=CARTESIAN_POINT('',(6.179886055040790,10.299942803121677,0.650000000000000));
#2678=CARTESIAN_POINT('',(6.231749913188014,10.260234536727708,0.650000000000000));
#2679=CARTESIAN_POINT('',(6.293338244737842,10.131385264143200,0.650000000000000));
#2680=CARTESIAN_POINT('',(6.293338244737842,10.030899038982955,0.650000000000000));
#2681=B_SPLINE_SURFACE_WITH_KNOTS('',2,1,((#2673,#2677),(#2674,#2678),(#2675,#2679),(#2676,#2680)),.UNSPECIFIED.,.F.,.F.,.U.,(3,1,3),(2,2),(0.0,1.0,2.0),(0.0,0.010000000000000),.UNSPECIFIED.);
#2682=CARTESIAN_POINT('',(6.293338244737842,10.030899038982955,0.650000000000000));
#2683=VERTEX_POINT('',#2682);
#2684=CARTESIAN_POINT('',(6.179886055040790,10.299942803121681,0.650000000000000));
#2685=VERTEX_POINT('',#2684);
#2686=CARTESIAN_POINT('',(6.293338244737842,10.030899038982955,0.650000000000000));
#2687=CARTESIAN_POINT('',(6.293338244737842,10.131385264143200,0.650000000000000));
#2688=CARTESIAN_POINT('',(6.231749913188014,10.260234536727708,0.650000000000000));
#2689=CARTESIAN_POINT('',(6.179886055040790,10.299942803121677,0.650000000000000));
#2690=QUASI_UNIFORM_CURVE('',2,(#2686,#2687,#2688,#2689),.UNSPECIFIED.,.F.,.U.);
#2691=EDGE_CURVE('',#2683,#2685,#2690,.T.);
#2692=ORIENTED_EDGE('',*,*,#2691,.F.);
#2693=CARTESIAN_POINT('',(6.293338244737842,10.030899038982955,0.750000000000000));
#2694=VERTEX_POINT('',#2693);
#2695=CARTESIAN_POINT('',(6.293338244737842,10.030899038982955,0.750000000000000));
#2696=DIRECTION('',(0.0,0.0,-1.0));
#2697=VECTOR('',#2696,0.100000000000000);
#2698=LINE('',#2695,#2697);
#2699=EDGE_CURVE('',#2694,#2683,#2698,.T.);
#2700=ORIENTED_EDGE('',*,*,#2699,.F.);
#2701=CARTESIAN_POINT('',(6.179886055040790,10.299942803121681,0.750000000000000));
#2702=VERTEX_POINT('',#2701);
#2703=CARTESIAN_POINT('',(6.179886055040790,10.299942803121677,0.750000000000000));
#2704=CARTESIAN_POINT('',(6.231749913188014,10.260234536727708,0.750000000000000));
#2705=CARTESIAN_POINT('',(6.293338244737842,10.131385264143200,0.750000000000000));
#2706=CARTESIAN_POINT('',(6.293338244737842,10.030899038982955,0.750000000000000));
#2707=QUASI_UNIFORM_CURVE('',2,(#2703,#2704,#2705,#2706),.UNSPECIFIED.,.F.,.U.);
#2708=EDGE_CURVE('',#2702,#2694,#2707,.T.);
#2709=ORIENTED_EDGE('',*,*,#2708,.F.);
#2710=CARTESIAN_POINT('',(6.179886055040790,10.299942803121681,0.750000000000000));
#2711=DIRECTION('',(0.0,0.0,-1.0));
#2712=VECTOR('',#2711,0.100000000000000);
#2713=LINE('',#2710,#2712);
#2714=EDGE_CURVE('',#2702,#2685,#2713,.T.);
#2715=ORIENTED_EDGE('',*,*,#2714,.T.);
#2716=EDGE_LOOP('',(#2692,#2700,#2709,#2715));
#2717=FACE_OUTER_BOUND('',#2716,.T.);
#2718=ADVANCED_FACE('',(#2717),#2681,.F.);
#2719=CARTESIAN_POINT('',(5.994310687607753,10.356668897970202,0.750000000000000));
#2720=CARTESIAN_POINT('',(6.048605664105629,10.356668897970202,0.750000000000000));
#2721=CARTESIAN_POINT('',(6.143419279781023,10.327495477762390,0.750000000000000));
#2722=CARTESIAN_POINT('',(6.179886055040790,10.299942803121677,0.750000000000000));
#2723=CARTESIAN_POINT('',(5.994310687607753,10.356668897970202,0.650000000000000));
#2724=CARTESIAN_POINT('',(6.048605664105629,10.356668897970202,0.650000000000000));
#2725=CARTESIAN_POINT('',(6.143419279781023,10.327495477762390,0.650000000000000));
#2726=CARTESIAN_POINT('',(6.179886055040790,10.299942803121677,0.650000000000000));
#2727=B_SPLINE_SURFACE_WITH_KNOTS('',2,1,((#2719,#2723),(#2720,#2724),(#2721,#2725),(#2722,#2726)),.UNSPECIFIED.,.F.,.F.,.U.,(3,1,3),(2,2),(0.0,1.0,2.0),(0.0,0.010000000000000),.UNSPECIFIED.);
#2728=CARTESIAN_POINT('',(5.994310687607753,10.356668897970202,0.650000000000000));
#2729=VERTEX_POINT('',#2728);
#2730=CARTESIAN_POINT('',(6.179886055040790,10.299942803121677,0.650000000000000));
#2731=CARTESIAN_POINT('',(6.143419279781023,10.327495477762390,0.650000000000000));
#2732=CARTESIAN_POINT('',(6.048605664105629,10.356668897970202,0.650000000000000));
#2733=CARTESIAN_POINT('',(5.994310687607753,10.356668897970202,0.650000000000000));
#2734=QUASI_UNIFORM_CURVE('',2,(#2730,#2731,#2732,#2733),.UNSPECIFIED.,.F.,.U.);
#2735=EDGE_CURVE('',#2685,#2729,#2734,.T.);
#2736=ORIENTED_EDGE('',*,*,#2735,.F.);
#2737=ORIENTED_EDGE('',*,*,#2714,.F.);
#2738=CARTESIAN_POINT('',(5.994310687607753,10.356668897970202,0.750000000000000));
#2739=VERTEX_POINT('',#2738);
#2740=CARTESIAN_POINT('',(5.994310687607753,10.356668897970202,0.750000000000000));
#2741=CARTESIAN_POINT('',(6.048605664105629,10.356668897970202,0.750000000000000));
#2742=CARTESIAN_POINT('',(6.143419279781023,10.327495477762390,0.750000000000000));
#2743=CARTESIAN_POINT('',(6.179886055040790,10.299942803121677,0.750000000000000));
#2744=QUASI_UNIFORM_CURVE('',2,(#2740,#2741,#2742,#2743),.UNSPECIFIED.,.F.,.U.);
#2745=EDGE_CURVE('',#2739,#2702,#2744,.T.);
#2746=ORIENTED_EDGE('',*,*,#2745,.F.);
#2747=CARTESIAN_POINT('',(5.994310687607753,10.356668897970202,0.750000000000000));
#2748=DIRECTION('',(0.0,0.0,-1.0));
#2749=VECTOR('',#2748,0.100000000000000);
#2750=LINE('',#2747,#2749);
#2751=EDGE_CURVE('',#2739,#2729,#2750,.T.);
#2752=ORIENTED_EDGE('',*,*,#2751,.T.);
#2753=EDGE_LOOP('',(#2736,#2737,#2746,#2752));
#2754=FACE_OUTER_BOUND('',#2753,.T.);
#2755=ADVANCED_FACE('',(#2754),#2727,.F.);
#2756=CARTESIAN_POINT('',(5.779561899966906,10.287787211368421,0.750000000000000));
#2757=CARTESIAN_POINT('',(5.828994639763478,10.319391749926886,0.750000000000000));
#2758=CARTESIAN_POINT('',(5.930291237707275,10.356668897970202,0.750000000000000));
#2759=CARTESIAN_POINT('',(5.994310687607753,10.356668897970202,0.750000000000000));
#2760=CARTESIAN_POINT('',(5.779561899966906,10.287787211368421,0.650000000000000));
#2761=CARTESIAN_POINT('',(5.828994639763478,10.319391749926886,0.650000000000000));
#2762=CARTESIAN_POINT('',(5.930291237707275,10.356668897970202,0.650000000000000));
#2763=CARTESIAN_POINT('',(5.994310687607753,10.356668897970202,0.650000000000000));
#2764=B_SPLINE_SURFACE_WITH_KNOTS('',2,1,((#2756,#2760),(#2757,#2761),(#2758,#2762),(#2759,#2763)),.UNSPECIFIED.,.F.,.F.,.U.,(3,1,3),(2,2),(0.0,1.0,2.0),(0.0,0.010000000000000),.UNSPECIFIED.);
#2765=CARTESIAN_POINT('',(5.779561899966906,10.287787211368421,0.650000000000000));
#2766=VERTEX_POINT('',#2765);
#2767=CARTESIAN_POINT('',(5.994310687607753,10.356668897970202,0.650000000000000));
#2768=CARTESIAN_POINT('',(5.930291237707275,10.356668897970202,0.650000000000000));
#2769=CARTESIAN_POINT('',(5.828994639763478,10.319391749926886,0.650000000000000));
#2770=CARTESIAN_POINT('',(5.779561899966906,10.287787211368421,0.650000000000000));
#2771=QUASI_UNIFORM_CURVE('',2,(#2767,#2768,#2769,#2770),.UNSPECIFIED.,.F.,.U.);
#2772=EDGE_CURVE('',#2729,#2766,#2771,.T.);
#2773=ORIENTED_EDGE('',*,*,#2772,.F.);
#2774=ORIENTED_EDGE('',*,*,#2751,.F.);
#2775=CARTESIAN_POINT('',(5.779561899966906,10.287787211368421,0.750000000000000));
#2776=VERTEX_POINT('',#2775);
#2777=CARTESIAN_POINT('',(5.779561899966906,10.287787211368421,0.750000000000000));
#2778=CARTESIAN_POINT('',(5.828994639763478,10.319391749926886,0.750000000000000));
#2779=CARTESIAN_POINT('',(5.930291237707275,10.356668897970202,0.750000000000000));
#2780=CARTESIAN_POINT('',(5.994310687607753,10.356668897970202,0.750000000000000));
#2781=QUASI_UNIFORM_CURVE('',2,(#2777,#2778,#2779,#2780),.UNSPECIFIED.,.F.,.U.);
#2782=EDGE_CURVE('',#2776,#2739,#2781,.T.);
#2783=ORIENTED_EDGE('',*,*,#2782,.F.);
#2784=CARTESIAN_POINT('',(5.779561899966906,10.287787211368421,0.750000000000000));
#2785=DIRECTION('',(0.0,0.0,-1.0));
#2786=VECTOR('',#2785,0.100000000000000);
#2787=LINE('',#2784,#2786);
#2788=EDGE_CURVE('',#2776,#2766,#2787,.T.);
#2789=ORIENTED_EDGE('',*,*,#2788,.T.);
#2790=EDGE_LOOP('',(#2773,#2774,#2783,#2789));
#2791=FACE_OUTER_BOUND('',#2790,.T.);
#2792=ADVANCED_FACE('',(#2791),#2764,.F.);
#2793=CARTESIAN_POINT('',(6.040501936270125,10.526847182515782,0.750000000000000));
#2794=CARTESIAN_POINT('',(5.922997882655321,10.526847182515782,0.750000000000000));
#2795=CARTESIAN_POINT('',(5.794958982854363,10.402860146632575,0.750000000000000));
#2796=CARTESIAN_POINT('',(5.779561899966906,10.287787211368421,0.750000000000000));
#2797=CARTESIAN_POINT('',(6.040501936270125,10.526847182515782,0.650000000000000));
#2798=CARTESIAN_POINT('',(5.922997882655321,10.526847182515782,0.650000000000000));
#2799=CARTESIAN_POINT('',(5.794958982854363,10.402860146632575,0.650000000000000));
#2800=CARTESIAN_POINT('',(5.779561899966906,10.287787211368421,0.650000000000000));
#2801=B_SPLINE_SURFACE_WITH_KNOTS('',2,1,((#2793,#2797),(#2794,#2798),(#2795,#2799),(#2796,#2800)),.UNSPECIFIED.,.F.,.F.,.U.,(3,1,3),(2,2),(0.0,1.0,2.0),(0.0,0.010000000000000),.UNSPECIFIED.);
#2802=CARTESIAN_POINT('',(6.040501936270125,10.526847182515782,0.650000000000000));
#2803=VERTEX_POINT('',#2802);
#2804=CARTESIAN_POINT('',(5.779561899966906,10.287787211368421,0.650000000000000));
#2805=CARTESIAN_POINT('',(5.794958982854363,10.402860146632575,0.650000000000000));
#2806=CARTESIAN_POINT('',(5.922997882655321,10.526847182515782,0.650000000000000));
#2807=CARTESIAN_POINT('',(6.040501936270125,10.526847182515782,0.650000000000000));
#2808=QUASI_UNIFORM_CURVE('',2,(#2804,#2805,#2806,#2807),.UNSPECIFIED.,.F.,.U.);
#2809=EDGE_CURVE('',#2766,#2803,#2808,.T.);
#2810=ORIENTED_EDGE('',*,*,#2809,.F.);
#2811=ORIENTED_EDGE('',*,*,#2788,.F.);
#2812=CARTESIAN_POINT('',(6.040501936270125,10.526847182515782,0.750000000000000));
#2813=VERTEX_POINT('',#2812);
#2814=CARTESIAN_POINT('',(6.040501936270125,10.526847182515782,0.750000000000000));
#2815=CARTESIAN_POINT('',(5.922997882655321,10.526847182515782,0.750000000000000));
#2816=CARTESIAN_POINT('',(5.794958982854363,10.402860146632575,0.750000000000000));
#2817=CARTESIAN_POINT('',(5.779561899966906,10.287787211368421,0.750000000000000));
#2818=QUASI_UNIFORM_CURVE('',2,(#2814,#2815,#2816,#2817),.UNSPECIFIED.,.F.,.U.);
#2819=EDGE_CURVE('',#2813,#2776,#2818,.T.);
#2820=ORIENTED_EDGE('',*,*,#2819,.F.);
#2821=CARTESIAN_POINT('',(6.040501936270125,10.526847182515782,0.750000000000000));
#2822=DIRECTION('',(0.0,0.0,-1.0));
#2823=VECTOR('',#2822,0.100000000000000);
#2824=LINE('',#2821,#2823);
#2825=EDGE_CURVE('',#2813,#2803,#2824,.T.);
#2826=ORIENTED_EDGE('',*,*,#2825,.T.);
#2827=EDGE_LOOP('',(#2810,#2811,#2820,#2826));
#2828=FACE_OUTER_BOUND('',#2827,.T.);
#2829=ADVANCED_FACE('',(#2828),#2801,.F.);
#2830=CARTESIAN_POINT('',(6.191231274010494,10.496053016740866,0.750000000000000));
#2831=CARTESIAN_POINT('',(6.173403072772387,10.504967117359922,0.750000000000000));
#2832=CARTESIAN_POINT('',(6.092365794417349,10.526847182515782,0.750000000000000));
#2833=CARTESIAN_POINT('',(6.040501936270125,10.526847182515782,0.750000000000000));
#2834=CARTESIAN_POINT('',(6.191231274010494,10.496053016740866,0.650000000000000));
#2835=CARTESIAN_POINT('',(6.173403072772387,10.504967117359922,0.650000000000000));
#2836=CARTESIAN_POINT('',(6.092365794417349,10.526847182515782,0.650000000000000));
#2837=CARTESIAN_POINT('',(6.040501936270125,10.526847182515782,0.650000000000000));
#2838=B_SPLINE_SURFACE_WITH_KNOTS('',2,1,((#2830,#2834),(#2831,#2835),(#2832,#2836),(#2833,#2837)),.UNSPECIFIED.,.F.,.F.,.U.,(3,1,3),(2,2),(0.0,1.0,2.0),(0.0,0.010000000000000),.UNSPECIFIED.);
#2839=CARTESIAN_POINT('',(6.191231274010494,10.496053016740866,0.650000000000000));
#2840=VERTEX_POINT('',#2839);
#2841=CARTESIAN_POINT('',(6.040501936270125,10.526847182515782,0.650000000000000));
#2842=CARTESIAN_POINT('',(6.092365794417349,10.526847182515782,0.650000000000000));
#2843=CARTESIAN_POINT('',(6.173403072772387,10.504967117359922,0.650000000000000));
#2844=CARTESIAN_POINT('',(6.191231274010494,10.496053016740866,0.650000000000000));
#2845=QUASI_UNIFORM_CURVE('',2,(#2841,#2842,#2843,#2844),.UNSPECIFIED.,.F.,.U.);
#2846=EDGE_CURVE('',#2803,#2840,#2845,.T.);
#2847=ORIENTED_EDGE('',*,*,#2846,.F.);
#2848=ORIENTED_EDGE('',*,*,#2825,.F.);
#2849=CARTESIAN_POINT('',(6.191231274010494,10.496053016740866,0.750000000000000));
#2850=VERTEX_POINT('',#2849);
#2851=CARTESIAN_POINT('',(6.191231274010494,10.496053016740866,0.750000000000000));
#2852=CARTESIAN_POINT('',(6.173403072772387,10.504967117359922,0.750000000000000));
#2853=CARTESIAN_POINT('',(6.092365794417349,10.526847182515782,0.750000000000000));
#2854=CARTESIAN_POINT('',(6.040501936270125,10.526847182515782,0.750000000000000));
#2855=QUASI_UNIFORM_CURVE('',2,(#2851,#2852,#2853,#2854),.UNSPECIFIED.,.F.,.U.);
#2856=EDGE_CURVE('',#2850,#2813,#2855,.T.);
#2857=ORIENTED_EDGE('',*,*,#2856,.F.);
#2858=CARTESIAN_POINT('',(6.191231274010494,10.496053016740866,0.750000000000000));
#2859=DIRECTION('',(0.0,0.0,-1.0));
#2860=VECTOR('',#2859,0.100000000000000);
#2861=LINE('',#2858,#2860);
#2862=EDGE_CURVE('',#2850,#2840,#2861,.T.);
#2863=ORIENTED_EDGE('',*,*,#2862,.T.);
#2864=EDGE_LOOP('',(#2847,#2848,#2857,#2863));
#2865=FACE_OUTER_BOUND('',#2864,.T.);
#2866=ADVANCED_FACE('',(#2865),#2838,.F.);
#2867=CARTESIAN_POINT('',(6.191231274010494,10.496053016740866,0.750000000000000));
#2868=DIRECTION('',(0.0,-1.0,0.0));
#2869=DIRECTION('',(0.0,0.0,-1.0));
#2870=AXIS2_PLACEMENT_3D('',#2867,#2868,#2869);
#2871=PLANE('',#2870);
#2872=CARTESIAN_POINT('',(6.209059475248603,10.496053016740866,0.650000000000000));
#2873=VERTEX_POINT('',#2872);
#2874=CARTESIAN_POINT('',(6.191231274010494,10.496053016740866,0.650000000000000));
#2875=DIRECTION('',(1.0,0.0,0.0));
#2876=VECTOR('',#2875,0.017828201238109);
#2877=LINE('',#2874,#2876);
#2878=EDGE_CURVE('',#2840,#2873,#2877,.T.);
#2879=ORIENTED_EDGE('',*,*,#2878,.F.);
#2880=ORIENTED_EDGE('',*,*,#2862,.F.);
#2881=CARTESIAN_POINT('',(6.209059475248603,10.496053016740866,0.750000000000000));
#2882=VERTEX_POINT('',#2881);
#2883=CARTESIAN_POINT('',(6.209059475248602,10.496053016740866,0.750000000000000));
#2884=DIRECTION('',(-1.0,0.0,0.0));
#2885=VECTOR('',#2884,0.017828201238109);
#2886=LINE('',#2883,#2885);
#2887=EDGE_CURVE('',#2882,#2850,#2886,.T.);
#2888=ORIENTED_EDGE('',*,*,#2887,.F.);
#2889=CARTESIAN_POINT('',(6.209059475248603,10.496053016740866,0.750000000000000));
#2890=DIRECTION('',(0.0,0.0,-1.0));
#2891=VECTOR('',#2890,0.100000000000000);
#2892=LINE('',#2889,#2891);
#2893=EDGE_CURVE('',#2882,#2873,#2892,.T.);
#2894=ORIENTED_EDGE('',*,*,#2893,.T.);
#2895=EDGE_LOOP('',(#2879,#2880,#2888,#2894));
#2896=FACE_OUTER_BOUND('',#2895,.T.);
#2897=ADVANCED_FACE('',(#2896),#2871,.F.);
#2898=CARTESIAN_POINT('',(6.209059475248603,10.496053016740866,0.750000000000000));
#2899=DIRECTION('',(1.0,0.0,0.0));
#2900=DIRECTION('',(0.0,0.0,-1.0));
#2901=AXIS2_PLACEMENT_3D('',#2898,#2899,#2900);
#2902=PLANE('',#2901);
#2903=CARTESIAN_POINT('',(6.209059475248601,10.692163230360059,0.650000000000000));
#2904=VERTEX_POINT('',#2903);
#2905=CARTESIAN_POINT('',(6.209059475248603,10.496053016740866,0.650000000000000));
#2906=DIRECTION('',(0.0,1.0,0.0));
#2907=VECTOR('',#2906,0.196110213619193);
#2908=LINE('',#2905,#2907);
#2909=EDGE_CURVE('',#2873,#2904,#2908,.T.);
#2910=ORIENTED_EDGE('',*,*,#2909,.F.);
#2911=ORIENTED_EDGE('',*,*,#2893,.F.);
#2912=CARTESIAN_POINT('',(6.209059475248601,10.692163230360059,0.750000000000000));
#2913=VERTEX_POINT('',#2912);
#2914=CARTESIAN_POINT('',(6.209059475248601,10.692163230360059,0.750000000000000));
#2915=DIRECTION('',(0.0,-1.0,0.0));
#2916=VECTOR('',#2915,0.196110213619193);
#2917=LINE('',#2914,#2916);
#2918=EDGE_CURVE('',#2913,#2882,#2917,.T.);
#2919=ORIENTED_EDGE('',*,*,#2918,.F.);
#2920=CARTESIAN_POINT('',(6.209059475248601,10.692163230360059,0.750000000000000));
#2921=DIRECTION('',(0.0,0.0,-1.0));
#2922=VECTOR('',#2921,0.100000000000000);
#2923=LINE('',#2920,#2922);
#2924=EDGE_CURVE('',#2913,#2904,#2923,.T.);
#2925=ORIENTED_EDGE('',*,*,#2924,.T.);
#2926=EDGE_LOOP('',(#2910,#2911,#2919,#2925));
#2927=FACE_OUTER_BOUND('',#2926,.T.);
#2928=ADVANCED_FACE('',(#2927),#2902,.F.);
#2929=CARTESIAN_POINT('',(6.042933054620776,10.709181058814616,0.750000000000000));
#2930=CARTESIAN_POINT('',(6.092365794417349,10.709181058814616,0.750000000000000));
#2931=CARTESIAN_POINT('',(6.191231274010494,10.696215094277811,0.750000000000000));
#2932=CARTESIAN_POINT('',(6.209059475248603,10.692163230360059,0.750000000000000));
#2933=CARTESIAN_POINT('',(6.042933054620776,10.709181058814616,0.650000000000000));
#2934=CARTESIAN_POINT('',(6.092365794417349,10.709181058814616,0.650000000000000));
#2935=CARTESIAN_POINT('',(6.191231274010494,10.696215094277811,0.650000000000000));
#2936=CARTESIAN_POINT('',(6.209059475248603,10.692163230360059,0.650000000000000));
#2937=B_SPLINE_SURFACE_WITH_KNOTS('',2,1,((#2929,#2933),(#2930,#2934),(#2931,#2935),(#2932,#2936)),.UNSPECIFIED.,.F.,.F.,.U.,(3,1,3),(2,2),(0.0,1.0,2.0),(0.0,0.010000000000000),.UNSPECIFIED.);
#2938=CARTESIAN_POINT('',(6.042933054620776,10.709181058814616,0.650000000000000));
#2939=VERTEX_POINT('',#2938);
#2940=CARTESIAN_POINT('',(6.209059475248603,10.692163230360059,0.650000000000000));
#2941=CARTESIAN_POINT('',(6.191231274010494,10.696215094277811,0.650000000000000));
#2942=CARTESIAN_POINT('',(6.092365794417349,10.709181058814616,0.650000000000000));
#2943=CARTESIAN_POINT('',(6.042933054620776,10.709181058814616,0.650000000000000));
#2944=QUASI_UNIFORM_CURVE('',2,(#2940,#2941,#2942,#2943),.UNSPECIFIED.,.F.,.U.);
#2945=EDGE_CURVE('',#2904,#2939,#2944,.T.);
#2946=ORIENTED_EDGE('',*,*,#2945,.F.);
#2947=ORIENTED_EDGE('',*,*,#2924,.F.);
#2948=CARTESIAN_POINT('',(6.042933054620776,10.709181058814616,0.750000000000000));
#2949=VERTEX_POINT('',#2948);
#2950=CARTESIAN_POINT('',(6.042933054620776,10.709181058814616,0.750000000000000));
#2951=CARTESIAN_POINT('',(6.092365794417349,10.709181058814616,0.750000000000000));
#2952=CARTESIAN_POINT('',(6.191231274010494,10.696215094277811,0.750000000000000));
#2953=CARTESIAN_POINT('',(6.209059475248603,10.692163230360059,0.750000000000000));
#2954=QUASI_UNIFORM_CURVE('',2,(#2950,#2951,#2952,#2953),.UNSPECIFIED.,.F.,.U.);
#2955=EDGE_CURVE('',#2949,#2913,#2954,.T.);
#2956=ORIENTED_EDGE('',*,*,#2955,.F.);
#2957=CARTESIAN_POINT('',(6.042933054620776,10.709181058814616,0.750000000000000));
#2958=DIRECTION('',(0.0,0.0,-1.0));
#2959=VECTOR('',#2958,0.100000000000000);
#2960=LINE('',#2957,#2959);
#2961=EDGE_CURVE('',#2949,#2939,#2960,.T.);
#2962=ORIENTED_EDGE('',*,*,#2961,.T.);
#2963=EDGE_LOOP('',(#2946,#2947,#2956,#2962));
#2964=FACE_OUTER_BOUND('',#2963,.T.);
#2965=ADVANCED_FACE('',(#2964),#2937,.F.);
#2966=CARTESIAN_POINT('',(5.649091881815295,10.550347993238741,0.750000000000000));
#2967=CARTESIAN_POINT('',(5.709869840581573,10.624902289325377,0.750000000000000));
#2968=CARTESIAN_POINT('',(5.907600799767864,10.709181058814616,0.750000000000000));
#2969=CARTESIAN_POINT('',(6.042933054620776,10.709181058814616,0.750000000000000));
#2970=CARTESIAN_POINT('',(5.649091881815295,10.550347993238741,0.650000000000000));
#2971=CARTESIAN_POINT('',(5.709869840581573,10.624902289325377,0.650000000000000));
#2972=CARTESIAN_POINT('',(5.907600799767864,10.709181058814616,0.650000000000000));
#2973=CARTESIAN_POINT('',(6.042933054620776,10.709181058814616,0.650000000000000));
#2974=B_SPLINE_SURFACE_WITH_KNOTS('',2,1,((#2966,#2970),(#2967,#2971),(#2968,#2972),(#2969,#2973)),.UNSPECIFIED.,.F.,.F.,.U.,(3,1,3),(2,2),(0.0,1.0,2.0),(0.0,0.010000000000000),.UNSPECIFIED.);
#2975=CARTESIAN_POINT('',(5.649091881815295,10.550347993238741,0.650000000000000));
#2976=VERTEX_POINT('',#2975);
#2977=CARTESIAN_POINT('',(6.042933054620776,10.709181058814616,0.650000000000000));
#2978=CARTESIAN_POINT('',(5.907600799767864,10.709181058814616,0.650000000000000));
#2979=CARTESIAN_POINT('',(5.709869840581573,10.624902289325377,0.650000000000000));
#2980=CARTESIAN_POINT('',(5.649091881815295,10.550347993238741,0.650000000000000));
#2981=QUASI_UNIFORM_CURVE('',2,(#2977,#2978,#2979,#2980),.UNSPECIFIED.,.F.,.U.);
#2982=EDGE_CURVE('',#2939,#2976,#2981,.T.);
#2983=ORIENTED_EDGE('',*,*,#2982,.F.);
#2984=ORIENTED_EDGE('',*,*,#2961,.F.);
#2985=CARTESIAN_POINT('',(5.649091881815295,10.550347993238741,0.750000000000000));
#2986=VERTEX_POINT('',#2985);
#2987=CARTESIAN_POINT('',(5.649091881815295,10.550347993238741,0.750000000000000));
#2988=CARTESIAN_POINT('',(5.709869840581573,10.624902289325377,0.750000000000000));
#2989=CARTESIAN_POINT('',(5.907600799767864,10.709181058814616,0.750000000000000));
#2990=CARTESIAN_POINT('',(6.042933054620776,10.709181058814616,0.750000000000000));
#2991=QUASI_UNIFORM_CURVE('',2,(#2987,#2988,#2989,#2990),.UNSPECIFIED.,.F.,.U.);
#2992=EDGE_CURVE('',#2986,#2949,#2991,.T.);
#2993=ORIENTED_EDGE('',*,*,#2992,.F.);
#2994=CARTESIAN_POINT('',(5.649091881815295,10.550347993238741,0.750000000000000));
#2995=DIRECTION('',(0.0,0.0,-1.0));
#2996=VECTOR('',#2995,0.100000000000000);
#2997=LINE('',#2994,#2996);
#2998=EDGE_CURVE('',#2986,#2976,#2997,.T.);
#2999=ORIENTED_EDGE('',*,*,#2998,.T.);
#3000=EDGE_LOOP('',(#2983,#2984,#2993,#2999));
#3001=FACE_OUTER_BOUND('',#3000,.T.);
#3002=ADVANCED_FACE('',(#3001),#2974,.F.);
#3003=CARTESIAN_POINT('',(5.528346337066289,10.136247500844501,0.750000000000000));
#3004=CARTESIAN_POINT('',(5.528346337066289,10.267527891779661,0.750000000000000));
#3005=CARTESIAN_POINT('',(5.585072431914815,10.471741833234356,0.750000000000000));
#3006=CARTESIAN_POINT('',(5.649091881815295,10.550347993238741,0.750000000000000));
#3007=CARTESIAN_POINT('',(5.528346337066289,10.136247500844501,0.650000000000000));
#3008=CARTESIAN_POINT('',(5.528346337066289,10.267527891779661,0.650000000000000));
#3009=CARTESIAN_POINT('',(5.585072431914815,10.471741833234356,0.650000000000000));
#3010=CARTESIAN_POINT('',(5.649091881815295,10.550347993238741,0.650000000000000));
#3011=B_SPLINE_SURFACE_WITH_KNOTS('',2,1,((#3003,#3007),(#3004,#3008),(#3005,#3009),(#3006,#3010)),.UNSPECIFIED.,.F.,.F.,.U.,(3,1,3),(2,2),(0.0,1.0,2.0),(0.0,0.010000000000000),.UNSPECIFIED.);
#3012=CARTESIAN_POINT('',(5.528346337066289,10.136247500844505,0.650000000000000));
#3013=VERTEX_POINT('',#3012);
#3014=CARTESIAN_POINT('',(5.649091881815295,10.550347993238741,0.650000000000000));
#3015=CARTESIAN_POINT('',(5.585072431914815,10.471741833234356,0.650000000000000));
#3016=CARTESIAN_POINT('',(5.528346337066289,10.267527891779661,0.650000000000000));
#3017=CARTESIAN_POINT('',(5.528346337066289,10.136247500844501,0.650000000000000));
#3018=QUASI_UNIFORM_CURVE('',2,(#3014,#3015,#3016,#3017),.UNSPECIFIED.,.F.,.U.);
#3019=EDGE_CURVE('',#2976,#3013,#3018,.T.);
#3020=ORIENTED_EDGE('',*,*,#3019,.F.);
#3021=ORIENTED_EDGE('',*,*,#2998,.F.);
#3022=CARTESIAN_POINT('',(5.528346337066289,10.136247500844505,0.750000000000000));
#3023=VERTEX_POINT('',#3022);
#3024=CARTESIAN_POINT('',(5.528346337066289,10.136247500844501,0.750000000000000));
#3025=CARTESIAN_POINT('',(5.528346337066289,10.267527891779661,0.750000000000000));
#3026=CARTESIAN_POINT('',(5.585072431914815,10.471741833234356,0.750000000000000));
#3027=CARTESIAN_POINT('',(5.649091881815295,10.550347993238741,0.750000000000000));
#3028=QUASI_UNIFORM_CURVE('',2,(#3024,#3025,#3026,#3027),.UNSPECIFIED.,.F.,.U.);
#3029=EDGE_CURVE('',#3023,#2986,#3028,.T.);
#3030=ORIENTED_EDGE('',*,*,#3029,.F.);
#3031=CARTESIAN_POINT('',(5.528346337066289,10.136247500844505,0.750000000000000));
#3032=DIRECTION('',(0.0,0.0,-1.0));
#3033=VECTOR('',#3032,0.100000000000000);
#3034=LINE('',#3031,#3033);
#3035=EDGE_CURVE('',#3023,#3013,#3034,.T.);
#3036=ORIENTED_EDGE('',*,*,#3035,.T.);
#3037=EDGE_LOOP('',(#3020,#3021,#3030,#3036));
#3038=FACE_OUTER_BOUND('',#3037,.T.);
#3039=ADVANCED_FACE('',(#3038),#3011,.F.);
#3040=CARTESIAN_POINT('',(5.645850390681093,9.769148629896183,0.750000000000000));
#3041=CARTESIAN_POINT('',(5.589124295832567,9.826685097528259,0.750000000000000));
#3042=CARTESIAN_POINT('',(5.528346337066289,10.009018973827093,0.750000000000000));
#3043=CARTESIAN_POINT('',(5.528346337066289,10.136247500844501,0.750000000000000));
#3044=CARTESIAN_POINT('',(5.645850390681093,9.769148629896183,0.650000000000000));
#3045=CARTESIAN_POINT('',(5.589124295832567,9.826685097528259,0.650000000000000));
#3046=CARTESIAN_POINT('',(5.528346337066289,10.009018973827093,0.650000000000000));
#3047=CARTESIAN_POINT('',(5.528346337066289,10.136247500844501,0.650000000000000));
#3048=B_SPLINE_SURFACE_WITH_KNOTS('',2,1,((#3040,#3044),(#3041,#3045),(#3042,#3046),(#3043,#3047)),.UNSPECIFIED.,.F.,.F.,.U.,(3,1,3),(2,2),(0.0,1.0,2.0),(0.0,0.010000000000000),.UNSPECIFIED.);
#3049=CARTESIAN_POINT('',(5.645850390681093,9.769148629896183,0.650000000000000));
#3050=VERTEX_POINT('',#3049);
#3051=CARTESIAN_POINT('',(5.528346337066289,10.136247500844501,0.650000000000000));
#3052=CARTESIAN_POINT('',(5.528346337066289,10.009018973827093,0.650000000000000));
#3053=CARTESIAN_POINT('',(5.589124295832567,9.826685097528259,0.650000000000000));
#3054=CARTESIAN_POINT('',(5.645850390681093,9.769148629896183,0.650000000000000));
#3055=QUASI_UNIFORM_CURVE('',2,(#3051,#3052,#3053,#3054),.UNSPECIFIED.,.F.,.U.);
#3056=EDGE_CURVE('',#3013,#3050,#3055,.T.);
#3057=ORIENTED_EDGE('',*,*,#3056,.F.);
#3058=ORIENTED_EDGE('',*,*,#3035,.F.);
#3059=CARTESIAN_POINT('',(5.645850390681093,9.769148629896183,0.750000000000000));
#3060=VERTEX_POINT('',#3059);
#3061=CARTESIAN_POINT('',(5.645850390681093,9.769148629896183,0.750000000000000));
#3062=CARTESIAN_POINT('',(5.589124295832567,9.826685097528259,0.750000000000000));
#3063=CARTESIAN_POINT('',(5.528346337066289,10.009018973827093,0.750000000000000));
#3064=CARTESIAN_POINT('',(5.528346337066289,10.136247500844501,0.750000000000000));
#3065=QUASI_UNIFORM_CURVE('',2,(#3061,#3062,#3063,#3064),.UNSPECIFIED.,.F.,.U.);
#3066=EDGE_CURVE('',#3060,#3023,#3065,.T.);
#3067=ORIENTED_EDGE('',*,*,#3066,.F.);
#3068=CARTESIAN_POINT('',(5.645850390681093,9.769148629896183,0.750000000000000));
#3069=DIRECTION('',(0.0,0.0,-1.0));
#3070=VECTOR('',#3069,0.100000000000000);
#3071=LINE('',#3068,#3070);
#3072=EDGE_CURVE('',#3060,#3050,#3071,.T.);
#3073=ORIENTED_EDGE('',*,*,#3072,.T.);
#3074=EDGE_LOOP('',(#3057,#3058,#3067,#3073));
#3075=FACE_OUTER_BOUND('',#3074,.T.);
#3076=ADVANCED_FACE('',(#3075),#3048,.F.);
#3077=CARTESIAN_POINT('',(5.918135645954019,9.669472777519486,0.750000000000000));
#3078=CARTESIAN_POINT('',(5.830615385330579,9.669472777519486,0.750000000000000));
#3079=CARTESIAN_POINT('',(5.693662384910565,9.719715890099609,0.750000000000000));
#3080=CARTESIAN_POINT('',(5.645850390681093,9.769148629896183,0.750000000000000));
#3081=CARTESIAN_POINT('',(5.918135645954019,9.669472777519486,0.650000000000000));
#3082=CARTESIAN_POINT('',(5.830615385330579,9.669472777519486,0.650000000000000));
#3083=CARTESIAN_POINT('',(5.693662384910565,9.719715890099609,0.650000000000000));
#3084=CARTESIAN_POINT('',(5.645850390681093,9.769148629896183,0.650000000000000));
#3085=B_SPLINE_SURFACE_WITH_KNOTS('',2,1,((#3077,#3081),(#3078,#3082),(#3079,#3083),(#3080,#3084)),.UNSPECIFIED.,.F.,.F.,.U.,(3,1,3),(2,2),(0.0,1.0,2.0),(0.0,0.010000000000000),.UNSPECIFIED.);
#3086=CARTESIAN_POINT('',(5.918135645954019,9.669472777519486,0.650000000000000));
#3087=VERTEX_POINT('',#3086);
#3088=CARTESIAN_POINT('',(5.645850390681093,9.769148629896183,0.650000000000000));
#3089=CARTESIAN_POINT('',(5.693662384910565,9.719715890099609,0.650000000000000));
#3090=CARTESIAN_POINT('',(5.830615385330579,9.669472777519486,0.650000000000000));
#3091=CARTESIAN_POINT('',(5.918135645954019,9.669472777519486,0.650000000000000));
#3092=QUASI_UNIFORM_CURVE('',2,(#3088,#3089,#3090,#3091),.UNSPECIFIED.,.F.,.U.);
#3093=EDGE_CURVE('',#3050,#3087,#3092,.T.);
#3094=ORIENTED_EDGE('',*,*,#3093,.F.);
#3095=ORIENTED_EDGE('',*,*,#3072,.F.);
#3096=CARTESIAN_POINT('',(5.918135645954019,9.669472777519486,0.750000000000000));
#3097=VERTEX_POINT('',#3096);
#3098=CARTESIAN_POINT('',(5.918135645954019,9.669472777519486,0.750000000000000));
#3099=CARTESIAN_POINT('',(5.830615385330579,9.669472777519486,0.750000000000000));
#3100=CARTESIAN_POINT('',(5.693662384910565,9.719715890099609,0.750000000000000));
#3101=CARTESIAN_POINT('',(5.645850390681093,9.769148629896183,0.750000000000000));
#3102=QUASI_UNIFORM_CURVE('',2,(#3098,#3099,#3100,#3101),.UNSPECIFIED.,.F.,.U.);
#3103=EDGE_CURVE('',#3097,#3060,#3102,.T.);
#3104=ORIENTED_EDGE('',*,*,#3103,.F.);
#3105=CARTESIAN_POINT('',(5.918135645954019,9.669472777519486,0.750000000000000));
#3106=DIRECTION('',(0.0,0.0,-1.0));
#3107=VECTOR('',#3106,0.100000000000000);
#3108=LINE('',#3105,#3107);
#3109=EDGE_CURVE('',#3097,#3087,#3108,.T.);
#3110=ORIENTED_EDGE('',*,*,#3109,.T.);
#3111=EDGE_LOOP('',(#3094,#3095,#3104,#3110));
#3112=FACE_OUTER_BOUND('',#3111,.T.);
#3113=ADVANCED_FACE('',(#3112),#3085,.F.);
#3114=CARTESIAN_POINT('',(6.293338244737842,10.030899038982955,0.750000000000000));
#3115=CARTESIAN_POINT('',(6.293338244737842,9.872876346190630,0.750000000000000));
#3116=CARTESIAN_POINT('',(6.093176167200900,9.669472777519486,0.750000000000000));
#3117=CARTESIAN_POINT('',(5.918135645954019,9.669472777519486,0.750000000000000));
#3118=CARTESIAN_POINT('',(6.293338244737842,10.030899038982955,0.650000000000000));
#3119=CARTESIAN_POINT('',(6.293338244737842,9.872876346190630,0.650000000000000));
#3120=CARTESIAN_POINT('',(6.093176167200900,9.669472777519486,0.650000000000000));
#3121=CARTESIAN_POINT('',(5.918135645954019,9.669472777519486,0.650000000000000));
#3122=B_SPLINE_SURFACE_WITH_KNOTS('',2,1,((#3114,#3118),(#3115,#3119),(#3116,#3120),(#3117,#3121)),.UNSPECIFIED.,.F.,.F.,.U.,(3,1,3),(2,2),(0.0,1.0,2.0),(0.0,0.010000000000000),.UNSPECIFIED.);
#3123=CARTESIAN_POINT('',(5.918135645954019,9.669472777519486,0.650000000000000));
#3124=CARTESIAN_POINT('',(6.093176167200900,9.669472777519486,0.650000000000000));
#3125=CARTESIAN_POINT('',(6.293338244737842,9.872876346190630,0.650000000000000));
#3126=CARTESIAN_POINT('',(6.293338244737842,10.030899038982955,0.650000000000000));
#3127=QUASI_UNIFORM_CURVE('',2,(#3123,#3124,#3125,#3126),.UNSPECIFIED.,.F.,.U.);
#3128=EDGE_CURVE('',#3087,#2683,#3127,.T.);
#3129=ORIENTED_EDGE('',*,*,#3128,.F.);
#3130=ORIENTED_EDGE('',*,*,#3109,.F.);
#3131=CARTESIAN_POINT('',(6.293338244737842,10.030899038982955,0.750000000000000));
#3132=CARTESIAN_POINT('',(6.293338244737842,9.872876346190630,0.750000000000000));
#3133=CARTESIAN_POINT('',(6.093176167200900,9.669472777519486,0.750000000000000));
#3134=CARTESIAN_POINT('',(5.918135645954019,9.669472777519486,0.750000000000000));
#3135=QUASI_UNIFORM_CURVE('',2,(#3131,#3132,#3133,#3134),.UNSPECIFIED.,.F.,.U.);
#3136=EDGE_CURVE('',#2694,#3097,#3135,.T.);
#3137=ORIENTED_EDGE('',*,*,#3136,.F.);
#3138=ORIENTED_EDGE('',*,*,#2699,.T.);
#3139=EDGE_LOOP('',(#3129,#3130,#3137,#3138));
#3140=FACE_OUTER_BOUND('',#3139,.T.);
#3141=ADVANCED_FACE('',(#3140),#3122,.F.);
#3142=CARTESIAN_POINT('',(5.920051226699839,10.237775950422687,0.650000000000000));
#3143=DIRECTION('',(0.0,0.0,1.0));
#3144=DIRECTION('',(1.0,0.0,0.0));
#3145=AXIS2_PLACEMENT_3D('',#3142,#3143,#3144);
#3146=PLANE('',#3145);
#3147=ORIENTED_EDGE('',*,*,#2691,.T.);
#3148=ORIENTED_EDGE('',*,*,#2735,.T.);
#3149=ORIENTED_EDGE('',*,*,#2772,.T.);
#3150=ORIENTED_EDGE('',*,*,#2809,.T.);
#3151=ORIENTED_EDGE('',*,*,#2846,.T.);
#3152=ORIENTED_EDGE('',*,*,#2878,.T.);
#3153=ORIENTED_EDGE('',*,*,#2909,.T.);
#3154=ORIENTED_EDGE('',*,*,#2945,.T.);
#3155=ORIENTED_EDGE('',*,*,#2982,.T.);
#3156=ORIENTED_EDGE('',*,*,#3019,.T.);
#3157=ORIENTED_EDGE('',*,*,#3056,.T.);
#3158=ORIENTED_EDGE('',*,*,#3093,.T.);
#3159=ORIENTED_EDGE('',*,*,#3128,.T.);
#3160=EDGE_LOOP('',(#3147,#3148,#3149,#3150,#3151,#3152,#3153,#3154,#3155,#3156,#3157,#3158,#3159));
#3161=FACE_OUTER_BOUND('',#3160,.T.);
#3162=ORIENTED_EDGE('',*,*,#2395,.F.);
#3163=ORIENTED_EDGE('',*,*,#2659,.F.);
#3164=ORIENTED_EDGE('',*,*,#2624,.F.);
#3165=ORIENTED_EDGE('',*,*,#2587,.F.);
#3166=ORIENTED_EDGE('',*,*,#2550,.F.);
#3167=ORIENTED_EDGE('',*,*,#2513,.F.);
#3168=ORIENTED_EDGE('',*,*,#2476,.F.);
#3169=ORIENTED_EDGE('',*,*,#2439,.F.);
#3170=EDGE_LOOP('',(#3162,#3163,#3164,#3165,#3166,#3167,#3168,#3169));
#3171=FACE_BOUND('',#3170,.T.);
#3172=ADVANCED_FACE('',(#3161,#3171),#3146,.T.);
#3173=CARTESIAN_POINT('',(10.961953998718965,12.746656831701618,0.750000000000000));
#3174=DIRECTION('',(0.0,0.0,1.0));
#3175=DIRECTION('',(1.0,0.0,0.0));
#3176=AXIS2_PLACEMENT_3D('',#3173,#3174,#3175);
#3177=PLANE('',#3176);
#3178=CARTESIAN_POINT('',(12.969317906421910,27.234295068717564,0.750000000000000));
#3179=VERTEX_POINT('',#3178);
#3180=CARTESIAN_POINT('',(12.633771302024099,27.826189541009288,0.750000000000000));
#3181=VERTEX_POINT('',#3180);
#3182=CARTESIAN_POINT('',(12.969317906421910,27.234295068717564,0.750000000000000));
#3183=DIRECTION('',(-0.493168022227351,0.869934079026890,0.0));
#3184=VECTOR('',#3183,0.680390027890180);
#3185=LINE('',#3182,#3184);
#3186=EDGE_CURVE('',#3179,#3181,#3185,.T.);
#3187=ORIENTED_EDGE('',*,*,#3186,.T.);
#3188=CARTESIAN_POINT('',(11.605992374184076,27.550797007296829,0.750000000000000));
#3189=VERTEX_POINT('',#3188);
#3190=CARTESIAN_POINT('',(12.633771302024101,27.826189541009288,0.750000000000000));
#3191=DIRECTION('',(-0.965925826289069,-0.258819045102520,0.0));
#3192=VECTOR('',#3191,1.064035042720191);
#3193=LINE('',#3190,#3192);
#3194=EDGE_CURVE('',#3181,#3189,#3193,.T.);
#3195=ORIENTED_EDGE('',*,*,#3194,.T.);
#3196=CARTESIAN_POINT('',(11.611347726767821,26.870428055733726,0.750000000000000));
#3197=VERTEX_POINT('',#3196);
#3198=CARTESIAN_POINT('',(11.605992374184076,27.550797007296833,0.750000000000000));
#3199=DIRECTION('',(0.007871003930427,-0.999969023168782,0.0));
#3200=VECTOR('',#3199,0.680390027890164);
#3201=LINE('',#3198,#3200);
#3202=EDGE_CURVE('',#3189,#3197,#3201,.T.);
#3203=ORIENTED_EDGE('',*,*,#3202,.T.);
#3204=CARTESIAN_POINT('',(2.099999999999993,10.396290544517100,0.750000000000000));
#3205=VERTEX_POINT('',#3204);
#3206=CARTESIAN_POINT('',(11.611347726767825,26.870428055733726,0.750000000000000));
#3207=DIRECTION('',(-0.500000000000000,-0.866025403784439,0.0));
#3208=VECTOR('',#3207,19.022695453535661);
#3209=LINE('',#3206,#3208);
#3210=EDGE_CURVE('',#3197,#3205,#3209,.T.);
#3211=ORIENTED_EDGE('',*,*,#3210,.T.);
#3212=CARTESIAN_POINT('',(2.099999999999997,3.094103166670226,0.750000000000000));
#3213=VERTEX_POINT('',#3212);
#3214=CARTESIAN_POINT('',(2.099999999999994,10.396290544517100,0.750000000000000));
#3215=DIRECTION('',(0.0,-1.0,0.0));
#3216=VECTOR('',#3215,7.302187377846875);
#3217=LINE('',#3214,#3216);
#3218=EDGE_CURVE('',#3205,#3213,#3217,.T.);
#3219=ORIENTED_EDGE('',*,*,#3218,.T.);
#3220=CARTESIAN_POINT('',(1.755177652834687,2.507564046962251,0.750000000000000));
#3221=VERTEX_POINT('',#3220);
#3222=CARTESIAN_POINT('',(2.099999999999997,3.094103166670226,0.750000000000000));
#3223=DIRECTION('',(-0.506801000941430,-0.862063075096460,0.0));
#3224=VECTOR('',#3223,0.680390027890180);
#3225=LINE('',#3222,#3224);
#3226=EDGE_CURVE('',#3213,#3221,#3225,.T.);
#3227=ORIENTED_EDGE('',*,*,#3226,.T.);
#3228=CARTESIAN_POINT('',(2.507564046962250,1.755177652834689,0.750000000000000));
#3229=VERTEX_POINT('',#3228);
#3230=CARTESIAN_POINT('',(1.755177652834687,2.507564046962251,0.750000000000000));
#3231=DIRECTION('',(0.707106781186548,-0.707106781186547,0.0));
#3232=VECTOR('',#3231,1.064035042720188);
#3233=LINE('',#3230,#3232);
#3234=EDGE_CURVE('',#3221,#3229,#3233,.T.);
#3235=ORIENTED_EDGE('',*,*,#3234,.T.);
#3236=CARTESIAN_POINT('',(3.094103166670210,2.099999999999989,0.750000000000000));
#3237=VERTEX_POINT('',#3236);
#3238=CARTESIAN_POINT('',(2.507564046962251,1.755177652834688,0.750000000000000));
#3239=DIRECTION('',(0.862063075096461,0.506801000941429,0.0));
#3240=VECTOR('',#3239,0.680390027890161);
#3241=LINE('',#3238,#3240);
#3242=EDGE_CURVE('',#3229,#3237,#3241,.T.);
#3243=ORIENTED_EDGE('',*,*,#3242,.T.);
#3244=CARTESIAN_POINT('',(16.905896833329766,2.100000000000000,0.750000000000000));
#3245=VERTEX_POINT('',#3244);
#3246=CARTESIAN_POINT('',(3.094103166670209,2.100000000000001,0.750000000000000));
#3247=DIRECTION('',(1.0,0.0,0.0));
#3248=VECTOR('',#3247,13.811793666659558);
#3249=LINE('',#3246,#3248);
#3250=EDGE_CURVE('',#3237,#3245,#3249,.T.);
#3251=ORIENTED_EDGE('',*,*,#3250,.T.);
#3252=CARTESIAN_POINT('',(17.492435953037742,1.755177652834690,0.750000000000000));
#3253=VERTEX_POINT('',#3252);
#3254=CARTESIAN_POINT('',(16.905896833329770,2.099999999999999,0.750000000000000));
#3255=DIRECTION('',(0.862063075096459,-0.506801000941431,0.0));
#3256=VECTOR('',#3255,0.680390027890177);
#3257=LINE('',#3254,#3256);
#3258=EDGE_CURVE('',#3245,#3253,#3257,.T.);
#3259=ORIENTED_EDGE('',*,*,#3258,.T.);
#3260=CARTESIAN_POINT('',(18.244822347165307,2.507564046962256,0.750000000000000));
#3261=VERTEX_POINT('',#3260);
#3262=CARTESIAN_POINT('',(17.492435953037742,1.755177652834691,0.750000000000000));
#3263=DIRECTION('',(0.707106781186547,0.707106781186548,0.0));
#3264=VECTOR('',#3263,1.064035042720192);
#3265=LINE('',#3262,#3264);
#3266=EDGE_CURVE('',#3253,#3261,#3265,.T.);
#3267=ORIENTED_EDGE('',*,*,#3266,.T.);
#3268=CARTESIAN_POINT('',(17.900000000000006,3.094103166670215,0.750000000000000));
#3269=VERTEX_POINT('',#3268);
#3270=CARTESIAN_POINT('',(18.244822347165307,2.507564046962257,0.750000000000000));
#3271=DIRECTION('',(-0.506801000941431,0.862063075096459,0.0));
#3272=VECTOR('',#3271,0.680390027890161);
#3273=LINE('',#3270,#3272);
#3274=EDGE_CURVE('',#3261,#3269,#3273,.T.);
#3275=ORIENTED_EDGE('',*,*,#3274,.T.);
#3276=CARTESIAN_POINT('',(17.899999999999999,6.905896833329770,0.750000000000000));
#3277=VERTEX_POINT('',#3276);
#3278=CARTESIAN_POINT('',(17.899999999999995,3.094103166670215,0.750000000000000));
#3279=DIRECTION('',(0.0,1.0,0.0));
#3280=VECTOR('',#3279,3.811793666659556);
#3281=LINE('',#3278,#3280);
#3282=EDGE_CURVE('',#3269,#3277,#3281,.T.);
#3283=ORIENTED_EDGE('',*,*,#3282,.T.);
#3284=CARTESIAN_POINT('',(18.244822347165307,7.492435953037742,0.750000000000000));
#3285=VERTEX_POINT('',#3284);
#3286=CARTESIAN_POINT('',(17.899999999999999,6.905896833329768,0.750000000000000));
#3287=DIRECTION('',(0.506801000941434,0.862063075096458,0.0));
#3288=VECTOR('',#3287,0.680390027890178);
#3289=LINE('',#3286,#3288);
#3290=EDGE_CURVE('',#3277,#3285,#3289,.T.);
#3291=ORIENTED_EDGE('',*,*,#3290,.T.);
#3292=CARTESIAN_POINT('',(17.492435953037745,8.244822347165306,0.750000000000000));
#3293=VERTEX_POINT('',#3292);
#3294=CARTESIAN_POINT('',(18.244822347165307,7.492435953037741,0.750000000000000));
#3295=DIRECTION('',(-0.707106781186547,0.707106781186548,0.0));
#3296=VECTOR('',#3295,1.064035042720188);
#3297=LINE('',#3294,#3296);
#3298=EDGE_CURVE('',#3285,#3293,#3297,.T.);
#3299=ORIENTED_EDGE('',*,*,#3298,.T.);
#3300=CARTESIAN_POINT('',(16.905896833329784,7.900000000000008,0.750000000000000));
#3301=VERTEX_POINT('',#3300);
#3302=CARTESIAN_POINT('',(17.492435953037745,8.244822347165307,0.750000000000000));
#3303=DIRECTION('',(-0.862063075096460,-0.506801000941429,0.0));
#3304=VECTOR('',#3303,0.680390027890160);
#3305=LINE('',#3302,#3304);
#3306=EDGE_CURVE('',#3293,#3301,#3305,.T.);
#3307=ORIENTED_EDGE('',*,*,#3306,.T.);
#3308=CARTESIAN_POINT('',(14.100813088753657,7.900000000000002,0.750000000000000));
#3309=VERTEX_POINT('',#3308);
#3310=CARTESIAN_POINT('',(16.905896833329784,7.900000000000009,0.750000000000000));
#3311=DIRECTION('',(-1.0,0.0,0.0));
#3312=VECTOR('',#3311,2.805083744576129);
#3313=LINE('',#3310,#3312);
#3314=EDGE_CURVE('',#3301,#3309,#3313,.T.);
#3315=ORIENTED_EDGE('',*,*,#3314,.T.);
#3316=CARTESIAN_POINT('',(13.523462819564035,8.899999999999999,0.750000000000000));
#3317=VERTEX_POINT('',#3316);
#3318=CARTESIAN_POINT('',(14.100813088753657,7.900000000000000,0.750000000000000));
#3319=DIRECTION('',(-0.500000000000000,0.866025403784439,0.0));
#3320=VECTOR('',#3319,1.154700538379245);
#3321=LINE('',#3318,#3320);
#3322=EDGE_CURVE('',#3309,#3317,#3321,.T.);
#3323=ORIENTED_EDGE('',*,*,#3322,.T.);
#3324=CARTESIAN_POINT('',(12.368762281184784,8.899999999999995,0.750000000000000));
#3325=VERTEX_POINT('',#3324);
#3326=CARTESIAN_POINT('',(13.523462819564035,8.899999999999997,0.750000000000000));
#3327=DIRECTION('',(-1.0,0.0,0.0));
#3328=VECTOR('',#3327,1.154700538379251);
#3329=LINE('',#3326,#3328);
#3330=EDGE_CURVE('',#3317,#3325,#3329,.T.);
#3331=ORIENTED_EDGE('',*,*,#3330,.T.);
#3332=CARTESIAN_POINT('',(10.728421096750431,11.741154273188005,0.750000000000000));
#3333=VERTEX_POINT('',#3332);
#3334=CARTESIAN_POINT('',(12.368762281184784,8.899999999999995,0.750000000000000));
#3335=DIRECTION('',(-0.499999999999999,0.866025403784439,0.0));
#3336=VECTOR('',#3335,3.280682368868707);
#3337=LINE('',#3334,#3336);
#3338=EDGE_CURVE('',#3325,#3333,#3337,.T.);
#3339=ORIENTED_EDGE('',*,*,#3338,.T.);
#3340=CARTESIAN_POINT('',(11.305771365940057,12.741154273188007,0.750000000000000));
#3341=VERTEX_POINT('',#3340);
#3342=CARTESIAN_POINT('',(10.728421096750431,11.741154273188004,0.750000000000000));
#3343=DIRECTION('',(0.500000000000000,0.866025403784439,0.0));
#3344=VECTOR('',#3343,1.154700538379253);
#3345=LINE('',#3342,#3344);
#3346=EDGE_CURVE('',#3333,#3341,#3345,.T.);
#3347=ORIENTED_EDGE('',*,*,#3346,.T.);
#3348=CARTESIAN_POINT('',(10.728421096750429,13.741154273188013,0.750000000000000));
#3349=VERTEX_POINT('',#3348);
#3350=CARTESIAN_POINT('',(11.305771365940057,12.741154273188007,0.750000000000000));
#3351=DIRECTION('',(-0.500000000000000,0.866025403784439,0.0));
#3352=VECTOR('',#3351,1.154700538379256);
#3353=LINE('',#3350,#3352);
#3354=EDGE_CURVE('',#3341,#3349,#3353,.T.);
#3355=ORIENTED_EDGE('',*,*,#3354,.T.);
#3356=CARTESIAN_POINT('',(16.634295068717570,23.970428055733727,0.750000000000000));
#3357=VERTEX_POINT('',#3356);
#3358=CARTESIAN_POINT('',(10.728421096750433,13.741154273188009,0.750000000000000));
#3359=DIRECTION('',(0.499999999999999,0.866025403784439,0.0));
#3360=VECTOR('',#3359,11.811747943934295);
#3361=LINE('',#3358,#3360);
#3362=EDGE_CURVE('',#3349,#3357,#3361,.T.);
#3363=ORIENTED_EDGE('',*,*,#3362,.T.);
#3364=CARTESIAN_POINT('',(17.226189541009290,24.305974660131540,0.750000000000000));
#3365=VERTEX_POINT('',#3364);
#3366=CARTESIAN_POINT('',(16.634295068717570,23.970428055733727,0.750000000000000));
#3367=DIRECTION('',(0.869934079026891,0.493168022227350,0.0));
#3368=VECTOR('',#3367,0.680390027890176);
#3369=LINE('',#3366,#3368);
#3370=EDGE_CURVE('',#3357,#3365,#3369,.T.);
#3371=ORIENTED_EDGE('',*,*,#3370,.T.);
#3372=CARTESIAN_POINT('',(16.950797007296828,25.333753587971557,0.750000000000000));
#3373=VERTEX_POINT('',#3372);
#3374=CARTESIAN_POINT('',(17.226189541009290,24.305974660131540,0.750000000000000));
#3375=DIRECTION('',(-0.258819045102522,0.965925826289068,0.0));
#3376=VECTOR('',#3375,1.064035042720184);
#3377=LINE('',#3374,#3376);
#3378=EDGE_CURVE('',#3365,#3373,#3377,.T.);
#3379=ORIENTED_EDGE('',*,*,#3378,.T.);
#3380=CARTESIAN_POINT('',(16.270428055733728,25.328398235387812,0.750000000000000));
#3381=VERTEX_POINT('',#3380);
#3382=CARTESIAN_POINT('',(16.950797007296828,25.333753587971565,0.750000000000000));
#3383=DIRECTION('',(-0.999969023168781,-0.007871003930430,0.0));
#3384=VECTOR('',#3383,0.680390027890157);
#3385=LINE('',#3382,#3384);
#3386=EDGE_CURVE('',#3373,#3381,#3385,.T.);
#3387=ORIENTED_EDGE('',*,*,#3386,.T.);
#3388=CARTESIAN_POINT('',(16.270428055733714,25.328398235387787,0.750000000000000));
#3389=DIRECTION('',(-0.866025403784438,0.500000000000001,0.0));
#3390=VECTOR('',#3389,3.811793666659552);
#3391=LINE('',#3388,#3390);
#3392=EDGE_CURVE('',#3381,#3179,#3391,.T.);
#3393=ORIENTED_EDGE('',*,*,#3392,.T.);
#3394=EDGE_LOOP('',(#3187,#3195,#3203,#3211,#3219,#3227,#3235,#3243,#3251,#3259,#3267,#3275,#3283,#3291,#3299,#3307,#3315,#3323,#3331,#3339,#3347,#3355,#3363,#3371,#3379,#3387,#3393));
#3395=FACE_OUTER_BOUND('',#3394,.T.);
#3396=CARTESIAN_POINT('',(6.500000000000000,5.000000000000001,0.750000000000000));
#3397=VERTEX_POINT('',#3396);
#3398=CARTESIAN_POINT('',(5.0,5.000000000000001,0.750000000000000));
#3399=DIRECTION('',(0.0,0.0,-1.0));
#3400=DIRECTION('',(-1.0,0.0,0.0));
#3401=AXIS2_PLACEMENT_3D('',#3398,#3399,#3400);
#3402=CIRCLE('',#3401,1.500000000000000);
#3403=EDGE_CURVE('',#3397,#3397,#3402,.T.);
#3404=ORIENTED_EDGE('',*,*,#3403,.T.);
#3405=EDGE_LOOP('',(#3404));
#3406=FACE_BOUND('',#3405,.T.);
#3407=CARTESIAN_POINT('',(16.500000000000000,5.0,0.750000000000000));
#3408=VERTEX_POINT('',#3407);
#3409=CARTESIAN_POINT('',(14.999999999999998,5.0,0.750000000000000));
#3410=DIRECTION('',(0.0,0.0,-1.0));
#3411=DIRECTION('',(-1.0,0.0,0.0));
#3412=AXIS2_PLACEMENT_3D('',#3409,#3410,#3411);
#3413=CIRCLE('',#3412,1.500000000000000);
#3414=EDGE_CURVE('',#3408,#3408,#3413,.T.);
#3415=ORIENTED_EDGE('',*,*,#3414,.T.);
#3416=EDGE_LOOP('',(#3415));
#3417=FACE_BOUND('',#3416,.T.);
#3418=CARTESIAN_POINT('',(14.669872981077802,23.769872981077814,0.750000000000000));
#3419=VERTEX_POINT('',#3418);
#3420=CARTESIAN_POINT('',(13.169872981077804,23.769872981077814,0.750000000000000));
#3421=DIRECTION('',(0.0,0.0,-1.0));
#3422=DIRECTION('',(-1.0,0.0,0.0));
#3423=AXIS2_PLACEMENT_3D('',#3420,#3421,#3422);
#3424=CIRCLE('',#3423,1.500000000000000);
#3425=EDGE_CURVE('',#3419,#3419,#3424,.T.);
#3426=ORIENTED_EDGE('',*,*,#3425,.T.);
#3427=EDGE_LOOP('',(#3426));
#3428=FACE_BOUND('',#3427,.T.);
#3429=CARTESIAN_POINT('',(10.761284993072952,17.0,0.750000000000000));
#3430=VERTEX_POINT('',#3429);
#3431=CARTESIAN_POINT('',(9.261284993072952,17.0,0.750000000000000));
#3432=DIRECTION('',(0.0,0.0,-1.0));
#3433=DIRECTION('',(-1.0,0.0,0.0));
#3434=AXIS2_PLACEMENT_3D('',#3431,#3432,#3433);
#3435=CIRCLE('',#3434,1.500000000000000);
#3436=EDGE_CURVE('',#3430,#3430,#3435,.T.);
#3437=ORIENTED_EDGE('',*,*,#3436,.T.);
#3438=EDGE_LOOP('',(#3437));
#3439=FACE_BOUND('',#3438,.T.);
#3440=ORIENTED_EDGE('',*,*,#2708,.T.);
#3441=ORIENTED_EDGE('',*,*,#3136,.T.);
#3442=ORIENTED_EDGE('',*,*,#3103,.T.);
#3443=ORIENTED_EDGE('',*,*,#3066,.T.);
#3444=ORIENTED_EDGE('',*,*,#3029,.T.);
#3445=ORIENTED_EDGE('',*,*,#2992,.T.);
#3446=ORIENTED_EDGE('',*,*,#2955,.T.);
#3447=ORIENTED_EDGE('',*,*,#2918,.T.);
#3448=ORIENTED_EDGE('',*,*,#2887,.T.);
#3449=ORIENTED_EDGE('',*,*,#2856,.T.);
#3450=ORIENTED_EDGE('',*,*,#2819,.T.);
#3451=ORIENTED_EDGE('',*,*,#2782,.T.);
#3452=ORIENTED_EDGE('',*,*,#2745,.T.);
#3453=EDGE_LOOP('',(#3440,#3441,#3442,#3443,#3444,#3445,#3446,#3447,#3448,#3449,#3450,#3451,#3452));
#3454=FACE_BOUND('',#3453,.T.);
#3455=ORIENTED_EDGE('',*,*,#2270,.T.);
#3456=ORIENTED_EDGE('',*,*,#2359,.T.);
#3457=ORIENTED_EDGE('',*,*,#2332,.T.);
#3458=ORIENTED_EDGE('',*,*,#2301,.T.);
#3459=EDGE_LOOP('',(#3455,#3456,#3457,#3458));
#3460=FACE_BOUND('',#3459,.T.);
#3461=ORIENTED_EDGE('',*,*,#1802,.T.);
#3462=ORIENTED_EDGE('',*,*,#2213,.T.);
#3463=ORIENTED_EDGE('',*,*,#2186,.T.);
#3464=ORIENTED_EDGE('',*,*,#2155,.T.);
#3465=ORIENTED_EDGE('',*,*,#2122,.T.);
#3466=ORIENTED_EDGE('',*,*,#2089,.T.);
#3467=ORIENTED_EDGE('',*,*,#2056,.T.);
#3468=ORIENTED_EDGE('',*,*,#2025,.T.);
#3469=ORIENTED_EDGE('',*,*,#1992,.T.);
#3470=ORIENTED_EDGE('',*,*,#1959,.T.);
#3471=ORIENTED_EDGE('',*,*,#1926,.T.);
#3472=ORIENTED_EDGE('',*,*,#1895,.T.);
#3473=ORIENTED_EDGE('',*,*,#1864,.T.);
#3474=ORIENTED_EDGE('',*,*,#1833,.T.);
#3475=EDGE_LOOP('',(#3461,#3462,#3463,#3464,#3465,#3466,#3467,#3468,#3469,#3470,#3471,#3472,#3473,#3474));
#3476=FACE_BOUND('',#3475,.T.);
#3477=ADVANCED_FACE('',(#3395,#3406,#3417,#3428,#3439,#3454,#3460,#3476),#3177,.T.);
#3478=CARTESIAN_POINT('',(11.611347726767830,26.870428055733733,-0.750000000000000));
#3479=CARTESIAN_POINT('',(11.611347726767830,26.870428055733733,-0.740000000000000));
#3480=CARTESIAN_POINT('',(2.099999999999993,10.396290544517100,-0.750000000000000));
#3481=CARTESIAN_POINT('',(2.099999999999993,10.396290544517100,-0.740000000000000));
#3482=B_SPLINE_SURFACE_WITH_KNOTS('',1,1,((#3478,#3480),(#3479,#3481)),.UNSPECIFIED.,.F.,.F.,.U.,(2,2),(2,2),(0.0,0.010000000000000),(0.0,19.022695453535672),.UNSPECIFIED.);
#3483=CARTESIAN_POINT('',(2.099999999999993,10.396290544517102,-0.740000000000000));
#3484=VERTEX_POINT('',#3483);
#3485=CARTESIAN_POINT('',(2.099999999999993,10.396290544517102,-0.740000000000000));
#3486=DIRECTION('',(0.0,0.0,-1.0));
#3487=VECTOR('',#3486,0.010000000000000);
#3488=LINE('',#3485,#3487);
#3489=EDGE_CURVE('',#3484,#1660,#3488,.T.);
#3490=ORIENTED_EDGE('',*,*,#3489,.F.);
#3491=CARTESIAN_POINT('',(11.611347726767821,26.870428055733726,-0.740000000000000));
#3492=VERTEX_POINT('',#3491);
#3493=CARTESIAN_POINT('',(2.100000000000005,10.396290544517107,-0.740000000000000));
#3494=DIRECTION('',(0.500000000000000,0.866025403784439,0.0));
#3495=VECTOR('',#3494,19.022695453535647);
#3496=LINE('',#3493,#3495);
#3497=EDGE_CURVE('',#3484,#3492,#3496,.T.);
#3498=ORIENTED_EDGE('',*,*,#3497,.T.);
#3499=CARTESIAN_POINT('',(11.611347726767821,26.870428055733726,-0.750000000000000));
#3500=DIRECTION('',(0.0,0.0,1.0));
#3501=VECTOR('',#3500,0.010000000000000);
#3502=LINE('',#3499,#3501);
#3503=EDGE_CURVE('',#1668,#3492,#3502,.T.);
#3504=ORIENTED_EDGE('',*,*,#3503,.F.);
#3505=ORIENTED_EDGE('',*,*,#1673,.F.);
#3506=EDGE_LOOP('',(#3490,#3498,#3504,#3505));
#3507=FACE_OUTER_BOUND('',#3506,.T.);
#3508=ADVANCED_FACE('',(#3507),#3482,.F.);
#3509=CARTESIAN_POINT('',(1.899999999999993,10.449880383003341,-0.740000000000000));
#3510=CARTESIAN_POINT('',(1.899999999999993,10.449880383003341,-0.750000000000000));
#3511=CARTESIAN_POINT('',(0.899999999999987,8.717829575434454,-0.740000000000000));
#3512=CARTESIAN_POINT('',(0.899999999999987,8.717829575434456,-0.750000000000000));
#3513=B_SPLINE_SURFACE_WITH_KNOTS('',1,1,((#3509,#3511),(#3510,#3512)),.UNSPECIFIED.,.F.,.F.,.U.,(2,2),(2,2),(0.0,0.010000000000000),(0.0,2.000000000000012),.UNSPECIFIED.);
#3514=CARTESIAN_POINT('',(1.899999999999992,10.449880383003336,-0.740000000000000));
#3515=VERTEX_POINT('',#3514);
#3516=CARTESIAN_POINT('',(1.899999999999993,10.449880383003340,-0.750000000000000));
#3517=VERTEX_POINT('',#3516);
#3518=CARTESIAN_POINT('',(1.899999999999992,10.449880383003338,-0.740000000000000));
#3519=DIRECTION('',(0.0,0.0,-1.0));
#3520=VECTOR('',#3519,0.010000000000000);
#3521=LINE('',#3518,#3520);
#3522=EDGE_CURVE('',#3515,#3517,#3521,.T.);
#3523=ORIENTED_EDGE('',*,*,#3522,.F.);
#3524=CARTESIAN_POINT('',(0.899999999999991,8.717829575434461,-0.740000000000000));
#3525=VERTEX_POINT('',#3524);
#3526=CARTESIAN_POINT('',(1.899999999999990,10.449880383003336,-0.740000000000000));
#3527=DIRECTION('',(-0.500000000000000,-0.866025403784439,0.0));
#3528=VECTOR('',#3527,2.000000000000005);
#3529=LINE('',#3526,#3528);
#3530=EDGE_CURVE('',#3515,#3525,#3529,.T.);
#3531=ORIENTED_EDGE('',*,*,#3530,.T.);
#3532=CARTESIAN_POINT('',(0.899999999999991,8.717829575434461,-0.750000000000000));
#3533=VERTEX_POINT('',#3532);
#3534=CARTESIAN_POINT('',(0.899999999999991,8.717829575434461,-0.750000000000000));
#3535=DIRECTION('',(0.0,0.0,1.0));
#3536=VECTOR('',#3535,0.010000000000000);
#3537=LINE('',#3534,#3536);
#3538=EDGE_CURVE('',#3533,#3525,#3537,.T.);
#3539=ORIENTED_EDGE('',*,*,#3538,.F.);
#3540=CARTESIAN_POINT('',(1.899999999999993,10.449880383003340,-0.750000000000000));
#3541=DIRECTION('',(-0.500000000000000,-0.866025403784438,0.0));
#3542=VECTOR('',#3541,2.000000000000004);
#3543=LINE('',#3540,#3542);
#3544=EDGE_CURVE('',#3517,#3533,#3543,.T.);
#3545=ORIENTED_EDGE('',*,*,#3544,.F.);
#3546=EDGE_LOOP('',(#3523,#3531,#3539,#3545));
#3547=FACE_OUTER_BOUND('',#3546,.T.);
#3548=ADVANCED_FACE('',(#3547),#3513,.F.);
#3549=CARTESIAN_POINT('',(1.899999999999993,10.049880383003327,-0.750000000000000));
#3550=CARTESIAN_POINT('',(1.899999999999993,10.049880383003327,-0.740000000000000));
#3551=CARTESIAN_POINT('',(1.099999999999990,8.664239736948220,-0.750000000000000));
#3552=CARTESIAN_POINT('',(1.099999999999990,8.664239736948218,-0.740000000000000));
#3553=B_SPLINE_SURFACE_WITH_KNOTS('',1,1,((#3549,#3551),(#3550,#3552)),.UNSPECIFIED.,.F.,.F.,.U.,(2,2),(2,2),(0.0,0.010000000000000),(0.0,1.600000000000006),.UNSPECIFIED.);
#3554=CARTESIAN_POINT('',(1.899999999999992,10.049880383003325,-0.750000000000000));
#3555=VERTEX_POINT('',#3554);
#3556=CARTESIAN_POINT('',(1.899999999999992,10.049880383003325,-0.740000000000000));
#3557=VERTEX_POINT('',#3556);
#3558=CARTESIAN_POINT('',(1.899999999999992,10.049880383003327,-0.750000000000000));
#3559=DIRECTION('',(0.0,0.0,1.0));
#3560=VECTOR('',#3559,0.010000000000000);
#3561=LINE('',#3558,#3560);
#3562=EDGE_CURVE('',#3555,#3557,#3561,.T.);
#3563=ORIENTED_EDGE('',*,*,#3562,.F.);
#3564=CARTESIAN_POINT('',(1.099999999999991,8.664239736948220,-0.750000000000000));
#3565=VERTEX_POINT('',#3564);
#3566=CARTESIAN_POINT('',(1.099999999999990,8.664239736948220,-0.750000000000000));
#3567=DIRECTION('',(0.500000000000000,0.866025403784438,0.0));
#3568=VECTOR('',#3567,1.600000000000002);
#3569=LINE('',#3566,#3568);
#3570=EDGE_CURVE('',#3565,#3555,#3569,.T.);
#3571=ORIENTED_EDGE('',*,*,#3570,.F.);
#3572=CARTESIAN_POINT('',(1.099999999999991,8.664239736948220,-0.740000000000000));
#3573=VERTEX_POINT('',#3572);
#3574=CARTESIAN_POINT('',(1.099999999999991,8.664239736948222,-0.740000000000000));
#3575=DIRECTION('',(0.0,0.0,-1.0));
#3576=VECTOR('',#3575,0.010000000000000);
#3577=LINE('',#3574,#3576);
#3578=EDGE_CURVE('',#3573,#3565,#3577,.T.);
#3579=ORIENTED_EDGE('',*,*,#3578,.F.);
#3580=CARTESIAN_POINT('',(1.099999999999991,8.664239736948222,-0.740000000000000));
#3581=DIRECTION('',(0.500000000000000,0.866025403784438,0.0));
#3582=VECTOR('',#3581,1.600000000000002);
#3583=LINE('',#3580,#3582);
#3584=EDGE_CURVE('',#3573,#3557,#3583,.T.);
#3585=ORIENTED_EDGE('',*,*,#3584,.T.);
#3586=EDGE_LOOP('',(#3563,#3571,#3579,#3585));
#3587=FACE_OUTER_BOUND('',#3586,.T.);
#3588=ADVANCED_FACE('',(#3587),#3553,.F.);
#3589=CARTESIAN_POINT('',(1.899999999999992,10.049880383003327,-0.740000000000000));
#3590=CARTESIAN_POINT('',(1.899999999999992,10.049880383003327,-0.750000000000000));
#3591=CARTESIAN_POINT('',(1.899999999999999,3.148537520449052,-0.740000000000000));
#3592=CARTESIAN_POINT('',(1.899999999999999,3.148537520449052,-0.750000000000000));
#3593=B_SPLINE_SURFACE_WITH_KNOTS('',1,1,((#3589,#3591),(#3590,#3592)),.UNSPECIFIED.,.F.,.F.,.U.,(2,2),(2,2),(0.0,0.010000000000000),(0.0,6.901342862554275),.UNSPECIFIED.);
#3594=ORIENTED_EDGE('',*,*,#3562,.T.);
#3595=CARTESIAN_POINT('',(1.899999999999997,3.148537520449053,-0.740000000000000));
#3596=VERTEX_POINT('',#3595);
#3597=CARTESIAN_POINT('',(1.899999999999993,10.049880383003321,-0.740000000000000));
#3598=DIRECTION('',(0.0,-1.0,0.0));
#3599=VECTOR('',#3598,6.901342862554269);
#3600=LINE('',#3597,#3599);
#3601=EDGE_CURVE('',#3557,#3596,#3600,.T.);
#3602=ORIENTED_EDGE('',*,*,#3601,.T.);
#3603=CARTESIAN_POINT('',(1.899999999999997,3.148537520449053,-0.750000000000000));
#3604=VERTEX_POINT('',#3603);
#3605=CARTESIAN_POINT('',(1.899999999999997,3.148537520449053,-0.750000000000000));
#3606=DIRECTION('',(0.0,0.0,1.0));
#3607=VECTOR('',#3606,0.010000000000000);
#3608=LINE('',#3605,#3607);
#3609=EDGE_CURVE('',#3604,#3596,#3608,.T.);
#3610=ORIENTED_EDGE('',*,*,#3609,.F.);
#3611=CARTESIAN_POINT('',(1.899999999999992,10.049880383003323,-0.750000000000000));
#3612=DIRECTION('',(0.0,-1.0,0.0));
#3613=VECTOR('',#3612,6.901342862554271);
#3614=LINE('',#3611,#3613);
#3615=EDGE_CURVE('',#3555,#3604,#3614,.T.);
#3616=ORIENTED_EDGE('',*,*,#3615,.F.);
#3617=EDGE_LOOP('',(#3594,#3602,#3610,#3616));
#3618=FACE_OUTER_BOUND('',#3617,.T.);
#3619=ADVANCED_FACE('',(#3618),#3593,.F.);
#3620=CARTESIAN_POINT('',(2.099999999999990,12.396290544517106,-0.750000000000000));
#3621=CARTESIAN_POINT('',(2.099999999999990,12.396290544517106,-0.740000000000000));
#3622=CARTESIAN_POINT('',(2.099999999999992,10.796290544517113,-0.750000000000000));
#3623=CARTESIAN_POINT('',(2.099999999999992,10.796290544517115,-0.740000000000000));
#3624=B_SPLINE_SURFACE_WITH_KNOTS('',1,1,((#3620,#3622),(#3621,#3623)),.UNSPECIFIED.,.F.,.F.,.U.,(2,2),(2,2),(0.0,0.010000000000000),(0.0,1.599999999999993),.UNSPECIFIED.);
#3625=CARTESIAN_POINT('',(2.099999999999992,10.796290544517113,-0.750000000000000));
#3626=VERTEX_POINT('',#3625);
#3627=CARTESIAN_POINT('',(2.099999999999992,10.796290544517113,-0.740000000000000));
#3628=VERTEX_POINT('',#3627);
#3629=CARTESIAN_POINT('',(2.099999999999992,10.796290544517113,-0.750000000000000));
#3630=DIRECTION('',(0.0,0.0,1.0));
#3631=VECTOR('',#3630,0.010000000000000);
#3632=LINE('',#3629,#3631);
#3633=EDGE_CURVE('',#3626,#3628,#3632,.T.);
#3634=ORIENTED_EDGE('',*,*,#3633,.T.);
#3635=CARTESIAN_POINT('',(2.099999999999990,12.396290544517104,-0.740000000000000));
#3636=VERTEX_POINT('',#3635);
#3637=CARTESIAN_POINT('',(2.099999999999992,10.796290544517113,-0.740000000000000));
#3638=DIRECTION('',(0.0,1.0,0.0));
#3639=VECTOR('',#3638,1.599999999999993);
#3640=LINE('',#3637,#3639);
#3641=EDGE_CURVE('',#3628,#3636,#3640,.T.);
#3642=ORIENTED_EDGE('',*,*,#3641,.T.);
#3643=CARTESIAN_POINT('',(2.099999999999990,12.396290544517104,-0.750000000000000));
#3644=VERTEX_POINT('',#3643);
#3645=CARTESIAN_POINT('',(2.099999999999990,12.396290544517106,-0.740000000000000));
#3646=DIRECTION('',(0.0,0.0,-1.0));
#3647=VECTOR('',#3646,0.010000000000000);
#3648=LINE('',#3645,#3647);
#3649=EDGE_CURVE('',#3636,#3644,#3648,.T.);
#3650=ORIENTED_EDGE('',*,*,#3649,.T.);
#3651=CARTESIAN_POINT('',(2.099999999999992,10.796290544517113,-0.750000000000000));
#3652=DIRECTION('',(0.0,1.0,0.0));
#3653=VECTOR('',#3652,1.599999999999991);
#3654=LINE('',#3651,#3653);
#3655=EDGE_CURVE('',#3626,#3644,#3654,.T.);
#3656=ORIENTED_EDGE('',*,*,#3655,.F.);
#3657=EDGE_LOOP('',(#3634,#3642,#3650,#3656));
#3658=FACE_OUTER_BOUND('',#3657,.T.);
#3659=ADVANCED_FACE('',(#3658),#3624,.F.);
#3660=CARTESIAN_POINT('',(0.899999999999991,8.717829575434461,-0.740000000000000));
#3661=CARTESIAN_POINT('',(0.899999999999991,8.717829575434461,-0.750000000000000));
#3662=CARTESIAN_POINT('',(0.899999999999993,3.079898987322324,-0.740000000000000));
#3663=CARTESIAN_POINT('',(0.899999999999993,3.079898987322324,-0.750000000000000));
#3664=B_SPLINE_SURFACE_WITH_KNOTS('',1,1,((#3660,#3662),(#3661,#3663)),.UNSPECIFIED.,.F.,.F.,.U.,(2,2),(2,2),(0.0,0.010000000000000),(0.0,5.637930588112137),.UNSPECIFIED.);
#3665=CARTESIAN_POINT('',(0.899999999999996,3.079898987322325,-0.750000000000000));
#3666=VERTEX_POINT('',#3665);
#3667=CARTESIAN_POINT('',(0.899999999999991,8.717829575434459,-0.750000000000000));
#3668=DIRECTION('',(0.0,-1.0,0.0));
#3669=VECTOR('',#3668,5.637930588112135);
#3670=LINE('',#3667,#3669);
#3671=EDGE_CURVE('',#3533,#3666,#3670,.T.);
#3672=ORIENTED_EDGE('',*,*,#3671,.F.);
#3673=ORIENTED_EDGE('',*,*,#3538,.T.);
#3674=CARTESIAN_POINT('',(0.899999999999996,3.079898987322325,-0.740000000000000));
#3675=VERTEX_POINT('',#3674);
#3676=CARTESIAN_POINT('',(0.899999999999979,8.717829575434459,-0.740000000000000));
#3677=DIRECTION('',(0.0,-1.0,0.0));
#3678=VECTOR('',#3677,5.637930588112135);
#3679=LINE('',#3676,#3678);
#3680=EDGE_CURVE('',#3525,#3675,#3679,.T.);
#3681=ORIENTED_EDGE('',*,*,#3680,.T.);
#3682=CARTESIAN_POINT('',(0.899999999999996,3.079898987322325,-0.750000000000000));
#3683=DIRECTION('',(0.0,0.0,1.0));
#3684=VECTOR('',#3683,0.010000000000000);
#3685=LINE('',#3682,#3684);
#3686=EDGE_CURVE('',#3666,#3675,#3685,.T.);
#3687=ORIENTED_EDGE('',*,*,#3686,.F.);
#3688=EDGE_LOOP('',(#3672,#3673,#3681,#3687));
#3689=FACE_OUTER_BOUND('',#3688,.T.);
#3690=ADVANCED_FACE('',(#3689),#3664,.F.);
#3691=CARTESIAN_POINT('',(13.523462819564035,8.899999999999999,-0.740000000000000));
#3692=CARTESIAN_POINT('',(13.523462819564035,8.899999999999999,-0.750000000000000));
#3693=CARTESIAN_POINT('',(14.100813088753659,7.900000000000000,-0.740000000000000));
#3694=CARTESIAN_POINT('',(14.100813088753657,7.899999999999999,-0.750000000000000));
#3695=B_SPLINE_SURFACE_WITH_KNOTS('',1,1,((#3691,#3693),(#3692,#3694)),.UNSPECIFIED.,.F.,.F.,.U.,(2,2),(2,2),(0.0,0.010000000000000),(0.0,1.154700538379249),.UNSPECIFIED.);
#3696=CARTESIAN_POINT('',(13.523462819564035,8.899999999999999,-0.740000000000000));
#3697=VERTEX_POINT('',#3696);
#3698=CARTESIAN_POINT('',(13.523462819564035,8.899999999999999,-0.740000000000000));
#3699=DIRECTION('',(0.0,0.0,-1.0));
#3700=VECTOR('',#3699,0.010000000000000);
#3701=LINE('',#3698,#3700);
#3702=EDGE_CURVE('',#3697,#1548,#3701,.T.);
#3703=ORIENTED_EDGE('',*,*,#3702,.F.);
#3704=CARTESIAN_POINT('',(14.100813088753657,7.900000000000002,-0.740000000000000));
#3705=VERTEX_POINT('',#3704);
#3706=CARTESIAN_POINT('',(13.523462819564035,8.899999999999999,-0.740000000000000));
#3707=DIRECTION('',(0.500000000000000,-0.866025403784439,0.0));
#3708=VECTOR('',#3707,1.154700538379246);
#3709=LINE('',#3706,#3708);
#3710=EDGE_CURVE('',#3697,#3705,#3709,.T.);
#3711=ORIENTED_EDGE('',*,*,#3710,.T.);
#3712=CARTESIAN_POINT('',(14.100813088753657,7.900000000000002,-0.750000000000000));
#3713=DIRECTION('',(0.0,0.0,1.0));
#3714=VECTOR('',#3713,0.010000000000000);
#3715=LINE('',#3712,#3714);
#3716=EDGE_CURVE('',#1556,#3705,#3715,.T.);
#3717=ORIENTED_EDGE('',*,*,#3716,.F.);
#3718=ORIENTED_EDGE('',*,*,#1561,.F.);
#3719=EDGE_LOOP('',(#3703,#3711,#3717,#3718));
#3720=FACE_OUTER_BOUND('',#3719,.T.);
#3721=ADVANCED_FACE('',(#3720),#3695,.F.);
#3722=CARTESIAN_POINT('',(10.728421096750429,13.741154273188013,-0.740000000000000));
#3723=CARTESIAN_POINT('',(10.728421096750429,13.741154273188013,-0.750000000000000));
#3724=CARTESIAN_POINT('',(11.305771365940059,12.741154273188005,-0.740000000000000));
#3725=CARTESIAN_POINT('',(11.305771365940059,12.741154273188005,-0.750000000000000));
#3726=B_SPLINE_SURFACE_WITH_KNOTS('',1,1,((#3722,#3724),(#3723,#3725)),.UNSPECIFIED.,.F.,.F.,.U.,(2,2),(2,2),(0.0,0.010000000000000),(0.0,1.154700538379260),.UNSPECIFIED.);
#3727=CARTESIAN_POINT('',(11.305771365940057,12.741154273188007,-0.740000000000000));
#3728=VERTEX_POINT('',#3727);
#3729=CARTESIAN_POINT('',(11.305771365940057,12.741154273188007,-0.750000000000000));
#3730=DIRECTION('',(0.0,0.0,1.0));
#3731=VECTOR('',#3730,0.010000000000000);
#3732=LINE('',#3729,#3731);
#3733=EDGE_CURVE('',#1524,#3728,#3732,.T.);
#3734=ORIENTED_EDGE('',*,*,#3733,.F.);
#3735=ORIENTED_EDGE('',*,*,#1529,.F.);
#3736=CARTESIAN_POINT('',(10.728421096750429,13.741154273188013,-0.740000000000000));
#3737=VERTEX_POINT('',#3736);
#3738=CARTESIAN_POINT('',(10.728421096750429,13.741154273188013,-0.750000000000000));
#3739=DIRECTION('',(0.0,0.0,1.0));
#3740=VECTOR('',#3739,0.010000000000000);
#3741=LINE('',#3738,#3740);
#3742=EDGE_CURVE('',#1516,#3737,#3741,.T.);
#3743=ORIENTED_EDGE('',*,*,#3742,.T.);
#3744=CARTESIAN_POINT('',(10.728421096750429,13.741154273188013,-0.740000000000000));
#3745=DIRECTION('',(0.499999999999999,-0.866025403784439,0.0));
#3746=VECTOR('',#3745,1.154700538379257);
#3747=LINE('',#3744,#3746);
#3748=EDGE_CURVE('',#3737,#3728,#3747,.T.);
#3749=ORIENTED_EDGE('',*,*,#3748,.T.);
#3750=EDGE_LOOP('',(#3734,#3735,#3743,#3749));
#3751=FACE_OUTER_BOUND('',#3750,.T.);
#3752=ADVANCED_FACE('',(#3751),#3726,.F.);
#3753=CARTESIAN_POINT('',(11.421241419777980,12.541154273188011,-0.740000000000000));
#3754=CARTESIAN_POINT('',(11.421241419777980,12.541154273188011,-0.750000000000000));
#3755=CARTESIAN_POINT('',(13.407992765726107,9.100000000000001,-0.740000000000000));
#3756=CARTESIAN_POINT('',(13.407992765726105,9.100000000000003,-0.750000000000000));
#3757=B_SPLINE_SURFACE_WITH_KNOTS('',1,1,((#3753,#3755),(#3754,#3756)),.UNSPECIFIED.,.F.,.F.,.U.,(2,2),(2,2),(0.0,0.010000000000000),(0.0,3.973502691896256),.UNSPECIFIED.);
#3758=CARTESIAN_POINT('',(11.421241419777981,12.541154273188010,-0.740000000000000));
#3759=VERTEX_POINT('',#3758);
#3760=CARTESIAN_POINT('',(11.421241419777981,12.541154273188010,-0.750000000000000));
#3761=VERTEX_POINT('',#3760);
#3762=CARTESIAN_POINT('',(11.421241419777981,12.541154273188010,-0.740000000000000));
#3763=DIRECTION('',(0.0,0.0,-1.0));
#3764=VECTOR('',#3763,0.010000000000000);
#3765=LINE('',#3762,#3764);
#3766=EDGE_CURVE('',#3759,#3761,#3765,.T.);
#3767=ORIENTED_EDGE('',*,*,#3766,.F.);
#3768=CARTESIAN_POINT('',(13.407992765726107,9.100000000000001,-0.740000000000000));
#3769=VERTEX_POINT('',#3768);
#3770=CARTESIAN_POINT('',(11.421241419777981,12.541154273188010,-0.740000000000000));
#3771=DIRECTION('',(0.500000000000000,-0.866025403784439,0.0));
#3772=VECTOR('',#3771,3.973502691896254);
#3773=LINE('',#3770,#3772);
#3774=EDGE_CURVE('',#3759,#3769,#3773,.T.);
#3775=ORIENTED_EDGE('',*,*,#3774,.T.);
#3776=CARTESIAN_POINT('',(13.407992765726107,9.100000000000001,-0.750000000000000));
#3777=VERTEX_POINT('',#3776);
#3778=CARTESIAN_POINT('',(13.407992765726107,9.100000000000001,-0.750000000000000));
#3779=DIRECTION('',(0.0,0.0,1.0));
#3780=VECTOR('',#3779,0.010000000000000);
#3781=LINE('',#3778,#3780);
#3782=EDGE_CURVE('',#3777,#3769,#3781,.T.);
#3783=ORIENTED_EDGE('',*,*,#3782,.F.);
#3784=CARTESIAN_POINT('',(11.421241419777980,12.541154273188008,-0.750000000000000));
#3785=DIRECTION('',(0.500000000000000,-0.866025403784439,0.0));
#3786=VECTOR('',#3785,3.973502691896255);
#3787=LINE('',#3784,#3786);
#3788=EDGE_CURVE('',#3761,#3777,#3787,.T.);
#3789=ORIENTED_EDGE('',*,*,#3788,.F.);
#3790=EDGE_LOOP('',(#3767,#3775,#3783,#3789));
#3791=FACE_OUTER_BOUND('',#3790,.T.);
#3792=ADVANCED_FACE('',(#3791),#3757,.F.);
#3793=CARTESIAN_POINT('',(13.754402927239878,8.899999999999999,-0.750000000000000));
#3794=CARTESIAN_POINT('',(13.754402927239878,8.899999999999999,-0.740000000000000));
#3795=CARTESIAN_POINT('',(14.216283142591575,8.100000000000005,-0.750000000000000));
#3796=CARTESIAN_POINT('',(14.216283142591573,8.100000000000005,-0.740000000000000));
#3797=B_SPLINE_SURFACE_WITH_KNOTS('',1,1,((#3793,#3795),(#3794,#3796)),.UNSPECIFIED.,.F.,.F.,.U.,(2,2),(2,2),(0.0,0.010000000000000),(0.0,0.923760430703394),.UNSPECIFIED.);
#3798=CARTESIAN_POINT('',(13.754402927239880,8.899999999999999,-0.750000000000000));
#3799=VERTEX_POINT('',#3798);
#3800=CARTESIAN_POINT('',(13.754402927239880,8.899999999999999,-0.740000000000000));
#3801=VERTEX_POINT('',#3800);
#3802=CARTESIAN_POINT('',(13.754402927239880,8.899999999999999,-0.750000000000000));
#3803=DIRECTION('',(0.0,0.0,1.0));
#3804=VECTOR('',#3803,0.010000000000000);
#3805=LINE('',#3802,#3804);
#3806=EDGE_CURVE('',#3799,#3801,#3805,.T.);
#3807=ORIENTED_EDGE('',*,*,#3806,.F.);
#3808=CARTESIAN_POINT('',(14.216283142591575,8.100000000000005,-0.750000000000000));
#3809=VERTEX_POINT('',#3808);
#3810=CARTESIAN_POINT('',(14.216283142591575,8.100000000000005,-0.750000000000000));
#3811=DIRECTION('',(-0.500000000000000,0.866025403784439,0.0));
#3812=VECTOR('',#3811,0.923760430703394);
#3813=LINE('',#3810,#3812);
#3814=EDGE_CURVE('',#3809,#3799,#3813,.T.);
#3815=ORIENTED_EDGE('',*,*,#3814,.F.);
#3816=CARTESIAN_POINT('',(14.216283142591575,8.100000000000005,-0.740000000000000));
#3817=VERTEX_POINT('',#3816);
#3818=CARTESIAN_POINT('',(14.216283142591575,8.100000000000005,-0.740000000000000));
#3819=DIRECTION('',(0.0,0.0,-1.0));
#3820=VECTOR('',#3819,0.010000000000000);
#3821=LINE('',#3818,#3820);
#3822=EDGE_CURVE('',#3817,#3809,#3821,.T.);
#3823=ORIENTED_EDGE('',*,*,#3822,.F.);
#3824=CARTESIAN_POINT('',(14.216283142591575,8.100000000000005,-0.740000000000000));
#3825=DIRECTION('',(-0.500000000000000,0.866025403784439,0.0));
#3826=VECTOR('',#3825,0.923760430703394);
#3827=LINE('',#3824,#3826);
#3828=EDGE_CURVE('',#3817,#3801,#3827,.T.);
#3829=ORIENTED_EDGE('',*,*,#3828,.T.);
#3830=EDGE_LOOP('',(#3807,#3815,#3823,#3829));
#3831=FACE_OUTER_BOUND('',#3830,.T.);
#3832=ADVANCED_FACE('',(#3831),#3797,.F.);
#3833=CARTESIAN_POINT('',(10.959361204426278,13.741154273188013,-0.750000000000000));
#3834=CARTESIAN_POINT('',(10.959361204426278,13.741154273188013,-0.740000000000000));
#3835=CARTESIAN_POINT('',(11.421241419777981,12.941154273188006,-0.750000000000000));
#3836=CARTESIAN_POINT('',(11.421241419777980,12.941154273188008,-0.740000000000000));
#3837=B_SPLINE_SURFACE_WITH_KNOTS('',1,1,((#3833,#3835),(#3834,#3836)),.UNSPECIFIED.,.F.,.F.,.U.,(2,2),(2,2),(0.0,0.010000000000000),(0.0,0.923760430703408),.UNSPECIFIED.);
#3838=CARTESIAN_POINT('',(11.421241419777981,12.941154273188005,-0.740000000000000));
#3839=VERTEX_POINT('',#3838);
#3840=CARTESIAN_POINT('',(11.421241419777981,12.941154273188005,-0.750000000000000));
#3841=VERTEX_POINT('',#3840);
#3842=CARTESIAN_POINT('',(11.421241419777981,12.941154273188005,-0.740000000000000));
#3843=DIRECTION('',(0.0,0.0,-1.0));
#3844=VECTOR('',#3843,0.010000000000000);
#3845=LINE('',#3842,#3844);
#3846=EDGE_CURVE('',#3839,#3841,#3845,.T.);
#3847=ORIENTED_EDGE('',*,*,#3846,.F.);
#3848=CARTESIAN_POINT('',(10.959361204426280,13.741154273188009,-0.740000000000000));
#3849=VERTEX_POINT('',#3848);
#3850=CARTESIAN_POINT('',(11.421241419777981,12.941154273188005,-0.740000000000000));
#3851=DIRECTION('',(-0.499999999999999,0.866025403784439,0.0));
#3852=VECTOR('',#3851,0.923760430703408);
#3853=LINE('',#3850,#3852);
#3854=EDGE_CURVE('',#3839,#3849,#3853,.T.);
#3855=ORIENTED_EDGE('',*,*,#3854,.T.);
#3856=CARTESIAN_POINT('',(10.959361204426280,13.741154273188009,-0.750000000000000));
#3857=VERTEX_POINT('',#3856);
#3858=CARTESIAN_POINT('',(10.959361204426280,13.741154273188009,-0.750000000000000));
#3859=DIRECTION('',(0.0,0.0,1.0));
#3860=VECTOR('',#3859,0.010000000000000);
#3861=LINE('',#3858,#3860);
#3862=EDGE_CURVE('',#3857,#3849,#3861,.T.);
#3863=ORIENTED_EDGE('',*,*,#3862,.F.);
#3864=CARTESIAN_POINT('',(11.421241419777981,12.941154273188005,-0.750000000000000));
#3865=DIRECTION('',(-0.499999999999999,0.866025403784439,0.0));
#3866=VECTOR('',#3865,0.923760430703408);
#3867=LINE('',#3864,#3866);
#3868=EDGE_CURVE('',#3841,#3857,#3867,.T.);
#3869=ORIENTED_EDGE('',*,*,#3868,.F.);
#3870=EDGE_LOOP('',(#3847,#3855,#3863,#3869));
#3871=FACE_OUTER_BOUND('',#3870,.T.);
#3872=ADVANCED_FACE('',(#3871),#3837,.F.);
#3873=CARTESIAN_POINT('',(11.536711473615902,12.741154273188009,-0.750000000000000));
#3874=CARTESIAN_POINT('',(11.536711473615902,12.741154273188009,-0.740000000000000));
#3875=CARTESIAN_POINT('',(13.638932873401952,9.100000000000000,-0.750000000000000));
#3876=CARTESIAN_POINT('',(13.638932873401952,9.100000000000001,-0.740000000000000));
#3877=B_SPLINE_SURFACE_WITH_KNOTS('',1,1,((#3873,#3875),(#3874,#3876)),.UNSPECIFIED.,.F.,.F.,.U.,(2,2),(2,2),(0.0,0.010000000000000),(0.0,4.204442799572105),.UNSPECIFIED.);
#3878=CARTESIAN_POINT('',(11.536711473615906,12.741154273188007,-0.750000000000000));
#3879=VERTEX_POINT('',#3878);
#3880=CARTESIAN_POINT('',(11.536711473615906,12.741154273188007,-0.740000000000000));
#3881=VERTEX_POINT('',#3880);
#3882=CARTESIAN_POINT('',(11.536711473615906,12.741154273188009,-0.750000000000000));
#3883=DIRECTION('',(0.0,0.0,1.0));
#3884=VECTOR('',#3883,0.010000000000000);
#3885=LINE('',#3882,#3884);
#3886=EDGE_CURVE('',#3879,#3881,#3885,.T.);
#3887=ORIENTED_EDGE('',*,*,#3886,.F.);
#3888=CARTESIAN_POINT('',(13.638932873401952,9.100000000000001,-0.750000000000000));
#3889=VERTEX_POINT('',#3888);
#3890=CARTESIAN_POINT('',(13.638932873401952,9.100000000000001,-0.750000000000000));
#3891=DIRECTION('',(-0.499999999999999,0.866025403784439,0.0));
#3892=VECTOR('',#3891,4.204442799572099);
#3893=LINE('',#3890,#3892);
#3894=EDGE_CURVE('',#3889,#3879,#3893,.T.);
#3895=ORIENTED_EDGE('',*,*,#3894,.F.);
#3896=CARTESIAN_POINT('',(13.638932873401952,9.100000000000001,-0.740000000000000));
#3897=VERTEX_POINT('',#3896);
#3898=CARTESIAN_POINT('',(13.638932873401954,9.100000000000001,-0.740000000000000));
#3899=DIRECTION('',(0.0,0.0,-1.0));
#3900=VECTOR('',#3899,0.010000000000000);
#3901=LINE('',#3898,#3900);
#3902=EDGE_CURVE('',#3897,#3889,#3901,.T.);
#3903=ORIENTED_EDGE('',*,*,#3902,.F.);
#3904=CARTESIAN_POINT('',(13.638932873401952,9.100000000000001,-0.740000000000000));
#3905=DIRECTION('',(-0.499999999999999,0.866025403784439,0.0));
#3906=VECTOR('',#3905,4.204442799572099);
#3907=LINE('',#3904,#3906);
#3908=EDGE_CURVE('',#3897,#3881,#3907,.T.);
#3909=ORIENTED_EDGE('',*,*,#3908,.T.);
#3910=EDGE_LOOP('',(#3887,#3895,#3903,#3909));
#3911=FACE_OUTER_BOUND('',#3910,.T.);
#3912=ADVANCED_FACE('',(#3911),#3877,.F.);
#3913=CARTESIAN_POINT('',(16.780282972585049,23.823286522522675,-0.750000000000000));
#3914=CARTESIAN_POINT('',(16.780282972585049,23.823286522522675,-0.740000000000000));
#3915=CARTESIAN_POINT('',(10.959361204426280,13.741154273188005,-0.750000000000000));
#3916=CARTESIAN_POINT('',(10.959361204426280,13.741154273188005,-0.740000000000000));
#3917=B_SPLINE_SURFACE_WITH_KNOTS('',1,1,((#3913,#3915),(#3914,#3916)),.UNSPECIFIED.,.F.,.F.,.U.,(2,2),(2,2),(0.0,0.010000000000000),(0.0,11.641843536317552),.UNSPECIFIED.);
#3918=CARTESIAN_POINT('',(16.780282972585042,23.823286522522675,-0.740000000000000));
#3919=VERTEX_POINT('',#3918);
#3920=CARTESIAN_POINT('',(10.959361204426280,13.741154273188007,-0.740000000000000));
#3921=DIRECTION('',(0.499999999999999,0.866025403784439,0.0));
#3922=VECTOR('',#3921,11.641843536317548);
#3923=LINE('',#3920,#3922);
#3924=EDGE_CURVE('',#3849,#3919,#3923,.T.);
#3925=ORIENTED_EDGE('',*,*,#3924,.T.);
#3926=CARTESIAN_POINT('',(16.780282972585042,23.823286522522675,-0.750000000000000));
#3927=VERTEX_POINT('',#3926);
#3928=CARTESIAN_POINT('',(16.780282972585042,23.823286522522675,-0.750000000000000));
#3929=DIRECTION('',(0.0,0.0,1.0));
#3930=VECTOR('',#3929,0.010000000000000);
#3931=LINE('',#3928,#3930);
#3932=EDGE_CURVE('',#3927,#3919,#3931,.T.);
#3933=ORIENTED_EDGE('',*,*,#3932,.F.);
#3934=CARTESIAN_POINT('',(10.959361204426280,13.741154273188009,-0.750000000000000));
#3935=DIRECTION('',(0.499999999999999,0.866025403784439,0.0));
#3936=VECTOR('',#3935,11.641843536317550);
#3937=LINE('',#3934,#3936);
#3938=EDGE_CURVE('',#3857,#3927,#3937,.T.);
#3939=ORIENTED_EDGE('',*,*,#3938,.F.);
#3940=ORIENTED_EDGE('',*,*,#3862,.T.);
#3941=EDGE_LOOP('',(#3925,#3933,#3939,#3940));
#3942=FACE_OUTER_BOUND('',#3941,.T.);
#3943=ADVANCED_FACE('',(#3942),#3917,.F.);
#3944=CARTESIAN_POINT('',(17.680627642932855,23.382729235888920,-0.750000000000000));
#3945=CARTESIAN_POINT('',(17.680627642932855,23.382729235888920,-0.740000000000000));
#3946=CARTESIAN_POINT('',(11.536711473615899,12.741154273187995,-0.750000000000000));
#3947=CARTESIAN_POINT('',(11.536711473615899,12.741154273187998,-0.740000000000000));
#3948=B_SPLINE_SURFACE_WITH_KNOTS('',1,1,((#3944,#3946),(#3945,#3947)),.UNSPECIFIED.,.F.,.F.,.U.,(2,2),(2,2),(0.0,0.010000000000000),(0.0,12.287832338633919),.UNSPECIFIED.);
#3949=ORIENTED_EDGE('',*,*,#3886,.T.);
#3950=CARTESIAN_POINT('',(17.680627642932848,23.382729235888920,-0.740000000000000));
#3951=VERTEX_POINT('',#3950);
#3952=CARTESIAN_POINT('',(11.536711473615934,12.741154273187991,-0.740000000000000));
#3953=DIRECTION('',(0.499999999999997,0.866025403784440,0.0));
#3954=VECTOR('',#3953,12.287832338633901);
#3955=LINE('',#3952,#3954);
#3956=EDGE_CURVE('',#3881,#3951,#3955,.T.);
#3957=ORIENTED_EDGE('',*,*,#3956,.T.);
#3958=CARTESIAN_POINT('',(17.680627642932848,23.382729235888920,-0.750000000000000));
#3959=VERTEX_POINT('',#3958);
#3960=CARTESIAN_POINT('',(17.680627642932848,23.382729235888920,-0.750000000000000));
#3961=DIRECTION('',(0.0,0.0,1.0));
#3962=VECTOR('',#3961,0.010000000000000);
#3963=LINE('',#3960,#3962);
#3964=EDGE_CURVE('',#3959,#3951,#3963,.T.);
#3965=ORIENTED_EDGE('',*,*,#3964,.F.);
#3966=CARTESIAN_POINT('',(11.536711473615906,12.741154273188007,-0.750000000000000));
#3967=DIRECTION('',(0.500000000000000,0.866025403784439,0.0));
#3968=VECTOR('',#3967,12.287832338633903);
#3969=LINE('',#3966,#3968);
#3970=EDGE_CURVE('',#3879,#3959,#3969,.T.);
#3971=ORIENTED_EDGE('',*,*,#3970,.F.);
#3972=EDGE_LOOP('',(#3949,#3957,#3965,#3971));
#3973=FACE_OUTER_BOUND('',#3972,.T.);
#3974=ADVANCED_FACE('',(#3973),#3948,.F.);
#3975=CARTESIAN_POINT('',(16.837258300203047,8.900000000000008,-0.750000000000000));
#3976=CARTESIAN_POINT('',(16.837258300203047,8.900000000000008,-0.740000000000000));
#3977=CARTESIAN_POINT('',(13.754402927239882,8.899999999999999,-0.750000000000000));
#3978=CARTESIAN_POINT('',(13.754402927239880,8.899999999999997,-0.740000000000000));
#3979=B_SPLINE_SURFACE_WITH_KNOTS('',1,1,((#3975,#3977),(#3976,#3978)),.UNSPECIFIED.,.F.,.F.,.U.,(2,2),(2,2),(0.0,0.010000000000000),(0.0,3.082855372963165),.UNSPECIFIED.);
#3980=ORIENTED_EDGE('',*,*,#3806,.T.);
#3981=CARTESIAN_POINT('',(16.837258300203047,8.900000000000002,-0.740000000000000));
#3982=VERTEX_POINT('',#3981);
#3983=CARTESIAN_POINT('',(13.754402927239880,8.900000000000002,-0.740000000000000));
#3984=DIRECTION('',(1.0,0.0,0.0));
#3985=VECTOR('',#3984,3.082855372963167);
#3986=LINE('',#3983,#3985);
#3987=EDGE_CURVE('',#3801,#3982,#3986,.T.);
#3988=ORIENTED_EDGE('',*,*,#3987,.T.);
#3989=CARTESIAN_POINT('',(16.837258300203047,8.900000000000002,-0.750000000000000));
#3990=VERTEX_POINT('',#3989);
#3991=CARTESIAN_POINT('',(16.837258300203047,8.900000000000002,-0.750000000000000));
#3992=DIRECTION('',(0.0,0.0,1.0));
#3993=VECTOR('',#3992,0.010000000000000);
#3994=LINE('',#3991,#3993);
#3995=EDGE_CURVE('',#3990,#3982,#3994,.T.);
#3996=ORIENTED_EDGE('',*,*,#3995,.F.);
#3997=CARTESIAN_POINT('',(13.754402927239880,8.899999999999997,-0.750000000000000));
#3998=DIRECTION('',(1.0,0.0,0.0));
#3999=VECTOR('',#3998,3.082855372963167);
#4000=LINE('',#3997,#3999);
#4001=EDGE_CURVE('',#3799,#3990,#4000,.T.);
#4002=ORIENTED_EDGE('',*,*,#4001,.F.);
#4003=EDGE_LOOP('',(#3980,#3988,#3996,#4002));
#4004=FACE_OUTER_BOUND('',#4003,.T.);
#4005=ADVANCED_FACE('',(#4004),#3979,.F.);
#4006=CARTESIAN_POINT('',(10.711003056420019,27.310985342367474,-0.750000000000000));
#4007=CARTESIAN_POINT('',(10.711003056420019,27.310985342367474,-0.740000000000000));
#4008=CARTESIAN_POINT('',(2.099999999999987,12.396290544517097,-0.750000000000000));
#4009=CARTESIAN_POINT('',(2.099999999999987,12.396290544517100,-0.740000000000000));
#4010=B_SPLINE_SURFACE_WITH_KNOTS('',1,1,((#4006,#4008),(#4007,#4009)),.UNSPECIFIED.,.F.,.F.,.U.,(2,2),(2,2),(0.0,0.010000000000000),(0.0,17.222006112840056),.UNSPECIFIED.);
#4011=ORIENTED_EDGE('',*,*,#3649,.F.);
#4012=CARTESIAN_POINT('',(10.711003056420015,27.310985342367466,-0.740000000000000));
#4013=VERTEX_POINT('',#4012);
#4014=CARTESIAN_POINT('',(2.099999999999980,12.396290544517106,-0.740000000000000));
#4015=DIRECTION('',(0.500000000000001,0.866025403784438,0.0));
#4016=VECTOR('',#4015,17.222006112840045);
#4017=LINE('',#4014,#4016);
#4018=EDGE_CURVE('',#3636,#4013,#4017,.T.);
#4019=ORIENTED_EDGE('',*,*,#4018,.T.);
#4020=CARTESIAN_POINT('',(10.711003056420015,27.310985342367466,-0.750000000000000));
#4021=VERTEX_POINT('',#4020);
#4022=CARTESIAN_POINT('',(10.711003056420015,27.310985342367466,-0.750000000000000));
#4023=DIRECTION('',(0.0,0.0,1.0));
#4024=VECTOR('',#4023,0.010000000000000);
#4025=LINE('',#4022,#4024);
#4026=EDGE_CURVE('',#4021,#4013,#4025,.T.);
#4027=ORIENTED_EDGE('',*,*,#4026,.F.);
#4028=CARTESIAN_POINT('',(2.099999999999989,12.396290544517104,-0.750000000000000));
#4029=DIRECTION('',(0.500000000000000,0.866025403784439,0.0));
#4030=VECTOR('',#4029,17.222006112840042);
#4031=LINE('',#4028,#4030);
#4032=EDGE_CURVE('',#3644,#4021,#4031,.T.);
#4033=ORIENTED_EDGE('',*,*,#4032,.F.);
#4034=EDGE_LOOP('',(#4011,#4019,#4027,#4033));
#4035=FACE_OUTER_BOUND('',#4034,.T.);
#4036=ADVANCED_FACE('',(#4035),#4010,.F.);
#4037=CARTESIAN_POINT('',(1.899999999999990,12.449880383003325,-0.740000000000000));
#4038=CARTESIAN_POINT('',(1.899999999999990,12.449880383003325,-0.750000000000000));
#4039=CARTESIAN_POINT('',(1.899999999999992,10.449880383003336,-0.740000000000000));
#4040=CARTESIAN_POINT('',(1.899999999999992,10.449880383003336,-0.750000000000000));
#4041=B_SPLINE_SURFACE_WITH_KNOTS('',1,1,((#4037,#4039),(#4038,#4040)),.UNSPECIFIED.,.F.,.F.,.U.,(2,2),(2,2),(0.0,0.010000000000000),(0.0,1.999999999999989),.UNSPECIFIED.);
#4042=CARTESIAN_POINT('',(1.899999999999990,12.449880383003325,-0.750000000000000));
#4043=VERTEX_POINT('',#4042);
#4044=CARTESIAN_POINT('',(1.899999999999990,12.449880383003324,-0.750000000000000));
#4045=DIRECTION('',(0.0,-1.0,0.0));
#4046=VECTOR('',#4045,1.999999999999984);
#4047=LINE('',#4044,#4046);
#4048=EDGE_CURVE('',#4043,#3517,#4047,.T.);
#4049=ORIENTED_EDGE('',*,*,#4048,.F.);
#4050=CARTESIAN_POINT('',(1.899999999999990,12.449880383003325,-0.740000000000000));
#4051=VERTEX_POINT('',#4050);
#4052=CARTESIAN_POINT('',(1.899999999999990,12.449880383003325,-0.750000000000000));
#4053=DIRECTION('',(0.0,0.0,1.0));
#4054=VECTOR('',#4053,0.010000000000000);
#4055=LINE('',#4052,#4054);
#4056=EDGE_CURVE('',#4043,#4051,#4055,.T.);
#4057=ORIENTED_EDGE('',*,*,#4056,.T.);
#4058=CARTESIAN_POINT('',(1.899999999999990,12.449880383003325,-0.740000000000000));
#4059=DIRECTION('',(0.0,-1.0,0.0));
#4060=VECTOR('',#4059,1.999999999999989);
#4061=LINE('',#4058,#4060);
#4062=EDGE_CURVE('',#4051,#3515,#4061,.T.);
#4063=ORIENTED_EDGE('',*,*,#4062,.T.);
#4064=ORIENTED_EDGE('',*,*,#3522,.T.);
#4065=EDGE_LOOP('',(#4049,#4057,#4063,#4064));
#4066=FACE_OUTER_BOUND('',#4065,.T.);
#4067=ADVANCED_FACE('',(#4066),#4041,.F.);
#4068=CARTESIAN_POINT('',(11.421241419777983,12.541154273188011,-0.750000000000000));
#4069=CARTESIAN_POINT('',(11.421241419777983,12.541154273188011,-0.740000000000000));
#4070=CARTESIAN_POINT('',(10.959361204426282,11.741154273188009,-0.750000000000000));
#4071=CARTESIAN_POINT('',(10.959361204426282,11.741154273188011,-0.740000000000000));
#4072=B_SPLINE_SURFACE_WITH_KNOTS('',1,1,((#4068,#4070),(#4069,#4071)),.UNSPECIFIED.,.F.,.F.,.U.,(2,2),(2,2),(0.0,0.010000000000000),(0.0,0.923760430703404),.UNSPECIFIED.);
#4073=ORIENTED_EDGE('',*,*,#3766,.T.);
#4074=CARTESIAN_POINT('',(10.959361204426282,11.741154273188009,-0.750000000000000));
#4075=VERTEX_POINT('',#4074);
#4076=CARTESIAN_POINT('',(10.959361204426282,11.741154273188007,-0.750000000000000));
#4077=DIRECTION('',(0.500000000000001,0.866025403784438,0.0));
#4078=VECTOR('',#4077,0.923760430703402);
#4079=LINE('',#4076,#4078);
#4080=EDGE_CURVE('',#4075,#3761,#4079,.T.);
#4081=ORIENTED_EDGE('',*,*,#4080,.F.);
#4082=CARTESIAN_POINT('',(10.959361204426282,11.741154273188009,-0.740000000000000));
#4083=VERTEX_POINT('',#4082);
#4084=CARTESIAN_POINT('',(10.959361204426282,11.741154273188009,-0.750000000000000));
#4085=DIRECTION('',(0.0,0.0,1.0));
#4086=VECTOR('',#4085,0.010000000000000);
#4087=LINE('',#4084,#4086);
#4088=EDGE_CURVE('',#4075,#4083,#4087,.T.);
#4089=ORIENTED_EDGE('',*,*,#4088,.T.);
#4090=CARTESIAN_POINT('',(10.959361204426282,11.741154273188007,-0.740000000000000));
#4091=DIRECTION('',(0.499999999999999,0.866025403784439,0.0));
#4092=VECTOR('',#4091,0.923760430703401);
#4093=LINE('',#4090,#4092);
#4094=EDGE_CURVE('',#4083,#3759,#4093,.T.);
#4095=ORIENTED_EDGE('',*,*,#4094,.T.);
#4096=EDGE_LOOP('',(#4073,#4081,#4089,#4095));
#4097=FACE_OUTER_BOUND('',#4096,.T.);
#4098=ADVANCED_FACE('',(#4097),#4072,.F.);
#4099=CARTESIAN_POINT('',(11.305771365940057,12.741154273188007,-0.740000000000000));
#4100=CARTESIAN_POINT('',(11.305771365940057,12.741154273188007,-0.750000000000000));
#4101=CARTESIAN_POINT('',(10.728421096750429,11.741154273188004,-0.740000000000000));
#4102=CARTESIAN_POINT('',(10.728421096750427,11.741154273188004,-0.750000000000000));
#4103=B_SPLINE_SURFACE_WITH_KNOTS('',1,1,((#4099,#4101),(#4100,#4102)),.UNSPECIFIED.,.F.,.F.,.U.,(2,2),(2,2),(0.0,0.010000000000000),(0.0,1.154700538379256),.UNSPECIFIED.);
#4104=ORIENTED_EDGE('',*,*,#3733,.T.);
#4105=CARTESIAN_POINT('',(10.728421096750431,11.741154273188005,-0.740000000000000));
#4106=VERTEX_POINT('',#4105);
#4107=CARTESIAN_POINT('',(11.305771365940053,12.741154273188005,-0.740000000000000));
#4108=DIRECTION('',(-0.499999999999999,-0.866025403784439,0.0));
#4109=VECTOR('',#4108,1.154700538379251);
#4110=LINE('',#4107,#4109);
#4111=EDGE_CURVE('',#3728,#4106,#4110,.T.);
#4112=ORIENTED_EDGE('',*,*,#4111,.T.);
#4113=CARTESIAN_POINT('',(10.728421096750431,11.741154273188005,-0.750000000000000));
#4114=DIRECTION('',(0.0,0.0,1.0));
#4115=VECTOR('',#4114,0.010000000000000);
#4116=LINE('',#4113,#4115);
#4117=EDGE_CURVE('',#1532,#4106,#4116,.T.);
#4118=ORIENTED_EDGE('',*,*,#4117,.F.);
#4119=ORIENTED_EDGE('',*,*,#1537,.F.);
#4120=EDGE_LOOP('',(#4104,#4112,#4118,#4119));
#4121=FACE_OUTER_BOUND('',#4120,.T.);
#4122=ADVANCED_FACE('',(#4121),#4103,.F.);
#4123=CARTESIAN_POINT('',(18.100000000000009,3.148537520449041,-0.750000000000000));
#4124=CARTESIAN_POINT('',(18.100000000000009,3.148537520449041,-0.740000000000000));
#4125=CARTESIAN_POINT('',(18.390928891636026,2.653670591432978,-0.750000000000000));
#4126=CARTESIAN_POINT('',(18.390928891636023,2.653670591432977,-0.740000000000000));
#4127=B_SPLINE_SURFACE_WITH_KNOTS('',1,1,((#4123,#4125),(#4124,#4126)),.UNSPECIFIED.,.F.,.F.,.U.,(2,2),(2,2),(0.0,0.010000000000000),(0.0,0.574049560075044),.UNSPECIFIED.);
#4128=CARTESIAN_POINT('',(18.390928891636026,2.653670591432977,-0.740000000000000));
#4129=VERTEX_POINT('',#4128);
#4130=CARTESIAN_POINT('',(18.390928891636026,2.653670591432977,-0.750000000000000));
#4131=VERTEX_POINT('',#4130);
#4132=CARTESIAN_POINT('',(18.390928891636026,2.653670591432976,-0.740000000000000));
#4133=DIRECTION('',(0.0,0.0,-1.0));
#4134=VECTOR('',#4133,0.010000000000000);
#4135=LINE('',#4132,#4134);
#4136=EDGE_CURVE('',#4129,#4131,#4135,.T.);
#4137=ORIENTED_EDGE('',*,*,#4136,.F.);
#4138=CARTESIAN_POINT('',(18.100000000000009,3.148537520449042,-0.740000000000000));
#4139=VERTEX_POINT('',#4138);
#4140=CARTESIAN_POINT('',(18.390928891636030,2.653670591432976,-0.740000000000000));
#4141=DIRECTION('',(-0.506801000941430,0.862063075096460,0.0));
#4142=VECTOR('',#4141,0.574049560075047);
#4143=LINE('',#4140,#4142);
#4144=EDGE_CURVE('',#4129,#4139,#4143,.T.);
#4145=ORIENTED_EDGE('',*,*,#4144,.T.);
#4146=CARTESIAN_POINT('',(18.100000000000009,3.148537520449042,-0.750000000000000));
#4147=VERTEX_POINT('',#4146);
#4148=CARTESIAN_POINT('',(18.100000000000009,3.148537520449042,-0.750000000000000));
#4149=DIRECTION('',(0.0,0.0,1.0));
#4150=VECTOR('',#4149,0.010000000000000);
#4151=LINE('',#4148,#4150);
#4152=EDGE_CURVE('',#4147,#4139,#4151,.T.);
#4153=ORIENTED_EDGE('',*,*,#4152,.F.);
#4154=CARTESIAN_POINT('',(18.390928891636030,2.653670591432976,-0.750000000000000));
#4155=DIRECTION('',(-0.506801000941429,0.862063075096460,0.0));
#4156=VECTOR('',#4155,0.574049560075047);
#4157=LINE('',#4154,#4156);
#4158=EDGE_CURVE('',#4131,#4147,#4157,.T.);
#4159=ORIENTED_EDGE('',*,*,#4158,.F.);
#4160=EDGE_LOOP('',(#4137,#4145,#4153,#4159));
#4161=FACE_OUTER_BOUND('',#4160,.T.);
#4162=ADVANCED_FACE('',(#4161),#4127,.F.);
#4163=CARTESIAN_POINT('',(18.495647082653232,2.475546069975561,-0.750000000000000));
#4164=CARTESIAN_POINT('',(18.495647082653232,2.475546069975561,-0.740000000000000));
#4165=CARTESIAN_POINT('',(19.881107838717334,0.118892161282667,-0.750000000000000));
#4166=CARTESIAN_POINT('',(19.881107838717330,0.118892161282667,-0.740000000000000));
#4167=B_SPLINE_SURFACE_WITH_KNOTS('',1,1,((#4163,#4165),(#4164,#4166)),.UNSPECIFIED.,.F.,.F.,.U.,(2,2),(2,2),(0.0,0.010000000000000),(0.0,2.733737213404246),.UNSPECIFIED.);
#4168=CARTESIAN_POINT('',(18.495647082653232,2.475546069975561,-0.750000000000000));
#4169=VERTEX_POINT('',#4168);
#4170=CARTESIAN_POINT('',(18.495647082653232,2.475546069975561,-0.740000000000000));
#4171=VERTEX_POINT('',#4170);
#4172=CARTESIAN_POINT('',(18.495647082653232,2.475546069975561,-0.750000000000000));
#4173=DIRECTION('',(0.0,0.0,1.0));
#4174=VECTOR('',#4173,0.010000000000000);
#4175=LINE('',#4172,#4174);
#4176=EDGE_CURVE('',#4169,#4171,#4175,.T.);
#4177=ORIENTED_EDGE('',*,*,#4176,.F.);
#4178=CARTESIAN_POINT('',(19.881107838717334,0.118892161282667,-0.750000000000000));
#4179=VERTEX_POINT('',#4178);
#4180=CARTESIAN_POINT('',(19.881107838717334,0.118892161282665,-0.750000000000000));
#4181=DIRECTION('',(-0.506801000941427,0.862063075096462,0.0));
#4182=VECTOR('',#4181,2.733737213404244);
#4183=LINE('',#4180,#4182);
#4184=EDGE_CURVE('',#4179,#4169,#4183,.T.);
#4185=ORIENTED_EDGE('',*,*,#4184,.F.);
#4186=CARTESIAN_POINT('',(19.881107838717334,0.118892161282667,-0.740000000000000));
#4187=VERTEX_POINT('',#4186);
#4188=CARTESIAN_POINT('',(19.881107838717334,0.118892161282667,-0.750000000000000));
#4189=DIRECTION('',(0.0,0.0,1.0));
#4190=VECTOR('',#4189,0.010000000000000);
#4191=LINE('',#4188,#4190);
#4192=EDGE_CURVE('',#4179,#4187,#4191,.T.);
#4193=ORIENTED_EDGE('',*,*,#4192,.T.);
#4194=CARTESIAN_POINT('',(19.881107838717334,0.118892161282666,-0.740000000000000));
#4195=DIRECTION('',(-0.506801000941427,0.862063075096462,0.0));
#4196=VECTOR('',#4195,2.733737213404244);
#4197=LINE('',#4194,#4196);
#4198=EDGE_CURVE('',#4187,#4171,#4197,.T.);
#4199=ORIENTED_EDGE('',*,*,#4198,.T.);
#4200=EDGE_LOOP('',(#4177,#4185,#4193,#4199));
#4201=FACE_OUTER_BOUND('',#4200,.T.);
#4202=ADVANCED_FACE('',(#4201),#4167,.F.);
#4203=CARTESIAN_POINT('',(17.900000000000006,3.094103166670215,-0.740000000000000));
#4204=CARTESIAN_POINT('',(17.900000000000006,3.094103166670215,-0.750000000000000));
#4205=CARTESIAN_POINT('',(18.244822347165307,2.507564046962254,-0.740000000000000));
#4206=CARTESIAN_POINT('',(18.244822347165311,2.507564046962254,-0.750000000000000));
#4207=B_SPLINE_SURFACE_WITH_KNOTS('',1,1,((#4203,#4205),(#4204,#4206)),.UNSPECIFIED.,.F.,.F.,.U.,(2,2),(2,2),(0.0,0.010000000000000),(0.0,0.680390027890164),.UNSPECIFIED.);
#4208=CARTESIAN_POINT('',(18.244822347165307,2.507564046962256,-0.740000000000000));
#4209=VERTEX_POINT('',#4208);
#4210=CARTESIAN_POINT('',(18.244822347165307,2.507564046962256,-0.750000000000000));
#4211=DIRECTION('',(0.0,0.0,1.0));
#4212=VECTOR('',#4211,0.010000000000000);
#4213=LINE('',#4210,#4212);
#4214=EDGE_CURVE('',#1604,#4209,#4213,.T.);
#4215=ORIENTED_EDGE('',*,*,#4214,.F.);
#4216=ORIENTED_EDGE('',*,*,#1609,.F.);
#4217=CARTESIAN_POINT('',(17.900000000000006,3.094103166670215,-0.740000000000000));
#4218=VERTEX_POINT('',#4217);
#4219=CARTESIAN_POINT('',(17.900000000000006,3.094103166670215,-0.750000000000000));
#4220=DIRECTION('',(0.0,0.0,1.0));
#4221=VECTOR('',#4220,0.010000000000000);
#4222=LINE('',#4219,#4221);
#4223=EDGE_CURVE('',#1596,#4218,#4222,.T.);
#4224=ORIENTED_EDGE('',*,*,#4223,.T.);
#4225=CARTESIAN_POINT('',(17.900000000000009,3.094103166670214,-0.740000000000000));
#4226=DIRECTION('',(0.506801000941427,-0.862063075096462,0.0));
#4227=VECTOR('',#4226,0.680390027890159);
#4228=LINE('',#4225,#4227);
#4229=EDGE_CURVE('',#4218,#4209,#4228,.T.);
#4230=ORIENTED_EDGE('',*,*,#4229,.T.);
#4231=EDGE_LOOP('',(#4215,#4216,#4224,#4230));
#4232=FACE_OUTER_BOUND('',#4231,.T.);
#4233=ADVANCED_FACE('',(#4232),#4207,.F.);
#4234=CARTESIAN_POINT('',(16.851462479550939,1.900000000000000,-0.740000000000000));
#4235=CARTESIAN_POINT('',(16.851462479550939,1.900000000000000,-0.750000000000000));
#4236=CARTESIAN_POINT('',(17.346329408567023,1.609071108363970,-0.740000000000000));
#4237=CARTESIAN_POINT('',(17.346329408567023,1.609071108363970,-0.750000000000000));
#4238=B_SPLINE_SURFACE_WITH_KNOTS('',1,1,((#4234,#4236),(#4235,#4237)),.UNSPECIFIED.,.F.,.F.,.U.,(2,2),(2,2),(0.0,0.010000000000000),(0.0,0.574049560075067),.UNSPECIFIED.);
#4239=CARTESIAN_POINT('',(17.346329408567023,1.609071108363971,-0.750000000000000));
#4240=VERTEX_POINT('',#4239);
#4241=CARTESIAN_POINT('',(17.346329408567023,1.609071108363971,-0.740000000000000));
#4242=VERTEX_POINT('',#4241);
#4243=CARTESIAN_POINT('',(17.346329408567019,1.609071108363971,-0.750000000000000));
#4244=DIRECTION('',(0.0,0.0,1.0));
#4245=VECTOR('',#4244,0.010000000000000);
#4246=LINE('',#4243,#4245);
#4247=EDGE_CURVE('',#4240,#4242,#4246,.T.);
#4248=ORIENTED_EDGE('',*,*,#4247,.F.);
#4249=CARTESIAN_POINT('',(16.851462479550939,1.900000000000000,-0.750000000000000));
#4250=VERTEX_POINT('',#4249);
#4251=CARTESIAN_POINT('',(16.851462479550939,1.900000000000000,-0.750000000000000));
#4252=DIRECTION('',(0.862063075096463,-0.506801000941425,0.0));
#4253=VECTOR('',#4252,0.574049560075067);
#4254=LINE('',#4251,#4253);
#4255=EDGE_CURVE('',#4250,#4240,#4254,.T.);
#4256=ORIENTED_EDGE('',*,*,#4255,.F.);
#4257=CARTESIAN_POINT('',(16.851462479550939,1.900000000000000,-0.740000000000000));
#4258=VERTEX_POINT('',#4257);
#4259=CARTESIAN_POINT('',(16.851462479550939,1.900000000000000,-0.750000000000000));
#4260=DIRECTION('',(0.0,0.0,1.0));
#4261=VECTOR('',#4260,0.010000000000000);
#4262=LINE('',#4259,#4261);
#4263=EDGE_CURVE('',#4250,#4258,#4262,.T.);
#4264=ORIENTED_EDGE('',*,*,#4263,.T.);
#4265=CARTESIAN_POINT('',(16.851462479550939,1.900000000000000,-0.740000000000000));
#4266=DIRECTION('',(0.862063075096462,-0.506801000941426,0.0));
#4267=VECTOR('',#4266,0.574049560075067);
#4268=LINE('',#4265,#4267);
#4269=EDGE_CURVE('',#4258,#4242,#4268,.T.);
#4270=ORIENTED_EDGE('',*,*,#4269,.T.);
#4271=EDGE_LOOP('',(#4248,#4256,#4264,#4270));
#4272=FACE_OUTER_BOUND('',#4271,.T.);
#4273=ADVANCED_FACE('',(#4272),#4238,.F.);
#4274=CARTESIAN_POINT('',(17.524453930024436,1.504352917346766,-0.740000000000000));
#4275=CARTESIAN_POINT('',(17.524453930024436,1.504352917346766,-0.750000000000000));
#4276=CARTESIAN_POINT('',(19.881107838717334,0.118892161282665,-0.740000000000000));
#4277=CARTESIAN_POINT('',(19.881107838717334,0.118892161282665,-0.750000000000000));
#4278=B_SPLINE_SURFACE_WITH_KNOTS('',1,1,((#4274,#4276),(#4275,#4277)),.UNSPECIFIED.,.F.,.F.,.U.,(2,2),(2,2),(0.0,0.010000000000000),(0.0,2.733737213404249),.UNSPECIFIED.);
#4279=CARTESIAN_POINT('',(17.524453930024436,1.504352917346766,-0.740000000000000));
#4280=VERTEX_POINT('',#4279);
#4281=CARTESIAN_POINT('',(17.524453930024436,1.504352917346766,-0.750000000000000));
#4282=VERTEX_POINT('',#4281);
#4283=CARTESIAN_POINT('',(17.524453930024436,1.504352917346765,-0.740000000000000));
#4284=DIRECTION('',(0.0,0.0,-1.0));
#4285=VECTOR('',#4284,0.010000000000000);
#4286=LINE('',#4283,#4285);
#4287=EDGE_CURVE('',#4280,#4282,#4286,.T.);
#4288=ORIENTED_EDGE('',*,*,#4287,.F.);
#4289=CARTESIAN_POINT('',(17.524453930024439,1.504352917346766,-0.740000000000000));
#4290=DIRECTION('',(0.862063075096462,-0.506801000941427,0.0));
#4291=VECTOR('',#4290,2.733737213404245);
#4292=LINE('',#4289,#4291);
#4293=EDGE_CURVE('',#4280,#4187,#4292,.T.);
#4294=ORIENTED_EDGE('',*,*,#4293,.T.);
#4295=ORIENTED_EDGE('',*,*,#4192,.F.);
#4296=CARTESIAN_POINT('',(17.524453930024436,1.504352917346766,-0.750000000000000));
#4297=DIRECTION('',(0.862063075096462,-0.506801000941427,0.0));
#4298=VECTOR('',#4297,2.733737213404248);
#4299=LINE('',#4296,#4298);
#4300=EDGE_CURVE('',#4282,#4179,#4299,.T.);
#4301=ORIENTED_EDGE('',*,*,#4300,.F.);
#4302=EDGE_LOOP('',(#4288,#4294,#4295,#4301));
#4303=FACE_OUTER_BOUND('',#4302,.T.);
#4304=ADVANCED_FACE('',(#4303),#4278,.F.);
#4305=CARTESIAN_POINT('',(16.905896833329770,2.100000000000001,-0.750000000000000));
#4306=CARTESIAN_POINT('',(16.905896833329770,2.100000000000001,-0.740000000000000));
#4307=CARTESIAN_POINT('',(17.492435953037745,1.755177652834691,-0.750000000000000));
#4308=CARTESIAN_POINT('',(17.492435953037749,1.755177652834691,-0.740000000000000));
#4309=B_SPLINE_SURFACE_WITH_KNOTS('',1,1,((#4305,#4307),(#4306,#4308)),.UNSPECIFIED.,.F.,.F.,.U.,(2,2),(2,2),(0.0,0.010000000000000),(0.0,0.680390027890181),.UNSPECIFIED.);
#4310=CARTESIAN_POINT('',(17.492435953037742,1.755177652834690,-0.740000000000000));
#4311=VERTEX_POINT('',#4310);
#4312=CARTESIAN_POINT('',(17.492435953037742,1.755177652834691,-0.740000000000000));
#4313=DIRECTION('',(0.0,0.0,-1.0));
#4314=VECTOR('',#4313,0.010000000000000);
#4315=LINE('',#4312,#4314);
#4316=EDGE_CURVE('',#4311,#1612,#4315,.T.);
#4317=ORIENTED_EDGE('',*,*,#4316,.F.);
#4318=CARTESIAN_POINT('',(16.905896833329766,2.100000000000000,-0.740000000000000));
#4319=VERTEX_POINT('',#4318);
#4320=CARTESIAN_POINT('',(17.492435953037742,1.755177652834689,-0.740000000000000));
#4321=DIRECTION('',(-0.862063075096460,0.506801000941429,0.0));
#4322=VECTOR('',#4321,0.680390027890180);
#4323=LINE('',#4320,#4322);
#4324=EDGE_CURVE('',#4311,#4319,#4323,.T.);
#4325=ORIENTED_EDGE('',*,*,#4324,.T.);
#4326=CARTESIAN_POINT('',(16.905896833329766,2.100000000000000,-0.750000000000000));
#4327=DIRECTION('',(0.0,0.0,1.0));
#4328=VECTOR('',#4327,0.010000000000000);
#4329=LINE('',#4326,#4328);
#4330=EDGE_CURVE('',#1620,#4319,#4329,.T.);
#4331=ORIENTED_EDGE('',*,*,#4330,.F.);
#4332=ORIENTED_EDGE('',*,*,#1625,.F.);
#4333=EDGE_LOOP('',(#4317,#4325,#4331,#4332));
#4334=FACE_OUTER_BOUND('',#4333,.T.);
#4335=ADVANCED_FACE('',(#4334),#4309,.F.);
#4336=CARTESIAN_POINT('',(18.100000000000009,6.851462479550943,-0.750000000000000));
#4337=CARTESIAN_POINT('',(18.100000000000009,6.851462479550943,-0.740000000000000));
#4338=CARTESIAN_POINT('',(18.100000000000009,3.148537520449042,-0.750000000000000));
#4339=CARTESIAN_POINT('',(18.100000000000009,3.148537520449043,-0.740000000000000));
#4340=B_SPLINE_SURFACE_WITH_KNOTS('',1,1,((#4336,#4338),(#4337,#4339)),.UNSPECIFIED.,.F.,.F.,.U.,(2,2),(2,2),(0.0,0.010000000000000),(0.0,3.702924959101900),.UNSPECIFIED.);
#4341=CARTESIAN_POINT('',(18.099999999999994,6.851462479550943,-0.740000000000000));
#4342=VERTEX_POINT('',#4341);
#4343=CARTESIAN_POINT('',(18.099999999999991,3.148537520449042,-0.740000000000000));
#4344=DIRECTION('',(0.0,1.0,0.0));
#4345=VECTOR('',#4344,3.702924959101900);
#4346=LINE('',#4343,#4345);
#4347=EDGE_CURVE('',#4139,#4342,#4346,.T.);
#4348=ORIENTED_EDGE('',*,*,#4347,.T.);
#4349=CARTESIAN_POINT('',(18.099999999999994,6.851462479550943,-0.750000000000000));
#4350=VERTEX_POINT('',#4349);
#4351=CARTESIAN_POINT('',(18.099999999999994,6.851462479550943,-0.750000000000000));
#4352=DIRECTION('',(0.0,0.0,1.0));
#4353=VECTOR('',#4352,0.010000000000000);
#4354=LINE('',#4351,#4353);
#4355=EDGE_CURVE('',#4350,#4342,#4354,.T.);
#4356=ORIENTED_EDGE('',*,*,#4355,.F.);
#4357=CARTESIAN_POINT('',(18.100000000000009,3.148537520449042,-0.750000000000000));
#4358=DIRECTION('',(0.0,1.0,0.0));
#4359=VECTOR('',#4358,3.702924959101900);
#4360=LINE('',#4357,#4359);
#4361=EDGE_CURVE('',#4147,#4350,#4360,.T.);
#4362=ORIENTED_EDGE('',*,*,#4361,.F.);
#4363=ORIENTED_EDGE('',*,*,#4152,.T.);
#4364=EDGE_LOOP('',(#4348,#4356,#4362,#4363));
#4365=FACE_OUTER_BOUND('',#4364,.T.);
#4366=ADVANCED_FACE('',(#4365),#4340,.F.);
#4367=CARTESIAN_POINT('',(18.349540538182513,2.329439525504840,-0.740000000000000));
#4368=CARTESIAN_POINT('',(18.349540538182513,2.329439525504840,-0.750000000000000));
#4369=CARTESIAN_POINT('',(19.318143158415666,0.681856841584327,-0.740000000000000));
#4370=CARTESIAN_POINT('',(19.318143158415662,0.681856841584327,-0.750000000000000));
#4371=B_SPLINE_SURFACE_WITH_KNOTS('',1,1,((#4367,#4369),(#4368,#4370)),.UNSPECIFIED.,.F.,.F.,.U.,(2,2),(2,2),(0.0,0.010000000000000),(0.0,1.911208972424849),.UNSPECIFIED.);
#4372=CARTESIAN_POINT('',(18.349540538182513,2.329439525504841,-0.740000000000000));
#4373=VERTEX_POINT('',#4372);
#4374=CARTESIAN_POINT('',(18.349540538182513,2.329439525504841,-0.750000000000000));
#4375=VERTEX_POINT('',#4374);
#4376=CARTESIAN_POINT('',(18.349540538182513,2.329439525504840,-0.740000000000000));
#4377=DIRECTION('',(0.0,0.0,-1.0));
#4378=VECTOR('',#4377,0.010000000000000);
#4379=LINE('',#4376,#4378);
#4380=EDGE_CURVE('',#4373,#4375,#4379,.T.);
#4381=ORIENTED_EDGE('',*,*,#4380,.F.);
#4382=CARTESIAN_POINT('',(19.318143158415666,0.681856841584330,-0.740000000000000));
#4383=VERTEX_POINT('',#4382);
#4384=CARTESIAN_POINT('',(18.349540538182513,2.329439525504841,-0.740000000000000));
#4385=DIRECTION('',(0.506801000941429,-0.862063075096461,0.0));
#4386=VECTOR('',#4385,1.911208972424848);
#4387=LINE('',#4384,#4386);
#4388=EDGE_CURVE('',#4373,#4383,#4387,.T.);
#4389=ORIENTED_EDGE('',*,*,#4388,.T.);
#4390=CARTESIAN_POINT('',(19.318143158415666,0.681856841584330,-0.750000000000000));
#4391=VERTEX_POINT('',#4390);
#4392=CARTESIAN_POINT('',(19.318143158415666,0.681856841584330,-0.750000000000000));
#4393=DIRECTION('',(0.0,0.0,1.0));
#4394=VECTOR('',#4393,0.010000000000000);
#4395=LINE('',#4392,#4394);
#4396=EDGE_CURVE('',#4391,#4383,#4395,.T.);
#4397=ORIENTED_EDGE('',*,*,#4396,.F.);
#4398=CARTESIAN_POINT('',(18.349540538182513,2.329439525504840,-0.750000000000000));
#4399=DIRECTION('',(0.506801000941429,-0.862063075096461,0.0));
#4400=VECTOR('',#4399,1.911208972424849);
#4401=LINE('',#4398,#4400);
#4402=EDGE_CURVE('',#4375,#4391,#4401,.T.);
#4403=ORIENTED_EDGE('',*,*,#4402,.F.);
#4404=EDGE_LOOP('',(#4381,#4389,#4397,#4403));
#4405=FACE_OUTER_BOUND('',#4404,.T.);
#4406=ADVANCED_FACE('',(#4405),#4371,.F.);
#4407=CARTESIAN_POINT('',(17.670560474495154,1.650459461817485,-0.750000000000000));
#4408=CARTESIAN_POINT('',(17.670560474495154,1.650459461817485,-0.740000000000000));
#4409=CARTESIAN_POINT('',(19.318143158415666,0.681856841584330,-0.750000000000000));
#4410=CARTESIAN_POINT('',(19.318143158415666,0.681856841584330,-0.740000000000000));
#4411=B_SPLINE_SURFACE_WITH_KNOTS('',1,1,((#4407,#4409),(#4408,#4410)),.UNSPECIFIED.,.F.,.F.,.U.,(2,2),(2,2),(0.0,0.010000000000000),(0.0,1.911208972424850),.UNSPECIFIED.);
#4412=CARTESIAN_POINT('',(17.670560474495154,1.650459461817484,-0.750000000000000));
#4413=VERTEX_POINT('',#4412);
#4414=CARTESIAN_POINT('',(17.670560474495154,1.650459461817484,-0.740000000000000));
#4415=VERTEX_POINT('',#4414);
#4416=CARTESIAN_POINT('',(17.670560474495154,1.650459461817484,-0.750000000000000));
#4417=DIRECTION('',(0.0,0.0,1.0));
#4418=VECTOR('',#4417,0.010000000000000);
#4419=LINE('',#4416,#4418);
#4420=EDGE_CURVE('',#4413,#4415,#4419,.T.);
#4421=ORIENTED_EDGE('',*,*,#4420,.F.);
#4422=CARTESIAN_POINT('',(19.318143158415666,0.681856841584329,-0.750000000000000));
#4423=DIRECTION('',(-0.862063075096460,0.506801000941430,0.0));
#4424=VECTOR('',#4423,1.911208972424850);
#4425=LINE('',#4422,#4424);
#4426=EDGE_CURVE('',#4391,#4413,#4425,.T.);
#4427=ORIENTED_EDGE('',*,*,#4426,.F.);
#4428=ORIENTED_EDGE('',*,*,#4396,.T.);
#4429=CARTESIAN_POINT('',(19.318143158415662,0.681856841584330,-0.740000000000000));
#4430=DIRECTION('',(-0.862063075096460,0.506801000941430,0.0));
#4431=VECTOR('',#4430,1.911208972424846);
#4432=LINE('',#4429,#4431);
#4433=EDGE_CURVE('',#4383,#4415,#4432,.T.);
#4434=ORIENTED_EDGE('',*,*,#4433,.T.);
#4435=EDGE_LOOP('',(#4421,#4427,#4428,#4434));
#4436=FACE_OUTER_BOUND('',#4435,.T.);
#4437=ADVANCED_FACE('',(#4436),#4411,.F.);
#4438=CARTESIAN_POINT('',(16.905896833329766,2.100000000000000,-0.740000000000000));
#4439=CARTESIAN_POINT('',(16.905896833329766,2.100000000000000,-0.750000000000000));
#4440=CARTESIAN_POINT('',(3.094103166670209,2.100000000000001,-0.740000000000000));
#4441=CARTESIAN_POINT('',(3.094103166670209,2.100000000000001,-0.750000000000000));
#4442=B_SPLINE_SURFACE_WITH_KNOTS('',1,1,((#4438,#4440),(#4439,#4441)),.UNSPECIFIED.,.F.,.F.,.U.,(2,2),(2,2),(0.0,0.010000000000000),(0.0,13.811793666659558),.UNSPECIFIED.);
#4443=CARTESIAN_POINT('',(3.094103166670210,2.099999999999989,-0.740000000000000));
#4444=VERTEX_POINT('',#4443);
#4445=CARTESIAN_POINT('',(16.905896833329759,2.100000000000011,-0.740000000000000));
#4446=DIRECTION('',(-1.0,0.0,0.0));
#4447=VECTOR('',#4446,13.811793666659549);
#4448=LINE('',#4445,#4447);
#4449=EDGE_CURVE('',#4319,#4444,#4448,.T.);
#4450=ORIENTED_EDGE('',*,*,#4449,.T.);
#4451=CARTESIAN_POINT('',(3.094103166670210,2.099999999999989,-0.750000000000000));
#4452=DIRECTION('',(0.0,0.0,1.0));
#4453=VECTOR('',#4452,0.010000000000000);
#4454=LINE('',#4451,#4453);
#4455=EDGE_CURVE('',#1628,#4444,#4454,.T.);
#4456=ORIENTED_EDGE('',*,*,#4455,.F.);
#4457=ORIENTED_EDGE('',*,*,#1633,.F.);
#4458=ORIENTED_EDGE('',*,*,#4330,.T.);
#4459=EDGE_LOOP('',(#4450,#4456,#4457,#4458));
#4460=FACE_OUTER_BOUND('',#4459,.T.);
#4461=ADVANCED_FACE('',(#4460),#4442,.F.);
#4462=CARTESIAN_POINT('',(18.349540538182513,2.329439525504840,-0.750000000000000));
#4463=CARTESIAN_POINT('',(18.349540538182513,2.329439525504840,-0.740000000000000));
#4464=CARTESIAN_POINT('',(17.670560474495154,1.650459461817483,-0.750000000000000));
#4465=CARTESIAN_POINT('',(17.670560474495158,1.650459461817483,-0.740000000000000));
#4466=B_SPLINE_SURFACE_WITH_KNOTS('',1,1,((#4462,#4464),(#4463,#4465)),.UNSPECIFIED.,.F.,.F.,.U.,(2,2),(2,2),(0.0,0.010000000000000),(0.0,0.960222814647610),.UNSPECIFIED.);
#4467=ORIENTED_EDGE('',*,*,#4380,.T.);
#4468=CARTESIAN_POINT('',(17.670560474495158,1.650459461817482,-0.750000000000000));
#4469=DIRECTION('',(0.707106781186548,0.707106781186547,0.0));
#4470=VECTOR('',#4469,0.960222814647609);
#4471=LINE('',#4468,#4470);
#4472=EDGE_CURVE('',#4413,#4375,#4471,.T.);
#4473=ORIENTED_EDGE('',*,*,#4472,.F.);
#4474=ORIENTED_EDGE('',*,*,#4420,.T.);
#4475=CARTESIAN_POINT('',(17.670560474495158,1.650459461817485,-0.740000000000000));
#4476=DIRECTION('',(0.707106781186547,0.707106781186548,0.0));
#4477=VECTOR('',#4476,0.960222814647606);
#4478=LINE('',#4475,#4477);
#4479=EDGE_CURVE('',#4415,#4373,#4478,.T.);
#4480=ORIENTED_EDGE('',*,*,#4479,.T.);
#4481=EDGE_LOOP('',(#4467,#4473,#4474,#4480));
#4482=FACE_OUTER_BOUND('',#4481,.T.);
#4483=ADVANCED_FACE('',(#4482),#4466,.F.);
#4484=CARTESIAN_POINT('',(17.524453930024436,1.504352917346765,-0.750000000000000));
#4485=CARTESIAN_POINT('',(17.524453930024436,1.504352917346765,-0.740000000000000));
#4486=CARTESIAN_POINT('',(16.920101012677669,0.899999999999998,-0.750000000000000));
#4487=CARTESIAN_POINT('',(16.920101012677669,0.899999999999999,-0.740000000000000));
#4488=B_SPLINE_SURFACE_WITH_KNOTS('',1,1,((#4484,#4486),(#4485,#4487)),.UNSPECIFIED.,.F.,.F.,.U.,(2,2),(2,2),(0.0,0.010000000000000),(0.0,0.854684092171543),.UNSPECIFIED.);
#4489=ORIENTED_EDGE('',*,*,#4287,.T.);
#4490=CARTESIAN_POINT('',(16.920101012677669,0.899999999999999,-0.750000000000000));
#4491=VERTEX_POINT('',#4490);
#4492=CARTESIAN_POINT('',(16.920101012677669,0.899999999999997,-0.750000000000000));
#4493=DIRECTION('',(0.707106781186549,0.707106781186546,0.0));
#4494=VECTOR('',#4493,0.854684092171546);
#4495=LINE('',#4492,#4494);
#4496=EDGE_CURVE('',#4491,#4282,#4495,.T.);
#4497=ORIENTED_EDGE('',*,*,#4496,.F.);
#4498=CARTESIAN_POINT('',(16.920101012677669,0.899999999999999,-0.740000000000000));
#4499=VERTEX_POINT('',#4498);
#4500=CARTESIAN_POINT('',(16.920101012677669,0.899999999999999,-0.750000000000000));
#4501=DIRECTION('',(0.0,0.0,1.0));
#4502=VECTOR('',#4501,0.010000000000000);
#4503=LINE('',#4500,#4502);
#4504=EDGE_CURVE('',#4491,#4499,#4503,.T.);
#4505=ORIENTED_EDGE('',*,*,#4504,.T.);
#4506=CARTESIAN_POINT('',(16.920101012677669,0.899999999999999,-0.740000000000000));
#4507=DIRECTION('',(0.707106781186549,0.707106781186546,0.0));
#4508=VECTOR('',#4507,0.854684092171546);
#4509=LINE('',#4506,#4508);
#4510=EDGE_CURVE('',#4499,#4280,#4509,.T.);
#4511=ORIENTED_EDGE('',*,*,#4510,.T.);
#4512=EDGE_LOOP('',(#4489,#4497,#4505,#4511));
#4513=FACE_OUTER_BOUND('',#4512,.T.);
#4514=ADVANCED_FACE('',(#4513),#4488,.F.);
#4515=CARTESIAN_POINT('',(17.346329408567023,1.609071108363973,-0.740000000000000));
#4516=CARTESIAN_POINT('',(17.346329408567023,1.609071108363973,-0.750000000000000));
#4517=CARTESIAN_POINT('',(16.837258300203047,1.099999999999996,-0.740000000000000));
#4518=CARTESIAN_POINT('',(16.837258300203047,1.099999999999996,-0.750000000000000));
#4519=B_SPLINE_SURFACE_WITH_KNOTS('',1,1,((#4515,#4517),(#4516,#4518)),.UNSPECIFIED.,.F.,.F.,.U.,(2,2),(2,2),(0.0,0.010000000000000),(0.0,0.719935265660639),.UNSPECIFIED.);
#4520=ORIENTED_EDGE('',*,*,#4247,.T.);
#4521=CARTESIAN_POINT('',(16.837258300203047,1.099999999999994,-0.740000000000000));
#4522=VERTEX_POINT('',#4521);
#4523=CARTESIAN_POINT('',(17.346329408567023,1.609071108363972,-0.740000000000000));
#4524=DIRECTION('',(-0.707106781186547,-0.707106781186548,0.0));
#4525=VECTOR('',#4524,0.719935265660639);
#4526=LINE('',#4523,#4525);
#4527=EDGE_CURVE('',#4242,#4522,#4526,.T.);
#4528=ORIENTED_EDGE('',*,*,#4527,.T.);
#4529=CARTESIAN_POINT('',(16.837258300203047,1.099999999999994,-0.750000000000000));
#4530=VERTEX_POINT('',#4529);
#4531=CARTESIAN_POINT('',(16.837258300203047,1.099999999999994,-0.750000000000000));
#4532=DIRECTION('',(0.0,0.0,1.0));
#4533=VECTOR('',#4532,0.010000000000000);
#4534=LINE('',#4531,#4533);
#4535=EDGE_CURVE('',#4530,#4522,#4534,.T.);
#4536=ORIENTED_EDGE('',*,*,#4535,.F.);
#4537=CARTESIAN_POINT('',(17.346329408567023,1.609071108363972,-0.750000000000000));
#4538=DIRECTION('',(-0.707106781186547,-0.707106781186548,0.0));
#4539=VECTOR('',#4538,0.719935265660639);
#4540=LINE('',#4537,#4539);
#4541=EDGE_CURVE('',#4240,#4530,#4540,.T.);
#4542=ORIENTED_EDGE('',*,*,#4541,.F.);
#4543=EDGE_LOOP('',(#4520,#4528,#4536,#4542));
#4544=FACE_OUTER_BOUND('',#4543,.T.);
#4545=ADVANCED_FACE('',(#4544),#4519,.F.);
#4546=CARTESIAN_POINT('',(18.244822347165307,2.507564046962258,-0.740000000000000));
#4547=CARTESIAN_POINT('',(18.244822347165307,2.507564046962258,-0.750000000000000));
#4548=CARTESIAN_POINT('',(17.492435953037742,1.755177652834691,-0.740000000000000));
#4549=CARTESIAN_POINT('',(17.492435953037745,1.755177652834691,-0.750000000000000));
#4550=B_SPLINE_SURFACE_WITH_KNOTS('',1,1,((#4546,#4548),(#4547,#4549)),.UNSPECIFIED.,.F.,.F.,.U.,(2,2),(2,2),(0.0,0.010000000000000),(0.0,1.064035042720193),.UNSPECIFIED.);
#4551=ORIENTED_EDGE('',*,*,#4214,.T.);
#4552=CARTESIAN_POINT('',(18.244822347165304,2.507564046962256,-0.740000000000000));
#4553=DIRECTION('',(-0.707106781186546,-0.707106781186549,0.0));
#4554=VECTOR('',#4553,1.064035042720189);
#4555=LINE('',#4552,#4554);
#4556=EDGE_CURVE('',#4209,#4311,#4555,.T.);
#4557=ORIENTED_EDGE('',*,*,#4556,.T.);
#4558=ORIENTED_EDGE('',*,*,#4316,.T.);
#4559=ORIENTED_EDGE('',*,*,#1617,.F.);
#4560=EDGE_LOOP('',(#4551,#4557,#4558,#4559));
#4561=FACE_OUTER_BOUND('',#4560,.T.);
#4562=ADVANCED_FACE('',(#4561),#4550,.F.);
#4563=CARTESIAN_POINT('',(3.148537520449038,1.899999999999991,-0.750000000000000));
#4564=CARTESIAN_POINT('',(3.148537520449038,1.899999999999991,-0.740000000000000));
#4565=CARTESIAN_POINT('',(2.653670591432971,1.609071108363970,-0.750000000000000));
#4566=CARTESIAN_POINT('',(2.653670591432971,1.609071108363970,-0.740000000000000));
#4567=B_SPLINE_SURFACE_WITH_KNOTS('',1,1,((#4563,#4565),(#4564,#4566)),.UNSPECIFIED.,.F.,.F.,.U.,(2,2),(2,2),(0.0,0.010000000000000),(0.0,0.574049560075048),.UNSPECIFIED.);
#4568=CARTESIAN_POINT('',(2.653670591432971,1.609071108363970,-0.740000000000000));
#4569=VERTEX_POINT('',#4568);
#4570=CARTESIAN_POINT('',(2.653670591432971,1.609071108363970,-0.750000000000000));
#4571=VERTEX_POINT('',#4570);
#4572=CARTESIAN_POINT('',(2.653670591432971,1.609071108363970,-0.740000000000000));
#4573=DIRECTION('',(0.0,0.0,-1.0));
#4574=VECTOR('',#4573,0.010000000000000);
#4575=LINE('',#4572,#4574);
#4576=EDGE_CURVE('',#4569,#4571,#4575,.T.);
#4577=ORIENTED_EDGE('',*,*,#4576,.F.);
#4578=CARTESIAN_POINT('',(3.148537520449037,1.899999999999988,-0.740000000000000));
#4579=VERTEX_POINT('',#4578);
#4580=CARTESIAN_POINT('',(2.653670591432971,1.609071108363970,-0.740000000000000));
#4581=DIRECTION('',(0.862063075096461,0.506801000941428,0.0));
#4582=VECTOR('',#4581,0.574049560075046);
#4583=LINE('',#4580,#4582);
#4584=EDGE_CURVE('',#4569,#4579,#4583,.T.);
#4585=ORIENTED_EDGE('',*,*,#4584,.T.);
#4586=CARTESIAN_POINT('',(3.148537520449037,1.899999999999988,-0.750000000000000));
#4587=VERTEX_POINT('',#4586);
#4588=CARTESIAN_POINT('',(3.148537520449037,1.899999999999988,-0.750000000000000));
#4589=DIRECTION('',(0.0,0.0,1.0));
#4590=VECTOR('',#4589,0.010000000000000);
#4591=LINE('',#4588,#4590);
#4592=EDGE_CURVE('',#4587,#4579,#4591,.T.);
#4593=ORIENTED_EDGE('',*,*,#4592,.F.);
#4594=CARTESIAN_POINT('',(2.653670591432971,1.609071108363969,-0.750000000000000));
#4595=DIRECTION('',(0.862063075096461,0.506801000941428,0.0));
#4596=VECTOR('',#4595,0.574049560075047);
#4597=LINE('',#4594,#4596);
#4598=EDGE_CURVE('',#4571,#4587,#4597,.T.);
#4599=ORIENTED_EDGE('',*,*,#4598,.F.);
#4600=EDGE_LOOP('',(#4577,#4585,#4593,#4599));
#4601=FACE_OUTER_BOUND('',#4600,.T.);
#4602=ADVANCED_FACE('',(#4601),#4567,.F.);
#4603=CARTESIAN_POINT('',(2.475546069975558,1.504352917346765,-0.750000000000000));
#4604=CARTESIAN_POINT('',(2.475546069975558,1.504352917346765,-0.740000000000000));
#4605=CARTESIAN_POINT('',(0.118892161282665,0.118892161282663,-0.750000000000000));
#4606=CARTESIAN_POINT('',(0.118892161282665,0.118892161282663,-0.740000000000000));
#4607=B_SPLINE_SURFACE_WITH_KNOTS('',1,1,((#4603,#4605),(#4604,#4606)),.UNSPECIFIED.,.F.,.F.,.U.,(2,2),(2,2),(0.0,0.010000000000000),(0.0,2.733737213404245),.UNSPECIFIED.);
#4608=CARTESIAN_POINT('',(2.475546069975557,1.504352917346765,-0.750000000000000));
#4609=VERTEX_POINT('',#4608);
#4610=CARTESIAN_POINT('',(2.475546069975557,1.504352917346765,-0.740000000000000));
#4611=VERTEX_POINT('',#4610);
#4612=CARTESIAN_POINT('',(2.475546069975557,1.504352917346764,-0.750000000000000));
#4613=DIRECTION('',(0.0,0.0,1.0));
#4614=VECTOR('',#4613,0.010000000000000);
#4615=LINE('',#4612,#4614);
#4616=EDGE_CURVE('',#4609,#4611,#4615,.T.);
#4617=ORIENTED_EDGE('',*,*,#4616,.F.);
#4618=CARTESIAN_POINT('',(0.118892161282667,0.118892161282664,-0.750000000000000));
#4619=VERTEX_POINT('',#4618);
#4620=CARTESIAN_POINT('',(0.118892161282667,0.118892161282663,-0.750000000000000));
#4621=DIRECTION('',(0.862063075096461,0.506801000941428,0.0));
#4622=VECTOR('',#4621,2.733737213404242);
#4623=LINE('',#4620,#4622);
#4624=EDGE_CURVE('',#4619,#4609,#4623,.T.);
#4625=ORIENTED_EDGE('',*,*,#4624,.F.);
#4626=CARTESIAN_POINT('',(0.118892161282667,0.118892161282664,-0.740000000000000));
#4627=VERTEX_POINT('',#4626);
#4628=CARTESIAN_POINT('',(0.118892161282667,0.118892161282664,-0.750000000000000));
#4629=DIRECTION('',(0.0,0.0,1.0));
#4630=VECTOR('',#4629,0.010000000000000);
#4631=LINE('',#4628,#4630);
#4632=EDGE_CURVE('',#4619,#4627,#4631,.T.);
#4633=ORIENTED_EDGE('',*,*,#4632,.T.);
#4634=CARTESIAN_POINT('',(0.118892161282667,0.118892161282664,-0.740000000000000));
#4635=DIRECTION('',(0.862063075096461,0.506801000941428,0.0));
#4636=VECTOR('',#4635,2.733737213404241);
#4637=LINE('',#4634,#4636);
#4638=EDGE_CURVE('',#4627,#4611,#4637,.T.);
#4639=ORIENTED_EDGE('',*,*,#4638,.T.);
#4640=EDGE_LOOP('',(#4617,#4625,#4633,#4639));
#4641=FACE_OUTER_BOUND('',#4640,.T.);
#4642=ADVANCED_FACE('',(#4641),#4607,.F.);
#4643=CARTESIAN_POINT('',(3.094103166670211,2.099999999999989,-0.740000000000000));
#4644=CARTESIAN_POINT('',(3.094103166670211,2.099999999999989,-0.750000000000000));
#4645=CARTESIAN_POINT('',(2.507564046962251,1.755177652834688,-0.740000000000000));
#4646=CARTESIAN_POINT('',(2.507564046962251,1.755177652834688,-0.750000000000000));
#4647=B_SPLINE_SURFACE_WITH_KNOTS('',1,1,((#4643,#4645),(#4644,#4646)),.UNSPECIFIED.,.F.,.F.,.U.,(2,2),(2,2),(0.0,0.010000000000000),(0.0,0.680390027890163),.UNSPECIFIED.);
#4648=CARTESIAN_POINT('',(2.507564046962250,1.755177652834689,-0.740000000000000));
#4649=VERTEX_POINT('',#4648);
#4650=CARTESIAN_POINT('',(2.507564046962252,1.755177652834689,-0.750000000000000));
#4651=DIRECTION('',(0.0,0.0,1.0));
#4652=VECTOR('',#4651,0.010000000000000);
#4653=LINE('',#4650,#4652);
#4654=EDGE_CURVE('',#1636,#4649,#4653,.T.);
#4655=ORIENTED_EDGE('',*,*,#4654,.F.);
#4656=ORIENTED_EDGE('',*,*,#1641,.F.);
#4657=ORIENTED_EDGE('',*,*,#4455,.T.);
#4658=CARTESIAN_POINT('',(3.094103166670209,2.099999999999989,-0.740000000000000));
#4659=DIRECTION('',(-0.862063075096461,-0.506801000941428,0.0));
#4660=VECTOR('',#4659,0.680390027890161);
#4661=LINE('',#4658,#4660);
#4662=EDGE_CURVE('',#4444,#4649,#4661,.T.);
#4663=ORIENTED_EDGE('',*,*,#4662,.T.);
#4664=EDGE_LOOP('',(#4655,#4656,#4657,#4663));
#4665=FACE_OUTER_BOUND('',#4664,.T.);
#4666=ADVANCED_FACE('',(#4665),#4647,.F.);
#4667=CARTESIAN_POINT('',(1.899999999999997,3.148537520449053,-0.740000000000000));
#4668=CARTESIAN_POINT('',(1.899999999999997,3.148537520449053,-0.750000000000000));
#4669=CARTESIAN_POINT('',(1.609071108363967,2.653670591432969,-0.740000000000000));
#4670=CARTESIAN_POINT('',(1.609071108363967,2.653670591432969,-0.750000000000000));
#4671=B_SPLINE_SURFACE_WITH_KNOTS('',1,1,((#4667,#4669),(#4668,#4670)),.UNSPECIFIED.,.F.,.F.,.U.,(2,2),(2,2),(0.0,0.010000000000000),(0.0,0.574049560075068),.UNSPECIFIED.);
#4672=CARTESIAN_POINT('',(1.609071108363968,2.653670591432970,-0.750000000000000));
#4673=VERTEX_POINT('',#4672);
#4674=CARTESIAN_POINT('',(1.609071108363968,2.653670591432970,-0.740000000000000));
#4675=VERTEX_POINT('',#4674);
#4676=CARTESIAN_POINT('',(1.609071108363968,2.653670591432970,-0.750000000000000));
#4677=DIRECTION('',(0.0,0.0,1.0));
#4678=VECTOR('',#4677,0.010000000000000);
#4679=LINE('',#4676,#4678);
#4680=EDGE_CURVE('',#4673,#4675,#4679,.T.);
#4681=ORIENTED_EDGE('',*,*,#4680,.F.);
#4682=CARTESIAN_POINT('',(1.899999999999996,3.148537520449053,-0.750000000000000));
#4683=DIRECTION('',(-0.506801000941427,-0.862063075096462,0.0));
#4684=VECTOR('',#4683,0.574049560075066);
#4685=LINE('',#4682,#4684);
#4686=EDGE_CURVE('',#3604,#4673,#4685,.T.);
#4687=ORIENTED_EDGE('',*,*,#4686,.F.);
#4688=ORIENTED_EDGE('',*,*,#3609,.T.);
#4689=CARTESIAN_POINT('',(1.899999999999997,3.148537520449053,-0.740000000000000));
#4690=DIRECTION('',(-0.506801000941426,-0.862063075096462,0.0));
#4691=VECTOR('',#4690,0.574049560075067);
#4692=LINE('',#4689,#4691);
#4693=EDGE_CURVE('',#3596,#4675,#4692,.T.);
#4694=ORIENTED_EDGE('',*,*,#4693,.T.);
#4695=EDGE_LOOP('',(#4681,#4687,#4688,#4694));
#4696=FACE_OUTER_BOUND('',#4695,.T.);
#4697=ADVANCED_FACE('',(#4696),#4671,.F.);
#4698=CARTESIAN_POINT('',(1.504352917346764,2.475546069975557,-0.740000000000000));
#4699=CARTESIAN_POINT('',(1.504352917346764,2.475546069975557,-0.750000000000000));
#4700=CARTESIAN_POINT('',(0.118892161282667,0.118892161282662,-0.740000000000000));
#4701=CARTESIAN_POINT('',(0.118892161282667,0.118892161282662,-0.750000000000000));
#4702=B_SPLINE_SURFACE_WITH_KNOTS('',1,1,((#4698,#4700),(#4699,#4701)),.UNSPECIFIED.,.F.,.F.,.U.,(2,2),(2,2),(0.0,0.010000000000000),(0.0,2.733737213404243),.UNSPECIFIED.);
#4703=CARTESIAN_POINT('',(1.504352917346764,2.475546069975557,-0.740000000000000));
#4704=VERTEX_POINT('',#4703);
#4705=CARTESIAN_POINT('',(1.504352917346764,2.475546069975557,-0.750000000000000));
#4706=VERTEX_POINT('',#4705);
#4707=CARTESIAN_POINT('',(1.504352917346764,2.475546069975557,-0.740000000000000));
#4708=DIRECTION('',(0.0,0.0,-1.0));
#4709=VECTOR('',#4708,0.010000000000000);
#4710=LINE('',#4707,#4709);
#4711=EDGE_CURVE('',#4704,#4706,#4710,.T.);
#4712=ORIENTED_EDGE('',*,*,#4711,.F.);
#4713=CARTESIAN_POINT('',(1.504352917346764,2.475546069975557,-0.740000000000000));
#4714=DIRECTION('',(-0.506801000941427,-0.862063075096462,0.0));
#4715=VECTOR('',#4714,2.733737213404242);
#4716=LINE('',#4713,#4715);
#4717=EDGE_CURVE('',#4704,#4627,#4716,.T.);
#4718=ORIENTED_EDGE('',*,*,#4717,.T.);
#4719=ORIENTED_EDGE('',*,*,#4632,.F.);
#4720=CARTESIAN_POINT('',(1.504352917346763,2.475546069975558,-0.750000000000000));
#4721=DIRECTION('',(-0.506801000941427,-0.862063075096462,0.0));
#4722=VECTOR('',#4721,2.733737213404242);
#4723=LINE('',#4720,#4722);
#4724=EDGE_CURVE('',#4706,#4619,#4723,.T.);
#4725=ORIENTED_EDGE('',*,*,#4724,.F.);
#4726=EDGE_LOOP('',(#4712,#4718,#4719,#4725));
#4727=FACE_OUTER_BOUND('',#4726,.T.);
#4728=ADVANCED_FACE('',(#4727),#4702,.F.);
#4729=CARTESIAN_POINT('',(2.099999999999997,3.094103166670227,-0.750000000000000));
#4730=CARTESIAN_POINT('',(2.099999999999997,3.094103166670227,-0.740000000000000));
#4731=CARTESIAN_POINT('',(1.755177652834686,2.507564046962251,-0.750000000000000));
#4732=CARTESIAN_POINT('',(1.755177652834686,2.507564046962251,-0.740000000000000));
#4733=B_SPLINE_SURFACE_WITH_KNOTS('',1,1,((#4729,#4731),(#4730,#4732)),.UNSPECIFIED.,.F.,.F.,.U.,(2,2),(2,2),(0.0,0.010000000000000),(0.0,0.680390027890181),.UNSPECIFIED.);
#4734=CARTESIAN_POINT('',(1.755177652834687,2.507564046962251,-0.740000000000000));
#4735=VERTEX_POINT('',#4734);
#4736=CARTESIAN_POINT('',(1.755177652834686,2.507564046962252,-0.740000000000000));
#4737=DIRECTION('',(0.0,0.0,-1.0));
#4738=VECTOR('',#4737,0.010000000000000);
#4739=LINE('',#4736,#4738);
#4740=EDGE_CURVE('',#4735,#1644,#4739,.T.);
#4741=ORIENTED_EDGE('',*,*,#4740,.F.);
#4742=CARTESIAN_POINT('',(2.099999999999997,3.094103166670226,-0.740000000000000));
#4743=VERTEX_POINT('',#4742);
#4744=CARTESIAN_POINT('',(1.755177652834687,2.507564046962251,-0.740000000000000));
#4745=DIRECTION('',(0.506801000941430,0.862063075096460,0.0));
#4746=VECTOR('',#4745,0.680390027890180);
#4747=LINE('',#4744,#4746);
#4748=EDGE_CURVE('',#4735,#4743,#4747,.T.);
#4749=ORIENTED_EDGE('',*,*,#4748,.T.);
#4750=CARTESIAN_POINT('',(2.099999999999997,3.094103166670226,-0.750000000000000));
#4751=DIRECTION('',(0.0,0.0,1.0));
#4752=VECTOR('',#4751,0.010000000000000);
#4753=LINE('',#4750,#4752);
#4754=EDGE_CURVE('',#1652,#4743,#4753,.T.);
#4755=ORIENTED_EDGE('',*,*,#4754,.F.);
#4756=ORIENTED_EDGE('',*,*,#1657,.F.);
#4757=EDGE_LOOP('',(#4741,#4749,#4755,#4756));
#4758=FACE_OUTER_BOUND('',#4757,.T.);
#4759=ADVANCED_FACE('',(#4758),#4733,.F.);
#4760=CARTESIAN_POINT('',(16.851462479550939,1.899999999999995,-0.750000000000000));
#4761=CARTESIAN_POINT('',(16.851462479550939,1.899999999999995,-0.740000000000000));
#4762=CARTESIAN_POINT('',(3.148537520449038,1.899999999999988,-0.750000000000000));
#4763=CARTESIAN_POINT('',(3.148537520449040,1.899999999999988,-0.740000000000000));
#4764=B_SPLINE_SURFACE_WITH_KNOTS('',1,1,((#4760,#4762),(#4761,#4763)),.UNSPECIFIED.,.F.,.F.,.U.,(2,2),(2,2),(0.0,0.010000000000000),(0.0,13.702924959101901),.UNSPECIFIED.);
#4765=CARTESIAN_POINT('',(3.148537520449045,1.900000000000001,-0.740000000000000));
#4766=DIRECTION('',(1.0,0.0,0.0));
#4767=VECTOR('',#4766,13.702924959101894);
#4768=LINE('',#4765,#4767);
#4769=EDGE_CURVE('',#4579,#4258,#4768,.T.);
#4770=ORIENTED_EDGE('',*,*,#4769,.T.);
#4771=ORIENTED_EDGE('',*,*,#4263,.F.);
#4772=CARTESIAN_POINT('',(3.148537520449038,1.899999999999989,-0.750000000000000));
#4773=DIRECTION('',(1.0,0.0,0.0));
#4774=VECTOR('',#4773,13.702924959101901);
#4775=LINE('',#4772,#4774);
#4776=EDGE_CURVE('',#4587,#4250,#4775,.T.);
#4777=ORIENTED_EDGE('',*,*,#4776,.F.);
#4778=ORIENTED_EDGE('',*,*,#4592,.T.);
#4779=EDGE_LOOP('',(#4770,#4771,#4777,#4778));
#4780=FACE_OUTER_BOUND('',#4779,.T.);
#4781=ADVANCED_FACE('',(#4780),#4764,.F.);
#4782=CARTESIAN_POINT('',(2.329439525504838,1.650459461817484,-0.740000000000000));
#4783=CARTESIAN_POINT('',(2.329439525504838,1.650459461817484,-0.750000000000000));
#4784=CARTESIAN_POINT('',(0.681856841584330,0.681856841584333,-0.740000000000000));
#4785=CARTESIAN_POINT('',(0.681856841584330,0.681856841584333,-0.750000000000000));
#4786=B_SPLINE_SURFACE_WITH_KNOTS('',1,1,((#4782,#4784),(#4783,#4785)),.UNSPECIFIED.,.F.,.F.,.U.,(2,2),(2,2),(0.0,0.010000000000000),(0.0,1.911208972424844),.UNSPECIFIED.);
#4787=CARTESIAN_POINT('',(2.329439525504837,1.650459461817484,-0.740000000000000));
#4788=VERTEX_POINT('',#4787);
#4789=CARTESIAN_POINT('',(2.329439525504837,1.650459461817484,-0.750000000000000));
#4790=VERTEX_POINT('',#4789);
#4791=CARTESIAN_POINT('',(2.329439525504838,1.650459461817484,-0.740000000000000));
#4792=DIRECTION('',(0.0,0.0,-1.0));
#4793=VECTOR('',#4792,0.010000000000000);
#4794=LINE('',#4791,#4793);
#4795=EDGE_CURVE('',#4788,#4790,#4794,.T.);
#4796=ORIENTED_EDGE('',*,*,#4795,.F.);
#4797=CARTESIAN_POINT('',(0.681856841584330,0.681856841584334,-0.740000000000000));
#4798=VERTEX_POINT('',#4797);
#4799=CARTESIAN_POINT('',(2.329439525504837,1.650459461817484,-0.740000000000000));
#4800=DIRECTION('',(-0.862063075096461,-0.506801000941429,0.0));
#4801=VECTOR('',#4800,1.911208972424844);
#4802=LINE('',#4799,#4801);
#4803=EDGE_CURVE('',#4788,#4798,#4802,.T.);
#4804=ORIENTED_EDGE('',*,*,#4803,.T.);
#4805=CARTESIAN_POINT('',(0.681856841584330,0.681856841584334,-0.750000000000000));
#4806=VERTEX_POINT('',#4805);
#4807=CARTESIAN_POINT('',(0.681856841584330,0.681856841584334,-0.750000000000000));
#4808=DIRECTION('',(0.0,0.0,1.0));
#4809=VECTOR('',#4808,0.010000000000000);
#4810=LINE('',#4807,#4809);
#4811=EDGE_CURVE('',#4806,#4798,#4810,.T.);
#4812=ORIENTED_EDGE('',*,*,#4811,.F.);
#4813=CARTESIAN_POINT('',(2.329439525504837,1.650459461817484,-0.750000000000000));
#4814=DIRECTION('',(-0.862063075096461,-0.506801000941429,0.0));
#4815=VECTOR('',#4814,1.911208972424845);
#4816=LINE('',#4813,#4815);
#4817=EDGE_CURVE('',#4790,#4806,#4816,.T.);
#4818=ORIENTED_EDGE('',*,*,#4817,.F.);
#4819=EDGE_LOOP('',(#4796,#4804,#4812,#4818));
#4820=FACE_OUTER_BOUND('',#4819,.T.);
#4821=ADVANCED_FACE('',(#4820),#4786,.F.);
#4822=CARTESIAN_POINT('',(1.650459461817482,2.329439525504840,-0.750000000000000));
#4823=CARTESIAN_POINT('',(1.650459461817482,2.329439525504840,-0.740000000000000));
#4824=CARTESIAN_POINT('',(0.681856841584329,0.681856841584333,-0.750000000000000));
#4825=CARTESIAN_POINT('',(0.681856841584329,0.681856841584333,-0.740000000000000));
#4826=B_SPLINE_SURFACE_WITH_KNOTS('',1,1,((#4822,#4824),(#4823,#4825)),.UNSPECIFIED.,.F.,.F.,.U.,(2,2),(2,2),(0.0,0.010000000000000),(0.0,1.911208972424845),.UNSPECIFIED.);
#4827=CARTESIAN_POINT('',(1.650459461817482,2.329439525504839,-0.750000000000000));
#4828=VERTEX_POINT('',#4827);
#4829=CARTESIAN_POINT('',(1.650459461817482,2.329439525504839,-0.740000000000000));
#4830=VERTEX_POINT('',#4829);
#4831=CARTESIAN_POINT('',(1.650459461817482,2.329439525504840,-0.750000000000000));
#4832=DIRECTION('',(0.0,0.0,1.0));
#4833=VECTOR('',#4832,0.010000000000000);
#4834=LINE('',#4831,#4833);
#4835=EDGE_CURVE('',#4828,#4830,#4834,.T.);
#4836=ORIENTED_EDGE('',*,*,#4835,.F.);
#4837=CARTESIAN_POINT('',(0.681856841584329,0.681856841584334,-0.750000000000000));
#4838=DIRECTION('',(0.506801000941430,0.862063075096460,0.0));
#4839=VECTOR('',#4838,1.911208972424842);
#4840=LINE('',#4837,#4839);
#4841=EDGE_CURVE('',#4806,#4828,#4840,.T.);
#4842=ORIENTED_EDGE('',*,*,#4841,.F.);
#4843=ORIENTED_EDGE('',*,*,#4811,.T.);
#4844=CARTESIAN_POINT('',(0.681856841584331,0.681856841584334,-0.740000000000000));
#4845=DIRECTION('',(0.506801000941430,0.862063075096460,0.0));
#4846=VECTOR('',#4845,1.911208972424842);
#4847=LINE('',#4844,#4846);
#4848=EDGE_CURVE('',#4798,#4830,#4847,.T.);
#4849=ORIENTED_EDGE('',*,*,#4848,.T.);
#4850=EDGE_LOOP('',(#4836,#4842,#4843,#4849));
#4851=FACE_OUTER_BOUND('',#4850,.T.);
#4852=ADVANCED_FACE('',(#4851),#4826,.F.);
#4853=CARTESIAN_POINT('',(2.099999999999994,10.396290544517100,-0.750000000000000));
#4854=CARTESIAN_POINT('',(2.099999999999994,10.396290544517100,-0.740000000000000));
#4855=CARTESIAN_POINT('',(2.099999999999997,3.094103166670225,-0.750000000000000));
#4856=CARTESIAN_POINT('',(2.099999999999997,3.094103166670225,-0.740000000000000));
#4857=B_SPLINE_SURFACE_WITH_KNOTS('',1,1,((#4853,#4855),(#4854,#4856)),.UNSPECIFIED.,.F.,.F.,.U.,(2,2),(2,2),(0.0,0.010000000000000),(0.0,7.302187377846876),.UNSPECIFIED.);
#4858=CARTESIAN_POINT('',(2.100000000000000,3.094103166670226,-0.740000000000000));
#4859=DIRECTION('',(0.0,1.0,0.0));
#4860=VECTOR('',#4859,7.302187377846876);
#4861=LINE('',#4858,#4860);
#4862=EDGE_CURVE('',#4743,#3484,#4861,.T.);
#4863=ORIENTED_EDGE('',*,*,#4862,.T.);
#4864=ORIENTED_EDGE('',*,*,#3489,.T.);
#4865=ORIENTED_EDGE('',*,*,#1665,.F.);
#4866=ORIENTED_EDGE('',*,*,#4754,.T.);
#4867=EDGE_LOOP('',(#4863,#4864,#4865,#4866));
#4868=FACE_OUTER_BOUND('',#4867,.T.);
#4869=ADVANCED_FACE('',(#4868),#4857,.F.);
#4870=CARTESIAN_POINT('',(1.650459461817482,2.329439525504840,-0.740000000000000));
#4871=CARTESIAN_POINT('',(1.650459461817482,2.329439525504840,-0.750000000000000));
#4872=CARTESIAN_POINT('',(2.329439525504839,1.650459461817483,-0.740000000000000));
#4873=CARTESIAN_POINT('',(2.329439525504839,1.650459461817483,-0.750000000000000));
#4874=B_SPLINE_SURFACE_WITH_KNOTS('',1,1,((#4870,#4872),(#4871,#4873)),.UNSPECIFIED.,.F.,.F.,.U.,(2,2),(2,2),(0.0,0.010000000000000),(0.0,0.960222814647607),.UNSPECIFIED.);
#4875=ORIENTED_EDGE('',*,*,#4795,.T.);
#4876=CARTESIAN_POINT('',(1.650459461817481,2.329439525504838,-0.750000000000000));
#4877=DIRECTION('',(0.707106781186548,-0.707106781186547,0.0));
#4878=VECTOR('',#4877,0.960222814647605);
#4879=LINE('',#4876,#4878);
#4880=EDGE_CURVE('',#4828,#4790,#4879,.T.);
#4881=ORIENTED_EDGE('',*,*,#4880,.F.);
#4882=ORIENTED_EDGE('',*,*,#4835,.T.);
#4883=CARTESIAN_POINT('',(1.650459461817482,2.329439525504840,-0.740000000000000));
#4884=DIRECTION('',(0.707106781186548,-0.707106781186548,0.0));
#4885=VECTOR('',#4884,0.960222814647607);
#4886=LINE('',#4883,#4885);
#4887=EDGE_CURVE('',#4830,#4788,#4886,.T.);
#4888=ORIENTED_EDGE('',*,*,#4887,.T.);
#4889=EDGE_LOOP('',(#4875,#4881,#4882,#4888));
#4890=FACE_OUTER_BOUND('',#4889,.T.);
#4891=ADVANCED_FACE('',(#4890),#4874,.F.);
#4892=CARTESIAN_POINT('',(0.899999999999996,3.079898987322325,-0.740000000000000));
#4893=CARTESIAN_POINT('',(0.899999999999996,3.079898987322325,-0.750000000000000));
#4894=CARTESIAN_POINT('',(1.504352917346765,2.475546069975557,-0.740000000000000));
#4895=CARTESIAN_POINT('',(1.504352917346765,2.475546069975557,-0.750000000000000));
#4896=B_SPLINE_SURFACE_WITH_KNOTS('',1,1,((#4892,#4894),(#4893,#4895)),.UNSPECIFIED.,.F.,.F.,.U.,(2,2),(2,2),(0.0,0.010000000000000),(0.0,0.854684092171547),.UNSPECIFIED.);
#4897=ORIENTED_EDGE('',*,*,#4711,.T.);
#4898=CARTESIAN_POINT('',(0.899999999999995,3.079898987322324,-0.750000000000000));
#4899=DIRECTION('',(0.707106781186547,-0.707106781186548,0.0));
#4900=VECTOR('',#4899,0.854684092171545);
#4901=LINE('',#4898,#4900);
#4902=EDGE_CURVE('',#3666,#4706,#4901,.T.);
#4903=ORIENTED_EDGE('',*,*,#4902,.F.);
#4904=ORIENTED_EDGE('',*,*,#3686,.T.);
#4905=CARTESIAN_POINT('',(0.899999999999996,3.079898987322325,-0.740000000000000));
#4906=DIRECTION('',(0.707106781186548,-0.707106781186548,0.0));
#4907=VECTOR('',#4906,0.854684092171545);
#4908=LINE('',#4905,#4907);
#4909=EDGE_CURVE('',#3675,#4704,#4908,.T.);
#4910=ORIENTED_EDGE('',*,*,#4909,.T.);
#4911=EDGE_LOOP('',(#4897,#4903,#4904,#4910));
#4912=FACE_OUTER_BOUND('',#4911,.T.);
#4913=ADVANCED_FACE('',(#4912),#4896,.F.);
#4914=CARTESIAN_POINT('',(1.099999999999991,3.162741699796946,-0.750000000000000));
#4915=CARTESIAN_POINT('',(1.099999999999991,3.162741699796946,-0.740000000000000));
#4916=CARTESIAN_POINT('',(1.609071108363968,2.653670591432970,-0.750000000000000));
#4917=CARTESIAN_POINT('',(1.609071108363968,2.653670591432970,-0.740000000000000));
#4918=B_SPLINE_SURFACE_WITH_KNOTS('',1,1,((#4914,#4916),(#4915,#4917)),.UNSPECIFIED.,.F.,.F.,.U.,(2,2),(2,2),(0.0,0.010000000000000),(0.0,0.719935265660640),.UNSPECIFIED.);
#4919=ORIENTED_EDGE('',*,*,#4680,.T.);
#4920=CARTESIAN_POINT('',(1.099999999999992,3.162741699796947,-0.740000000000000));
#4921=VERTEX_POINT('',#4920);
#4922=CARTESIAN_POINT('',(1.609071108363969,2.653670591432972,-0.740000000000000));
#4923=DIRECTION('',(-0.707106781186548,0.707106781186547,0.0));
#4924=VECTOR('',#4923,0.719935265660639);
#4925=LINE('',#4922,#4924);
#4926=EDGE_CURVE('',#4675,#4921,#4925,.T.);
#4927=ORIENTED_EDGE('',*,*,#4926,.T.);
#4928=CARTESIAN_POINT('',(1.099999999999992,3.162741699796947,-0.750000000000000));
#4929=VERTEX_POINT('',#4928);
#4930=CARTESIAN_POINT('',(1.099999999999992,3.162741699796947,-0.750000000000000));
#4931=DIRECTION('',(0.0,0.0,1.0));
#4932=VECTOR('',#4931,0.010000000000000);
#4933=LINE('',#4930,#4932);
#4934=EDGE_CURVE('',#4929,#4921,#4933,.T.);
#4935=ORIENTED_EDGE('',*,*,#4934,.F.);
#4936=CARTESIAN_POINT('',(1.609071108363968,2.653670591432970,-0.750000000000000));
#4937=DIRECTION('',(-0.707106781186548,0.707106781186547,0.0));
#4938=VECTOR('',#4937,0.719935265660639);
#4939=LINE('',#4936,#4938);
#4940=EDGE_CURVE('',#4673,#4929,#4939,.T.);
#4941=ORIENTED_EDGE('',*,*,#4940,.F.);
#4942=EDGE_LOOP('',(#4919,#4927,#4935,#4941));
#4943=FACE_OUTER_BOUND('',#4942,.T.);
#4944=ADVANCED_FACE('',(#4943),#4918,.F.);
#4945=CARTESIAN_POINT('',(1.755177652834685,2.507564046962253,-0.750000000000000));
#4946=CARTESIAN_POINT('',(1.755177652834685,2.507564046962253,-0.740000000000000));
#4947=CARTESIAN_POINT('',(2.507564046962252,1.755177652834688,-0.750000000000000));
#4948=CARTESIAN_POINT('',(2.507564046962252,1.755177652834687,-0.740000000000000));
#4949=B_SPLINE_SURFACE_WITH_KNOTS('',1,1,((#4945,#4947),(#4946,#4948)),.UNSPECIFIED.,.F.,.F.,.U.,(2,2),(2,2),(0.0,0.010000000000000),(0.0,1.064035042720193),.UNSPECIFIED.);
#4950=ORIENTED_EDGE('',*,*,#4654,.T.);
#4951=CARTESIAN_POINT('',(2.507564046962253,1.755177652834689,-0.740000000000000));
#4952=DIRECTION('',(-0.707106781186548,0.707106781186547,0.0));
#4953=VECTOR('',#4952,1.064035042720191);
#4954=LINE('',#4951,#4953);
#4955=EDGE_CURVE('',#4649,#4735,#4954,.T.);
#4956=ORIENTED_EDGE('',*,*,#4955,.T.);
#4957=ORIENTED_EDGE('',*,*,#4740,.T.);
#4958=ORIENTED_EDGE('',*,*,#1649,.F.);
#4959=EDGE_LOOP('',(#4950,#4956,#4957,#4958));
#4960=FACE_OUTER_BOUND('',#4959,.T.);
#4961=ADVANCED_FACE('',(#4960),#4949,.F.);
#4962=CARTESIAN_POINT('',(17.346329408567023,8.390928891636024,-0.740000000000000));
#4963=CARTESIAN_POINT('',(17.346329408567023,8.390928891636024,-0.750000000000000));
#4964=CARTESIAN_POINT('',(16.851462479550953,8.100000000000003,-0.740000000000000));
#4965=CARTESIAN_POINT('',(16.851462479550953,8.100000000000003,-0.750000000000000));
#4966=B_SPLINE_SURFACE_WITH_KNOTS('',1,1,((#4962,#4964),(#4963,#4965)),.UNSPECIFIED.,.F.,.F.,.U.,(2,2),(2,2),(0.0,0.010000000000000),(0.0,0.574049560075051),.UNSPECIFIED.);
#4967=CARTESIAN_POINT('',(17.346329408567026,8.390928891636024,-0.740000000000000));
#4968=VERTEX_POINT('',#4967);
#4969=CARTESIAN_POINT('',(17.346329408567026,8.390928891636024,-0.750000000000000));
#4970=VERTEX_POINT('',#4969);
#4971=CARTESIAN_POINT('',(17.346329408567026,8.390928891636026,-0.740000000000000));
#4972=DIRECTION('',(0.0,0.0,-1.0));
#4973=VECTOR('',#4972,0.010000000000000);
#4974=LINE('',#4971,#4973);
#4975=EDGE_CURVE('',#4968,#4970,#4974,.T.);
#4976=ORIENTED_EDGE('',*,*,#4975,.F.);
#4977=CARTESIAN_POINT('',(16.851462479550957,8.100000000000005,-0.740000000000000));
#4978=VERTEX_POINT('',#4977);
#4979=CARTESIAN_POINT('',(17.346329408567023,8.390928891636026,-0.740000000000000));
#4980=DIRECTION('',(-0.862063075096461,-0.506801000941429,0.0));
#4981=VECTOR('',#4980,0.574049560075048);
#4982=LINE('',#4979,#4981);
#4983=EDGE_CURVE('',#4968,#4978,#4982,.T.);
#4984=ORIENTED_EDGE('',*,*,#4983,.T.);
#4985=CARTESIAN_POINT('',(16.851462479550957,8.100000000000005,-0.750000000000000));
#4986=VERTEX_POINT('',#4985);
#4987=CARTESIAN_POINT('',(16.851462479550957,8.100000000000005,-0.750000000000000));
#4988=DIRECTION('',(0.0,0.0,1.0));
#4989=VECTOR('',#4988,0.010000000000000);
#4990=LINE('',#4987,#4989);
#4991=EDGE_CURVE('',#4986,#4978,#4990,.T.);
#4992=ORIENTED_EDGE('',*,*,#4991,.F.);
#4993=CARTESIAN_POINT('',(17.346329408567026,8.390928891636024,-0.750000000000000));
#4994=DIRECTION('',(-0.862063075096461,-0.506801000941429,0.0));
#4995=VECTOR('',#4994,0.574049560075048);
#4996=LINE('',#4993,#4995);
#4997=EDGE_CURVE('',#4970,#4986,#4996,.T.);
#4998=ORIENTED_EDGE('',*,*,#4997,.F.);
#4999=EDGE_LOOP('',(#4976,#4984,#4992,#4998));
#5000=FACE_OUTER_BOUND('',#4999,.T.);
#5001=ADVANCED_FACE('',(#5000),#4966,.F.);
#5002=CARTESIAN_POINT('',(19.881107838717330,9.881107838717327,-0.740000000000000));
#5003=CARTESIAN_POINT('',(19.881107838717330,9.881107838717327,-0.750000000000000));
#5004=CARTESIAN_POINT('',(17.524453930024436,8.495647082653228,-0.740000000000000));
#5005=CARTESIAN_POINT('',(17.524453930024432,8.495647082653228,-0.750000000000000));
#5006=B_SPLINE_SURFACE_WITH_KNOTS('',1,1,((#5002,#5004),(#5003,#5005)),.UNSPECIFIED.,.F.,.F.,.U.,(2,2),(2,2),(0.0,0.010000000000000),(0.0,2.733737213404244),.UNSPECIFIED.);
#5007=CARTESIAN_POINT('',(17.524453930024439,8.495647082653230,-0.750000000000000));
#5008=VERTEX_POINT('',#5007);
#5009=CARTESIAN_POINT('',(17.524453930024439,8.495647082653230,-0.740000000000000));
#5010=VERTEX_POINT('',#5009);
#5011=CARTESIAN_POINT('',(17.524453930024439,8.495647082653230,-0.750000000000000));
#5012=DIRECTION('',(0.0,0.0,1.0));
#5013=VECTOR('',#5012,0.010000000000000);
#5014=LINE('',#5011,#5013);
#5015=EDGE_CURVE('',#5008,#5010,#5014,.T.);
#5016=ORIENTED_EDGE('',*,*,#5015,.F.);
#5017=CARTESIAN_POINT('',(19.881107838717330,9.881107838717327,-0.750000000000000));
#5018=VERTEX_POINT('',#5017);
#5019=CARTESIAN_POINT('',(19.881107838717330,9.881107838717327,-0.750000000000000));
#5020=DIRECTION('',(-0.862063075096461,-0.506801000941428,0.0));
#5021=VECTOR('',#5020,2.733737213404241);
#5022=LINE('',#5019,#5021);
#5023=EDGE_CURVE('',#5018,#5008,#5022,.T.);
#5024=ORIENTED_EDGE('',*,*,#5023,.F.);
#5025=CARTESIAN_POINT('',(19.881107838717330,9.881107838717327,-0.740000000000000));
#5026=VERTEX_POINT('',#5025);
#5027=CARTESIAN_POINT('',(19.881107838717330,9.881107838717327,-0.750000000000000));
#5028=DIRECTION('',(0.0,0.0,1.0));
#5029=VECTOR('',#5028,0.010000000000000);
#5030=LINE('',#5027,#5029);
#5031=EDGE_CURVE('',#5018,#5026,#5030,.T.);
#5032=ORIENTED_EDGE('',*,*,#5031,.T.);
#5033=CARTESIAN_POINT('',(19.881107838717327,9.881107838717327,-0.740000000000000));
#5034=DIRECTION('',(-0.862063075096461,-0.506801000941428,0.0));
#5035=VECTOR('',#5034,2.733737213404238);
#5036=LINE('',#5033,#5035);
#5037=EDGE_CURVE('',#5026,#5010,#5036,.T.);
#5038=ORIENTED_EDGE('',*,*,#5037,.T.);
#5039=EDGE_LOOP('',(#5016,#5024,#5032,#5038));
#5040=FACE_OUTER_BOUND('',#5039,.T.);
#5041=ADVANCED_FACE('',(#5040),#5006,.F.);
#5042=CARTESIAN_POINT('',(17.492435953037745,8.244822347165307,-0.750000000000000));
#5043=CARTESIAN_POINT('',(17.492435953037745,8.244822347165307,-0.740000000000000));
#5044=CARTESIAN_POINT('',(16.905896833329784,7.900000000000008,-0.750000000000000));
#5045=CARTESIAN_POINT('',(16.905896833329788,7.900000000000009,-0.740000000000000));
#5046=B_SPLINE_SURFACE_WITH_KNOTS('',1,1,((#5042,#5044),(#5043,#5045)),.UNSPECIFIED.,.F.,.F.,.U.,(2,2),(2,2),(0.0,0.010000000000000),(0.0,0.680390027890163),.UNSPECIFIED.);
#5047=CARTESIAN_POINT('',(17.492435953037745,8.244822347165306,-0.740000000000000));
#5048=VERTEX_POINT('',#5047);
#5049=CARTESIAN_POINT('',(17.492435953037745,8.244822347165306,-0.750000000000000));
#5050=DIRECTION('',(0.0,0.0,1.0));
#5051=VECTOR('',#5050,0.010000000000000);
#5052=LINE('',#5049,#5051);
#5053=EDGE_CURVE('',#1572,#5048,#5052,.T.);
#5054=ORIENTED_EDGE('',*,*,#5053,.F.);
#5055=ORIENTED_EDGE('',*,*,#1577,.F.);
#5056=CARTESIAN_POINT('',(16.905896833329784,7.900000000000008,-0.740000000000000));
#5057=VERTEX_POINT('',#5056);
#5058=CARTESIAN_POINT('',(16.905896833329784,7.900000000000008,-0.750000000000000));
#5059=DIRECTION('',(0.0,0.0,1.0));
#5060=VECTOR('',#5059,0.010000000000000);
#5061=LINE('',#5058,#5060);
#5062=EDGE_CURVE('',#1564,#5057,#5061,.T.);
#5063=ORIENTED_EDGE('',*,*,#5062,.T.);
#5064=CARTESIAN_POINT('',(16.905896833329784,7.900000000000005,-0.740000000000000));
#5065=DIRECTION('',(0.862063075096462,0.506801000941426,0.0));
#5066=VECTOR('',#5065,0.680390027890162);
#5067=LINE('',#5064,#5066);
#5068=EDGE_CURVE('',#5057,#5048,#5067,.T.);
#5069=ORIENTED_EDGE('',*,*,#5068,.T.);
#5070=EDGE_LOOP('',(#5054,#5055,#5063,#5069));
#5071=FACE_OUTER_BOUND('',#5070,.T.);
#5072=ADVANCED_FACE('',(#5071),#5046,.F.);
#5073=CARTESIAN_POINT('',(18.390928891636026,7.346329408567026,-0.750000000000000));
#5074=CARTESIAN_POINT('',(18.390928891636026,7.346329408567026,-0.740000000000000));
#5075=CARTESIAN_POINT('',(18.099999999999994,6.851462479550943,-0.750000000000000));
#5076=CARTESIAN_POINT('',(18.099999999999991,6.851462479550943,-0.740000000000000));
#5077=B_SPLINE_SURFACE_WITH_KNOTS('',1,1,((#5073,#5075),(#5074,#5076)),.UNSPECIFIED.,.F.,.F.,.U.,(2,2),(2,2),(0.0,0.010000000000000),(0.0,0.574049560075068),.UNSPECIFIED.);
#5078=CARTESIAN_POINT('',(18.390928891636026,7.346329408567025,-0.750000000000000));
#5079=VERTEX_POINT('',#5078);
#5080=CARTESIAN_POINT('',(18.390928891636026,7.346329408567025,-0.740000000000000));
#5081=VERTEX_POINT('',#5080);
#5082=CARTESIAN_POINT('',(18.390928891636026,7.346329408567024,-0.750000000000000));
#5083=DIRECTION('',(0.0,0.0,1.0));
#5084=VECTOR('',#5083,0.010000000000000);
#5085=LINE('',#5082,#5084);
#5086=EDGE_CURVE('',#5079,#5081,#5085,.T.);
#5087=ORIENTED_EDGE('',*,*,#5086,.F.);
#5088=CARTESIAN_POINT('',(18.099999999999994,6.851462479550944,-0.750000000000000));
#5089=DIRECTION('',(0.506801000941426,0.862063075096462,0.0));
#5090=VECTOR('',#5089,0.574049560075065);
#5091=LINE('',#5088,#5090);
#5092=EDGE_CURVE('',#4350,#5079,#5091,.T.);
#5093=ORIENTED_EDGE('',*,*,#5092,.F.);
#5094=ORIENTED_EDGE('',*,*,#4355,.T.);
#5095=CARTESIAN_POINT('',(18.099999999999994,6.851462479550943,-0.740000000000000));
#5096=DIRECTION('',(0.506801000941431,0.862063075096460,0.0));
#5097=VECTOR('',#5096,0.574049560075067);
#5098=LINE('',#5095,#5097);
#5099=EDGE_CURVE('',#4342,#5081,#5098,.T.);
#5100=ORIENTED_EDGE('',*,*,#5099,.T.);
#5101=EDGE_LOOP('',(#5087,#5093,#5094,#5100));
#5102=FACE_OUTER_BOUND('',#5101,.T.);
#5103=ADVANCED_FACE('',(#5102),#5077,.F.);
#5104=CARTESIAN_POINT('',(19.881107838717327,9.881107838717330,-0.750000000000000));
#5105=CARTESIAN_POINT('',(19.881107838717327,9.881107838717330,-0.740000000000000));
#5106=CARTESIAN_POINT('',(18.495647082653228,7.524453930024437,-0.750000000000000));
#5107=CARTESIAN_POINT('',(18.495647082653228,7.524453930024439,-0.740000000000000));
#5108=B_SPLINE_SURFACE_WITH_KNOTS('',1,1,((#5104,#5106),(#5105,#5107)),.UNSPECIFIED.,.F.,.F.,.U.,(2,2),(2,2),(0.0,0.010000000000000),(0.0,2.733737213404243),.UNSPECIFIED.);
#5109=CARTESIAN_POINT('',(18.495647082653228,7.524453930024437,-0.740000000000000));
#5110=VERTEX_POINT('',#5109);
#5111=CARTESIAN_POINT('',(18.495647082653228,7.524453930024437,-0.750000000000000));
#5112=VERTEX_POINT('',#5111);
#5113=CARTESIAN_POINT('',(18.495647082653232,7.524453930024437,-0.740000000000000));
#5114=DIRECTION('',(0.0,0.0,-1.0));
#5115=VECTOR('',#5114,0.010000000000000);
#5116=LINE('',#5113,#5115);
#5117=EDGE_CURVE('',#5110,#5112,#5116,.T.);
#5118=ORIENTED_EDGE('',*,*,#5117,.F.);
#5119=CARTESIAN_POINT('',(18.495647082653228,7.524453930024437,-0.740000000000000));
#5120=DIRECTION('',(0.506801000941428,0.862063075096461,0.0));
#5121=VECTOR('',#5120,2.733737213404241);
#5122=LINE('',#5119,#5121);
#5123=EDGE_CURVE('',#5110,#5026,#5122,.T.);
#5124=ORIENTED_EDGE('',*,*,#5123,.T.);
#5125=ORIENTED_EDGE('',*,*,#5031,.F.);
#5126=CARTESIAN_POINT('',(18.495647082653228,7.524453930024437,-0.750000000000000));
#5127=DIRECTION('',(0.506801000941428,0.862063075096461,0.0));
#5128=VECTOR('',#5127,2.733737213404241);
#5129=LINE('',#5126,#5128);
#5130=EDGE_CURVE('',#5112,#5018,#5129,.T.);
#5131=ORIENTED_EDGE('',*,*,#5130,.F.);
#5132=EDGE_LOOP('',(#5118,#5124,#5125,#5131));
#5133=FACE_OUTER_BOUND('',#5132,.T.);
#5134=ADVANCED_FACE('',(#5133),#5108,.F.);
#5135=CARTESIAN_POINT('',(18.244822347165311,7.492435953037743,-0.740000000000000));
#5136=CARTESIAN_POINT('',(18.244822347165311,7.492435953037743,-0.750000000000000));
#5137=CARTESIAN_POINT('',(17.899999999999999,6.905896833329769,-0.740000000000000));
#5138=CARTESIAN_POINT('',(17.899999999999999,6.905896833329768,-0.750000000000000));
#5139=B_SPLINE_SURFACE_WITH_KNOTS('',1,1,((#5135,#5137),(#5136,#5138)),.UNSPECIFIED.,.F.,.F.,.U.,(2,2),(2,2),(0.0,0.010000000000000),(0.0,0.680390027890181),.UNSPECIFIED.);
#5140=CARTESIAN_POINT('',(18.244822347165307,7.492435953037742,-0.740000000000000));
#5141=VERTEX_POINT('',#5140);
#5142=CARTESIAN_POINT('',(18.244822347165307,7.492435953037742,-0.740000000000000));
#5143=DIRECTION('',(0.0,0.0,-1.0));
#5144=VECTOR('',#5143,0.010000000000000);
#5145=LINE('',#5142,#5144);
#5146=EDGE_CURVE('',#5141,#1580,#5145,.T.);
#5147=ORIENTED_EDGE('',*,*,#5146,.F.);
#5148=CARTESIAN_POINT('',(17.899999999999999,6.905896833329770,-0.740000000000000));
#5149=VERTEX_POINT('',#5148);
#5150=CARTESIAN_POINT('',(18.244822347165307,7.492435953037742,-0.740000000000000));
#5151=DIRECTION('',(-0.506801000941430,-0.862063075096460,0.0));
#5152=VECTOR('',#5151,0.680390027890176);
#5153=LINE('',#5150,#5152);
#5154=EDGE_CURVE('',#5141,#5149,#5153,.T.);
#5155=ORIENTED_EDGE('',*,*,#5154,.T.);
#5156=CARTESIAN_POINT('',(17.899999999999999,6.905896833329770,-0.750000000000000));
#5157=DIRECTION('',(0.0,0.0,1.0));
#5158=VECTOR('',#5157,0.010000000000000);
#5159=LINE('',#5156,#5158);
#5160=EDGE_CURVE('',#1588,#5149,#5159,.T.);
#5161=ORIENTED_EDGE('',*,*,#5160,.F.);
#5162=ORIENTED_EDGE('',*,*,#1593,.F.);
#5163=EDGE_LOOP('',(#5147,#5155,#5161,#5162));
#5164=FACE_OUTER_BOUND('',#5163,.T.);
#5165=ADVANCED_FACE('',(#5164),#5139,.F.);
#5166=CARTESIAN_POINT('',(16.851462479550957,8.100000000000005,-0.740000000000000));
#5167=CARTESIAN_POINT('',(16.851462479550957,8.100000000000005,-0.750000000000000));
#5168=CARTESIAN_POINT('',(14.216283142591575,8.100000000000007,-0.740000000000000));
#5169=CARTESIAN_POINT('',(14.216283142591575,8.100000000000005,-0.750000000000000));
#5170=B_SPLINE_SURFACE_WITH_KNOTS('',1,1,((#5166,#5168),(#5167,#5169)),.UNSPECIFIED.,.F.,.F.,.U.,(2,2),(2,2),(0.0,0.010000000000000),(0.0,2.635179336959382),.UNSPECIFIED.);
#5171=CARTESIAN_POINT('',(16.851462479550960,8.100000000000005,-0.740000000000000));
#5172=DIRECTION('',(-1.0,0.0,0.0));
#5173=VECTOR('',#5172,2.635179336959386);
#5174=LINE('',#5171,#5173);
#5175=EDGE_CURVE('',#4978,#3817,#5174,.T.);
#5176=ORIENTED_EDGE('',*,*,#5175,.T.);
#5177=ORIENTED_EDGE('',*,*,#3822,.T.);
#5178=CARTESIAN_POINT('',(16.851462479550957,8.100000000000005,-0.750000000000000));
#5179=DIRECTION('',(-1.0,0.0,0.0));
#5180=VECTOR('',#5179,2.635179336959382);
#5181=LINE('',#5178,#5180);
#5182=EDGE_CURVE('',#4986,#3809,#5181,.T.);
#5183=ORIENTED_EDGE('',*,*,#5182,.F.);
#5184=ORIENTED_EDGE('',*,*,#4991,.T.);
#5185=EDGE_LOOP('',(#5176,#5177,#5183,#5184));
#5186=FACE_OUTER_BOUND('',#5185,.T.);
#5187=ADVANCED_FACE('',(#5186),#5170,.F.);
#5188=CARTESIAN_POINT('',(19.318143158415666,9.318143158415660,-0.750000000000000));
#5189=CARTESIAN_POINT('',(19.318143158415666,9.318143158415660,-0.740000000000000));
#5190=CARTESIAN_POINT('',(17.670560474495154,8.349540538182511,-0.750000000000000));
#5191=CARTESIAN_POINT('',(17.670560474495154,8.349540538182511,-0.740000000000000));
#5192=B_SPLINE_SURFACE_WITH_KNOTS('',1,1,((#5188,#5190),(#5189,#5191)),.UNSPECIFIED.,.F.,.F.,.U.,(2,2),(2,2),(0.0,0.010000000000000),(0.0,1.911208972424846),.UNSPECIFIED.);
#5193=CARTESIAN_POINT('',(17.670560474495158,8.349540538182509,-0.740000000000000));
#5194=VERTEX_POINT('',#5193);
#5195=CARTESIAN_POINT('',(17.670560474495158,8.349540538182509,-0.750000000000000));
#5196=VERTEX_POINT('',#5195);
#5197=CARTESIAN_POINT('',(17.670560474495154,8.349540538182511,-0.740000000000000));
#5198=DIRECTION('',(0.0,0.0,-1.0));
#5199=VECTOR('',#5198,0.010000000000000);
#5200=LINE('',#5197,#5199);
#5201=EDGE_CURVE('',#5194,#5196,#5200,.T.);
#5202=ORIENTED_EDGE('',*,*,#5201,.F.);
#5203=CARTESIAN_POINT('',(19.318143158415666,9.318143158415657,-0.740000000000000));
#5204=VERTEX_POINT('',#5203);
#5205=CARTESIAN_POINT('',(17.670560474495158,8.349540538182509,-0.740000000000000));
#5206=DIRECTION('',(0.862063075096461,0.506801000941428,0.0));
#5207=VECTOR('',#5206,1.911208972424842);
#5208=LINE('',#5205,#5207);
#5209=EDGE_CURVE('',#5194,#5204,#5208,.T.);
#5210=ORIENTED_EDGE('',*,*,#5209,.T.);
#5211=CARTESIAN_POINT('',(19.318143158415666,9.318143158415657,-0.750000000000000));
#5212=VERTEX_POINT('',#5211);
#5213=CARTESIAN_POINT('',(19.318143158415666,9.318143158415657,-0.750000000000000));
#5214=DIRECTION('',(0.0,0.0,1.0));
#5215=VECTOR('',#5214,0.010000000000000);
#5216=LINE('',#5213,#5215);
#5217=EDGE_CURVE('',#5212,#5204,#5216,.T.);
#5218=ORIENTED_EDGE('',*,*,#5217,.F.);
#5219=CARTESIAN_POINT('',(17.670560474495158,8.349540538182509,-0.750000000000000));
#5220=DIRECTION('',(0.862063075096461,0.506801000941428,0.0));
#5221=VECTOR('',#5220,1.911208972424843);
#5222=LINE('',#5219,#5221);
#5223=EDGE_CURVE('',#5196,#5212,#5222,.T.);
#5224=ORIENTED_EDGE('',*,*,#5223,.F.);
#5225=EDGE_LOOP('',(#5202,#5210,#5218,#5224));
#5226=FACE_OUTER_BOUND('',#5225,.T.);
#5227=ADVANCED_FACE('',(#5226),#5192,.F.);
#5228=CARTESIAN_POINT('',(19.318143158415669,9.318143158415660,-0.740000000000000));
#5229=CARTESIAN_POINT('',(19.318143158415669,9.318143158415660,-0.750000000000000));
#5230=CARTESIAN_POINT('',(18.349540538182513,7.670560474495153,-0.740000000000000));
#5231=CARTESIAN_POINT('',(18.349540538182513,7.670560474495153,-0.750000000000000));
#5232=B_SPLINE_SURFACE_WITH_KNOTS('',1,1,((#5228,#5230),(#5229,#5231)),.UNSPECIFIED.,.F.,.F.,.U.,(2,2),(2,2),(0.0,0.010000000000000),(0.0,1.911208972424846),.UNSPECIFIED.);
#5233=CARTESIAN_POINT('',(18.349540538182513,7.670560474495154,-0.750000000000000));
#5234=VERTEX_POINT('',#5233);
#5235=CARTESIAN_POINT('',(18.349540538182513,7.670560474495154,-0.740000000000000));
#5236=VERTEX_POINT('',#5235);
#5237=CARTESIAN_POINT('',(18.349540538182513,7.670560474495154,-0.750000000000000));
#5238=DIRECTION('',(0.0,0.0,1.0));
#5239=VECTOR('',#5238,0.010000000000000);
#5240=LINE('',#5237,#5239);
#5241=EDGE_CURVE('',#5234,#5236,#5240,.T.);
#5242=ORIENTED_EDGE('',*,*,#5241,.F.);
#5243=CARTESIAN_POINT('',(19.318143158415669,9.318143158415657,-0.750000000000000));
#5244=DIRECTION('',(-0.506801000941431,-0.862063075096460,0.0));
#5245=VECTOR('',#5244,1.911208972424841);
#5246=LINE('',#5243,#5245);
#5247=EDGE_CURVE('',#5212,#5234,#5246,.T.);
#5248=ORIENTED_EDGE('',*,*,#5247,.F.);
#5249=ORIENTED_EDGE('',*,*,#5217,.T.);
#5250=CARTESIAN_POINT('',(19.318143158415666,9.318143158415658,-0.740000000000000));
#5251=DIRECTION('',(-0.506801000941430,-0.862063075096460,0.0));
#5252=VECTOR('',#5251,1.911208972424843);
#5253=LINE('',#5250,#5252);
#5254=EDGE_CURVE('',#5204,#5236,#5253,.T.);
#5255=ORIENTED_EDGE('',*,*,#5254,.T.);
#5256=EDGE_LOOP('',(#5242,#5248,#5249,#5255));
#5257=FACE_OUTER_BOUND('',#5256,.T.);
#5258=ADVANCED_FACE('',(#5257),#5232,.F.);
#5259=CARTESIAN_POINT('',(17.899999999999999,6.905896833329770,-0.740000000000000));
#5260=CARTESIAN_POINT('',(17.899999999999999,6.905896833329770,-0.750000000000000));
#5261=CARTESIAN_POINT('',(17.899999999999995,3.094103166670214,-0.740000000000000));
#5262=CARTESIAN_POINT('',(17.899999999999999,3.094103166670214,-0.750000000000000));
#5263=B_SPLINE_SURFACE_WITH_KNOTS('',1,1,((#5259,#5261),(#5260,#5262)),.UNSPECIFIED.,.F.,.F.,.U.,(2,2),(2,2),(0.0,0.010000000000000),(0.0,3.811793666659556),.UNSPECIFIED.);
#5264=CARTESIAN_POINT('',(17.900000000000002,6.905896833329768,-0.740000000000000));
#5265=DIRECTION('',(0.0,-1.0,0.0));
#5266=VECTOR('',#5265,3.811793666659554);
#5267=LINE('',#5264,#5266);
#5268=EDGE_CURVE('',#5149,#4218,#5267,.T.);
#5269=ORIENTED_EDGE('',*,*,#5268,.T.);
#5270=ORIENTED_EDGE('',*,*,#4223,.F.);
#5271=ORIENTED_EDGE('',*,*,#1601,.F.);
#5272=ORIENTED_EDGE('',*,*,#5160,.T.);
#5273=EDGE_LOOP('',(#5269,#5270,#5271,#5272));
#5274=FACE_OUTER_BOUND('',#5273,.T.);
#5275=ADVANCED_FACE('',(#5274),#5263,.F.);
#5276=CARTESIAN_POINT('',(17.670560474495158,8.349540538182511,-0.750000000000000));
#5277=CARTESIAN_POINT('',(17.670560474495158,8.349540538182511,-0.740000000000000));
#5278=CARTESIAN_POINT('',(18.349540538182513,7.670560474495153,-0.750000000000000));
#5279=CARTESIAN_POINT('',(18.349540538182513,7.670560474495153,-0.740000000000000));
#5280=B_SPLINE_SURFACE_WITH_KNOTS('',1,1,((#5276,#5278),(#5277,#5279)),.UNSPECIFIED.,.F.,.F.,.U.,(2,2),(2,2),(0.0,0.010000000000000),(0.0,0.960222814647607),.UNSPECIFIED.);
#5281=ORIENTED_EDGE('',*,*,#5201,.T.);
#5282=CARTESIAN_POINT('',(18.349540538182513,7.670560474495156,-0.750000000000000));
#5283=DIRECTION('',(-0.707106781186548,0.707106781186548,0.0));
#5284=VECTOR('',#5283,0.960222814647605);
#5285=LINE('',#5282,#5284);
#5286=EDGE_CURVE('',#5234,#5196,#5285,.T.);
#5287=ORIENTED_EDGE('',*,*,#5286,.F.);
#5288=ORIENTED_EDGE('',*,*,#5241,.T.);
#5289=CARTESIAN_POINT('',(18.349540538182513,7.670560474495153,-0.740000000000000));
#5290=DIRECTION('',(-0.707106781186547,0.707106781186548,0.0));
#5291=VECTOR('',#5290,0.960222814647606);
#5292=LINE('',#5289,#5291);
#5293=EDGE_CURVE('',#5236,#5194,#5292,.T.);
#5294=ORIENTED_EDGE('',*,*,#5293,.T.);
#5295=EDGE_LOOP('',(#5281,#5287,#5288,#5294));
#5296=FACE_OUTER_BOUND('',#5295,.T.);
#5297=ADVANCED_FACE('',(#5296),#5280,.F.);
#5298=CARTESIAN_POINT('',(18.495647082653228,7.524453930024439,-0.750000000000000));
#5299=CARTESIAN_POINT('',(18.495647082653228,7.524453930024439,-0.740000000000000));
#5300=CARTESIAN_POINT('',(19.099999999999998,6.920101012677669,-0.750000000000000));
#5301=CARTESIAN_POINT('',(19.100000000000001,6.920101012677669,-0.740000000000000));
#5302=B_SPLINE_SURFACE_WITH_KNOTS('',1,1,((#5298,#5300),(#5299,#5301)),.UNSPECIFIED.,.F.,.F.,.U.,(2,2),(2,2),(0.0,0.010000000000000),(0.0,0.854684092171548),.UNSPECIFIED.);
#5303=ORIENTED_EDGE('',*,*,#5117,.T.);
#5304=CARTESIAN_POINT('',(19.099999999999998,6.920101012677669,-0.750000000000000));
#5305=VERTEX_POINT('',#5304);
#5306=CARTESIAN_POINT('',(19.099999999999998,6.920101012677669,-0.750000000000000));
#5307=DIRECTION('',(-0.707106781186548,0.707106781186548,0.0));
#5308=VECTOR('',#5307,0.854684092171548);
#5309=LINE('',#5306,#5308);
#5310=EDGE_CURVE('',#5305,#5112,#5309,.T.);
#5311=ORIENTED_EDGE('',*,*,#5310,.F.);
#5312=CARTESIAN_POINT('',(19.099999999999998,6.920101012677669,-0.740000000000000));
#5313=VERTEX_POINT('',#5312);
#5314=CARTESIAN_POINT('',(19.099999999999998,6.920101012677669,-0.750000000000000));
#5315=DIRECTION('',(0.0,0.0,1.0));
#5316=VECTOR('',#5315,0.010000000000000);
#5317=LINE('',#5314,#5316);
#5318=EDGE_CURVE('',#5305,#5313,#5317,.T.);
#5319=ORIENTED_EDGE('',*,*,#5318,.T.);
#5320=CARTESIAN_POINT('',(19.099999999999998,6.920101012677669,-0.740000000000000));
#5321=DIRECTION('',(-0.707106781186546,0.707106781186549,0.0));
#5322=VECTOR('',#5321,0.854684092171544);
#5323=LINE('',#5320,#5322);
#5324=EDGE_CURVE('',#5313,#5110,#5323,.T.);
#5325=ORIENTED_EDGE('',*,*,#5324,.T.);
#5326=EDGE_LOOP('',(#5303,#5311,#5319,#5325));
#5327=FACE_OUTER_BOUND('',#5326,.T.);
#5328=ADVANCED_FACE('',(#5327),#5302,.F.);
#5329=CARTESIAN_POINT('',(18.390928891636026,7.346329408567024,-0.740000000000000));
#5330=CARTESIAN_POINT('',(18.390928891636026,7.346329408567024,-0.750000000000000));
#5331=CARTESIAN_POINT('',(18.900000000000002,6.837258300203048,-0.740000000000000));
#5332=CARTESIAN_POINT('',(18.900000000000002,6.837258300203048,-0.750000000000000));
#5333=B_SPLINE_SURFACE_WITH_KNOTS('',1,1,((#5329,#5331),(#5330,#5332)),.UNSPECIFIED.,.F.,.F.,.U.,(2,2),(2,2),(0.0,0.010000000000000),(0.0,0.719935265660638),.UNSPECIFIED.);
#5334=ORIENTED_EDGE('',*,*,#5086,.T.);
#5335=CARTESIAN_POINT('',(18.900000000000002,6.837258300203047,-0.740000000000000));
#5336=VERTEX_POINT('',#5335);
#5337=CARTESIAN_POINT('',(18.390928891636026,7.346329408567024,-0.740000000000000));
#5338=DIRECTION('',(0.707106781186547,-0.707106781186548,0.0));
#5339=VECTOR('',#5338,0.719935265660639);
#5340=LINE('',#5337,#5339);
#5341=EDGE_CURVE('',#5081,#5336,#5340,.T.);
#5342=ORIENTED_EDGE('',*,*,#5341,.T.);
#5343=CARTESIAN_POINT('',(18.900000000000002,6.837258300203047,-0.750000000000000));
#5344=VERTEX_POINT('',#5343);
#5345=CARTESIAN_POINT('',(18.900000000000002,6.837258300203047,-0.750000000000000));
#5346=DIRECTION('',(0.0,0.0,1.0));
#5347=VECTOR('',#5346,0.010000000000000);
#5348=LINE('',#5345,#5347);
#5349=EDGE_CURVE('',#5344,#5336,#5348,.T.);
#5350=ORIENTED_EDGE('',*,*,#5349,.F.);
#5351=CARTESIAN_POINT('',(18.390928891636026,7.346329408567024,-0.750000000000000));
#5352=DIRECTION('',(0.707106781186546,-0.707106781186549,0.0));
#5353=VECTOR('',#5352,0.719935265660640);
#5354=LINE('',#5351,#5353);
#5355=EDGE_CURVE('',#5079,#5344,#5354,.T.);
#5356=ORIENTED_EDGE('',*,*,#5355,.F.);
#5357=EDGE_LOOP('',(#5334,#5342,#5350,#5356));
#5358=FACE_OUTER_BOUND('',#5357,.T.);
#5359=ADVANCED_FACE('',(#5358),#5333,.F.);
#5360=CARTESIAN_POINT('',(17.492435953037742,8.244822347165307,-0.740000000000000));
#5361=CARTESIAN_POINT('',(17.492435953037742,8.244822347165307,-0.750000000000000));
#5362=CARTESIAN_POINT('',(18.244822347165307,7.492435953037742,-0.740000000000000));
#5363=CARTESIAN_POINT('',(18.244822347165311,7.492435953037742,-0.750000000000000));
#5364=B_SPLINE_SURFACE_WITH_KNOTS('',1,1,((#5360,#5362),(#5361,#5363)),.UNSPECIFIED.,.F.,.F.,.U.,(2,2),(2,2),(0.0,0.010000000000000),(0.0,1.064035042720192),.UNSPECIFIED.);
#5365=ORIENTED_EDGE('',*,*,#5053,.T.);
#5366=CARTESIAN_POINT('',(17.492435953037742,8.244822347165306,-0.740000000000000));
#5367=DIRECTION('',(0.707106781186548,-0.707106781186548,0.0));
#5368=VECTOR('',#5367,1.064035042720192);
#5369=LINE('',#5366,#5368);
#5370=EDGE_CURVE('',#5048,#5141,#5369,.T.);
#5371=ORIENTED_EDGE('',*,*,#5370,.T.);
#5372=ORIENTED_EDGE('',*,*,#5146,.T.);
#5373=ORIENTED_EDGE('',*,*,#1585,.F.);
#5374=EDGE_LOOP('',(#5365,#5371,#5372,#5373));
#5375=FACE_OUTER_BOUND('',#5374,.T.);
#5376=ADVANCED_FACE('',(#5375),#5364,.F.);
#5377=CARTESIAN_POINT('',(19.100000000000012,3.079898987322338,-0.750000000000000));
#5378=CARTESIAN_POINT('',(19.100000000000012,3.079898987322338,-0.740000000000000));
#5379=CARTESIAN_POINT('',(18.495647082653232,2.475546069975559,-0.750000000000000));
#5380=CARTESIAN_POINT('',(18.495647082653232,2.475546069975559,-0.740000000000000));
#5381=B_SPLINE_SURFACE_WITH_KNOTS('',1,1,((#5377,#5379),(#5378,#5380)),.UNSPECIFIED.,.F.,.F.,.U.,(2,2),(2,2),(0.0,0.010000000000000),(0.0,0.854684092171562),.UNSPECIFIED.);
#5382=ORIENTED_EDGE('',*,*,#4176,.T.);
#5383=CARTESIAN_POINT('',(19.100000000000009,3.079898987322338,-0.740000000000000));
#5384=VERTEX_POINT('',#5383);
#5385=CARTESIAN_POINT('',(18.495647082653235,2.475546069975561,-0.740000000000000));
#5386=DIRECTION('',(0.707106781186547,0.707106781186548,0.0));
#5387=VECTOR('',#5386,0.854684092171558);
#5388=LINE('',#5385,#5387);
#5389=EDGE_CURVE('',#4171,#5384,#5388,.T.);
#5390=ORIENTED_EDGE('',*,*,#5389,.T.);
#5391=CARTESIAN_POINT('',(19.100000000000009,3.079898987322338,-0.750000000000000));
#5392=VERTEX_POINT('',#5391);
#5393=CARTESIAN_POINT('',(19.100000000000009,3.079898987322338,-0.750000000000000));
#5394=DIRECTION('',(0.0,0.0,1.0));
#5395=VECTOR('',#5394,0.010000000000000);
#5396=LINE('',#5393,#5395);
#5397=EDGE_CURVE('',#5392,#5384,#5396,.T.);
#5398=ORIENTED_EDGE('',*,*,#5397,.F.);
#5399=CARTESIAN_POINT('',(18.495647082653235,2.475546069975560,-0.750000000000000));
#5400=DIRECTION('',(0.707106781186547,0.707106781186548,0.0));
#5401=VECTOR('',#5400,0.854684092171558);
#5402=LINE('',#5399,#5401);
#5403=EDGE_CURVE('',#4169,#5392,#5402,.T.);
#5404=ORIENTED_EDGE('',*,*,#5403,.F.);
#5405=EDGE_LOOP('',(#5382,#5390,#5398,#5404));
#5406=FACE_OUTER_BOUND('',#5405,.T.);
#5407=ADVANCED_FACE('',(#5406),#5381,.F.);
#5408=CARTESIAN_POINT('',(19.099999999999994,6.920101012677669,-0.750000000000000));
#5409=CARTESIAN_POINT('',(19.099999999999994,6.920101012677669,-0.740000000000000));
#5410=CARTESIAN_POINT('',(19.100000000000009,3.079898987322334,-0.750000000000000));
#5411=CARTESIAN_POINT('',(19.100000000000009,3.079898987322333,-0.740000000000000));
#5412=B_SPLINE_SURFACE_WITH_KNOTS('',1,1,((#5408,#5410),(#5409,#5411)),.UNSPECIFIED.,.F.,.F.,.U.,(2,2),(2,2),(0.0,0.010000000000000),(0.0,3.840202025355335),.UNSPECIFIED.);
#5413=CARTESIAN_POINT('',(19.100000000000005,3.079898987322334,-0.740000000000000));
#5414=DIRECTION('',(0.0,1.0,0.0));
#5415=VECTOR('',#5414,3.840202025355334);
#5416=LINE('',#5413,#5415);
#5417=EDGE_CURVE('',#5384,#5313,#5416,.T.);
#5418=ORIENTED_EDGE('',*,*,#5417,.T.);
#5419=ORIENTED_EDGE('',*,*,#5318,.F.);
#5420=CARTESIAN_POINT('',(19.100000000000012,3.079898987322339,-0.750000000000000));
#5421=DIRECTION('',(0.0,1.0,0.0));
#5422=VECTOR('',#5421,3.840202025355330);
#5423=LINE('',#5420,#5422);
#5424=EDGE_CURVE('',#5392,#5305,#5423,.T.);
#5425=ORIENTED_EDGE('',*,*,#5424,.F.);
#5426=ORIENTED_EDGE('',*,*,#5397,.T.);
#5427=EDGE_LOOP('',(#5418,#5419,#5425,#5426));
#5428=FACE_OUTER_BOUND('',#5427,.T.);
#5429=ADVANCED_FACE('',(#5428),#5412,.F.);
#5430=CARTESIAN_POINT('',(18.900000000000002,3.162741699796954,-0.740000000000000));
#5431=CARTESIAN_POINT('',(18.900000000000002,3.162741699796954,-0.750000000000000));
#5432=CARTESIAN_POINT('',(18.390928891636026,2.653670591432977,-0.740000000000000));
#5433=CARTESIAN_POINT('',(18.390928891636026,2.653670591432977,-0.750000000000000));
#5434=B_SPLINE_SURFACE_WITH_KNOTS('',1,1,((#5430,#5432),(#5431,#5433)),.UNSPECIFIED.,.F.,.F.,.U.,(2,2),(2,2),(0.0,0.010000000000000),(0.0,0.719935265660639),.UNSPECIFIED.);
#5435=ORIENTED_EDGE('',*,*,#4136,.T.);
#5436=CARTESIAN_POINT('',(18.900000000000002,3.162741699796954,-0.750000000000000));
#5437=VERTEX_POINT('',#5436);
#5438=CARTESIAN_POINT('',(18.900000000000006,3.162741699796954,-0.750000000000000));
#5439=DIRECTION('',(-0.707106781186547,-0.707106781186548,0.0));
#5440=VECTOR('',#5439,0.719935265660639);
#5441=LINE('',#5438,#5440);
#5442=EDGE_CURVE('',#5437,#4131,#5441,.T.);
#5443=ORIENTED_EDGE('',*,*,#5442,.F.);
#5444=CARTESIAN_POINT('',(18.900000000000002,3.162741699796954,-0.740000000000000));
#5445=VERTEX_POINT('',#5444);
#5446=CARTESIAN_POINT('',(18.900000000000002,3.162741699796954,-0.750000000000000));
#5447=DIRECTION('',(0.0,0.0,1.0));
#5448=VECTOR('',#5447,0.010000000000000);
#5449=LINE('',#5446,#5448);
#5450=EDGE_CURVE('',#5437,#5445,#5449,.T.);
#5451=ORIENTED_EDGE('',*,*,#5450,.T.);
#5452=CARTESIAN_POINT('',(18.900000000000002,3.162741699796954,-0.740000000000000));
#5453=DIRECTION('',(-0.707106781186547,-0.707106781186548,0.0));
#5454=VECTOR('',#5453,0.719935265660639);
#5455=LINE('',#5452,#5454);
#5456=EDGE_CURVE('',#5445,#4129,#5455,.T.);
#5457=ORIENTED_EDGE('',*,*,#5456,.T.);
#5458=EDGE_LOOP('',(#5435,#5443,#5451,#5457));
#5459=FACE_OUTER_BOUND('',#5458,.T.);
#5460=ADVANCED_FACE('',(#5459),#5434,.F.);
#5461=CARTESIAN_POINT('',(16.837258300203047,1.099999999999994,-0.740000000000000));
#5462=CARTESIAN_POINT('',(16.837258300203047,1.099999999999994,-0.750000000000000));
#5463=CARTESIAN_POINT('',(3.162741699796950,1.099999999999996,-0.740000000000000));
#5464=CARTESIAN_POINT('',(3.162741699796950,1.099999999999996,-0.750000000000000));
#5465=B_SPLINE_SURFACE_WITH_KNOTS('',1,1,((#5461,#5463),(#5462,#5464)),.UNSPECIFIED.,.F.,.F.,.U.,(2,2),(2,2),(0.0,0.010000000000000),(0.0,13.674516600406097),.UNSPECIFIED.);
#5466=CARTESIAN_POINT('',(3.162741699796949,1.099999999999992,-0.740000000000000));
#5467=VERTEX_POINT('',#5466);
#5468=CARTESIAN_POINT('',(16.837258300203043,1.099999999999999,-0.740000000000000));
#5469=DIRECTION('',(-1.0,0.0,0.0));
#5470=VECTOR('',#5469,13.674516600406093);
#5471=LINE('',#5468,#5470);
#5472=EDGE_CURVE('',#4522,#5467,#5471,.T.);
#5473=ORIENTED_EDGE('',*,*,#5472,.T.);
#5474=CARTESIAN_POINT('',(3.162741699796949,1.099999999999992,-0.750000000000000));
#5475=VERTEX_POINT('',#5474);
#5476=CARTESIAN_POINT('',(3.162741699796949,1.099999999999992,-0.750000000000000));
#5477=DIRECTION('',(0.0,0.0,1.0));
#5478=VECTOR('',#5477,0.010000000000000);
#5479=LINE('',#5476,#5478);
#5480=EDGE_CURVE('',#5475,#5467,#5479,.T.);
#5481=ORIENTED_EDGE('',*,*,#5480,.F.);
#5482=CARTESIAN_POINT('',(16.837258300203047,1.099999999999994,-0.750000000000000));
#5483=DIRECTION('',(-1.0,0.0,0.0));
#5484=VECTOR('',#5483,13.674516600406097);
#5485=LINE('',#5482,#5484);
#5486=EDGE_CURVE('',#4530,#5475,#5485,.T.);
#5487=ORIENTED_EDGE('',*,*,#5486,.F.);
#5488=ORIENTED_EDGE('',*,*,#4535,.T.);
#5489=EDGE_LOOP('',(#5473,#5481,#5487,#5488));
#5490=FACE_OUTER_BOUND('',#5489,.T.);
#5491=ADVANCED_FACE('',(#5490),#5465,.F.);
#5492=CARTESIAN_POINT('',(2.475546069975557,1.504352917346765,-0.740000000000000));
#5493=CARTESIAN_POINT('',(2.475546069975557,1.504352917346765,-0.750000000000000));
#5494=CARTESIAN_POINT('',(3.079898987322336,0.899999999999985,-0.740000000000000));
#5495=CARTESIAN_POINT('',(3.079898987322336,0.899999999999985,-0.750000000000000));
#5496=B_SPLINE_SURFACE_WITH_KNOTS('',1,1,((#5492,#5494),(#5493,#5495)),.UNSPECIFIED.,.F.,.F.,.U.,(2,2),(2,2),(0.0,0.010000000000000),(0.0,0.854684092171562),.UNSPECIFIED.);
#5497=ORIENTED_EDGE('',*,*,#4616,.T.);
#5498=CARTESIAN_POINT('',(3.079898987322334,0.899999999999985,-0.740000000000000));
#5499=VERTEX_POINT('',#5498);
#5500=CARTESIAN_POINT('',(2.475546069975557,1.504352917346765,-0.740000000000000));
#5501=DIRECTION('',(0.707106781186548,-0.707106781186547,0.0));
#5502=VECTOR('',#5501,0.854684092171560);
#5503=LINE('',#5500,#5502);
#5504=EDGE_CURVE('',#4611,#5499,#5503,.T.);
#5505=ORIENTED_EDGE('',*,*,#5504,.T.);
#5506=CARTESIAN_POINT('',(3.079898987322334,0.899999999999985,-0.750000000000000));
#5507=VERTEX_POINT('',#5506);
#5508=CARTESIAN_POINT('',(3.079898987322334,0.899999999999985,-0.750000000000000));
#5509=DIRECTION('',(0.0,0.0,1.0));
#5510=VECTOR('',#5509,0.010000000000000);
#5511=LINE('',#5508,#5510);
#5512=EDGE_CURVE('',#5507,#5499,#5511,.T.);
#5513=ORIENTED_EDGE('',*,*,#5512,.F.);
#5514=CARTESIAN_POINT('',(2.475546069975556,1.504352917346763,-0.750000000000000));
#5515=DIRECTION('',(0.707106781186548,-0.707106781186548,0.0));
#5516=VECTOR('',#5515,0.854684092171560);
#5517=LINE('',#5514,#5516);
#5518=EDGE_CURVE('',#4609,#5507,#5517,.T.);
#5519=ORIENTED_EDGE('',*,*,#5518,.F.);
#5520=EDGE_LOOP('',(#5497,#5505,#5513,#5519));
#5521=FACE_OUTER_BOUND('',#5520,.T.);
#5522=ADVANCED_FACE('',(#5521),#5496,.F.);
#5523=CARTESIAN_POINT('',(16.920101012677669,0.900000000000040,-0.750000000000000));
#5524=CARTESIAN_POINT('',(16.920101012677669,0.900000000000040,-0.740000000000000));
#5525=CARTESIAN_POINT('',(3.079898987322334,0.899999999999985,-0.750000000000000));
#5526=CARTESIAN_POINT('',(3.079898987322334,0.899999999999985,-0.740000000000000));
#5527=B_SPLINE_SURFACE_WITH_KNOTS('',1,1,((#5523,#5525),(#5524,#5526)),.UNSPECIFIED.,.F.,.F.,.U.,(2,2),(2,2),(0.0,0.010000000000000),(0.0,13.840202025355335),.UNSPECIFIED.);
#5528=CARTESIAN_POINT('',(3.079898987322338,0.899999999999968,-0.740000000000000));
#5529=DIRECTION('',(1.0,0.0,0.0));
#5530=VECTOR('',#5529,13.840202025355332);
#5531=LINE('',#5528,#5530);
#5532=EDGE_CURVE('',#5499,#4499,#5531,.T.);
#5533=ORIENTED_EDGE('',*,*,#5532,.T.);
#5534=ORIENTED_EDGE('',*,*,#4504,.F.);
#5535=CARTESIAN_POINT('',(3.079898987322333,0.899999999999985,-0.750000000000000));
#5536=DIRECTION('',(1.0,0.0,0.0));
#5537=VECTOR('',#5536,13.840202025355335);
#5538=LINE('',#5535,#5537);
#5539=EDGE_CURVE('',#5507,#4491,#5538,.T.);
#5540=ORIENTED_EDGE('',*,*,#5539,.F.);
#5541=ORIENTED_EDGE('',*,*,#5512,.T.);
#5542=EDGE_LOOP('',(#5533,#5534,#5540,#5541));
#5543=FACE_OUTER_BOUND('',#5542,.T.);
#5544=ADVANCED_FACE('',(#5543),#5527,.F.);
#5545=CARTESIAN_POINT('',(2.653670591432970,1.609071108363970,-0.750000000000000));
#5546=CARTESIAN_POINT('',(2.653670591432970,1.609071108363970,-0.740000000000000));
#5547=CARTESIAN_POINT('',(3.162741699796949,1.099999999999992,-0.750000000000000));
#5548=CARTESIAN_POINT('',(3.162741699796950,1.099999999999992,-0.740000000000000));
#5549=B_SPLINE_SURFACE_WITH_KNOTS('',1,1,((#5545,#5547),(#5546,#5548)),.UNSPECIFIED.,.F.,.F.,.U.,(2,2),(2,2),(0.0,0.010000000000000),(0.0,0.719935265660642),.UNSPECIFIED.);
#5550=ORIENTED_EDGE('',*,*,#4576,.T.);
#5551=CARTESIAN_POINT('',(3.162741699796949,1.099999999999992,-0.750000000000000));
#5552=DIRECTION('',(-0.707106781186548,0.707106781186547,0.0));
#5553=VECTOR('',#5552,0.719935265660641);
#5554=LINE('',#5551,#5553);
#5555=EDGE_CURVE('',#5475,#4571,#5554,.T.);
#5556=ORIENTED_EDGE('',*,*,#5555,.F.);
#5557=ORIENTED_EDGE('',*,*,#5480,.T.);
#5558=CARTESIAN_POINT('',(3.162741699796950,1.099999999999994,-0.740000000000000));
#5559=DIRECTION('',(-0.707106781186548,0.707106781186547,0.0));
#5560=VECTOR('',#5559,0.719935265660640);
#5561=LINE('',#5558,#5560);
#5562=EDGE_CURVE('',#5467,#4569,#5561,.T.);
#5563=ORIENTED_EDGE('',*,*,#5562,.T.);
#5564=EDGE_LOOP('',(#5550,#5556,#5557,#5563));
#5565=FACE_OUTER_BOUND('',#5564,.T.);
#5566=ADVANCED_FACE('',(#5565),#5549,.F.);
#5567=CARTESIAN_POINT('',(1.099999999999989,8.664239736948222,-0.750000000000000));
#5568=CARTESIAN_POINT('',(1.099999999999989,8.664239736948222,-0.740000000000000));
#5569=CARTESIAN_POINT('',(1.099999999999992,3.162741699796945,-0.750000000000000));
#5570=CARTESIAN_POINT('',(1.099999999999992,3.162741699796946,-0.740000000000000));
#5571=B_SPLINE_SURFACE_WITH_KNOTS('',1,1,((#5567,#5569),(#5568,#5570)),.UNSPECIFIED.,.F.,.F.,.U.,(2,2),(2,2),(0.0,0.010000000000000),(0.0,5.501498037151277),.UNSPECIFIED.);
#5572=CARTESIAN_POINT('',(1.099999999999993,3.162741699796946,-0.740000000000000));
#5573=DIRECTION('',(0.0,1.0,0.0));
#5574=VECTOR('',#5573,5.501498037151276);
#5575=LINE('',#5572,#5574);
#5576=EDGE_CURVE('',#4921,#3573,#5575,.T.);
#5577=ORIENTED_EDGE('',*,*,#5576,.T.);
#5578=ORIENTED_EDGE('',*,*,#3578,.T.);
#5579=CARTESIAN_POINT('',(1.099999999999992,3.162741699796946,-0.750000000000000));
#5580=DIRECTION('',(0.0,1.0,0.0));
#5581=VECTOR('',#5580,5.501498037151274);
#5582=LINE('',#5579,#5581);
#5583=EDGE_CURVE('',#4929,#3565,#5582,.T.);
#5584=ORIENTED_EDGE('',*,*,#5583,.F.);
#5585=ORIENTED_EDGE('',*,*,#4934,.T.);
#5586=EDGE_LOOP('',(#5577,#5578,#5584,#5585));
#5587=FACE_OUTER_BOUND('',#5586,.T.);
#5588=ADVANCED_FACE('',(#5587),#5571,.F.);
#5589=CARTESIAN_POINT('',(16.920101012677662,9.100000000000009,-0.750000000000000));
#5590=CARTESIAN_POINT('',(16.920101012677662,9.100000000000009,-0.740000000000000));
#5591=CARTESIAN_POINT('',(17.524453930024439,8.495647082653232,-0.750000000000000));
#5592=CARTESIAN_POINT('',(17.524453930024436,8.495647082653232,-0.740000000000000));
#5593=B_SPLINE_SURFACE_WITH_KNOTS('',1,1,((#5589,#5591),(#5590,#5592)),.UNSPECIFIED.,.F.,.F.,.U.,(2,2),(2,2),(0.0,0.010000000000000),(0.0,0.854684092171558),.UNSPECIFIED.);
#5594=ORIENTED_EDGE('',*,*,#5015,.T.);
#5595=CARTESIAN_POINT('',(16.920101012677662,9.100000000000009,-0.740000000000000));
#5596=VERTEX_POINT('',#5595);
#5597=CARTESIAN_POINT('',(17.524453930024439,8.495647082653230,-0.740000000000000));
#5598=DIRECTION('',(-0.707106781186548,0.707106781186548,0.0));
#5599=VECTOR('',#5598,0.854684092171558);
#5600=LINE('',#5597,#5599);
#5601=EDGE_CURVE('',#5010,#5596,#5600,.T.);
#5602=ORIENTED_EDGE('',*,*,#5601,.T.);
#5603=CARTESIAN_POINT('',(16.920101012677662,9.100000000000009,-0.750000000000000));
#5604=VERTEX_POINT('',#5603);
#5605=CARTESIAN_POINT('',(16.920101012677662,9.100000000000009,-0.750000000000000));
#5606=DIRECTION('',(0.0,0.0,1.0));
#5607=VECTOR('',#5606,0.010000000000000);
#5608=LINE('',#5605,#5607);
#5609=EDGE_CURVE('',#5604,#5596,#5608,.T.);
#5610=ORIENTED_EDGE('',*,*,#5609,.F.);
#5611=CARTESIAN_POINT('',(17.524453930024439,8.495647082653232,-0.750000000000000));
#5612=DIRECTION('',(-0.707106781186548,0.707106781186548,0.0));
#5613=VECTOR('',#5612,0.854684092171558);
#5614=LINE('',#5611,#5613);
#5615=EDGE_CURVE('',#5008,#5604,#5614,.T.);
#5616=ORIENTED_EDGE('',*,*,#5615,.F.);
#5617=EDGE_LOOP('',(#5594,#5602,#5610,#5616));
#5618=FACE_OUTER_BOUND('',#5617,.T.);
#5619=ADVANCED_FACE('',(#5618),#5593,.F.);
#5620=CARTESIAN_POINT('',(16.920101012677662,9.100000000000009,-0.740000000000000));
#5621=CARTESIAN_POINT('',(16.920101012677662,9.100000000000009,-0.750000000000000));
#5622=CARTESIAN_POINT('',(13.638932873401950,9.100000000000000,-0.740000000000000));
#5623=CARTESIAN_POINT('',(13.638932873401949,9.100000000000001,-0.750000000000000));
#5624=B_SPLINE_SURFACE_WITH_KNOTS('',1,1,((#5620,#5622),(#5621,#5623)),.UNSPECIFIED.,.F.,.F.,.U.,(2,2),(2,2),(0.0,0.010000000000000),(0.0,3.281168139275712),.UNSPECIFIED.);
#5625=CARTESIAN_POINT('',(16.920101012677662,9.100000000000001,-0.740000000000000));
#5626=DIRECTION('',(-1.0,0.0,0.0));
#5627=VECTOR('',#5626,3.281168139275710);
#5628=LINE('',#5625,#5627);
#5629=EDGE_CURVE('',#5596,#3897,#5628,.T.);
#5630=ORIENTED_EDGE('',*,*,#5629,.T.);
#5631=ORIENTED_EDGE('',*,*,#3902,.T.);
#5632=CARTESIAN_POINT('',(16.920101012677666,9.100000000000007,-0.750000000000000));
#5633=DIRECTION('',(-1.0,0.0,0.0));
#5634=VECTOR('',#5633,3.281168139275714);
#5635=LINE('',#5632,#5634);
#5636=EDGE_CURVE('',#5604,#3889,#5635,.T.);
#5637=ORIENTED_EDGE('',*,*,#5636,.F.);
#5638=ORIENTED_EDGE('',*,*,#5609,.T.);
#5639=EDGE_LOOP('',(#5630,#5631,#5637,#5638));
#5640=FACE_OUTER_BOUND('',#5639,.T.);
#5641=ADVANCED_FACE('',(#5640),#5624,.F.);
#5642=CARTESIAN_POINT('',(16.837258300203047,8.900000000000002,-0.740000000000000));
#5643=CARTESIAN_POINT('',(16.837258300203047,8.900000000000002,-0.750000000000000));
#5644=CARTESIAN_POINT('',(17.346329408567026,8.390928891636024,-0.740000000000000));
#5645=CARTESIAN_POINT('',(17.346329408567030,8.390928891636026,-0.750000000000000));
#5646=B_SPLINE_SURFACE_WITH_KNOTS('',1,1,((#5642,#5644),(#5643,#5645)),.UNSPECIFIED.,.F.,.F.,.U.,(2,2),(2,2),(0.0,0.010000000000000),(0.0,0.719935265660642),.UNSPECIFIED.);
#5647=ORIENTED_EDGE('',*,*,#4975,.T.);
#5648=CARTESIAN_POINT('',(16.837258300203047,8.900000000000000,-0.750000000000000));
#5649=DIRECTION('',(0.707106781186550,-0.707106781186545,0.0));
#5650=VECTOR('',#5649,0.719935265660641);
#5651=LINE('',#5648,#5650);
#5652=EDGE_CURVE('',#3990,#4970,#5651,.T.);
#5653=ORIENTED_EDGE('',*,*,#5652,.F.);
#5654=ORIENTED_EDGE('',*,*,#3995,.T.);
#5655=CARTESIAN_POINT('',(16.837258300203047,8.900000000000000,-0.740000000000000));
#5656=DIRECTION('',(0.707106781186549,-0.707106781186546,0.0));
#5657=VECTOR('',#5656,0.719935265660637);
#5658=LINE('',#5655,#5657);
#5659=EDGE_CURVE('',#3982,#4968,#5658,.T.);
#5660=ORIENTED_EDGE('',*,*,#5659,.T.);
#5661=EDGE_LOOP('',(#5647,#5653,#5654,#5660));
#5662=FACE_OUTER_BOUND('',#5661,.T.);
#5663=ADVANCED_FACE('',(#5662),#5646,.F.);
#5664=CARTESIAN_POINT('',(18.900000000000002,6.837258300203049,-0.740000000000000));
#5665=CARTESIAN_POINT('',(18.900000000000002,6.837258300203049,-0.750000000000000));
#5666=CARTESIAN_POINT('',(18.899999999999999,3.162741699796954,-0.740000000000000));
#5667=CARTESIAN_POINT('',(18.899999999999995,3.162741699796954,-0.750000000000000));
#5668=B_SPLINE_SURFACE_WITH_KNOTS('',1,1,((#5664,#5666),(#5665,#5667)),.UNSPECIFIED.,.F.,.F.,.U.,(2,2),(2,2),(0.0,0.010000000000000),(0.0,3.674516600406095),.UNSPECIFIED.);
#5669=CARTESIAN_POINT('',(18.900000000000002,6.837258300203049,-0.740000000000000));
#5670=DIRECTION('',(0.0,-1.0,0.0));
#5671=VECTOR('',#5670,3.674516600406096);
#5672=LINE('',#5669,#5671);
#5673=EDGE_CURVE('',#5336,#5445,#5672,.T.);
#5674=ORIENTED_EDGE('',*,*,#5673,.T.);
#5675=ORIENTED_EDGE('',*,*,#5450,.F.);
#5676=CARTESIAN_POINT('',(18.900000000000002,6.837258300203047,-0.750000000000000));
#5677=DIRECTION('',(0.0,-1.0,0.0));
#5678=VECTOR('',#5677,3.674516600406093);
#5679=LINE('',#5676,#5678);
#5680=EDGE_CURVE('',#5344,#5437,#5679,.T.);
#5681=ORIENTED_EDGE('',*,*,#5680,.F.);
#5682=ORIENTED_EDGE('',*,*,#5349,.T.);
#5683=EDGE_LOOP('',(#5674,#5675,#5681,#5682));
#5684=FACE_OUTER_BOUND('',#5683,.T.);
#5685=ADVANCED_FACE('',(#5684),#5668,.F.);
#5686=CARTESIAN_POINT('',(13.407992765726107,9.100000000000001,-0.740000000000000));
#5687=CARTESIAN_POINT('',(13.407992765726107,9.100000000000001,-0.750000000000000));
#5688=CARTESIAN_POINT('',(12.484232335022705,9.100000000000001,-0.740000000000000));
#5689=CARTESIAN_POINT('',(12.484232335022703,9.100000000000001,-0.750000000000000));
#5690=B_SPLINE_SURFACE_WITH_KNOTS('',1,1,((#5686,#5688),(#5687,#5689)),.UNSPECIFIED.,.F.,.F.,.U.,(2,2),(2,2),(0.0,0.010000000000000),(0.0,0.923760430703402),.UNSPECIFIED.);
#5691=ORIENTED_EDGE('',*,*,#3782,.T.);
#5692=CARTESIAN_POINT('',(12.484232335022705,9.100000000000001,-0.740000000000000));
#5693=VERTEX_POINT('',#5692);
#5694=CARTESIAN_POINT('',(13.407992765726107,9.100000000000001,-0.740000000000000));
#5695=DIRECTION('',(-1.0,0.0,0.0));
#5696=VECTOR('',#5695,0.923760430703403);
#5697=LINE('',#5694,#5696);
#5698=EDGE_CURVE('',#3769,#5693,#5697,.T.);
#5699=ORIENTED_EDGE('',*,*,#5698,.T.);
#5700=CARTESIAN_POINT('',(12.484232335022705,9.100000000000001,-0.750000000000000));
#5701=VERTEX_POINT('',#5700);
#5702=CARTESIAN_POINT('',(12.484232335022705,9.100000000000001,-0.750000000000000));
#5703=DIRECTION('',(0.0,0.0,1.0));
#5704=VECTOR('',#5703,0.010000000000000);
#5705=LINE('',#5702,#5704);
#5706=EDGE_CURVE('',#5701,#5693,#5705,.T.);
#5707=ORIENTED_EDGE('',*,*,#5706,.F.);
#5708=CARTESIAN_POINT('',(13.407992765726107,9.100000000000001,-0.750000000000000));
#5709=DIRECTION('',(-1.0,0.0,0.0));
#5710=VECTOR('',#5709,0.923760430703402);
#5711=LINE('',#5708,#5710);
#5712=EDGE_CURVE('',#3777,#5701,#5711,.T.);
#5713=ORIENTED_EDGE('',*,*,#5712,.F.);
#5714=EDGE_LOOP('',(#5691,#5699,#5707,#5713));
#5715=FACE_OUTER_BOUND('',#5714,.T.);
#5716=ADVANCED_FACE('',(#5715),#5690,.F.);
#5717=CARTESIAN_POINT('',(13.523462819564035,8.899999999999999,-0.750000000000000));
#5718=CARTESIAN_POINT('',(13.523462819564035,8.899999999999999,-0.740000000000000));
#5719=CARTESIAN_POINT('',(12.368762281184784,8.899999999999995,-0.750000000000000));
#5720=CARTESIAN_POINT('',(12.368762281184782,8.899999999999995,-0.740000000000000));
#5721=B_SPLINE_SURFACE_WITH_KNOTS('',1,1,((#5717,#5719),(#5718,#5720)),.UNSPECIFIED.,.F.,.F.,.U.,(2,2),(2,2),(0.0,0.010000000000000),(0.0,1.154700538379251),.UNSPECIFIED.);
#5722=ORIENTED_EDGE('',*,*,#3702,.T.);
#5723=ORIENTED_EDGE('',*,*,#1553,.F.);
#5724=CARTESIAN_POINT('',(12.368762281184784,8.899999999999995,-0.740000000000000));
#5725=VERTEX_POINT('',#5724);
#5726=CARTESIAN_POINT('',(12.368762281184784,8.899999999999995,-0.750000000000000));
#5727=DIRECTION('',(0.0,0.0,1.0));
#5728=VECTOR('',#5727,0.010000000000000);
#5729=LINE('',#5726,#5728);
#5730=EDGE_CURVE('',#1540,#5725,#5729,.T.);
#5731=ORIENTED_EDGE('',*,*,#5730,.T.);
#5732=CARTESIAN_POINT('',(12.368762281184784,8.899999999999995,-0.740000000000000));
#5733=DIRECTION('',(1.0,0.0,0.0));
#5734=VECTOR('',#5733,1.154700538379251);
#5735=LINE('',#5732,#5734);
#5736=EDGE_CURVE('',#5725,#3697,#5735,.T.);
#5737=ORIENTED_EDGE('',*,*,#5736,.T.);
#5738=EDGE_LOOP('',(#5722,#5723,#5731,#5737));
#5739=FACE_OUTER_BOUND('',#5738,.T.);
#5740=ADVANCED_FACE('',(#5739),#5721,.F.);
#5741=CARTESIAN_POINT('',(10.959361204426282,11.741154273188009,-0.750000000000000));
#5742=CARTESIAN_POINT('',(10.959361204426282,11.741154273188009,-0.740000000000000));
#5743=CARTESIAN_POINT('',(12.484232335022705,9.100000000000001,-0.750000000000000));
#5744=CARTESIAN_POINT('',(12.484232335022705,9.100000000000001,-0.740000000000000));
#5745=B_SPLINE_SURFACE_WITH_KNOTS('',1,1,((#5741,#5743),(#5742,#5744)),.UNSPECIFIED.,.F.,.F.,.U.,(2,2),(2,2),(0.0,0.010000000000000),(0.0,3.049742261192852),.UNSPECIFIED.);
#5746=CARTESIAN_POINT('',(12.484232335022705,9.100000000000001,-0.740000000000000));
#5747=DIRECTION('',(-0.499999999999999,0.866025403784439,0.0));
#5748=VECTOR('',#5747,3.049742261192852);
#5749=LINE('',#5746,#5748);
#5750=EDGE_CURVE('',#5693,#4083,#5749,.T.);
#5751=ORIENTED_EDGE('',*,*,#5750,.T.);
#5752=ORIENTED_EDGE('',*,*,#4088,.F.);
#5753=CARTESIAN_POINT('',(12.484232335022703,9.100000000000001,-0.750000000000000));
#5754=DIRECTION('',(-0.500000000000000,0.866025403784439,0.0));
#5755=VECTOR('',#5754,3.049742261192850);
#5756=LINE('',#5753,#5755);
#5757=EDGE_CURVE('',#5701,#4075,#5756,.T.);
#5758=ORIENTED_EDGE('',*,*,#5757,.F.);
#5759=ORIENTED_EDGE('',*,*,#5706,.T.);
#5760=EDGE_LOOP('',(#5751,#5752,#5758,#5759));
#5761=FACE_OUTER_BOUND('',#5760,.T.);
#5762=ADVANCED_FACE('',(#5761),#5745,.F.);
#5763=CARTESIAN_POINT('',(10.728421096750431,11.741154273188007,-0.740000000000000));
#5764=CARTESIAN_POINT('',(10.728421096750431,11.741154273188007,-0.750000000000000));
#5765=CARTESIAN_POINT('',(12.368762281184786,8.899999999999993,-0.740000000000000));
#5766=CARTESIAN_POINT('',(12.368762281184786,8.899999999999993,-0.750000000000000));
#5767=B_SPLINE_SURFACE_WITH_KNOTS('',1,1,((#5763,#5765),(#5764,#5766)),.UNSPECIFIED.,.F.,.F.,.U.,(2,2),(2,2),(0.0,0.010000000000000),(0.0,3.280682368868711),.UNSPECIFIED.);
#5768=CARTESIAN_POINT('',(10.728421096750431,11.741154273188005,-0.740000000000000));
#5769=DIRECTION('',(0.500000000000000,-0.866025403784439,0.0));
#5770=VECTOR('',#5769,3.280682368868708);
#5771=LINE('',#5768,#5770);
#5772=EDGE_CURVE('',#4106,#5725,#5771,.T.);
#5773=ORIENTED_EDGE('',*,*,#5772,.T.);
#5774=ORIENTED_EDGE('',*,*,#5730,.F.);
#5775=ORIENTED_EDGE('',*,*,#1545,.F.);
#5776=ORIENTED_EDGE('',*,*,#4117,.T.);
#5777=EDGE_LOOP('',(#5773,#5774,#5775,#5776));
#5778=FACE_OUTER_BOUND('',#5777,.T.);
#5779=ADVANCED_FACE('',(#5778),#5767,.F.);
#5780=CARTESIAN_POINT('',(16.905896833329784,7.900000000000009,-0.750000000000000));
#5781=CARTESIAN_POINT('',(16.905896833329784,7.900000000000009,-0.740000000000000));
#5782=CARTESIAN_POINT('',(14.100813088753656,7.900000000000002,-0.750000000000000));
#5783=CARTESIAN_POINT('',(14.100813088753654,7.900000000000002,-0.740000000000000));
#5784=B_SPLINE_SURFACE_WITH_KNOTS('',1,1,((#5780,#5782),(#5781,#5783)),.UNSPECIFIED.,.F.,.F.,.U.,(2,2),(2,2),(0.0,0.010000000000000),(0.0,2.805083744576129),.UNSPECIFIED.);
#5785=CARTESIAN_POINT('',(14.100813088753654,7.900000000000006,-0.740000000000000));
#5786=DIRECTION('',(1.0,0.0,0.0));
#5787=VECTOR('',#5786,2.805083744576130);
#5788=LINE('',#5785,#5787);
#5789=EDGE_CURVE('',#3705,#5057,#5788,.T.);
#5790=ORIENTED_EDGE('',*,*,#5789,.T.);
#5791=ORIENTED_EDGE('',*,*,#5062,.F.);
#5792=ORIENTED_EDGE('',*,*,#1569,.F.);
#5793=ORIENTED_EDGE('',*,*,#3716,.T.);
#5794=EDGE_LOOP('',(#5790,#5791,#5792,#5793));
#5795=FACE_OUTER_BOUND('',#5794,.T.);
#5796=ADVANCED_FACE('',(#5795),#5784,.F.);
#5797=CARTESIAN_POINT('',(16.897318300361384,25.533338839377731,-0.740000000000000));
#5798=CARTESIAN_POINT('',(16.897318300361384,25.533338839377731,-0.750000000000000));
#5799=CARTESIAN_POINT('',(16.323286522522672,25.528820493034118,-0.740000000000000));
#5800=CARTESIAN_POINT('',(16.323286522522672,25.528820493034122,-0.750000000000000));
#5801=B_SPLINE_SURFACE_WITH_KNOTS('',1,1,((#5797,#5799),(#5798,#5800)),.UNSPECIFIED.,.F.,.F.,.U.,(2,2),(2,2),(0.0,0.010000000000000),(0.0,0.574049560075046),.UNSPECIFIED.);
#5802=CARTESIAN_POINT('',(16.897318300361384,25.533338839377727,-0.740000000000000));
#5803=VERTEX_POINT('',#5802);
#5804=CARTESIAN_POINT('',(16.897318300361384,25.533338839377727,-0.750000000000000));
#5805=VERTEX_POINT('',#5804);
#5806=CARTESIAN_POINT('',(16.897318300361384,25.533338839377727,-0.740000000000000));
#5807=DIRECTION('',(0.0,0.0,-1.0));
#5808=VECTOR('',#5807,0.010000000000000);
#5809=LINE('',#5806,#5808);
#5810=EDGE_CURVE('',#5803,#5805,#5809,.T.);
#5811=ORIENTED_EDGE('',*,*,#5810,.F.);
#5812=CARTESIAN_POINT('',(16.323286522522672,25.528820493034114,-0.740000000000000));
#5813=VERTEX_POINT('',#5812);
#5814=CARTESIAN_POINT('',(16.897318300361384,25.533338839377727,-0.740000000000000));
#5815=DIRECTION('',(-0.999969023168782,-0.007871003930430,0.0));
#5816=VECTOR('',#5815,0.574049560075046);
#5817=LINE('',#5814,#5816);
#5818=EDGE_CURVE('',#5803,#5813,#5817,.T.);
#5819=ORIENTED_EDGE('',*,*,#5818,.T.);
#5820=CARTESIAN_POINT('',(16.323286522522672,25.528820493034114,-0.750000000000000));
#5821=VERTEX_POINT('',#5820);
#5822=CARTESIAN_POINT('',(16.323286522522672,25.528820493034114,-0.750000000000000));
#5823=DIRECTION('',(0.0,0.0,1.0));
#5824=VECTOR('',#5823,0.010000000000000);
#5825=LINE('',#5822,#5824);
#5826=EDGE_CURVE('',#5821,#5813,#5825,.T.);
#5827=ORIENTED_EDGE('',*,*,#5826,.F.);
#5828=CARTESIAN_POINT('',(16.897318300361384,25.533338839377727,-0.750000000000000));
#5829=DIRECTION('',(-0.999969023168782,-0.007871003930424,0.0));
#5830=VECTOR('',#5829,0.574049560075046);
#5831=LINE('',#5828,#5830);
#5832=EDGE_CURVE('',#5805,#5821,#5831,.T.);
#5833=ORIENTED_EDGE('',*,*,#5832,.F.);
#5834=EDGE_LOOP('',(#5811,#5819,#5827,#5833));
#5835=FACE_OUTER_BOUND('',#5834,.T.);
#5836=ADVANCED_FACE('',(#5835),#5801,.F.);
#5837=CARTESIAN_POINT('',(19.837590287377040,25.556482448659736,-0.740000000000000));
#5838=CARTESIAN_POINT('',(19.837590287377040,25.556482448659736,-0.750000000000000));
#5839=CARTESIAN_POINT('',(17.103937756489056,25.534965192308274,-0.740000000000000));
#5840=CARTESIAN_POINT('',(17.103937756489060,25.534965192308277,-0.750000000000000));
#5841=B_SPLINE_SURFACE_WITH_KNOTS('',1,1,((#5837,#5839),(#5838,#5840)),.UNSPECIFIED.,.F.,.F.,.U.,(2,2),(2,2),(0.0,0.010000000000000),(0.0,2.733737213404239),.UNSPECIFIED.);
#5842=CARTESIAN_POINT('',(17.103937756489056,25.534965192308267,-0.750000000000000));
#5843=VERTEX_POINT('',#5842);
#5844=CARTESIAN_POINT('',(17.103937756489056,25.534965192308267,-0.740000000000000));
#5845=VERTEX_POINT('',#5844);
#5846=CARTESIAN_POINT('',(17.103937756489053,25.534965192308270,-0.750000000000000));
#5847=DIRECTION('',(0.0,0.0,1.0));
#5848=VECTOR('',#5847,0.010000000000000);
#5849=LINE('',#5846,#5848);
#5850=EDGE_CURVE('',#5843,#5845,#5849,.T.);
#5851=ORIENTED_EDGE('',*,*,#5850,.F.);
#5852=CARTESIAN_POINT('',(19.837590287377040,25.556482448659736,-0.750000000000000));
#5853=VERTEX_POINT('',#5852);
#5854=CARTESIAN_POINT('',(19.837590287377040,25.556482448659736,-0.750000000000000));
#5855=DIRECTION('',(-0.999969023168782,-0.007871003930428,0.0));
#5856=VECTOR('',#5855,2.733737213404239);
#5857=LINE('',#5854,#5856);
#5858=EDGE_CURVE('',#5853,#5843,#5857,.T.);
#5859=ORIENTED_EDGE('',*,*,#5858,.F.);
#5860=CARTESIAN_POINT('',(19.837590287377040,25.556482448659736,-0.740000000000000));
#5861=VERTEX_POINT('',#5860);
#5862=CARTESIAN_POINT('',(19.837590287377040,25.556482448659736,-0.750000000000000));
#5863=DIRECTION('',(0.0,0.0,1.0));
#5864=VECTOR('',#5863,0.010000000000000);
#5865=LINE('',#5862,#5864);
#5866=EDGE_CURVE('',#5853,#5861,#5865,.T.);
#5867=ORIENTED_EDGE('',*,*,#5866,.T.);
#5868=CARTESIAN_POINT('',(19.837590287377040,25.556482448659732,-0.740000000000000));
#5869=DIRECTION('',(-0.999969023168782,-0.007871003930428,0.0));
#5870=VECTOR('',#5869,2.733737213404239);
#5871=LINE('',#5868,#5870);
#5872=EDGE_CURVE('',#5861,#5845,#5871,.T.);
#5873=ORIENTED_EDGE('',*,*,#5872,.T.);
#5874=EDGE_LOOP('',(#5851,#5859,#5867,#5873));
#5875=FACE_OUTER_BOUND('',#5874,.T.);
#5876=ADVANCED_FACE('',(#5875),#5841,.F.);
#5877=CARTESIAN_POINT('',(16.950797007296831,25.333753587971561,-0.750000000000000));
#5878=CARTESIAN_POINT('',(16.950797007296831,25.333753587971561,-0.740000000000000));
#5879=CARTESIAN_POINT('',(16.270428055733728,25.328398235387812,-0.750000000000000));
#5880=CARTESIAN_POINT('',(16.270428055733728,25.328398235387812,-0.740000000000000));
#5881=B_SPLINE_SURFACE_WITH_KNOTS('',1,1,((#5877,#5879),(#5878,#5880)),.UNSPECIFIED.,.F.,.F.,.U.,(2,2),(2,2),(0.0,0.010000000000000),(0.0,0.680390027890160),.UNSPECIFIED.);
#5882=CARTESIAN_POINT('',(16.950797007296828,25.333753587971557,-0.740000000000000));
#5883=VERTEX_POINT('',#5882);
#5884=CARTESIAN_POINT('',(16.950797007296828,25.333753587971557,-0.750000000000000));
#5885=DIRECTION('',(0.0,0.0,1.0));
#5886=VECTOR('',#5885,0.010000000000000);
#5887=LINE('',#5884,#5886);
#5888=EDGE_CURVE('',#1492,#5883,#5887,.T.);
#5889=ORIENTED_EDGE('',*,*,#5888,.F.);
#5890=ORIENTED_EDGE('',*,*,#1497,.F.);
#5891=CARTESIAN_POINT('',(16.270428055733728,25.328398235387812,-0.740000000000000));
#5892=VERTEX_POINT('',#5891);
#5893=CARTESIAN_POINT('',(16.270428055733728,25.328398235387812,-0.750000000000000));
#5894=DIRECTION('',(0.0,0.0,1.0));
#5895=VECTOR('',#5894,0.010000000000000);
#5896=LINE('',#5893,#5895);
#5897=EDGE_CURVE('',#1484,#5892,#5896,.T.);
#5898=ORIENTED_EDGE('',*,*,#5897,.T.);
#5899=CARTESIAN_POINT('',(16.270428055733728,25.328398235387812,-0.740000000000000));
#5900=DIRECTION('',(0.999969023168781,0.007871003930430,0.0));
#5901=VECTOR('',#5900,0.680390027890157);
#5902=LINE('',#5899,#5901);
#5903=EDGE_CURVE('',#5892,#5883,#5902,.T.);
#5904=ORIENTED_EDGE('',*,*,#5903,.T.);
#5905=EDGE_LOOP('',(#5889,#5890,#5898,#5904));
#5906=FACE_OUTER_BOUND('',#5905,.T.);
#5907=ADVANCED_FACE('',(#5906),#5881,.F.);
#5908=CARTESIAN_POINT('',(17.279668247944734,24.106389408725381,-0.750000000000000));
#5909=CARTESIAN_POINT('',(17.279668247944734,24.106389408725381,-0.740000000000000));
#5910=CARTESIAN_POINT('',(16.780282972585042,23.823286522522675,-0.750000000000000));
#5911=CARTESIAN_POINT('',(16.780282972585042,23.823286522522675,-0.740000000000000));
#5912=B_SPLINE_SURFACE_WITH_KNOTS('',1,1,((#5908,#5910),(#5909,#5911)),.UNSPECIFIED.,.F.,.F.,.U.,(2,2),(2,2),(0.0,0.010000000000000),(0.0,0.574049560075067),.UNSPECIFIED.);
#5913=CARTESIAN_POINT('',(17.279668247944734,24.106389408725377,-0.750000000000000));
#5914=VERTEX_POINT('',#5913);
#5915=CARTESIAN_POINT('',(17.279668247944734,24.106389408725377,-0.740000000000000));
#5916=VERTEX_POINT('',#5915);
#5917=CARTESIAN_POINT('',(17.279668247944734,24.106389408725377,-0.750000000000000));
#5918=DIRECTION('',(0.0,0.0,1.0));
#5919=VECTOR('',#5918,0.010000000000000);
#5920=LINE('',#5917,#5919);
#5921=EDGE_CURVE('',#5914,#5916,#5920,.T.);
#5922=ORIENTED_EDGE('',*,*,#5921,.F.);
#5923=CARTESIAN_POINT('',(16.780282972585042,23.823286522522675,-0.750000000000000));
#5924=DIRECTION('',(0.869934079026886,0.493168022227357,0.0));
#5925=VECTOR('',#5924,0.574049560075067);
#5926=LINE('',#5923,#5925);
#5927=EDGE_CURVE('',#3927,#5914,#5926,.T.);
#5928=ORIENTED_EDGE('',*,*,#5927,.F.);
#5929=ORIENTED_EDGE('',*,*,#3932,.T.);
#5930=CARTESIAN_POINT('',(16.780282972585045,23.823286522522675,-0.740000000000000));
#5931=DIRECTION('',(0.869934079026887,0.493168022227355,0.0));
#5932=VECTOR('',#5931,0.574049560075062);
#5933=LINE('',#5930,#5932);
#5934=EDGE_CURVE('',#3919,#5916,#5933,.T.);
#5935=ORIENTED_EDGE('',*,*,#5934,.T.);
#5936=EDGE_LOOP('',(#5922,#5928,#5929,#5935));
#5937=FACE_OUTER_BOUND('',#5936,.T.);
#5938=ADVANCED_FACE('',(#5937),#5912,.F.);
#5939=CARTESIAN_POINT('',(19.837590287377047,25.556482448659740,-0.750000000000000));
#5940=CARTESIAN_POINT('',(19.837590287377047,25.556482448659740,-0.740000000000000));
#5941=CARTESIAN_POINT('',(17.459419122332694,24.208290673835844,-0.750000000000000));
#5942=CARTESIAN_POINT('',(17.459419122332697,24.208290673835844,-0.740000000000000));
#5943=B_SPLINE_SURFACE_WITH_KNOTS('',1,1,((#5939,#5941),(#5940,#5942)),.UNSPECIFIED.,.F.,.F.,.U.,(2,2),(2,2),(0.0,0.010000000000000),(0.0,2.733737213404248),.UNSPECIFIED.);
#5944=CARTESIAN_POINT('',(17.459419122332690,24.208290673835844,-0.740000000000000));
#5945=VERTEX_POINT('',#5944);
#5946=CARTESIAN_POINT('',(17.459419122332690,24.208290673835844,-0.750000000000000));
#5947=VERTEX_POINT('',#5946);
#5948=CARTESIAN_POINT('',(17.459419122332690,24.208290673835844,-0.740000000000000));
#5949=DIRECTION('',(0.0,0.0,-1.0));
#5950=VECTOR('',#5949,0.010000000000000);
#5951=LINE('',#5948,#5950);
#5952=EDGE_CURVE('',#5945,#5947,#5951,.T.);
#5953=ORIENTED_EDGE('',*,*,#5952,.F.);
#5954=CARTESIAN_POINT('',(17.459419122332694,24.208290673835844,-0.740000000000000));
#5955=DIRECTION('',(0.869934079026887,0.493168022227356,0.0));
#5956=VECTOR('',#5955,2.733737213404240);
#5957=LINE('',#5954,#5956);
#5958=EDGE_CURVE('',#5945,#5861,#5957,.T.);
#5959=ORIENTED_EDGE('',*,*,#5958,.T.);
#5960=ORIENTED_EDGE('',*,*,#5866,.F.);
#5961=CARTESIAN_POINT('',(17.459419122332690,24.208290673835844,-0.750000000000000));
#5962=DIRECTION('',(0.869934079026887,0.493168022227355,0.0));
#5963=VECTOR('',#5962,2.733737213404243);
#5964=LINE('',#5961,#5963);
#5965=EDGE_CURVE('',#5947,#5853,#5964,.T.);
#5966=ORIENTED_EDGE('',*,*,#5965,.F.);
#5967=EDGE_LOOP('',(#5953,#5959,#5960,#5966));
#5968=FACE_OUTER_BOUND('',#5967,.T.);
#5969=ADVANCED_FACE('',(#5968),#5943,.F.);
#5970=CARTESIAN_POINT('',(17.226189541009290,24.305974660131536,-0.740000000000000));
#5971=CARTESIAN_POINT('',(17.226189541009290,24.305974660131536,-0.750000000000000));
#5972=CARTESIAN_POINT('',(16.634295068717570,23.970428055733723,-0.740000000000000));
#5973=CARTESIAN_POINT('',(16.634295068717570,23.970428055733723,-0.750000000000000));
#5974=B_SPLINE_SURFACE_WITH_KNOTS('',1,1,((#5970,#5972),(#5971,#5973)),.UNSPECIFIED.,.F.,.F.,.U.,(2,2),(2,2),(0.0,0.010000000000000),(0.0,0.680390027890177),.UNSPECIFIED.);
#5975=CARTESIAN_POINT('',(17.226189541009290,24.305974660131540,-0.740000000000000));
#5976=VERTEX_POINT('',#5975);
#5977=CARTESIAN_POINT('',(17.226189541009290,24.305974660131536,-0.740000000000000));
#5978=DIRECTION('',(0.0,0.0,-1.0));
#5979=VECTOR('',#5978,0.010000000000000);
#5980=LINE('',#5977,#5979);
#5981=EDGE_CURVE('',#5976,#1500,#5980,.T.);
#5982=ORIENTED_EDGE('',*,*,#5981,.F.);
#5983=CARTESIAN_POINT('',(16.634295068717570,23.970428055733727,-0.740000000000000));
#5984=VERTEX_POINT('',#5983);
#5985=CARTESIAN_POINT('',(17.226189541009290,24.305974660131540,-0.740000000000000));
#5986=DIRECTION('',(-0.869934079026888,-0.493168022227353,0.0));
#5987=VECTOR('',#5986,0.680390027890177);
#5988=LINE('',#5985,#5987);
#5989=EDGE_CURVE('',#5976,#5984,#5988,.T.);
#5990=ORIENTED_EDGE('',*,*,#5989,.T.);
#5991=CARTESIAN_POINT('',(16.634295068717570,23.970428055733727,-0.750000000000000));
#5992=DIRECTION('',(0.0,0.0,1.0));
#5993=VECTOR('',#5992,0.010000000000000);
#5994=LINE('',#5991,#5993);
#5995=EDGE_CURVE('',#1508,#5984,#5994,.T.);
#5996=ORIENTED_EDGE('',*,*,#5995,.F.);
#5997=ORIENTED_EDGE('',*,*,#1513,.F.);
#5998=EDGE_LOOP('',(#5982,#5990,#5996,#5997));
#5999=FACE_OUTER_BOUND('',#5998,.T.);
#6000=ADVANCED_FACE('',(#5999),#5974,.F.);
#6001=CARTESIAN_POINT('',(16.323286522522686,25.528820493034107,-0.740000000000000));
#6002=CARTESIAN_POINT('',(16.323286522522686,25.528820493034107,-0.750000000000000));
#6003=CARTESIAN_POINT('',(13.116459439632965,27.380282972585064,-0.740000000000000));
#6004=CARTESIAN_POINT('',(13.116459439632965,27.380282972585061,-0.750000000000000));
#6005=B_SPLINE_SURFACE_WITH_KNOTS('',1,1,((#6001,#6003),(#6002,#6004)),.UNSPECIFIED.,.F.,.F.,.U.,(2,2),(2,2),(0.0,0.010000000000000),(0.0,3.702924959101922),.UNSPECIFIED.);
#6006=CARTESIAN_POINT('',(13.116459439632964,27.380282972585039,-0.740000000000000));
#6007=VERTEX_POINT('',#6006);
#6008=CARTESIAN_POINT('',(16.323286522522661,25.528820493034079,-0.740000000000000));
#6009=DIRECTION('',(-0.866025403784439,0.500000000000000,0.0));
#6010=VECTOR('',#6009,3.702924959101899);
#6011=LINE('',#6008,#6010);
#6012=EDGE_CURVE('',#5813,#6007,#6011,.T.);
#6013=ORIENTED_EDGE('',*,*,#6012,.T.);
#6014=CARTESIAN_POINT('',(13.116459439632964,27.380282972585039,-0.750000000000000));
#6015=VERTEX_POINT('',#6014);
#6016=CARTESIAN_POINT('',(13.116459439632964,27.380282972585039,-0.750000000000000));
#6017=DIRECTION('',(0.0,0.0,1.0));
#6018=VECTOR('',#6017,0.010000000000000);
#6019=LINE('',#6016,#6018);
#6020=EDGE_CURVE('',#6015,#6007,#6019,.T.);
#6021=ORIENTED_EDGE('',*,*,#6020,.F.);
#6022=CARTESIAN_POINT('',(16.323286522522672,25.528820493034118,-0.750000000000000));
#6023=DIRECTION('',(-0.866025403784439,0.499999999999999,0.0));
#6024=VECTOR('',#6023,3.702924959101895);
#6025=LINE('',#6022,#6024);
#6026=EDGE_CURVE('',#5821,#6015,#6025,.T.);
#6027=ORIENTED_EDGE('',*,*,#6026,.F.);
#6028=ORIENTED_EDGE('',*,*,#5826,.T.);
#6029=EDGE_LOOP('',(#6013,#6021,#6027,#6028));
#6030=FACE_OUTER_BOUND('',#6029,.T.);
#6031=ADVANCED_FACE('',(#6030),#6005,.F.);
#6032=CARTESIAN_POINT('',(19.068566232651580,25.350423074235930,-0.750000000000000));
#6033=CARTESIAN_POINT('',(19.068566232651580,25.350423074235930,-0.740000000000000));
#6034=CARTESIAN_POINT('',(17.157416463424500,25.335379940902104,-0.750000000000000));
#6035=CARTESIAN_POINT('',(17.157416463424500,25.335379940902104,-0.740000000000000));
#6036=B_SPLINE_SURFACE_WITH_KNOTS('',1,1,((#6032,#6034),(#6033,#6035)),.UNSPECIFIED.,.F.,.F.,.U.,(2,2),(2,2),(0.0,0.010000000000000),(0.0,1.911208972424842),.UNSPECIFIED.);
#6037=CARTESIAN_POINT('',(17.157416463424500,25.335379940902104,-0.740000000000000));
#6038=VERTEX_POINT('',#6037);
#6039=CARTESIAN_POINT('',(17.157416463424500,25.335379940902104,-0.750000000000000));
#6040=VERTEX_POINT('',#6039);
#6041=CARTESIAN_POINT('',(17.157416463424500,25.335379940902104,-0.740000000000000));
#6042=DIRECTION('',(0.0,0.0,-1.0));
#6043=VECTOR('',#6042,0.010000000000000);
#6044=LINE('',#6041,#6043);
#6045=EDGE_CURVE('',#6038,#6040,#6044,.T.);
#6046=ORIENTED_EDGE('',*,*,#6045,.F.);
#6047=CARTESIAN_POINT('',(19.068566232651580,25.350423074235930,-0.740000000000000));
#6048=VERTEX_POINT('',#6047);
#6049=CARTESIAN_POINT('',(17.157416463424500,25.335379940902104,-0.740000000000000));
#6050=DIRECTION('',(0.999969023168782,0.007871003930428,0.0));
#6051=VECTOR('',#6050,1.911208972424842);
#6052=LINE('',#6049,#6051);
#6053=EDGE_CURVE('',#6038,#6048,#6052,.T.);
#6054=ORIENTED_EDGE('',*,*,#6053,.T.);
#6055=CARTESIAN_POINT('',(19.068566232651580,25.350423074235930,-0.750000000000000));
#6056=VERTEX_POINT('',#6055);
#6057=CARTESIAN_POINT('',(19.068566232651580,25.350423074235930,-0.750000000000000));
#6058=DIRECTION('',(0.0,0.0,1.0));
#6059=VECTOR('',#6058,0.010000000000000);
#6060=LINE('',#6057,#6059);
#6061=EDGE_CURVE('',#6056,#6048,#6060,.T.);
#6062=ORIENTED_EDGE('',*,*,#6061,.F.);
#6063=CARTESIAN_POINT('',(17.157416463424500,25.335379940902108,-0.750000000000000));
#6064=DIRECTION('',(0.999969023168782,0.007871003930428,0.0));
#6065=VECTOR('',#6064,1.911208972424842);
#6066=LINE('',#6063,#6065);
#6067=EDGE_CURVE('',#6040,#6056,#6066,.T.);
#6068=ORIENTED_EDGE('',*,*,#6067,.F.);
#6069=EDGE_LOOP('',(#6046,#6054,#6062,#6068));
#6070=FACE_OUTER_BOUND('',#6069,.T.);
#6071=ADVANCED_FACE('',(#6070),#6036,.F.);
#6072=CARTESIAN_POINT('',(19.068566232651584,25.350423074235930,-0.740000000000000));
#6073=CARTESIAN_POINT('',(19.068566232651584,25.350423074235930,-0.750000000000000));
#6074=CARTESIAN_POINT('',(17.405940415397250,24.407875925241999,-0.740000000000000));
#6075=CARTESIAN_POINT('',(17.405940415397247,24.407875925241999,-0.750000000000000));
#6076=B_SPLINE_SURFACE_WITH_KNOTS('',1,1,((#6072,#6074),(#6073,#6075)),.UNSPECIFIED.,.F.,.F.,.U.,(2,2),(2,2),(0.0,0.010000000000000),(0.0,1.911208972424844),.UNSPECIFIED.);
#6077=CARTESIAN_POINT('',(17.405940415397247,24.407875925242006,-0.750000000000000));
#6078=VERTEX_POINT('',#6077);
#6079=CARTESIAN_POINT('',(17.405940415397247,24.407875925242006,-0.740000000000000));
#6080=VERTEX_POINT('',#6079);
#6081=CARTESIAN_POINT('',(17.405940415397250,24.407875925242003,-0.750000000000000));
#6082=DIRECTION('',(0.0,0.0,1.0));
#6083=VECTOR('',#6082,0.010000000000000);
#6084=LINE('',#6081,#6083);
#6085=EDGE_CURVE('',#6078,#6080,#6084,.T.);
#6086=ORIENTED_EDGE('',*,*,#6085,.F.);
#6087=CARTESIAN_POINT('',(19.068566232651577,25.350423074235930,-0.750000000000000));
#6088=DIRECTION('',(-0.869934079026889,-0.493168022227352,0.0));
#6089=VECTOR('',#6088,1.911208972424840);
#6090=LINE('',#6087,#6089);
#6091=EDGE_CURVE('',#6056,#6078,#6090,.T.);
#6092=ORIENTED_EDGE('',*,*,#6091,.F.);
#6093=ORIENTED_EDGE('',*,*,#6061,.T.);
#6094=CARTESIAN_POINT('',(19.068566232651580,25.350423074235934,-0.740000000000000));
#6095=DIRECTION('',(-0.869934079026888,-0.493168022227353,0.0));
#6096=VECTOR('',#6095,1.911208972424841);
#6097=LINE('',#6094,#6096);
#6098=EDGE_CURVE('',#6048,#6080,#6097,.T.);
#6099=ORIENTED_EDGE('',*,*,#6098,.T.);
#6100=EDGE_LOOP('',(#6086,#6092,#6093,#6099));
#6101=FACE_OUTER_BOUND('',#6100,.T.);
#6102=ADVANCED_FACE('',(#6101),#6076,.F.);
#6103=CARTESIAN_POINT('',(16.634295068717570,23.970428055733727,-0.740000000000000));
#6104=CARTESIAN_POINT('',(16.634295068717570,23.970428055733727,-0.750000000000000));
#6105=CARTESIAN_POINT('',(10.728421096750431,13.741154273188005,-0.740000000000000));
#6106=CARTESIAN_POINT('',(10.728421096750431,13.741154273188009,-0.750000000000000));
#6107=B_SPLINE_SURFACE_WITH_KNOTS('',1,1,((#6103,#6105),(#6104,#6106)),.UNSPECIFIED.,.F.,.F.,.U.,(2,2),(2,2),(0.0,0.010000000000000),(0.0,11.811747943934300),.UNSPECIFIED.);
#6108=CARTESIAN_POINT('',(16.634295068717570,23.970428055733720,-0.740000000000000));
#6109=DIRECTION('',(-0.500000000000000,-0.866025403784439,0.0));
#6110=VECTOR('',#6109,11.811747943934291);
#6111=LINE('',#6108,#6110);
#6112=EDGE_CURVE('',#5984,#3737,#6111,.T.);
#6113=ORIENTED_EDGE('',*,*,#6112,.T.);
#6114=ORIENTED_EDGE('',*,*,#3742,.F.);
#6115=ORIENTED_EDGE('',*,*,#1521,.F.);
#6116=ORIENTED_EDGE('',*,*,#5995,.T.);
#6117=EDGE_LOOP('',(#6113,#6114,#6115,#6116));
#6118=FACE_OUTER_BOUND('',#6117,.T.);
#6119=ADVANCED_FACE('',(#6118),#6107,.F.);
#6120=CARTESIAN_POINT('',(17.157416463424500,25.335379940902108,-0.750000000000000));
#6121=CARTESIAN_POINT('',(17.157416463424500,25.335379940902108,-0.740000000000000));
#6122=CARTESIAN_POINT('',(17.405940415397250,24.407875925242006,-0.750000000000000));
#6123=CARTESIAN_POINT('',(17.405940415397250,24.407875925242003,-0.740000000000000));
#6124=B_SPLINE_SURFACE_WITH_KNOTS('',1,1,((#6120,#6122),(#6121,#6123)),.UNSPECIFIED.,.F.,.F.,.U.,(2,2),(2,2),(0.0,0.010000000000000),(0.0,0.960222814647604),.UNSPECIFIED.);
#6125=ORIENTED_EDGE('',*,*,#6045,.T.);
#6126=CARTESIAN_POINT('',(17.405940415397250,24.407875925242006,-0.750000000000000));
#6127=DIRECTION('',(-0.258819045102521,0.965925826289068,0.0));
#6128=VECTOR('',#6127,0.960222814647600);
#6129=LINE('',#6126,#6128);
#6130=EDGE_CURVE('',#6078,#6040,#6129,.T.);
#6131=ORIENTED_EDGE('',*,*,#6130,.F.);
#6132=ORIENTED_EDGE('',*,*,#6085,.T.);
#6133=CARTESIAN_POINT('',(17.405940415397250,24.407875925242003,-0.740000000000000));
#6134=DIRECTION('',(-0.258819045102522,0.965925826289068,0.0));
#6135=VECTOR('',#6134,0.960222814647608);
#6136=LINE('',#6133,#6135);
#6137=EDGE_CURVE('',#6080,#6038,#6136,.T.);
#6138=ORIENTED_EDGE('',*,*,#6137,.T.);
#6139=EDGE_LOOP('',(#6125,#6131,#6132,#6138));
#6140=FACE_OUTER_BOUND('',#6139,.T.);
#6141=ADVANCED_FACE('',(#6140),#6124,.F.);
#6142=CARTESIAN_POINT('',(17.459419122332694,24.208290673835844,-0.750000000000000));
#6143=CARTESIAN_POINT('',(17.459419122332694,24.208290673835844,-0.740000000000000));
#6144=CARTESIAN_POINT('',(17.680627642932848,23.382729235888920,-0.750000000000000));
#6145=CARTESIAN_POINT('',(17.680627642932844,23.382729235888920,-0.740000000000000));
#6146=B_SPLINE_SURFACE_WITH_KNOTS('',1,1,((#6142,#6144),(#6143,#6145)),.UNSPECIFIED.,.F.,.F.,.U.,(2,2),(2,2),(0.0,0.010000000000000),(0.0,0.854684092171547),.UNSPECIFIED.);
#6147=ORIENTED_EDGE('',*,*,#5952,.T.);
#6148=CARTESIAN_POINT('',(17.680627642932851,23.382729235888917,-0.750000000000000));
#6149=DIRECTION('',(-0.258819045102523,0.965925826289068,0.0));
#6150=VECTOR('',#6149,0.854684092171551);
#6151=LINE('',#6148,#6150);
#6152=EDGE_CURVE('',#3959,#5947,#6151,.T.);
#6153=ORIENTED_EDGE('',*,*,#6152,.F.);
#6154=ORIENTED_EDGE('',*,*,#3964,.T.);
#6155=CARTESIAN_POINT('',(17.680627642932848,23.382729235888920,-0.740000000000000));
#6156=DIRECTION('',(-0.258819045102520,0.965925826289068,0.0));
#6157=VECTOR('',#6156,0.854684092171547);
#6158=LINE('',#6155,#6157);
#6159=EDGE_CURVE('',#3951,#5945,#6158,.T.);
#6160=ORIENTED_EDGE('',*,*,#6159,.T.);
#6161=EDGE_LOOP('',(#6147,#6153,#6154,#6160));
#6162=FACE_OUTER_BOUND('',#6161,.T.);
#6163=ADVANCED_FACE('',(#6162),#6146,.F.);
#6164=CARTESIAN_POINT('',(17.279668247944734,24.106389408725374,-0.740000000000000));
#6165=CARTESIAN_POINT('',(17.279668247944734,24.106389408725374,-0.750000000000000));
#6166=CARTESIAN_POINT('',(17.466001205938650,23.410985342367486,-0.740000000000000));
#6167=CARTESIAN_POINT('',(17.466001205938646,23.410985342367486,-0.750000000000000));
#6168=B_SPLINE_SURFACE_WITH_KNOTS('',1,1,((#6164,#6166),(#6165,#6167)),.UNSPECIFIED.,.F.,.F.,.U.,(2,2),(2,2),(0.0,0.010000000000000),(0.0,0.719935265660634),.UNSPECIFIED.);
#6169=ORIENTED_EDGE('',*,*,#5921,.T.);
#6170=CARTESIAN_POINT('',(17.466001205938650,23.410985342367489,-0.740000000000000));
#6171=VERTEX_POINT('',#6170);
#6172=CARTESIAN_POINT('',(17.279668247944734,24.106389408725377,-0.740000000000000));
#6173=DIRECTION('',(0.258819045102521,-0.965925826289068,0.0));
#6174=VECTOR('',#6173,0.719935265660634);
#6175=LINE('',#6172,#6174);
#6176=EDGE_CURVE('',#5916,#6171,#6175,.T.);
#6177=ORIENTED_EDGE('',*,*,#6176,.T.);
#6178=CARTESIAN_POINT('',(17.466001205938650,23.410985342367489,-0.750000000000000));
#6179=VERTEX_POINT('',#6178);
#6180=CARTESIAN_POINT('',(17.466001205938650,23.410985342367489,-0.750000000000000));
#6181=DIRECTION('',(0.0,0.0,1.0));
#6182=VECTOR('',#6181,0.010000000000000);
#6183=LINE('',#6180,#6182);
#6184=EDGE_CURVE('',#6179,#6171,#6183,.T.);
#6185=ORIENTED_EDGE('',*,*,#6184,.F.);
#6186=CARTESIAN_POINT('',(17.279668247944734,24.106389408725377,-0.750000000000000));
#6187=DIRECTION('',(0.258819045102526,-0.965925826289067,0.0));
#6188=VECTOR('',#6187,0.719935265660635);
#6189=LINE('',#6186,#6188);
#6190=EDGE_CURVE('',#5914,#6179,#6189,.T.);
#6191=ORIENTED_EDGE('',*,*,#6190,.F.);
#6192=EDGE_LOOP('',(#6169,#6177,#6185,#6191));
#6193=FACE_OUTER_BOUND('',#6192,.T.);
#6194=ADVANCED_FACE('',(#6193),#6168,.F.);
#6195=CARTESIAN_POINT('',(16.950797007296828,25.333753587971561,-0.740000000000000));
#6196=CARTESIAN_POINT('',(16.950797007296828,25.333753587971561,-0.750000000000000));
#6197=CARTESIAN_POINT('',(17.226189541009290,24.305974660131533,-0.740000000000000));
#6198=CARTESIAN_POINT('',(17.226189541009290,24.305974660131536,-0.750000000000000));
#6199=B_SPLINE_SURFACE_WITH_KNOTS('',1,1,((#6195,#6197),(#6196,#6198)),.UNSPECIFIED.,.F.,.F.,.U.,(2,2),(2,2),(0.0,0.010000000000000),(0.0,1.064035042720195),.UNSPECIFIED.);
#6200=ORIENTED_EDGE('',*,*,#5888,.T.);
#6201=CARTESIAN_POINT('',(16.950797007296828,25.333753587971561,-0.740000000000000));
#6202=DIRECTION('',(0.258819045102523,-0.965925826289068,0.0));
#6203=VECTOR('',#6202,1.064035042720192);
#6204=LINE('',#6201,#6203);
#6205=EDGE_CURVE('',#5883,#5976,#6204,.T.);
#6206=ORIENTED_EDGE('',*,*,#6205,.T.);
#6207=ORIENTED_EDGE('',*,*,#5981,.T.);
#6208=ORIENTED_EDGE('',*,*,#1505,.F.);
#6209=EDGE_LOOP('',(#6200,#6206,#6207,#6208));
#6210=FACE_OUTER_BOUND('',#6209,.T.);
#6211=ADVANCED_FACE('',(#6210),#6199,.F.);
#6212=CARTESIAN_POINT('',(11.406407122777910,27.497318300361382,-0.740000000000000));
#6213=CARTESIAN_POINT('',(11.406407122777910,27.497318300361382,-0.750000000000000));
#6214=CARTESIAN_POINT('',(11.410925469121521,26.923286522522673,-0.740000000000000));
#6215=CARTESIAN_POINT('',(11.410925469121519,26.923286522522677,-0.750000000000000));
#6216=B_SPLINE_SURFACE_WITH_KNOTS('',1,1,((#6212,#6214),(#6213,#6215)),.UNSPECIFIED.,.F.,.F.,.U.,(2,2),(2,2),(0.0,0.010000000000000),(0.0,0.574049560075042),.UNSPECIFIED.);
#6217=CARTESIAN_POINT('',(11.406407122777910,27.497318300361382,-0.740000000000000));
#6218=VERTEX_POINT('',#6217);
#6219=CARTESIAN_POINT('',(11.406407122777910,27.497318300361382,-0.750000000000000));
#6220=VERTEX_POINT('',#6219);
#6221=CARTESIAN_POINT('',(11.406407122777910,27.497318300361382,-0.740000000000000));
#6222=DIRECTION('',(0.0,0.0,-1.0));
#6223=VECTOR('',#6222,0.010000000000000);
#6224=LINE('',#6221,#6223);
#6225=EDGE_CURVE('',#6218,#6220,#6224,.T.);
#6226=ORIENTED_EDGE('',*,*,#6225,.F.);
#6227=CARTESIAN_POINT('',(11.410925469121519,26.923286522522673,-0.740000000000000));
#6228=VERTEX_POINT('',#6227);
#6229=CARTESIAN_POINT('',(11.406407122777908,27.497318300361382,-0.740000000000000));
#6230=DIRECTION('',(0.007871003930427,-0.999969023168782,0.0));
#6231=VECTOR('',#6230,0.574049560075046);
#6232=LINE('',#6229,#6231);
#6233=EDGE_CURVE('',#6218,#6228,#6232,.T.);
#6234=ORIENTED_EDGE('',*,*,#6233,.T.);
#6235=CARTESIAN_POINT('',(11.410925469121519,26.923286522522673,-0.750000000000000));
#6236=VERTEX_POINT('',#6235);
#6237=CARTESIAN_POINT('',(11.410925469121519,26.923286522522673,-0.750000000000000));
#6238=DIRECTION('',(0.0,0.0,1.0));
#6239=VECTOR('',#6238,0.010000000000000);
#6240=LINE('',#6237,#6239);
#6241=EDGE_CURVE('',#6236,#6228,#6240,.T.);
#6242=ORIENTED_EDGE('',*,*,#6241,.F.);
#6243=CARTESIAN_POINT('',(11.406407122777912,27.497318300361382,-0.750000000000000));
#6244=DIRECTION('',(0.007871003930427,-0.999969023168782,0.0));
#6245=VECTOR('',#6244,0.574049560075046);
#6246=LINE('',#6243,#6245);
#6247=EDGE_CURVE('',#6220,#6236,#6246,.T.);
#6248=ORIENTED_EDGE('',*,*,#6247,.F.);
#6249=EDGE_LOOP('',(#6226,#6234,#6242,#6248));
#6250=FACE_OUTER_BOUND('',#6249,.T.);
#6251=ADVANCED_FACE('',(#6250),#6216,.F.);
#6252=CARTESIAN_POINT('',(11.383263513495908,30.437590287377034,-0.740000000000000));
#6253=CARTESIAN_POINT('',(11.383263513495908,30.437590287377034,-0.750000000000000));
#6254=CARTESIAN_POINT('',(11.404780769847367,27.703937756489051,-0.740000000000000));
#6255=CARTESIAN_POINT('',(11.404780769847367,27.703937756489054,-0.750000000000000));
#6256=B_SPLINE_SURFACE_WITH_KNOTS('',1,1,((#6252,#6254),(#6253,#6255)),.UNSPECIFIED.,.F.,.F.,.U.,(2,2),(2,2),(0.0,0.010000000000000),(0.0,2.733737213404239),.UNSPECIFIED.);
#6257=CARTESIAN_POINT('',(11.404780769847367,27.703937756489051,-0.750000000000000));
#6258=VERTEX_POINT('',#6257);
#6259=CARTESIAN_POINT('',(11.404780769847367,27.703937756489051,-0.740000000000000));
#6260=VERTEX_POINT('',#6259);
#6261=CARTESIAN_POINT('',(11.404780769847367,27.703937756489051,-0.750000000000000));
#6262=DIRECTION('',(0.0,0.0,1.0));
#6263=VECTOR('',#6262,0.010000000000000);
#6264=LINE('',#6261,#6263);
#6265=EDGE_CURVE('',#6258,#6260,#6264,.T.);
#6266=ORIENTED_EDGE('',*,*,#6265,.F.);
#6267=CARTESIAN_POINT('',(11.383263513495908,30.437590287377034,-0.750000000000000));
#6268=VERTEX_POINT('',#6267);
#6269=CARTESIAN_POINT('',(11.383263513495912,30.437590287377034,-0.750000000000000));
#6270=DIRECTION('',(0.007871003930426,-0.999969023168782,0.0));
#6271=VECTOR('',#6270,2.733737213404242);
#6272=LINE('',#6269,#6271);
#6273=EDGE_CURVE('',#6268,#6258,#6272,.T.);
#6274=ORIENTED_EDGE('',*,*,#6273,.F.);
#6275=CARTESIAN_POINT('',(11.383263513495908,30.437590287377034,-0.740000000000000));
#6276=VERTEX_POINT('',#6275);
#6277=CARTESIAN_POINT('',(11.383263513495908,30.437590287377034,-0.750000000000000));
#6278=DIRECTION('',(0.0,0.0,1.0));
#6279=VECTOR('',#6278,0.010000000000000);
#6280=LINE('',#6277,#6279);
#6281=EDGE_CURVE('',#6268,#6276,#6280,.T.);
#6282=ORIENTED_EDGE('',*,*,#6281,.T.);
#6283=CARTESIAN_POINT('',(11.383263513495908,30.437590287377034,-0.740000000000000));
#6284=DIRECTION('',(0.007871003930426,-0.999969023168782,0.0));
#6285=VECTOR('',#6284,2.733737213404239);
#6286=LINE('',#6283,#6285);
#6287=EDGE_CURVE('',#6276,#6260,#6286,.T.);
#6288=ORIENTED_EDGE('',*,*,#6287,.T.);
#6289=EDGE_LOOP('',(#6266,#6274,#6282,#6288));
#6290=FACE_OUTER_BOUND('',#6289,.T.);
#6291=ADVANCED_FACE('',(#6290),#6256,.F.);
#6292=CARTESIAN_POINT('',(11.605992374184074,27.550797007296829,-0.750000000000000));
#6293=CARTESIAN_POINT('',(11.605992374184074,27.550797007296829,-0.740000000000000));
#6294=CARTESIAN_POINT('',(11.611347726767821,26.870428055733726,-0.750000000000000));
#6295=CARTESIAN_POINT('',(11.611347726767820,26.870428055733726,-0.740000000000000));
#6296=B_SPLINE_SURFACE_WITH_KNOTS('',1,1,((#6292,#6294),(#6293,#6295)),.UNSPECIFIED.,.F.,.F.,.U.,(2,2),(2,2),(0.0,0.010000000000000),(0.0,0.680390027890160),.UNSPECIFIED.);
#6297=CARTESIAN_POINT('',(11.605992374184076,27.550797007296829,-0.740000000000000));
#6298=VERTEX_POINT('',#6297);
#6299=CARTESIAN_POINT('',(11.605992374184076,27.550797007296829,-0.750000000000000));
#6300=DIRECTION('',(0.0,0.0,1.0));
#6301=VECTOR('',#6300,0.010000000000000);
#6302=LINE('',#6299,#6301);
#6303=EDGE_CURVE('',#1676,#6298,#6302,.T.);
#6304=ORIENTED_EDGE('',*,*,#6303,.F.);
#6305=ORIENTED_EDGE('',*,*,#1681,.F.);
#6306=ORIENTED_EDGE('',*,*,#3503,.T.);
#6307=CARTESIAN_POINT('',(11.611347726767823,26.870428055733726,-0.740000000000000));
#6308=DIRECTION('',(-0.007871003930427,0.999969023168782,0.0));
#6309=VECTOR('',#6308,0.680390027890160);
#6310=LINE('',#6307,#6309);
#6311=EDGE_CURVE('',#3492,#6298,#6310,.T.);
#6312=ORIENTED_EDGE('',*,*,#6311,.T.);
#6313=EDGE_LOOP('',(#6304,#6305,#6306,#6312));
#6314=FACE_OUTER_BOUND('',#6313,.T.);
#6315=ADVANCED_FACE('',(#6314),#6296,.F.);
#6316=CARTESIAN_POINT('',(12.833356553430262,27.879668247944732,-0.750000000000000));
#6317=CARTESIAN_POINT('',(12.833356553430262,27.879668247944732,-0.740000000000000));
#6318=CARTESIAN_POINT('',(13.116459439632964,27.380282972585039,-0.750000000000000));
#6319=CARTESIAN_POINT('',(13.116459439632964,27.380282972585039,-0.740000000000000));
#6320=B_SPLINE_SURFACE_WITH_KNOTS('',1,1,((#6316,#6318),(#6317,#6319)),.UNSPECIFIED.,.F.,.F.,.U.,(2,2),(2,2),(0.0,0.010000000000000),(0.0,0.574049560075065),.UNSPECIFIED.);
#6321=CARTESIAN_POINT('',(12.833356553430262,27.879668247944732,-0.750000000000000));
#6322=VERTEX_POINT('',#6321);
#6323=CARTESIAN_POINT('',(12.833356553430262,27.879668247944732,-0.740000000000000));
#6324=VERTEX_POINT('',#6323);
#6325=CARTESIAN_POINT('',(12.833356553430262,27.879668247944732,-0.750000000000000));
#6326=DIRECTION('',(0.0,0.0,1.0));
#6327=VECTOR('',#6326,0.010000000000000);
#6328=LINE('',#6325,#6327);
#6329=EDGE_CURVE('',#6322,#6324,#6328,.T.);
#6330=ORIENTED_EDGE('',*,*,#6329,.F.);
#6331=CARTESIAN_POINT('',(13.116459439632962,27.380282972585036,-0.750000000000000));
#6332=DIRECTION('',(-0.493168022227355,0.869934079026887,0.0));
#6333=VECTOR('',#6332,0.574049560075066);
#6334=LINE('',#6331,#6333);
#6335=EDGE_CURVE('',#6015,#6322,#6334,.T.);
#6336=ORIENTED_EDGE('',*,*,#6335,.F.);
#6337=ORIENTED_EDGE('',*,*,#6020,.T.);
#6338=CARTESIAN_POINT('',(13.116459439632964,27.380282972585036,-0.740000000000000));
#6339=DIRECTION('',(-0.493168022227353,0.869934079026889,0.0));
#6340=VECTOR('',#6339,0.574049560075065);
#6341=LINE('',#6338,#6340);
#6342=EDGE_CURVE('',#6007,#6324,#6341,.T.);
#6343=ORIENTED_EDGE('',*,*,#6342,.T.);
#6344=EDGE_LOOP('',(#6330,#6336,#6337,#6343));
#6345=FACE_OUTER_BOUND('',#6344,.T.);
#6346=ADVANCED_FACE('',(#6345),#6320,.F.);
#6347=CARTESIAN_POINT('',(11.383263513495912,30.437590287377034,-0.750000000000000));
#6348=CARTESIAN_POINT('',(11.383263513495912,30.437590287377034,-0.740000000000000));
#6349=CARTESIAN_POINT('',(12.731455288319799,28.059419122332685,-0.750000000000000));
#6350=CARTESIAN_POINT('',(12.731455288319800,28.059419122332685,-0.740000000000000));
#6351=B_SPLINE_SURFACE_WITH_KNOTS('',1,1,((#6347,#6349),(#6348,#6350)),.UNSPECIFIED.,.F.,.F.,.U.,(2,2),(2,2),(0.0,0.010000000000000),(0.0,2.733737213404241),.UNSPECIFIED.);
#6352=CARTESIAN_POINT('',(12.731455288319800,28.059419122332688,-0.740000000000000));
#6353=VERTEX_POINT('',#6352);
#6354=CARTESIAN_POINT('',(12.731455288319800,28.059419122332688,-0.750000000000000));
#6355=VERTEX_POINT('',#6354);
#6356=CARTESIAN_POINT('',(12.731455288319800,28.059419122332688,-0.740000000000000));
#6357=DIRECTION('',(0.0,0.0,-1.0));
#6358=VECTOR('',#6357,0.010000000000000);
#6359=LINE('',#6356,#6358);
#6360=EDGE_CURVE('',#6353,#6355,#6359,.T.);
#6361=ORIENTED_EDGE('',*,*,#6360,.F.);
#6362=CARTESIAN_POINT('',(12.731455288319799,28.059419122332685,-0.740000000000000));
#6363=DIRECTION('',(-0.493168022227354,0.869934079026888,0.0));
#6364=VECTOR('',#6363,2.733737213404242);
#6365=LINE('',#6362,#6364);
#6366=EDGE_CURVE('',#6353,#6276,#6365,.T.);
#6367=ORIENTED_EDGE('',*,*,#6366,.T.);
#6368=ORIENTED_EDGE('',*,*,#6281,.F.);
#6369=CARTESIAN_POINT('',(12.731455288319795,28.059419122332685,-0.750000000000000));
#6370=DIRECTION('',(-0.493168022227354,0.869934079026888,0.0));
#6371=VECTOR('',#6370,2.733737213404241);
#6372=LINE('',#6369,#6371);
#6373=EDGE_CURVE('',#6355,#6268,#6372,.T.);
#6374=ORIENTED_EDGE('',*,*,#6373,.F.);
#6375=EDGE_LOOP('',(#6361,#6367,#6368,#6374));
#6376=FACE_OUTER_BOUND('',#6375,.T.);
#6377=ADVANCED_FACE('',(#6376),#6351,.F.);
#6378=CARTESIAN_POINT('',(12.633771302024098,27.826189541009292,-0.740000000000000));
#6379=CARTESIAN_POINT('',(12.633771302024098,27.826189541009292,-0.750000000000000));
#6380=CARTESIAN_POINT('',(12.969317906421910,27.234295068717568,-0.740000000000000));
#6381=CARTESIAN_POINT('',(12.969317906421910,27.234295068717564,-0.750000000000000));
#6382=B_SPLINE_SURFACE_WITH_KNOTS('',1,1,((#6378,#6380),(#6379,#6381)),.UNSPECIFIED.,.F.,.F.,.U.,(2,2),(2,2),(0.0,0.010000000000000),(0.0,0.680390027890180),.UNSPECIFIED.);
#6383=CARTESIAN_POINT('',(12.633771302024099,27.826189541009288,-0.740000000000000));
#6384=VERTEX_POINT('',#6383);
#6385=CARTESIAN_POINT('',(12.633771302024099,27.826189541009288,-0.740000000000000));
#6386=DIRECTION('',(0.0,0.0,-1.0));
#6387=VECTOR('',#6386,0.010000000000000);
#6388=LINE('',#6385,#6387);
#6389=EDGE_CURVE('',#6384,#1474,#6388,.T.);
#6390=ORIENTED_EDGE('',*,*,#6389,.F.);
#6391=CARTESIAN_POINT('',(12.969317906421910,27.234295068717564,-0.740000000000000));
#6392=VERTEX_POINT('',#6391);
#6393=CARTESIAN_POINT('',(12.633771302024098,27.826189541009288,-0.740000000000000));
#6394=DIRECTION('',(0.493168022227351,-0.869934079026890,0.0));
#6395=VECTOR('',#6394,0.680390027890180);
#6396=LINE('',#6393,#6395);
#6397=EDGE_CURVE('',#6384,#6392,#6396,.T.);
#6398=ORIENTED_EDGE('',*,*,#6397,.T.);
#6399=CARTESIAN_POINT('',(12.969317906421910,27.234295068717564,-0.750000000000000));
#6400=DIRECTION('',(0.0,0.0,1.0));
#6401=VECTOR('',#6400,0.010000000000000);
#6402=LINE('',#6399,#6401);
#6403=EDGE_CURVE('',#1476,#6392,#6402,.T.);
#6404=ORIENTED_EDGE('',*,*,#6403,.F.);
#6405=ORIENTED_EDGE('',*,*,#1481,.F.);
#6406=EDGE_LOOP('',(#6390,#6398,#6404,#6405));
#6407=FACE_OUTER_BOUND('',#6406,.T.);
#6408=ADVANCED_FACE('',(#6407),#6382,.F.);
#6409=CARTESIAN_POINT('',(11.410925469121519,26.923286522522673,-0.740000000000000));
#6410=CARTESIAN_POINT('',(11.410925469121519,26.923286522522673,-0.750000000000000));
#6411=CARTESIAN_POINT('',(2.099999999999978,10.796290544517106,-0.740000000000000));
#6412=CARTESIAN_POINT('',(2.099999999999978,10.796290544517106,-0.750000000000000));
#6413=B_SPLINE_SURFACE_WITH_KNOTS('',1,1,((#6409,#6411),(#6410,#6412)),.UNSPECIFIED.,.F.,.F.,.U.,(2,2),(2,2),(0.0,0.010000000000000),(0.0,18.621850938243060),.UNSPECIFIED.);
#6414=CARTESIAN_POINT('',(11.410925469121517,26.923286522522666,-0.740000000000000));
#6415=DIRECTION('',(-0.500000000000000,-0.866025403784438,0.0));
#6416=VECTOR('',#6415,18.621850938243043);
#6417=LINE('',#6414,#6416);
#6418=EDGE_CURVE('',#6228,#3628,#6417,.T.);
#6419=ORIENTED_EDGE('',*,*,#6418,.T.);
#6420=ORIENTED_EDGE('',*,*,#3633,.F.);
#6421=CARTESIAN_POINT('',(11.410925469121519,26.923286522522673,-0.750000000000000));
#6422=DIRECTION('',(-0.500000000000000,-0.866025403784438,0.0));
#6423=VECTOR('',#6422,18.621850938243053);
#6424=LINE('',#6421,#6423);
#6425=EDGE_CURVE('',#6236,#3626,#6424,.T.);
#6426=ORIENTED_EDGE('',*,*,#6425,.F.);
#6427=ORIENTED_EDGE('',*,*,#6241,.T.);
#6428=EDGE_LOOP('',(#6419,#6420,#6426,#6427));
#6429=FACE_OUTER_BOUND('',#6428,.T.);
#6430=ADVANCED_FACE('',(#6429),#6413,.F.);
#6431=CARTESIAN_POINT('',(11.589322887919707,29.668566232651578,-0.750000000000000));
#6432=CARTESIAN_POINT('',(11.589322887919707,29.668566232651578,-0.740000000000000));
#6433=CARTESIAN_POINT('',(11.604366021253531,27.757416463424491,-0.750000000000000));
#6434=CARTESIAN_POINT('',(11.604366021253533,27.757416463424491,-0.740000000000000));
#6435=B_SPLINE_SURFACE_WITH_KNOTS('',1,1,((#6431,#6433),(#6432,#6434)),.UNSPECIFIED.,.F.,.F.,.U.,(2,2),(2,2),(0.0,0.010000000000000),(0.0,1.911208972424849),.UNSPECIFIED.);
#6436=CARTESIAN_POINT('',(11.604366021253531,27.757416463424494,-0.740000000000000));
#6437=VERTEX_POINT('',#6436);
#6438=CARTESIAN_POINT('',(11.604366021253531,27.757416463424494,-0.750000000000000));
#6439=VERTEX_POINT('',#6438);
#6440=CARTESIAN_POINT('',(11.604366021253531,27.757416463424494,-0.740000000000000));
#6441=DIRECTION('',(0.0,0.0,-1.0));
#6442=VECTOR('',#6441,0.010000000000000);
#6443=LINE('',#6440,#6442);
#6444=EDGE_CURVE('',#6437,#6439,#6443,.T.);
#6445=ORIENTED_EDGE('',*,*,#6444,.F.);
#6446=CARTESIAN_POINT('',(11.589322887919709,29.668566232651578,-0.740000000000000));
#6447=VERTEX_POINT('',#6446);
#6448=CARTESIAN_POINT('',(11.604366021253533,27.757416463424494,-0.740000000000000));
#6449=DIRECTION('',(-0.007871003930428,0.999969023168782,0.0));
#6450=VECTOR('',#6449,1.911208972424846);
#6451=LINE('',#6448,#6450);
#6452=EDGE_CURVE('',#6437,#6447,#6451,.T.);
#6453=ORIENTED_EDGE('',*,*,#6452,.T.);
#6454=CARTESIAN_POINT('',(11.589322887919709,29.668566232651578,-0.750000000000000));
#6455=VERTEX_POINT('',#6454);
#6456=CARTESIAN_POINT('',(11.589322887919709,29.668566232651578,-0.750000000000000));
#6457=DIRECTION('',(0.0,0.0,1.0));
#6458=VECTOR('',#6457,0.010000000000000);
#6459=LINE('',#6456,#6458);
#6460=EDGE_CURVE('',#6455,#6447,#6459,.T.);
#6461=ORIENTED_EDGE('',*,*,#6460,.F.);
#6462=CARTESIAN_POINT('',(11.604366021253533,27.757416463424498,-0.750000000000000));
#6463=DIRECTION('',(-0.007871003930428,0.999969023168782,0.0));
#6464=VECTOR('',#6463,1.911208972424842);
#6465=LINE('',#6462,#6464);
#6466=EDGE_CURVE('',#6439,#6455,#6465,.T.);
#6467=ORIENTED_EDGE('',*,*,#6466,.F.);
#6468=EDGE_LOOP('',(#6445,#6453,#6461,#6467));
#6469=FACE_OUTER_BOUND('',#6468,.T.);
#6470=ADVANCED_FACE('',(#6469),#6435,.F.);
#6471=CARTESIAN_POINT('',(11.589322887919709,29.668566232651578,-0.740000000000000));
#6472=CARTESIAN_POINT('',(11.589322887919709,29.668566232651578,-0.750000000000000));
#6473=CARTESIAN_POINT('',(12.531870036913634,28.005940415397244,-0.740000000000000));
#6474=CARTESIAN_POINT('',(12.531870036913636,28.005940415397241,-0.750000000000000));
#6475=B_SPLINE_SURFACE_WITH_KNOTS('',1,1,((#6471,#6473),(#6472,#6474)),.UNSPECIFIED.,.F.,.F.,.U.,(2,2),(2,2),(0.0,0.010000000000000),(0.0,1.911208972424842),.UNSPECIFIED.);
#6476=CARTESIAN_POINT('',(12.531870036913638,28.005940415397244,-0.750000000000000));
#6477=VERTEX_POINT('',#6476);
#6478=CARTESIAN_POINT('',(12.531870036913638,28.005940415397244,-0.740000000000000));
#6479=VERTEX_POINT('',#6478);
#6480=CARTESIAN_POINT('',(12.531870036913638,28.005940415397244,-0.750000000000000));
#6481=DIRECTION('',(0.0,0.0,1.0));
#6482=VECTOR('',#6481,0.010000000000000);
#6483=LINE('',#6480,#6482);
#6484=EDGE_CURVE('',#6477,#6479,#6483,.T.);
#6485=ORIENTED_EDGE('',*,*,#6484,.F.);
#6486=CARTESIAN_POINT('',(11.589322887919709,29.668566232651578,-0.750000000000000));
#6487=DIRECTION('',(0.493168022227350,-0.869934079026890,0.0));
#6488=VECTOR('',#6487,1.911208972424842);
#6489=LINE('',#6486,#6488);
#6490=EDGE_CURVE('',#6455,#6477,#6489,.T.);
#6491=ORIENTED_EDGE('',*,*,#6490,.F.);
#6492=ORIENTED_EDGE('',*,*,#6460,.T.);
#6493=CARTESIAN_POINT('',(11.589322887919709,29.668566232651578,-0.740000000000000));
#6494=DIRECTION('',(0.493168022227351,-0.869934079026890,0.0));
#6495=VECTOR('',#6494,1.911208972424842);
#6496=LINE('',#6493,#6495);
#6497=EDGE_CURVE('',#6447,#6479,#6496,.T.);
#6498=ORIENTED_EDGE('',*,*,#6497,.T.);
#6499=EDGE_LOOP('',(#6485,#6491,#6492,#6498));
#6500=FACE_OUTER_BOUND('',#6499,.T.);
#6501=ADVANCED_FACE('',(#6500),#6475,.F.);
#6502=CARTESIAN_POINT('',(12.969317906421903,27.234295068717568,-0.740000000000000));
#6503=CARTESIAN_POINT('',(12.969317906421903,27.234295068717568,-0.750000000000000));
#6504=CARTESIAN_POINT('',(16.270428055733724,25.328398235387780,-0.740000000000000));
#6505=CARTESIAN_POINT('',(16.270428055733724,25.328398235387784,-0.750000000000000));
#6506=B_SPLINE_SURFACE_WITH_KNOTS('',1,1,((#6502,#6504),(#6503,#6505)),.UNSPECIFIED.,.F.,.F.,.U.,(2,2),(2,2),(0.0,0.010000000000000),(0.0,3.811793666659572),.UNSPECIFIED.);
#6507=CARTESIAN_POINT('',(12.969317906421919,27.234295068717582,-0.740000000000000));
#6508=DIRECTION('',(0.866025403784440,-0.499999999999998,0.0));
#6509=VECTOR('',#6508,3.811793666659553);
#6510=LINE('',#6507,#6509);
#6511=EDGE_CURVE('',#6392,#5892,#6510,.T.);
#6512=ORIENTED_EDGE('',*,*,#6511,.T.);
#6513=ORIENTED_EDGE('',*,*,#5897,.F.);
#6514=ORIENTED_EDGE('',*,*,#1489,.F.);
#6515=ORIENTED_EDGE('',*,*,#6403,.T.);
#6516=EDGE_LOOP('',(#6512,#6513,#6514,#6515));
#6517=FACE_OUTER_BOUND('',#6516,.T.);
#6518=ADVANCED_FACE('',(#6517),#6506,.F.);
#6519=CARTESIAN_POINT('',(12.531870036913634,28.005940415397241,-0.740000000000000));
#6520=CARTESIAN_POINT('',(12.531870036913634,28.005940415397241,-0.750000000000000));
#6521=CARTESIAN_POINT('',(11.604366021253529,27.757416463424494,-0.740000000000000));
#6522=CARTESIAN_POINT('',(11.604366021253529,27.757416463424498,-0.750000000000000));
#6523=B_SPLINE_SURFACE_WITH_KNOTS('',1,1,((#6519,#6521),(#6520,#6522)),.UNSPECIFIED.,.F.,.F.,.U.,(2,2),(2,2),(0.0,0.010000000000000),(0.0,0.960222814647607),.UNSPECIFIED.);
#6524=ORIENTED_EDGE('',*,*,#6444,.T.);
#6525=CARTESIAN_POINT('',(12.531870036913638,28.005940415397241,-0.750000000000000));
#6526=DIRECTION('',(-0.965925826289068,-0.258819045102522,0.0));
#6527=VECTOR('',#6526,0.960222814647610);
#6528=LINE('',#6525,#6527);
#6529=EDGE_CURVE('',#6477,#6439,#6528,.T.);
#6530=ORIENTED_EDGE('',*,*,#6529,.F.);
#6531=ORIENTED_EDGE('',*,*,#6484,.T.);
#6532=CARTESIAN_POINT('',(12.531870036913636,28.005940415397241,-0.740000000000000));
#6533=DIRECTION('',(-0.965925826289069,-0.258819045102519,0.0));
#6534=VECTOR('',#6533,0.960222814647605);
#6535=LINE('',#6532,#6534);
#6536=EDGE_CURVE('',#6479,#6437,#6535,.T.);
#6537=ORIENTED_EDGE('',*,*,#6536,.T.);
#6538=EDGE_LOOP('',(#6524,#6530,#6531,#6537));
#6539=FACE_OUTER_BOUND('',#6538,.T.);
#6540=ADVANCED_FACE('',(#6539),#6523,.F.);
#6541=CARTESIAN_POINT('',(13.557016726266720,28.280627642932838,-0.740000000000000));
#6542=CARTESIAN_POINT('',(13.557016726266720,28.280627642932838,-0.750000000000000));
#6543=CARTESIAN_POINT('',(12.731455288319797,28.059419122332685,-0.740000000000000));
#6544=CARTESIAN_POINT('',(12.731455288319797,28.059419122332688,-0.750000000000000));
#6545=B_SPLINE_SURFACE_WITH_KNOTS('',1,1,((#6541,#6543),(#6542,#6544)),.UNSPECIFIED.,.F.,.F.,.U.,(2,2),(2,2),(0.0,0.010000000000000),(0.0,0.854684092171547),.UNSPECIFIED.);
#6546=ORIENTED_EDGE('',*,*,#6360,.T.);
#6547=CARTESIAN_POINT('',(13.557016726266720,28.280627642932838,-0.750000000000000));
#6548=VERTEX_POINT('',#6547);
#6549=CARTESIAN_POINT('',(13.557016726266720,28.280627642932835,-0.750000000000000));
#6550=DIRECTION('',(-0.965925826289069,-0.258819045102517,0.0));
#6551=VECTOR('',#6550,0.854684092171542);
#6552=LINE('',#6549,#6551);
#6553=EDGE_CURVE('',#6548,#6355,#6552,.T.);
#6554=ORIENTED_EDGE('',*,*,#6553,.F.);
#6555=CARTESIAN_POINT('',(13.557016726266720,28.280627642932838,-0.740000000000000));
#6556=VERTEX_POINT('',#6555);
#6557=CARTESIAN_POINT('',(13.557016726266720,28.280627642932838,-0.750000000000000));
#6558=DIRECTION('',(0.0,0.0,1.0));
#6559=VECTOR('',#6558,0.010000000000000);
#6560=LINE('',#6557,#6559);
#6561=EDGE_CURVE('',#6548,#6556,#6560,.T.);
#6562=ORIENTED_EDGE('',*,*,#6561,.T.);
#6563=CARTESIAN_POINT('',(13.557016726266720,28.280627642932838,-0.740000000000000));
#6564=DIRECTION('',(-0.965925826289068,-0.258819045102521,0.0));
#6565=VECTOR('',#6564,0.854684092171543);
#6566=LINE('',#6563,#6565);
#6567=EDGE_CURVE('',#6556,#6353,#6566,.T.);
#6568=ORIENTED_EDGE('',*,*,#6567,.T.);
#6569=EDGE_LOOP('',(#6546,#6554,#6562,#6568));
#6570=FACE_OUTER_BOUND('',#6569,.T.);
#6571=ADVANCED_FACE('',(#6570),#6545,.F.);
#6572=CARTESIAN_POINT('',(13.528760619788153,28.066001205938647,-0.750000000000000));
#6573=CARTESIAN_POINT('',(13.528760619788153,28.066001205938647,-0.740000000000000));
#6574=CARTESIAN_POINT('',(12.833356553430262,27.879668247944732,-0.750000000000000));
#6575=CARTESIAN_POINT('',(12.833356553430262,27.879668247944736,-0.740000000000000));
#6576=B_SPLINE_SURFACE_WITH_KNOTS('',1,1,((#6572,#6574),(#6573,#6575)),.UNSPECIFIED.,.F.,.F.,.U.,(2,2),(2,2),(0.0,0.010000000000000),(0.0,0.719935265660638),.UNSPECIFIED.);
#6577=ORIENTED_EDGE('',*,*,#6329,.T.);
#6578=CARTESIAN_POINT('',(13.528760619788155,28.066001205938640,-0.740000000000000));
#6579=VERTEX_POINT('',#6578);
#6580=CARTESIAN_POINT('',(12.833356553430264,27.879668247944728,-0.740000000000000));
#6581=DIRECTION('',(0.965925826289069,0.258819045102520,0.0));
#6582=VECTOR('',#6581,0.719935265660638);
#6583=LINE('',#6580,#6582);
#6584=EDGE_CURVE('',#6324,#6579,#6583,.T.);
#6585=ORIENTED_EDGE('',*,*,#6584,.T.);
#6586=CARTESIAN_POINT('',(13.528760619788155,28.066001205938640,-0.750000000000000));
#6587=VERTEX_POINT('',#6586);
#6588=CARTESIAN_POINT('',(13.528760619788155,28.066001205938640,-0.750000000000000));
#6589=DIRECTION('',(0.0,0.0,1.0));
#6590=VECTOR('',#6589,0.010000000000000);
#6591=LINE('',#6588,#6590);
#6592=EDGE_CURVE('',#6587,#6579,#6591,.T.);
#6593=ORIENTED_EDGE('',*,*,#6592,.F.);
#6594=CARTESIAN_POINT('',(12.833356553430264,27.879668247944728,-0.750000000000000));
#6595=DIRECTION('',(0.965925826289069,0.258819045102520,0.0));
#6596=VECTOR('',#6595,0.719935265660638);
#6597=LINE('',#6594,#6596);
#6598=EDGE_CURVE('',#6322,#6587,#6597,.T.);
#6599=ORIENTED_EDGE('',*,*,#6598,.F.);
#6600=EDGE_LOOP('',(#6577,#6585,#6593,#6599));
#6601=FACE_OUTER_BOUND('',#6600,.T.);
#6602=ADVANCED_FACE('',(#6601),#6576,.F.);
#6603=CARTESIAN_POINT('',(12.633771302024101,27.826189541009288,-0.750000000000000));
#6604=CARTESIAN_POINT('',(12.633771302024101,27.826189541009288,-0.740000000000000));
#6605=CARTESIAN_POINT('',(11.605992374184073,27.550797007296829,-0.750000000000000));
#6606=CARTESIAN_POINT('',(11.605992374184073,27.550797007296833,-0.740000000000000));
#6607=B_SPLINE_SURFACE_WITH_KNOTS('',1,1,((#6603,#6605),(#6604,#6606)),.UNSPECIFIED.,.F.,.F.,.U.,(2,2),(2,2),(0.0,0.010000000000000),(0.0,1.064035042720195),.UNSPECIFIED.);
#6608=ORIENTED_EDGE('',*,*,#6303,.T.);
#6609=CARTESIAN_POINT('',(11.605992374184076,27.550797007296822,-0.740000000000000));
#6610=DIRECTION('',(0.965925826289068,0.258819045102524,0.0));
#6611=VECTOR('',#6610,1.064035042720190);
#6612=LINE('',#6609,#6611);
#6613=EDGE_CURVE('',#6298,#6384,#6612,.T.);
#6614=ORIENTED_EDGE('',*,*,#6613,.T.);
#6615=ORIENTED_EDGE('',*,*,#6389,.T.);
#6616=ORIENTED_EDGE('',*,*,#1687,.F.);
#6617=EDGE_LOOP('',(#6608,#6614,#6615,#6616));
#6618=FACE_OUTER_BOUND('',#6617,.T.);
#6619=ADVANCED_FACE('',(#6618),#6607,.F.);
#6620=CARTESIAN_POINT('',(16.882729235888899,26.360526630255201,-0.750000000000000));
#6621=CARTESIAN_POINT('',(16.882729235888899,26.360526630255201,-0.740000000000000));
#6622=CARTESIAN_POINT('',(17.103937756489056,25.534965192308263,-0.750000000000000));
#6623=CARTESIAN_POINT('',(17.103937756489056,25.534965192308263,-0.740000000000000));
#6624=B_SPLINE_SURFACE_WITH_KNOTS('',1,1,((#6620,#6622),(#6621,#6623)),.UNSPECIFIED.,.F.,.F.,.U.,(2,2),(2,2),(0.0,0.010000000000000),(0.0,0.854684092171561),.UNSPECIFIED.);
#6625=ORIENTED_EDGE('',*,*,#5850,.T.);
#6626=CARTESIAN_POINT('',(16.882729235888899,26.360526630255205,-0.740000000000000));
#6627=VERTEX_POINT('',#6626);
#6628=CARTESIAN_POINT('',(17.103937756489056,25.534965192308274,-0.740000000000000));
#6629=DIRECTION('',(-0.258819045102522,0.965925826289068,0.0));
#6630=VECTOR('',#6629,0.854684092171555);
#6631=LINE('',#6628,#6630);
#6632=EDGE_CURVE('',#5845,#6627,#6631,.T.);
#6633=ORIENTED_EDGE('',*,*,#6632,.T.);
#6634=CARTESIAN_POINT('',(16.882729235888899,26.360526630255205,-0.750000000000000));
#6635=VERTEX_POINT('',#6634);
#6636=CARTESIAN_POINT('',(16.882729235888899,26.360526630255205,-0.750000000000000));
#6637=DIRECTION('',(0.0,0.0,1.0));
#6638=VECTOR('',#6637,0.010000000000000);
#6639=LINE('',#6636,#6638);
#6640=EDGE_CURVE('',#6635,#6627,#6639,.T.);
#6641=ORIENTED_EDGE('',*,*,#6640,.F.);
#6642=CARTESIAN_POINT('',(17.103937756489060,25.534965192308267,-0.750000000000000));
#6643=DIRECTION('',(-0.258819045102520,0.965925826289069,0.0));
#6644=VECTOR('',#6643,0.854684092171561);
#6645=LINE('',#6642,#6644);
#6646=EDGE_CURVE('',#5843,#6635,#6645,.T.);
#6647=ORIENTED_EDGE('',*,*,#6646,.F.);
#6648=EDGE_LOOP('',(#6625,#6633,#6641,#6647));
#6649=FACE_OUTER_BOUND('',#6648,.T.);
#6650=ADVANCED_FACE('',(#6649),#6624,.F.);
#6651=CARTESIAN_POINT('',(16.882729235888913,26.360526630255197,-0.740000000000000));
#6652=CARTESIAN_POINT('',(16.882729235888913,26.360526630255197,-0.750000000000000));
#6653=CARTESIAN_POINT('',(13.557016726266724,28.280627642932853,-0.740000000000000));
#6654=CARTESIAN_POINT('',(13.557016726266724,28.280627642932853,-0.750000000000000));
#6655=B_SPLINE_SURFACE_WITH_KNOTS('',1,1,((#6651,#6653),(#6652,#6654)),.UNSPECIFIED.,.F.,.F.,.U.,(2,2),(2,2),(0.0,0.010000000000000),(0.0,3.840202025355343),.UNSPECIFIED.);
#6656=CARTESIAN_POINT('',(16.882729235888895,26.360526630255176,-0.740000000000000));
#6657=DIRECTION('',(-0.866025403784440,0.499999999999998,0.0));
#6658=VECTOR('',#6657,3.840202025355330);
#6659=LINE('',#6656,#6658);
#6660=EDGE_CURVE('',#6627,#6556,#6659,.T.);
#6661=ORIENTED_EDGE('',*,*,#6660,.T.);
#6662=ORIENTED_EDGE('',*,*,#6561,.F.);
#6663=CARTESIAN_POINT('',(16.882729235888899,26.360526630255208,-0.750000000000000));
#6664=DIRECTION('',(-0.866025403784441,0.499999999999997,0.0));
#6665=VECTOR('',#6664,3.840202025355322);
#6666=LINE('',#6663,#6665);
#6667=EDGE_CURVE('',#6635,#6548,#6666,.T.);
#6668=ORIENTED_EDGE('',*,*,#6667,.F.);
#6669=ORIENTED_EDGE('',*,*,#6640,.T.);
#6670=EDGE_LOOP('',(#6661,#6662,#6668,#6669));
#6671=FACE_OUTER_BOUND('',#6670,.T.);
#6672=ADVANCED_FACE('',(#6671),#6655,.F.);
#6673=CARTESIAN_POINT('',(16.710985342367465,26.228742905735622,-0.740000000000000));
#6674=CARTESIAN_POINT('',(16.710985342367465,26.228742905735622,-0.750000000000000));
#6675=CARTESIAN_POINT('',(16.897318300361384,25.533338839377727,-0.740000000000000));
#6676=CARTESIAN_POINT('',(16.897318300361384,25.533338839377727,-0.750000000000000));
#6677=B_SPLINE_SURFACE_WITH_KNOTS('',1,1,((#6673,#6675),(#6674,#6676)),.UNSPECIFIED.,.F.,.F.,.U.,(2,2),(2,2),(0.0,0.010000000000000),(0.0,0.719935265660642),.UNSPECIFIED.);
#6678=ORIENTED_EDGE('',*,*,#5810,.T.);
#6679=CARTESIAN_POINT('',(16.710985342367465,26.228742905735622,-0.750000000000000));
#6680=VERTEX_POINT('',#6679);
#6681=CARTESIAN_POINT('',(16.710985342367469,26.228742905735622,-0.750000000000000));
#6682=DIRECTION('',(0.258819045102519,-0.965925826289069,0.0));
#6683=VECTOR('',#6682,0.719935265660641);
#6684=LINE('',#6681,#6683);
#6685=EDGE_CURVE('',#6680,#5805,#6684,.T.);
#6686=ORIENTED_EDGE('',*,*,#6685,.F.);
#6687=CARTESIAN_POINT('',(16.710985342367465,26.228742905735622,-0.740000000000000));
#6688=VERTEX_POINT('',#6687);
#6689=CARTESIAN_POINT('',(16.710985342367465,26.228742905735622,-0.750000000000000));
#6690=DIRECTION('',(0.0,0.0,1.0));
#6691=VECTOR('',#6690,0.010000000000000);
#6692=LINE('',#6689,#6691);
#6693=EDGE_CURVE('',#6680,#6688,#6692,.T.);
#6694=ORIENTED_EDGE('',*,*,#6693,.T.);
#6695=CARTESIAN_POINT('',(16.710985342367465,26.228742905735622,-0.740000000000000));
#6696=DIRECTION('',(0.258819045102524,-0.965925826289068,0.0));
#6697=VECTOR('',#6696,0.719935265660642);
#6698=LINE('',#6695,#6697);
#6699=EDGE_CURVE('',#6688,#5803,#6698,.T.);
#6700=ORIENTED_EDGE('',*,*,#6699,.T.);
#6701=EDGE_LOOP('',(#6678,#6686,#6694,#6700));
#6702=FACE_OUTER_BOUND('',#6701,.T.);
#6703=ADVANCED_FACE('',(#6702),#6677,.F.);
#6704=CARTESIAN_POINT('',(17.466001205938650,23.410985342367493,-0.740000000000000));
#6705=CARTESIAN_POINT('',(17.466001205938650,23.410985342367493,-0.750000000000000));
#6706=CARTESIAN_POINT('',(11.421241419777978,12.941154273188003,-0.740000000000000));
#6707=CARTESIAN_POINT('',(11.421241419777978,12.941154273188001,-0.750000000000000));
#6708=B_SPLINE_SURFACE_WITH_KNOTS('',1,1,((#6704,#6706),(#6705,#6707)),.UNSPECIFIED.,.F.,.F.,.U.,(2,2),(2,2),(0.0,0.010000000000000),(0.0,12.089519572321365),.UNSPECIFIED.);
#6709=CARTESIAN_POINT('',(17.466001205938653,23.410985342367482,-0.740000000000000));
#6710=DIRECTION('',(-0.500000000000000,-0.866025403784439,0.0));
#6711=VECTOR('',#6710,12.089519572321350);
#6712=LINE('',#6709,#6711);
#6713=EDGE_CURVE('',#6171,#3839,#6712,.T.);
#6714=ORIENTED_EDGE('',*,*,#6713,.T.);
#6715=ORIENTED_EDGE('',*,*,#3846,.T.);
#6716=CARTESIAN_POINT('',(17.466001205938653,23.410985342367486,-0.750000000000000));
#6717=DIRECTION('',(-0.499999999999999,-0.866025403784439,0.0));
#6718=VECTOR('',#6717,12.089519572321356);
#6719=LINE('',#6716,#6718);
#6720=EDGE_CURVE('',#6179,#3841,#6719,.T.);
#6721=ORIENTED_EDGE('',*,*,#6720,.F.);
#6722=ORIENTED_EDGE('',*,*,#6184,.T.);
#6723=EDGE_LOOP('',(#6714,#6715,#6721,#6722));
#6724=FACE_OUTER_BOUND('',#6723,.T.);
#6725=ADVANCED_FACE('',(#6724),#6708,.F.);
#6726=CARTESIAN_POINT('',(11.404780769847367,27.703937756489051,-0.740000000000000));
#6727=CARTESIAN_POINT('',(11.404780769847367,27.703937756489051,-0.750000000000000));
#6728=CARTESIAN_POINT('',(10.579219331900427,27.482729235888893,-0.740000000000000));
#6729=CARTESIAN_POINT('',(10.579219331900429,27.482729235888893,-0.750000000000000));
#6730=B_SPLINE_SURFACE_WITH_KNOTS('',1,1,((#6726,#6728),(#6727,#6729)),.UNSPECIFIED.,.F.,.F.,.U.,(2,2),(2,2),(0.0,0.010000000000000),(0.0,0.854684092171563),.UNSPECIFIED.);
#6731=ORIENTED_EDGE('',*,*,#6265,.T.);
#6732=CARTESIAN_POINT('',(10.579219331900429,27.482729235888897,-0.740000000000000));
#6733=VERTEX_POINT('',#6732);
#6734=CARTESIAN_POINT('',(11.404780769847369,27.703937756489051,-0.740000000000000));
#6735=DIRECTION('',(-0.965925826289068,-0.258819045102520,0.0));
#6736=VECTOR('',#6735,0.854684092171560);
#6737=LINE('',#6734,#6736);
#6738=EDGE_CURVE('',#6260,#6733,#6737,.T.);
#6739=ORIENTED_EDGE('',*,*,#6738,.T.);
#6740=CARTESIAN_POINT('',(10.579219331900429,27.482729235888897,-0.750000000000000));
#6741=VERTEX_POINT('',#6740);
#6742=CARTESIAN_POINT('',(10.579219331900429,27.482729235888897,-0.750000000000000));
#6743=DIRECTION('',(0.0,0.0,1.0));
#6744=VECTOR('',#6743,0.010000000000000);
#6745=LINE('',#6742,#6744);
#6746=EDGE_CURVE('',#6741,#6733,#6745,.T.);
#6747=ORIENTED_EDGE('',*,*,#6746,.F.);
#6748=CARTESIAN_POINT('',(11.404780769847367,27.703937756489047,-0.750000000000000));
#6749=DIRECTION('',(-0.965925826289068,-0.258819045102520,0.0));
#6750=VECTOR('',#6749,0.854684092171560);
#6751=LINE('',#6748,#6750);
#6752=EDGE_CURVE('',#6258,#6741,#6751,.T.);
#6753=ORIENTED_EDGE('',*,*,#6752,.F.);
#6754=EDGE_LOOP('',(#6731,#6739,#6747,#6753));
#6755=FACE_OUTER_BOUND('',#6754,.T.);
#6756=ADVANCED_FACE('',(#6755),#6730,.F.);
#6757=CARTESIAN_POINT('',(10.579219331900433,27.482729235888904,-0.740000000000000));
#6758=CARTESIAN_POINT('',(10.579219331900433,27.482729235888904,-0.750000000000000));
#6759=CARTESIAN_POINT('',(1.900000000000016,12.449880383003279,-0.740000000000000));
#6760=CARTESIAN_POINT('',(1.900000000000016,12.449880383003283,-0.750000000000000));
#6761=B_SPLINE_SURFACE_WITH_KNOTS('',1,1,((#6757,#6759),(#6758,#6760)),.UNSPECIFIED.,.F.,.F.,.U.,(2,2),(2,2),(0.0,0.010000000000000),(0.0,17.358438663800918),.UNSPECIFIED.);
#6762=CARTESIAN_POINT('',(10.579219331900436,27.482729235888890,-0.740000000000000));
#6763=DIRECTION('',(-0.500000000000000,-0.866025403784438,0.0));
#6764=VECTOR('',#6763,17.358438663800882);
#6765=LINE('',#6762,#6764);
#6766=EDGE_CURVE('',#6733,#4051,#6765,.T.);
#6767=ORIENTED_EDGE('',*,*,#6766,.T.);
#6768=ORIENTED_EDGE('',*,*,#4056,.F.);
#6769=CARTESIAN_POINT('',(10.579219331900427,27.482729235888904,-0.750000000000000));
#6770=DIRECTION('',(-0.499999999999998,-0.866025403784440,0.0));
#6771=VECTOR('',#6770,17.358438663800893);
#6772=LINE('',#6769,#6771);
#6773=EDGE_CURVE('',#6741,#4043,#6772,.T.);
#6774=ORIENTED_EDGE('',*,*,#6773,.F.);
#6775=ORIENTED_EDGE('',*,*,#6746,.T.);
#6776=EDGE_LOOP('',(#6767,#6768,#6774,#6775));
#6777=FACE_OUTER_BOUND('',#6776,.T.);
#6778=ADVANCED_FACE('',(#6777),#6761,.F.);
#6779=CARTESIAN_POINT('',(11.406407122777910,27.497318300361382,-0.750000000000000));
#6780=CARTESIAN_POINT('',(11.406407122777910,27.497318300361382,-0.740000000000000));
#6781=CARTESIAN_POINT('',(10.711003056420015,27.310985342367466,-0.750000000000000));
#6782=CARTESIAN_POINT('',(10.711003056420015,27.310985342367463,-0.740000000000000));
#6783=B_SPLINE_SURFACE_WITH_KNOTS('',1,1,((#6779,#6781),(#6780,#6782)),.UNSPECIFIED.,.F.,.F.,.U.,(2,2),(2,2),(0.0,0.010000000000000),(0.0,0.719935265660641),.UNSPECIFIED.);
#6784=ORIENTED_EDGE('',*,*,#6225,.T.);
#6785=CARTESIAN_POINT('',(10.711003056420015,27.310985342367463,-0.750000000000000));
#6786=DIRECTION('',(0.965925826289068,0.258819045102523,0.0));
#6787=VECTOR('',#6786,0.719935265660644);
#6788=LINE('',#6785,#6787);
#6789=EDGE_CURVE('',#4021,#6220,#6788,.T.);
#6790=ORIENTED_EDGE('',*,*,#6789,.F.);
#6791=ORIENTED_EDGE('',*,*,#4026,.T.);
#6792=CARTESIAN_POINT('',(10.711003056420017,27.310985342367463,-0.740000000000000));
#6793=DIRECTION('',(0.965925826289069,0.258819045102520,0.0));
#6794=VECTOR('',#6793,0.719935265660639);
#6795=LINE('',#6792,#6794);
#6796=EDGE_CURVE('',#4013,#6218,#6795,.T.);
#6797=ORIENTED_EDGE('',*,*,#6796,.T.);
#6798=EDGE_LOOP('',(#6784,#6790,#6791,#6797));
#6799=FACE_OUTER_BOUND('',#6798,.T.);
#6800=ADVANCED_FACE('',(#6799),#6783,.F.);
#6801=CARTESIAN_POINT('',(13.528760619788146,28.066001205938647,-0.740000000000000));
#6802=CARTESIAN_POINT('',(13.528760619788146,28.066001205938647,-0.750000000000000));
#6803=CARTESIAN_POINT('',(16.710985342367461,26.228742905735594,-0.740000000000000));
#6804=CARTESIAN_POINT('',(16.710985342367465,26.228742905735594,-0.750000000000000));
#6805=B_SPLINE_SURFACE_WITH_KNOTS('',1,1,((#6801,#6803),(#6802,#6804)),.UNSPECIFIED.,.F.,.F.,.U.,(2,2),(2,2),(0.0,0.010000000000000),(0.0,3.674516600406101),.UNSPECIFIED.);
#6806=CARTESIAN_POINT('',(13.528760619788157,28.066001205938658,-0.740000000000000));
#6807=DIRECTION('',(0.866025403784439,-0.499999999999999,0.0));
#6808=VECTOR('',#6807,3.674516600406089);
#6809=LINE('',#6806,#6808);
#6810=EDGE_CURVE('',#6579,#6688,#6809,.T.);
#6811=ORIENTED_EDGE('',*,*,#6810,.T.);
#6812=ORIENTED_EDGE('',*,*,#6693,.F.);
#6813=CARTESIAN_POINT('',(13.528760619788159,28.066001205938647,-0.750000000000000));
#6814=DIRECTION('',(0.866025403784438,-0.500000000000001,0.0));
#6815=VECTOR('',#6814,3.674516600406082);
#6816=LINE('',#6813,#6815);
#6817=EDGE_CURVE('',#6587,#6680,#6816,.T.);
#6818=ORIENTED_EDGE('',*,*,#6817,.F.);
#6819=ORIENTED_EDGE('',*,*,#6592,.T.);
#6820=EDGE_LOOP('',(#6811,#6812,#6818,#6819));
#6821=FACE_OUTER_BOUND('',#6820,.T.);
#6822=ADVANCED_FACE('',(#6821),#6805,.F.);
#6823=CARTESIAN_POINT('',(0.118892161282666,30.437590287377034,-0.740000000000000));
#6824=CARTESIAN_POINT('',(19.881107838717334,30.437590287377034,-0.740000000000000));
#6825=CARTESIAN_POINT('',(0.118892161282666,0.118892161282663,-0.740000000000000));
#6826=CARTESIAN_POINT('',(19.881107838717334,0.118892161282663,-0.740000000000000));
#6827=B_SPLINE_SURFACE_WITH_KNOTS('',1,1,((#6823,#6825),(#6824,#6826)),.UNSPECIFIED.,.F.,.F.,.U.,(2,2),(2,2),(0.0,19.762215677434668),(0.0,30.318698126094372),.UNSPECIFIED.);
#6828=ORIENTED_EDGE('',*,*,#6287,.F.);
#6829=ORIENTED_EDGE('',*,*,#6366,.F.);
#6830=ORIENTED_EDGE('',*,*,#6567,.F.);
#6831=ORIENTED_EDGE('',*,*,#6660,.F.);
#6832=ORIENTED_EDGE('',*,*,#6632,.F.);
#6833=ORIENTED_EDGE('',*,*,#5872,.F.);
#6834=ORIENTED_EDGE('',*,*,#5958,.F.);
#6835=ORIENTED_EDGE('',*,*,#6159,.F.);
#6836=ORIENTED_EDGE('',*,*,#3956,.F.);
#6837=ORIENTED_EDGE('',*,*,#3908,.F.);
#6838=ORIENTED_EDGE('',*,*,#5629,.F.);
#6839=ORIENTED_EDGE('',*,*,#5601,.F.);
#6840=ORIENTED_EDGE('',*,*,#5037,.F.);
#6841=ORIENTED_EDGE('',*,*,#5123,.F.);
#6842=ORIENTED_EDGE('',*,*,#5324,.F.);
#6843=ORIENTED_EDGE('',*,*,#5417,.F.);
#6844=ORIENTED_EDGE('',*,*,#5389,.F.);
#6845=ORIENTED_EDGE('',*,*,#4198,.F.);
#6846=ORIENTED_EDGE('',*,*,#4293,.F.);
#6847=ORIENTED_EDGE('',*,*,#4510,.F.);
#6848=ORIENTED_EDGE('',*,*,#5532,.F.);
#6849=ORIENTED_EDGE('',*,*,#5504,.F.);
#6850=ORIENTED_EDGE('',*,*,#4638,.F.);
#6851=ORIENTED_EDGE('',*,*,#4717,.F.);
#6852=ORIENTED_EDGE('',*,*,#4909,.F.);
#6853=ORIENTED_EDGE('',*,*,#3680,.F.);
#6854=ORIENTED_EDGE('',*,*,#3530,.F.);
#6855=ORIENTED_EDGE('',*,*,#4062,.F.);
#6856=ORIENTED_EDGE('',*,*,#6766,.F.);
#6857=ORIENTED_EDGE('',*,*,#6738,.F.);
#6858=EDGE_LOOP('',(#6828,#6829,#6830,#6831,#6832,#6833,#6834,#6835,#6836,#6837,#6838,#6839,#6840,#6841,#6842,#6843,#6844,#6845,#6846,#6847,#6848,#6849,#6850,#6851,#6852,#6853,#6854,#6855,#6856,#6857));
#6859=FACE_OUTER_BOUND('',#6858,.T.);
#6860=ORIENTED_EDGE('',*,*,#6796,.F.);
#6861=ORIENTED_EDGE('',*,*,#4018,.F.);
#6862=ORIENTED_EDGE('',*,*,#3641,.F.);
#6863=ORIENTED_EDGE('',*,*,#6418,.F.);
#6864=ORIENTED_EDGE('',*,*,#6233,.F.);
#6865=EDGE_LOOP('',(#6860,#6861,#6862,#6863,#6864));
#6866=FACE_BOUND('',#6865,.T.);
#6867=ORIENTED_EDGE('',*,*,#6311,.F.);
#6868=ORIENTED_EDGE('',*,*,#3497,.F.);
#6869=ORIENTED_EDGE('',*,*,#4862,.F.);
#6870=ORIENTED_EDGE('',*,*,#4748,.F.);
#6871=ORIENTED_EDGE('',*,*,#4955,.F.);
#6872=ORIENTED_EDGE('',*,*,#4662,.F.);
#6873=ORIENTED_EDGE('',*,*,#4449,.F.);
#6874=ORIENTED_EDGE('',*,*,#4324,.F.);
#6875=ORIENTED_EDGE('',*,*,#4556,.F.);
#6876=ORIENTED_EDGE('',*,*,#4229,.F.);
#6877=ORIENTED_EDGE('',*,*,#5268,.F.);
#6878=ORIENTED_EDGE('',*,*,#5154,.F.);
#6879=ORIENTED_EDGE('',*,*,#5370,.F.);
#6880=ORIENTED_EDGE('',*,*,#5068,.F.);
#6881=ORIENTED_EDGE('',*,*,#5789,.F.);
#6882=ORIENTED_EDGE('',*,*,#3710,.F.);
#6883=ORIENTED_EDGE('',*,*,#5736,.F.);
#6884=ORIENTED_EDGE('',*,*,#5772,.F.);
#6885=ORIENTED_EDGE('',*,*,#4111,.F.);
#6886=ORIENTED_EDGE('',*,*,#3748,.F.);
#6887=ORIENTED_EDGE('',*,*,#6112,.F.);
#6888=ORIENTED_EDGE('',*,*,#5989,.F.);
#6889=ORIENTED_EDGE('',*,*,#6205,.F.);
#6890=ORIENTED_EDGE('',*,*,#5903,.F.);
#6891=ORIENTED_EDGE('',*,*,#6511,.F.);
#6892=ORIENTED_EDGE('',*,*,#6397,.F.);
#6893=ORIENTED_EDGE('',*,*,#6613,.F.);
#6894=EDGE_LOOP('',(#6867,#6868,#6869,#6870,#6871,#6872,#6873,#6874,#6875,#6876,#6877,#6878,#6879,#6880,#6881,#6882,#6883,#6884,#6885,#6886,#6887,#6888,#6889,#6890,#6891,#6892,#6893));
#6895=FACE_BOUND('',#6894,.T.);
#6896=ORIENTED_EDGE('',*,*,#6536,.F.);
#6897=ORIENTED_EDGE('',*,*,#6497,.F.);
#6898=ORIENTED_EDGE('',*,*,#6452,.F.);
#6899=EDGE_LOOP('',(#6896,#6897,#6898));
#6900=FACE_BOUND('',#6899,.T.);
#6901=ORIENTED_EDGE('',*,*,#6137,.F.);
#6902=ORIENTED_EDGE('',*,*,#6098,.F.);
#6903=ORIENTED_EDGE('',*,*,#6053,.F.);
#6904=EDGE_LOOP('',(#6901,#6902,#6903));
#6905=FACE_BOUND('',#6904,.T.);
#6906=ORIENTED_EDGE('',*,*,#6713,.F.);
#6907=ORIENTED_EDGE('',*,*,#6176,.F.);
#6908=ORIENTED_EDGE('',*,*,#5934,.F.);
#6909=ORIENTED_EDGE('',*,*,#3924,.F.);
#6910=ORIENTED_EDGE('',*,*,#3854,.F.);
#6911=EDGE_LOOP('',(#6906,#6907,#6908,#6909,#6910));
#6912=FACE_BOUND('',#6911,.T.);
#6913=ORIENTED_EDGE('',*,*,#4769,.F.);
#6914=ORIENTED_EDGE('',*,*,#4584,.F.);
#6915=ORIENTED_EDGE('',*,*,#5562,.F.);
#6916=ORIENTED_EDGE('',*,*,#5472,.F.);
#6917=ORIENTED_EDGE('',*,*,#4527,.F.);
#6918=ORIENTED_EDGE('',*,*,#4269,.F.);
#6919=EDGE_LOOP('',(#6913,#6914,#6915,#6916,#6917,#6918));
#6920=FACE_BOUND('',#6919,.T.);
#6921=ORIENTED_EDGE('',*,*,#5175,.F.);
#6922=ORIENTED_EDGE('',*,*,#4983,.F.);
#6923=ORIENTED_EDGE('',*,*,#5659,.F.);
#6924=ORIENTED_EDGE('',*,*,#3987,.F.);
#6925=ORIENTED_EDGE('',*,*,#3828,.F.);
#6926=EDGE_LOOP('',(#6921,#6922,#6923,#6924,#6925));
#6927=FACE_BOUND('',#6926,.T.);
#6928=ORIENTED_EDGE('',*,*,#5293,.F.);
#6929=ORIENTED_EDGE('',*,*,#5254,.F.);
#6930=ORIENTED_EDGE('',*,*,#5209,.F.);
#6931=EDGE_LOOP('',(#6928,#6929,#6930));
#6932=FACE_BOUND('',#6931,.T.);
#6933=ORIENTED_EDGE('',*,*,#4887,.F.);
#6934=ORIENTED_EDGE('',*,*,#4848,.F.);
#6935=ORIENTED_EDGE('',*,*,#4803,.F.);
#6936=EDGE_LOOP('',(#6933,#6934,#6935));
#6937=FACE_BOUND('',#6936,.T.);
#6938=ORIENTED_EDGE('',*,*,#5576,.F.);
#6939=ORIENTED_EDGE('',*,*,#4926,.F.);
#6940=ORIENTED_EDGE('',*,*,#4693,.F.);
#6941=ORIENTED_EDGE('',*,*,#3601,.F.);
#6942=ORIENTED_EDGE('',*,*,#3584,.F.);
#6943=EDGE_LOOP('',(#6938,#6939,#6940,#6941,#6942));
#6944=FACE_BOUND('',#6943,.T.);
#6945=ORIENTED_EDGE('',*,*,#4479,.F.);
#6946=ORIENTED_EDGE('',*,*,#4433,.F.);
#6947=ORIENTED_EDGE('',*,*,#4388,.F.);
#6948=EDGE_LOOP('',(#6945,#6946,#6947));
#6949=FACE_BOUND('',#6948,.T.);
#6950=ORIENTED_EDGE('',*,*,#5456,.F.);
#6951=ORIENTED_EDGE('',*,*,#5673,.F.);
#6952=ORIENTED_EDGE('',*,*,#5341,.F.);
#6953=ORIENTED_EDGE('',*,*,#5099,.F.);
#6954=ORIENTED_EDGE('',*,*,#4347,.F.);
#6955=ORIENTED_EDGE('',*,*,#4144,.F.);
#6956=EDGE_LOOP('',(#6950,#6951,#6952,#6953,#6954,#6955));
#6957=FACE_BOUND('',#6956,.T.);
#6958=ORIENTED_EDGE('',*,*,#5750,.F.);
#6959=ORIENTED_EDGE('',*,*,#5698,.F.);
#6960=ORIENTED_EDGE('',*,*,#3774,.F.);
#6961=ORIENTED_EDGE('',*,*,#4094,.F.);
#6962=EDGE_LOOP('',(#6958,#6959,#6960,#6961));
#6963=FACE_BOUND('',#6962,.T.);
#6964=ORIENTED_EDGE('',*,*,#6699,.F.);
#6965=ORIENTED_EDGE('',*,*,#6810,.F.);
#6966=ORIENTED_EDGE('',*,*,#6584,.F.);
#6967=ORIENTED_EDGE('',*,*,#6342,.F.);
#6968=ORIENTED_EDGE('',*,*,#6012,.F.);
#6969=ORIENTED_EDGE('',*,*,#5818,.F.);
#6970=EDGE_LOOP('',(#6964,#6965,#6966,#6967,#6968,#6969));
#6971=FACE_BOUND('',#6970,.T.);
#6972=ADVANCED_FACE('',(#6859,#6866,#6895,#6900,#6905,#6912,#6920,#6927,#6932,#6937,#6944,#6949,#6957,#6963,#6971),#6827,.T.);
#6973=CARTESIAN_POINT('',(10.961953998718965,12.746656831701614,-0.750000000000000));
#6974=DIRECTION('',(0.0,0.0,1.0));
#6975=DIRECTION('',(1.0,0.0,0.0));
#6976=AXIS2_PLACEMENT_3D('',#6973,#6974,#6975);
#6977=PLANE('',#6976);
#6978=ORIENTED_EDGE('',*,*,#6466,.T.);
#6979=ORIENTED_EDGE('',*,*,#6490,.T.);
#6980=ORIENTED_EDGE('',*,*,#6529,.T.);
#6981=EDGE_LOOP('',(#6978,#6979,#6980));
#6982=FACE_OUTER_BOUND('',#6981,.T.);
#6983=ADVANCED_FACE('',(#6982),#6977,.F.);
#6984=CARTESIAN_POINT('',(10.961953998718965,12.746656831701614,-0.750000000000000));
#6985=DIRECTION('',(0.0,0.0,1.0));
#6986=DIRECTION('',(1.0,0.0,0.0));
#6987=AXIS2_PLACEMENT_3D('',#6984,#6985,#6986);
#6988=PLANE('',#6987);
#6989=ORIENTED_EDGE('',*,*,#707,.T.);
#6990=ORIENTED_EDGE('',*,*,#749,.T.);
#6991=ORIENTED_EDGE('',*,*,#786,.T.);
#6992=ORIENTED_EDGE('',*,*,#823,.T.);
#6993=ORIENTED_EDGE('',*,*,#860,.T.);
#6994=ORIENTED_EDGE('',*,*,#897,.T.);
#6995=ORIENTED_EDGE('',*,*,#934,.T.);
#6996=ORIENTED_EDGE('',*,*,#962,.T.);
#6997=EDGE_LOOP('',(#6989,#6990,#6991,#6992,#6993,#6994,#6995,#6996));
#6998=FACE_OUTER_BOUND('',#6997,.T.);
#6999=ADVANCED_FACE('',(#6998),#6988,.F.);
#7000=CARTESIAN_POINT('',(10.961953998718965,12.746656831701614,-0.750000000000000));
#7001=DIRECTION('',(0.0,0.0,1.0));
#7002=DIRECTION('',(1.0,0.0,0.0));
#7003=AXIS2_PLACEMENT_3D('',#7000,#7001,#7002);
#7004=PLANE('',#7003);
#7005=CARTESIAN_POINT('',(0.026794919243107,11.005394010136252,-0.750000000000000));
#7006=VERTEX_POINT('',#7005);
#7007=CARTESIAN_POINT('',(-1.238469E-015,10.905394010136252,-0.750000000000000));
#7008=VERTEX_POINT('',#7007);
#7009=CARTESIAN_POINT('',(0.199999999999999,10.905394010136252,-0.750000000000000));
#7010=DIRECTION('',(0.0,0.0,1.0));
#7011=DIRECTION('',(-0.965925826289070,0.258819045102515,0.0));
#7012=AXIS2_PLACEMENT_3D('',#7009,#7010,#7011);
#7013=CIRCLE('',#7012,0.200000000000000);
#7014=EDGE_CURVE('',#7006,#7008,#7013,.T.);
#7015=ORIENTED_EDGE('',*,*,#7014,.F.);
#7016=CARTESIAN_POINT('',(11.339745962155614,30.600000000000005,-0.750000000000000));
#7017=VERTEX_POINT('',#7016);
#7018=CARTESIAN_POINT('',(11.339745962155614,30.600000000000005,-0.750000000000000));
#7019=DIRECTION('',(-0.500000000000000,-0.866025403784438,0.0));
#7020=VECTOR('',#7019,22.625902085824990);
#7021=LINE('',#7018,#7020);
#7022=EDGE_CURVE('',#7017,#7006,#7021,.T.);
#7023=ORIENTED_EDGE('',*,*,#7022,.F.);
#7024=CARTESIAN_POINT('',(19.999999999999993,25.600000000000001,-0.750000000000000));
#7025=VERTEX_POINT('',#7024);
#7026=CARTESIAN_POINT('',(19.999999999999993,25.600000000000001,-0.750000000000000));
#7027=DIRECTION('',(-0.866025403784438,0.500000000000001,0.0));
#7028=VECTOR('',#7027,9.999999999999995);
#7029=LINE('',#7026,#7028);
#7030=EDGE_CURVE('',#7025,#7017,#7029,.T.);
#7031=ORIENTED_EDGE('',*,*,#7030,.F.);
#7032=CARTESIAN_POINT('',(13.367245036914923,14.111731409782017,-0.750000000000000));
#7033=VERTEX_POINT('',#7032);
#7034=CARTESIAN_POINT('',(13.367245036914923,14.111731409782017,-0.750000000000000));
#7035=DIRECTION('',(0.500000000000000,0.866025403784439,0.0));
#7036=VECTOR('',#7035,13.265509926170148);
#7037=LINE('',#7034,#7036);
#7038=EDGE_CURVE('',#7033,#7025,#7037,.T.);
#7039=ORIENTED_EDGE('',*,*,#7038,.F.);
#7040=CARTESIAN_POINT('',(15.741154273188009,9.999999999999996,-0.750000000000000));
#7041=VERTEX_POINT('',#7040);
#7042=CARTESIAN_POINT('',(15.741154273188009,12.741154273188011,-0.750000000000000));
#7043=DIRECTION('',(0.0,0.0,-1.0));
#7044=DIRECTION('',(0.866025403784438,-0.500000000000000,0.0));
#7045=AXIS2_PLACEMENT_3D('',#7042,#7043,#7044);
#7046=CIRCLE('',#7045,2.741154273188012);
#7047=EDGE_CURVE('',#7041,#7033,#7046,.T.);
#7048=ORIENTED_EDGE('',*,*,#7047,.F.);
#7049=CARTESIAN_POINT('',(19.800000000000001,10.0,-0.750000000000000));
#7050=VERTEX_POINT('',#7049);
#7051=CARTESIAN_POINT('',(19.800000000000001,10.0,-0.750000000000000));
#7052=DIRECTION('',(-1.0,0.0,0.0));
#7053=VECTOR('',#7052,4.058845726811992);
#7054=LINE('',#7051,#7053);
#7055=EDGE_CURVE('',#7050,#7041,#7054,.T.);
#7056=ORIENTED_EDGE('',*,*,#7055,.F.);
#7057=CARTESIAN_POINT('',(20.0,9.799999999999997,-0.750000000000000));
#7058=VERTEX_POINT('',#7057);
#7059=CARTESIAN_POINT('',(19.800000000000001,9.799999999999997,-0.750000000000000));
#7060=DIRECTION('',(0.0,0.0,1.000000000000000));
#7061=DIRECTION('',(0.707106781186548,0.707106781186548,0.0));
#7062=AXIS2_PLACEMENT_3D('',#7059,#7060,#7061);
#7063=CIRCLE('',#7062,0.200000000000000);
#7064=EDGE_CURVE('',#7058,#7050,#7063,.T.);
#7065=ORIENTED_EDGE('',*,*,#7064,.F.);
#7066=CARTESIAN_POINT('',(20.0,0.200000000000000,-0.750000000000000));
#7067=VERTEX_POINT('',#7066);
#7068=CARTESIAN_POINT('',(20.0,0.200000000000000,-0.750000000000000));
#7069=DIRECTION('',(0.0,1.0,0.0));
#7070=VECTOR('',#7069,9.599999999999998);
#7071=LINE('',#7068,#7070);
#7072=EDGE_CURVE('',#7067,#7058,#7071,.T.);
#7073=ORIENTED_EDGE('',*,*,#7072,.F.);
#7074=CARTESIAN_POINT('',(19.800000000000001,0.0,-0.750000000000000));
#7075=VERTEX_POINT('',#7074);
#7076=CARTESIAN_POINT('',(19.800000000000001,0.200000000000000,-0.750000000000000));
#7077=DIRECTION('',(0.0,0.0,1.000000000000000));
#7078=DIRECTION('',(0.707106781186548,-0.707106781186548,0.0));
#7079=AXIS2_PLACEMENT_3D('',#7076,#7077,#7078);
#7080=CIRCLE('',#7079,0.200000000000000);
#7081=EDGE_CURVE('',#7075,#7067,#7080,.T.);
#7082=ORIENTED_EDGE('',*,*,#7081,.F.);
#7083=CARTESIAN_POINT('',(0.200000000000000,0.0,-0.750000000000000));
#7084=VERTEX_POINT('',#7083);
#7085=CARTESIAN_POINT('',(0.200000000000000,0.0,-0.750000000000000));
#7086=DIRECTION('',(1.0,0.0,0.0));
#7087=VECTOR('',#7086,19.600000000000001);
#7088=LINE('',#7085,#7087);
#7089=EDGE_CURVE('',#7084,#7075,#7088,.T.);
#7090=ORIENTED_EDGE('',*,*,#7089,.F.);
#7091=CARTESIAN_POINT('',(-2.271297E-017,0.200000000000000,-0.750000000000000));
#7092=VERTEX_POINT('',#7091);
#7093=CARTESIAN_POINT('',(0.200000000000000,0.200000000000000,-0.750000000000000));
#7094=DIRECTION('',(0.0,0.0,1.000000000000000));
#7095=DIRECTION('',(-0.707106781186548,-0.707106781186547,0.0));
#7096=AXIS2_PLACEMENT_3D('',#7093,#7094,#7095);
#7097=CIRCLE('',#7096,0.200000000000000);
#7098=EDGE_CURVE('',#7092,#7084,#7097,.T.);
#7099=ORIENTED_EDGE('',*,*,#7098,.F.);
#7100=CARTESIAN_POINT('',(-1.238469E-015,10.905394010136252,-0.750000000000000));
#7101=DIRECTION('',(0.0,-1.0,0.0));
#7102=VECTOR('',#7101,10.705394010136251);
#7103=LINE('',#7100,#7102);
#7104=EDGE_CURVE('',#7008,#7092,#7103,.T.);
#7105=ORIENTED_EDGE('',*,*,#7104,.F.);
#7106=EDGE_LOOP('',(#7015,#7023,#7031,#7039,#7048,#7056,#7065,#7073,#7082,#7090,#7099,#7105));
#7107=FACE_OUTER_BOUND('',#7106,.T.);
#7108=ORIENTED_EDGE('',*,*,#6273,.T.);
#7109=ORIENTED_EDGE('',*,*,#6752,.T.);
#7110=ORIENTED_EDGE('',*,*,#6773,.T.);
#7111=ORIENTED_EDGE('',*,*,#4048,.T.);
#7112=ORIENTED_EDGE('',*,*,#3544,.T.);
#7113=ORIENTED_EDGE('',*,*,#3671,.T.);
#7114=ORIENTED_EDGE('',*,*,#4902,.T.);
#7115=ORIENTED_EDGE('',*,*,#4724,.T.);
#7116=ORIENTED_EDGE('',*,*,#4624,.T.);
#7117=ORIENTED_EDGE('',*,*,#5518,.T.);
#7118=ORIENTED_EDGE('',*,*,#5539,.T.);
#7119=ORIENTED_EDGE('',*,*,#4496,.T.);
#7120=ORIENTED_EDGE('',*,*,#4300,.T.);
#7121=ORIENTED_EDGE('',*,*,#4184,.T.);
#7122=ORIENTED_EDGE('',*,*,#5403,.T.);
#7123=ORIENTED_EDGE('',*,*,#5424,.T.);
#7124=ORIENTED_EDGE('',*,*,#5310,.T.);
#7125=ORIENTED_EDGE('',*,*,#5130,.T.);
#7126=ORIENTED_EDGE('',*,*,#5023,.T.);
#7127=ORIENTED_EDGE('',*,*,#5615,.T.);
#7128=ORIENTED_EDGE('',*,*,#5636,.T.);
#7129=ORIENTED_EDGE('',*,*,#3894,.T.);
#7130=ORIENTED_EDGE('',*,*,#3970,.T.);
#7131=ORIENTED_EDGE('',*,*,#6152,.T.);
#7132=ORIENTED_EDGE('',*,*,#5965,.T.);
#7133=ORIENTED_EDGE('',*,*,#5858,.T.);
#7134=ORIENTED_EDGE('',*,*,#6646,.T.);
#7135=ORIENTED_EDGE('',*,*,#6667,.T.);
#7136=ORIENTED_EDGE('',*,*,#6553,.T.);
#7137=ORIENTED_EDGE('',*,*,#6373,.T.);
#7138=EDGE_LOOP('',(#7108,#7109,#7110,#7111,#7112,#7113,#7114,#7115,#7116,#7117,#7118,#7119,#7120,#7121,#7122,#7123,#7124,#7125,#7126,#7127,#7128,#7129,#7130,#7131,#7132,#7133,#7134,#7135,#7136,#7137));
#7139=FACE_BOUND('',#7138,.T.);
#7140=ADVANCED_FACE('',(#7107,#7139),#7004,.F.);
#7141=CARTESIAN_POINT('',(10.961953998718965,12.746656831701614,-0.750000000000000));
#7142=DIRECTION('',(0.0,0.0,1.0));
#7143=DIRECTION('',(1.0,0.0,0.0));
#7144=AXIS2_PLACEMENT_3D('',#7141,#7142,#7143);
#7145=PLANE('',#7144);
#7146=ORIENTED_EDGE('',*,*,#6247,.T.);
#7147=ORIENTED_EDGE('',*,*,#6425,.T.);
#7148=ORIENTED_EDGE('',*,*,#3655,.T.);
#7149=ORIENTED_EDGE('',*,*,#4032,.T.);
#7150=ORIENTED_EDGE('',*,*,#6789,.T.);
#7151=EDGE_LOOP('',(#7146,#7147,#7148,#7149,#7150));
#7152=FACE_OUTER_BOUND('',#7151,.T.);
#7153=ADVANCED_FACE('',(#7152),#7145,.F.);
#7154=CARTESIAN_POINT('',(10.961953998718965,12.746656831701614,-0.750000000000000));
#7155=DIRECTION('',(0.0,0.0,1.0));
#7156=DIRECTION('',(1.0,0.0,0.0));
#7157=AXIS2_PLACEMENT_3D('',#7154,#7155,#7156);
#7158=PLANE('',#7157);
#7159=ORIENTED_EDGE('',*,*,#6067,.T.);
#7160=ORIENTED_EDGE('',*,*,#6091,.T.);
#7161=ORIENTED_EDGE('',*,*,#6130,.T.);
#7162=EDGE_LOOP('',(#7159,#7160,#7161));
#7163=FACE_OUTER_BOUND('',#7162,.T.);
#7164=ADVANCED_FACE('',(#7163),#7158,.F.);
#7165=CARTESIAN_POINT('',(10.961953998718965,12.746656831701614,-0.750000000000000));
#7166=DIRECTION('',(0.0,0.0,1.0));
#7167=DIRECTION('',(1.0,0.0,0.0));
#7168=AXIS2_PLACEMENT_3D('',#7165,#7166,#7167);
#7169=PLANE('',#7168);
#7170=ORIENTED_EDGE('',*,*,#5832,.T.);
#7171=ORIENTED_EDGE('',*,*,#6026,.T.);
#7172=ORIENTED_EDGE('',*,*,#6335,.T.);
#7173=ORIENTED_EDGE('',*,*,#6598,.T.);
#7174=ORIENTED_EDGE('',*,*,#6817,.T.);
#7175=ORIENTED_EDGE('',*,*,#6685,.T.);
#7176=EDGE_LOOP('',(#7170,#7171,#7172,#7173,#7174,#7175));
#7177=FACE_OUTER_BOUND('',#7176,.T.);
#7178=ADVANCED_FACE('',(#7177),#7169,.F.);
#7179=CARTESIAN_POINT('',(10.961953998718965,12.746656831701614,-0.750000000000000));
#7180=DIRECTION('',(0.0,0.0,1.0));
#7181=DIRECTION('',(1.0,0.0,0.0));
#7182=AXIS2_PLACEMENT_3D('',#7179,#7180,#7181);
#7183=PLANE('',#7182);
#7184=ORIENTED_EDGE('',*,*,#5223,.T.);
#7185=ORIENTED_EDGE('',*,*,#5247,.T.);
#7186=ORIENTED_EDGE('',*,*,#5286,.T.);
#7187=EDGE_LOOP('',(#7184,#7185,#7186));
#7188=FACE_OUTER_BOUND('',#7187,.T.);
#7189=ADVANCED_FACE('',(#7188),#7183,.F.);
#7190=CARTESIAN_POINT('',(10.961953998718965,12.746656831701614,-0.750000000000000));
#7191=DIRECTION('',(0.0,0.0,1.0));
#7192=DIRECTION('',(1.0,0.0,0.0));
#7193=AXIS2_PLACEMENT_3D('',#7190,#7191,#7192);
#7194=PLANE('',#7193);
#7195=ORIENTED_EDGE('',*,*,#4997,.T.);
#7196=ORIENTED_EDGE('',*,*,#5182,.T.);
#7197=ORIENTED_EDGE('',*,*,#3814,.T.);
#7198=ORIENTED_EDGE('',*,*,#4001,.T.);
#7199=ORIENTED_EDGE('',*,*,#5652,.T.);
#7200=EDGE_LOOP('',(#7195,#7196,#7197,#7198,#7199));
#7201=FACE_OUTER_BOUND('',#7200,.T.);
#7202=ADVANCED_FACE('',(#7201),#7194,.F.);
#7203=CARTESIAN_POINT('',(10.961953998718965,12.746656831701614,-0.750000000000000));
#7204=DIRECTION('',(0.0,0.0,1.0));
#7205=DIRECTION('',(1.0,0.0,0.0));
#7206=AXIS2_PLACEMENT_3D('',#7203,#7204,#7205);
#7207=PLANE('',#7206);
#7208=ORIENTED_EDGE('',*,*,#4817,.T.);
#7209=ORIENTED_EDGE('',*,*,#4841,.T.);
#7210=ORIENTED_EDGE('',*,*,#4880,.T.);
#7211=EDGE_LOOP('',(#7208,#7209,#7210));
#7212=FACE_OUTER_BOUND('',#7211,.T.);
#7213=ADVANCED_FACE('',(#7212),#7207,.F.);
#7214=CARTESIAN_POINT('',(10.961953998718965,12.746656831701614,-0.750000000000000));
#7215=DIRECTION('',(0.0,0.0,1.0));
#7216=DIRECTION('',(1.0,0.0,0.0));
#7217=AXIS2_PLACEMENT_3D('',#7214,#7215,#7216);
#7218=PLANE('',#7217);
#7219=ORIENTED_EDGE('',*,*,#4598,.T.);
#7220=ORIENTED_EDGE('',*,*,#4776,.T.);
#7221=ORIENTED_EDGE('',*,*,#4255,.T.);
#7222=ORIENTED_EDGE('',*,*,#4541,.T.);
#7223=ORIENTED_EDGE('',*,*,#5486,.T.);
#7224=ORIENTED_EDGE('',*,*,#5555,.T.);
#7225=EDGE_LOOP('',(#7219,#7220,#7221,#7222,#7223,#7224));
#7226=FACE_OUTER_BOUND('',#7225,.T.);
#7227=ADVANCED_FACE('',(#7226),#7218,.F.);
#7228=CARTESIAN_POINT('',(10.961953998718965,12.746656831701614,-0.750000000000000));
#7229=DIRECTION('',(0.0,0.0,1.0));
#7230=DIRECTION('',(1.0,0.0,0.0));
#7231=AXIS2_PLACEMENT_3D('',#7228,#7229,#7230);
#7232=PLANE('',#7231);
#7233=ORIENTED_EDGE('',*,*,#4402,.T.);
#7234=ORIENTED_EDGE('',*,*,#4426,.T.);
#7235=ORIENTED_EDGE('',*,*,#4472,.T.);
#7236=EDGE_LOOP('',(#7233,#7234,#7235));
#7237=FACE_OUTER_BOUND('',#7236,.T.);
#7238=ADVANCED_FACE('',(#7237),#7232,.F.);
#7239=CARTESIAN_POINT('',(10.961953998718965,12.746656831701614,-0.750000000000000));
#7240=DIRECTION('',(0.0,0.0,1.0));
#7241=DIRECTION('',(1.0,0.0,0.0));
#7242=AXIS2_PLACEMENT_3D('',#7239,#7240,#7241);
#7243=PLANE('',#7242);
#7244=ORIENTED_EDGE('',*,*,#4158,.T.);
#7245=ORIENTED_EDGE('',*,*,#4361,.T.);
#7246=ORIENTED_EDGE('',*,*,#5092,.T.);
#7247=ORIENTED_EDGE('',*,*,#5355,.T.);
#7248=ORIENTED_EDGE('',*,*,#5680,.T.);
#7249=ORIENTED_EDGE('',*,*,#5442,.T.);
#7250=EDGE_LOOP('',(#7244,#7245,#7246,#7247,#7248,#7249));
#7251=FACE_OUTER_BOUND('',#7250,.T.);
#7252=ADVANCED_FACE('',(#7251),#7243,.F.);
#7253=CARTESIAN_POINT('',(10.961953998718965,12.746656831701614,-0.750000000000000));
#7254=DIRECTION('',(0.0,0.0,1.0));
#7255=DIRECTION('',(1.0,0.0,0.0));
#7256=AXIS2_PLACEMENT_3D('',#7253,#7254,#7255);
#7257=PLANE('',#7256);
#7258=ORIENTED_EDGE('',*,*,#3868,.T.);
#7259=ORIENTED_EDGE('',*,*,#3938,.T.);
#7260=ORIENTED_EDGE('',*,*,#5927,.T.);
#7261=ORIENTED_EDGE('',*,*,#6190,.T.);
#7262=ORIENTED_EDGE('',*,*,#6720,.T.);
#7263=EDGE_LOOP('',(#7258,#7259,#7260,#7261,#7262));
#7264=FACE_OUTER_BOUND('',#7263,.T.);
#7265=ADVANCED_FACE('',(#7264),#7257,.F.);
#7266=CARTESIAN_POINT('',(10.961953998718965,12.746656831701614,-0.750000000000000));
#7267=DIRECTION('',(0.0,0.0,1.0));
#7268=DIRECTION('',(1.0,0.0,0.0));
#7269=AXIS2_PLACEMENT_3D('',#7266,#7267,#7268);
#7270=PLANE('',#7269);
#7271=ORIENTED_EDGE('',*,*,#3788,.T.);
#7272=ORIENTED_EDGE('',*,*,#5712,.T.);
#7273=ORIENTED_EDGE('',*,*,#5757,.T.);
#7274=ORIENTED_EDGE('',*,*,#4080,.T.);
#7275=EDGE_LOOP('',(#7271,#7272,#7273,#7274));
#7276=FACE_OUTER_BOUND('',#7275,.T.);
#7277=ADVANCED_FACE('',(#7276),#7270,.F.);
#7278=CARTESIAN_POINT('',(0.899999999999991,8.317829575434448,0.750000000000000));
#7279=DIRECTION('',(0.866025403784439,-0.500000000000000,0.0));
#7280=DIRECTION('',(0.0,0.0,-1.0));
#7281=AXIS2_PLACEMENT_3D('',#7278,#7279,#7280);
#7282=PLANE('',#7281);
#7283=CARTESIAN_POINT('',(2.099999999999993,10.396290544517102,0.740000000000000));
#7284=VERTEX_POINT('',#7283);
#7285=CARTESIAN_POINT('',(2.099999999999993,10.396290544517102,0.740000000000000));
#7286=DIRECTION('',(0.0,0.0,1.0));
#7287=VECTOR('',#7286,0.010000000000000);
#7288=LINE('',#7285,#7287);
#7289=EDGE_CURVE('',#7284,#3205,#7288,.T.);
#7290=ORIENTED_EDGE('',*,*,#7289,.T.);
#7291=ORIENTED_EDGE('',*,*,#3210,.F.);
#7292=CARTESIAN_POINT('',(11.611347726767821,26.870428055733726,0.740000000000000));
#7293=VERTEX_POINT('',#7292);
#7294=CARTESIAN_POINT('',(11.611347726767821,26.870428055733726,0.750000000000000));
#7295=DIRECTION('',(0.0,0.0,-1.0));
#7296=VECTOR('',#7295,0.010000000000000);
#7297=LINE('',#7294,#7296);
#7298=EDGE_CURVE('',#3197,#7293,#7297,.T.);
#7299=ORIENTED_EDGE('',*,*,#7298,.T.);
#7300=CARTESIAN_POINT('',(2.100000000000005,10.396290544517107,0.740000000000000));
#7301=DIRECTION('',(0.500000000000000,0.866025403784439,0.0));
#7302=VECTOR('',#7301,19.022695453535647);
#7303=LINE('',#7300,#7302);
#7304=EDGE_CURVE('',#7284,#7293,#7303,.T.);
#7305=ORIENTED_EDGE('',*,*,#7304,.F.);
#7306=EDGE_LOOP('',(#7290,#7291,#7299,#7305));
#7307=FACE_OUTER_BOUND('',#7306,.T.);
#7308=ADVANCED_FACE('',(#7307),#7282,.F.);
#7309=CARTESIAN_POINT('',(1.099999999999990,9.064239736948235,0.750000000000000));
#7310=DIRECTION('',(-0.866025403784439,0.500000000000000,0.0));
#7311=DIRECTION('',(0.0,0.0,1.0));
#7312=AXIS2_PLACEMENT_3D('',#7309,#7310,#7311);
#7313=PLANE('',#7312);
#7314=CARTESIAN_POINT('',(1.899999999999992,10.449880383003336,0.740000000000000));
#7315=VERTEX_POINT('',#7314);
#7316=CARTESIAN_POINT('',(1.899999999999993,10.449880383003340,0.750000000000000));
#7317=VERTEX_POINT('',#7316);
#7318=CARTESIAN_POINT('',(1.899999999999992,10.449880383003338,0.740000000000000));
#7319=DIRECTION('',(0.0,0.0,1.0));
#7320=VECTOR('',#7319,0.010000000000000);
#7321=LINE('',#7318,#7320);
#7322=EDGE_CURVE('',#7315,#7317,#7321,.T.);
#7323=ORIENTED_EDGE('',*,*,#7322,.T.);
#7324=CARTESIAN_POINT('',(0.899999999999991,8.717829575434461,0.750000000000000));
#7325=VERTEX_POINT('',#7324);
#7326=CARTESIAN_POINT('',(0.899999999999990,8.717829575434461,0.750000000000000));
#7327=DIRECTION('',(0.500000000000000,0.866025403784439,0.0));
#7328=VECTOR('',#7327,2.000000000000004);
#7329=LINE('',#7326,#7328);
#7330=EDGE_CURVE('',#7325,#7317,#7329,.T.);
#7331=ORIENTED_EDGE('',*,*,#7330,.F.);
#7332=CARTESIAN_POINT('',(0.899999999999991,8.717829575434461,0.740000000000000));
#7333=VERTEX_POINT('',#7332);
#7334=CARTESIAN_POINT('',(0.899999999999991,8.717829575434461,0.750000000000000));
#7335=DIRECTION('',(0.0,0.0,-1.0));
#7336=VECTOR('',#7335,0.010000000000000);
#7337=LINE('',#7334,#7336);
#7338=EDGE_CURVE('',#7325,#7333,#7337,.T.);
#7339=ORIENTED_EDGE('',*,*,#7338,.T.);
#7340=CARTESIAN_POINT('',(1.899999999999990,10.449880383003336,0.740000000000000));
#7341=DIRECTION('',(-0.500000000000000,-0.866025403784439,0.0));
#7342=VECTOR('',#7341,2.000000000000005);
#7343=LINE('',#7340,#7342);
#7344=EDGE_CURVE('',#7315,#7333,#7343,.T.);
#7345=ORIENTED_EDGE('',*,*,#7344,.F.);
#7346=EDGE_LOOP('',(#7323,#7331,#7339,#7345));
#7347=FACE_OUTER_BOUND('',#7346,.T.);
#7348=ADVANCED_FACE('',(#7347),#7313,.F.);
#7349=CARTESIAN_POINT('',(0.899999999999991,8.317829575434448,0.750000000000000));
#7350=DIRECTION('',(0.866025403784439,-0.500000000000000,0.0));
#7351=DIRECTION('',(0.0,0.0,-1.0));
#7352=AXIS2_PLACEMENT_3D('',#7349,#7350,#7351);
#7353=PLANE('',#7352);
#7354=CARTESIAN_POINT('',(1.899999999999992,10.049880383003325,0.750000000000000));
#7355=VERTEX_POINT('',#7354);
#7356=CARTESIAN_POINT('',(1.899999999999992,10.049880383003325,0.740000000000000));
#7357=VERTEX_POINT('',#7356);
#7358=CARTESIAN_POINT('',(1.899999999999992,10.049880383003327,0.750000000000000));
#7359=DIRECTION('',(0.0,0.0,-1.0));
#7360=VECTOR('',#7359,0.010000000000000);
#7361=LINE('',#7358,#7360);
#7362=EDGE_CURVE('',#7355,#7357,#7361,.T.);
#7363=ORIENTED_EDGE('',*,*,#7362,.T.);
#7364=CARTESIAN_POINT('',(1.099999999999991,8.664239736948220,0.740000000000000));
#7365=VERTEX_POINT('',#7364);
#7366=CARTESIAN_POINT('',(1.099999999999991,8.664239736948222,0.740000000000000));
#7367=DIRECTION('',(0.500000000000000,0.866025403784438,0.0));
#7368=VECTOR('',#7367,1.600000000000002);
#7369=LINE('',#7366,#7368);
#7370=EDGE_CURVE('',#7365,#7357,#7369,.T.);
#7371=ORIENTED_EDGE('',*,*,#7370,.F.);
#7372=CARTESIAN_POINT('',(1.099999999999991,8.664239736948220,0.750000000000000));
#7373=VERTEX_POINT('',#7372);
#7374=CARTESIAN_POINT('',(1.099999999999991,8.664239736948222,0.740000000000000));
#7375=DIRECTION('',(0.0,0.0,1.0));
#7376=VECTOR('',#7375,0.010000000000000);
#7377=LINE('',#7374,#7376);
#7378=EDGE_CURVE('',#7365,#7373,#7377,.T.);
#7379=ORIENTED_EDGE('',*,*,#7378,.T.);
#7380=CARTESIAN_POINT('',(1.899999999999991,10.049880383003323,0.750000000000000));
#7381=DIRECTION('',(-0.500000000000000,-0.866025403784438,0.0));
#7382=VECTOR('',#7381,1.600000000000002);
#7383=LINE('',#7380,#7382);
#7384=EDGE_CURVE('',#7355,#7373,#7383,.T.);
#7385=ORIENTED_EDGE('',*,*,#7384,.F.);
#7386=EDGE_LOOP('',(#7363,#7371,#7379,#7385));
#7387=FACE_OUTER_BOUND('',#7386,.T.);
#7388=ADVANCED_FACE('',(#7387),#7353,.F.);
#7389=CARTESIAN_POINT('',(1.899999999999990,12.049880383003329,0.750000000000000));
#7390=DIRECTION('',(-1.0,0.0,0.0));
#7391=DIRECTION('',(0.0,0.0,1.0));
#7392=AXIS2_PLACEMENT_3D('',#7389,#7390,#7391);
#7393=PLANE('',#7392);
#7394=ORIENTED_EDGE('',*,*,#7362,.F.);
#7395=CARTESIAN_POINT('',(1.899999999999997,3.148537520449053,0.750000000000000));
#7396=VERTEX_POINT('',#7395);
#7397=CARTESIAN_POINT('',(1.899999999999999,3.148537520449054,0.750000000000000));
#7398=DIRECTION('',(0.0,1.0,0.0));
#7399=VECTOR('',#7398,6.901342862554271);
#7400=LINE('',#7397,#7399);
#7401=EDGE_CURVE('',#7396,#7355,#7400,.T.);
#7402=ORIENTED_EDGE('',*,*,#7401,.F.);
#7403=CARTESIAN_POINT('',(1.899999999999997,3.148537520449053,0.740000000000000));
#7404=VERTEX_POINT('',#7403);
#7405=CARTESIAN_POINT('',(1.899999999999997,3.148537520449053,0.750000000000000));
#7406=DIRECTION('',(0.0,0.0,-1.0));
#7407=VECTOR('',#7406,0.010000000000000);
#7408=LINE('',#7405,#7407);
#7409=EDGE_CURVE('',#7396,#7404,#7408,.T.);
#7410=ORIENTED_EDGE('',*,*,#7409,.T.);
#7411=CARTESIAN_POINT('',(1.899999999999993,10.049880383003321,0.740000000000000));
#7412=DIRECTION('',(0.0,-1.0,0.0));
#7413=VECTOR('',#7412,6.901342862554269);
#7414=LINE('',#7411,#7413);
#7415=EDGE_CURVE('',#7357,#7404,#7414,.T.);
#7416=ORIENTED_EDGE('',*,*,#7415,.F.);
#7417=EDGE_LOOP('',(#7394,#7402,#7410,#7416));
#7418=FACE_OUTER_BOUND('',#7417,.T.);
#7419=ADVANCED_FACE('',(#7418),#7393,.F.);
#7420=CARTESIAN_POINT('',(2.099999999999998,4.999999999999990,0.750000000000000));
#7421=DIRECTION('',(1.0,0.0,0.0));
#7422=DIRECTION('',(0.0,0.0,-1.0));
#7423=AXIS2_PLACEMENT_3D('',#7420,#7421,#7422);
#7424=PLANE('',#7423);
#7425=CARTESIAN_POINT('',(2.099999999999992,10.796290544517113,0.750000000000000));
#7426=VERTEX_POINT('',#7425);
#7427=CARTESIAN_POINT('',(2.099999999999992,10.796290544517113,0.740000000000000));
#7428=VERTEX_POINT('',#7427);
#7429=CARTESIAN_POINT('',(2.099999999999992,10.796290544517113,0.750000000000000));
#7430=DIRECTION('',(0.0,0.0,-1.0));
#7431=VECTOR('',#7430,0.010000000000000);
#7432=LINE('',#7429,#7431);
#7433=EDGE_CURVE('',#7426,#7428,#7432,.T.);
#7434=ORIENTED_EDGE('',*,*,#7433,.F.);
#7435=CARTESIAN_POINT('',(2.099999999999990,12.396290544517104,0.750000000000000));
#7436=VERTEX_POINT('',#7435);
#7437=CARTESIAN_POINT('',(2.099999999999990,12.396290544517104,0.750000000000000));
#7438=DIRECTION('',(0.0,-1.0,0.0));
#7439=VECTOR('',#7438,1.599999999999991);
#7440=LINE('',#7437,#7439);
#7441=EDGE_CURVE('',#7436,#7426,#7440,.T.);
#7442=ORIENTED_EDGE('',*,*,#7441,.F.);
#7443=CARTESIAN_POINT('',(2.099999999999990,12.396290544517104,0.740000000000000));
#7444=VERTEX_POINT('',#7443);
#7445=CARTESIAN_POINT('',(2.099999999999990,12.396290544517106,0.740000000000000));
#7446=DIRECTION('',(0.0,0.0,1.0));
#7447=VECTOR('',#7446,0.010000000000000);
#7448=LINE('',#7445,#7447);
#7449=EDGE_CURVE('',#7444,#7436,#7448,.T.);
#7450=ORIENTED_EDGE('',*,*,#7449,.F.);
#7451=CARTESIAN_POINT('',(2.099999999999992,10.796290544517113,0.740000000000000));
#7452=DIRECTION('',(0.0,1.0,0.0));
#7453=VECTOR('',#7452,1.599999999999993);
#7454=LINE('',#7451,#7453);
#7455=EDGE_CURVE('',#7428,#7444,#7454,.T.);
#7456=ORIENTED_EDGE('',*,*,#7455,.F.);
#7457=EDGE_LOOP('',(#7434,#7442,#7450,#7456));
#7458=FACE_OUTER_BOUND('',#7457,.T.);
#7459=ADVANCED_FACE('',(#7458),#7424,.F.);
#7460=CARTESIAN_POINT('',(0.899999999999991,8.317829575434448,0.750000000000000));
#7461=DIRECTION('',(-1.0,0.0,0.0));
#7462=DIRECTION('',(0.0,0.0,1.0));
#7463=AXIS2_PLACEMENT_3D('',#7460,#7461,#7462);
#7464=PLANE('',#7463);
#7465=CARTESIAN_POINT('',(0.899999999999996,3.079898987322325,0.750000000000000));
#7466=VERTEX_POINT('',#7465);
#7467=CARTESIAN_POINT('',(0.899999999999993,3.079898987322324,0.750000000000000));
#7468=DIRECTION('',(0.0,1.0,0.0));
#7469=VECTOR('',#7468,5.637930588112136);
#7470=LINE('',#7467,#7469);
#7471=EDGE_CURVE('',#7466,#7325,#7470,.T.);
#7472=ORIENTED_EDGE('',*,*,#7471,.F.);
#7473=CARTESIAN_POINT('',(0.899999999999996,3.079898987322325,0.740000000000000));
#7474=VERTEX_POINT('',#7473);
#7475=CARTESIAN_POINT('',(0.899999999999996,3.079898987322325,0.750000000000000));
#7476=DIRECTION('',(0.0,0.0,-1.0));
#7477=VECTOR('',#7476,0.010000000000000);
#7478=LINE('',#7475,#7477);
#7479=EDGE_CURVE('',#7466,#7474,#7478,.T.);
#7480=ORIENTED_EDGE('',*,*,#7479,.T.);
#7481=CARTESIAN_POINT('',(0.899999999999979,8.717829575434459,0.740000000000000));
#7482=DIRECTION('',(0.0,-1.0,0.0));
#7483=VECTOR('',#7482,5.637930588112135);
#7484=LINE('',#7481,#7483);
#7485=EDGE_CURVE('',#7333,#7474,#7484,.T.);
#7486=ORIENTED_EDGE('',*,*,#7485,.F.);
#7487=ORIENTED_EDGE('',*,*,#7338,.F.);
#7488=EDGE_LOOP('',(#7472,#7480,#7486,#7487));
#7489=FACE_OUTER_BOUND('',#7488,.T.);
#7490=ADVANCED_FACE('',(#7489),#7464,.F.);
#7491=CARTESIAN_POINT('',(10.728421096750429,13.741154273188013,0.750000000000000));
#7492=DIRECTION('',(-0.866025403784439,-0.500000000000000,0.0));
#7493=DIRECTION('',(0.0,0.0,1.0));
#7494=AXIS2_PLACEMENT_3D('',#7491,#7492,#7493);
#7495=PLANE('',#7494);
#7496=CARTESIAN_POINT('',(13.523462819564035,8.899999999999999,0.740000000000000));
#7497=VERTEX_POINT('',#7496);
#7498=CARTESIAN_POINT('',(13.523462819564035,8.899999999999999,0.740000000000000));
#7499=DIRECTION('',(0.0,0.0,1.0));
#7500=VECTOR('',#7499,0.010000000000000);
#7501=LINE('',#7498,#7500);
#7502=EDGE_CURVE('',#7497,#3317,#7501,.T.);
#7503=ORIENTED_EDGE('',*,*,#7502,.T.);
#7504=ORIENTED_EDGE('',*,*,#3322,.F.);
#7505=CARTESIAN_POINT('',(14.100813088753657,7.900000000000002,0.740000000000000));
#7506=VERTEX_POINT('',#7505);
#7507=CARTESIAN_POINT('',(14.100813088753657,7.900000000000002,0.750000000000000));
#7508=DIRECTION('',(0.0,0.0,-1.0));
#7509=VECTOR('',#7508,0.010000000000000);
#7510=LINE('',#7507,#7509);
#7511=EDGE_CURVE('',#3309,#7506,#7510,.T.);
#7512=ORIENTED_EDGE('',*,*,#7511,.T.);
#7513=CARTESIAN_POINT('',(13.523462819564035,8.899999999999999,0.740000000000000));
#7514=DIRECTION('',(0.500000000000000,-0.866025403784439,0.0));
#7515=VECTOR('',#7514,1.154700538379246);
#7516=LINE('',#7513,#7515);
#7517=EDGE_CURVE('',#7497,#7506,#7516,.T.);
#7518=ORIENTED_EDGE('',*,*,#7517,.F.);
#7519=EDGE_LOOP('',(#7503,#7504,#7512,#7518));
#7520=FACE_OUTER_BOUND('',#7519,.T.);
#7521=ADVANCED_FACE('',(#7520),#7495,.F.);
#7522=CARTESIAN_POINT('',(10.728421096750429,13.741154273188013,0.750000000000000));
#7523=DIRECTION('',(-0.866025403784439,-0.500000000000000,0.0));
#7524=DIRECTION('',(0.0,0.0,1.0));
#7525=AXIS2_PLACEMENT_3D('',#7522,#7523,#7524);
#7526=PLANE('',#7525);
#7527=CARTESIAN_POINT('',(11.305771365940057,12.741154273188007,0.740000000000000));
#7528=VERTEX_POINT('',#7527);
#7529=CARTESIAN_POINT('',(11.305771365940057,12.741154273188007,0.750000000000000));
#7530=DIRECTION('',(0.0,0.0,-1.0));
#7531=VECTOR('',#7530,0.010000000000000);
#7532=LINE('',#7529,#7531);
#7533=EDGE_CURVE('',#3341,#7528,#7532,.T.);
#7534=ORIENTED_EDGE('',*,*,#7533,.T.);
#7535=CARTESIAN_POINT('',(10.728421096750429,13.741154273188013,0.740000000000000));
#7536=VERTEX_POINT('',#7535);
#7537=CARTESIAN_POINT('',(10.728421096750429,13.741154273188013,0.740000000000000));
#7538=DIRECTION('',(0.499999999999999,-0.866025403784439,0.0));
#7539=VECTOR('',#7538,1.154700538379257);
#7540=LINE('',#7537,#7539);
#7541=EDGE_CURVE('',#7536,#7528,#7540,.T.);
#7542=ORIENTED_EDGE('',*,*,#7541,.F.);
#7543=CARTESIAN_POINT('',(10.728421096750429,13.741154273188013,0.750000000000000));
#7544=DIRECTION('',(0.0,0.0,-1.0));
#7545=VECTOR('',#7544,0.010000000000000);
#7546=LINE('',#7543,#7545);
#7547=EDGE_CURVE('',#3349,#7536,#7546,.T.);
#7548=ORIENTED_EDGE('',*,*,#7547,.F.);
#7549=ORIENTED_EDGE('',*,*,#3354,.F.);
#7550=EDGE_LOOP('',(#7534,#7542,#7548,#7549));
#7551=FACE_OUTER_BOUND('',#7550,.T.);
#7552=ADVANCED_FACE('',(#7551),#7526,.F.);
#7553=CARTESIAN_POINT('',(10.728421096750429,13.741154273188013,0.750000000000000));
#7554=DIRECTION('',(-0.866025403784439,-0.500000000000000,0.0));
#7555=DIRECTION('',(0.0,0.0,1.0));
#7556=AXIS2_PLACEMENT_3D('',#7553,#7554,#7555);
#7557=PLANE('',#7556);
#7558=CARTESIAN_POINT('',(11.421241419777981,12.541154273188010,0.740000000000000));
#7559=VERTEX_POINT('',#7558);
#7560=CARTESIAN_POINT('',(11.421241419777981,12.541154273188010,0.750000000000000));
#7561=VERTEX_POINT('',#7560);
#7562=CARTESIAN_POINT('',(11.421241419777981,12.541154273188010,0.740000000000000));
#7563=DIRECTION('',(0.0,0.0,1.0));
#7564=VECTOR('',#7563,0.010000000000000);
#7565=LINE('',#7562,#7564);
#7566=EDGE_CURVE('',#7559,#7561,#7565,.T.);
#7567=ORIENTED_EDGE('',*,*,#7566,.T.);
#7568=CARTESIAN_POINT('',(13.407992765726107,9.100000000000001,0.750000000000000));
#7569=VERTEX_POINT('',#7568);
#7570=CARTESIAN_POINT('',(13.407992765726107,9.100000000000000,0.750000000000000));
#7571=DIRECTION('',(-0.500000000000000,0.866025403784439,0.0));
#7572=VECTOR('',#7571,3.973502691896254);
#7573=LINE('',#7570,#7572);
#7574=EDGE_CURVE('',#7569,#7561,#7573,.T.);
#7575=ORIENTED_EDGE('',*,*,#7574,.F.);
#7576=CARTESIAN_POINT('',(13.407992765726107,9.100000000000001,0.740000000000000));
#7577=VERTEX_POINT('',#7576);
#7578=CARTESIAN_POINT('',(13.407992765726107,9.100000000000001,0.750000000000000));
#7579=DIRECTION('',(0.0,0.0,-1.0));
#7580=VECTOR('',#7579,0.010000000000000);
#7581=LINE('',#7578,#7580);
#7582=EDGE_CURVE('',#7569,#7577,#7581,.T.);
#7583=ORIENTED_EDGE('',*,*,#7582,.T.);
#7584=CARTESIAN_POINT('',(11.421241419777981,12.541154273188010,0.740000000000000));
#7585=DIRECTION('',(0.500000000000000,-0.866025403784439,0.0));
#7586=VECTOR('',#7585,3.973502691896254);
#7587=LINE('',#7584,#7586);
#7588=EDGE_CURVE('',#7559,#7577,#7587,.T.);
#7589=ORIENTED_EDGE('',*,*,#7588,.F.);
#7590=EDGE_LOOP('',(#7567,#7575,#7583,#7589));
#7591=FACE_OUTER_BOUND('',#7590,.T.);
#7592=ADVANCED_FACE('',(#7591),#7557,.F.);
#7593=CARTESIAN_POINT('',(14.216283142591575,8.100000000000005,0.750000000000000));
#7594=DIRECTION('',(0.866025403784439,0.499999999999999,0.0));
#7595=DIRECTION('',(0.0,0.0,-1.0));
#7596=AXIS2_PLACEMENT_3D('',#7593,#7594,#7595);
#7597=PLANE('',#7596);
#7598=CARTESIAN_POINT('',(13.754402927239880,8.899999999999999,0.750000000000000));
#7599=VERTEX_POINT('',#7598);
#7600=CARTESIAN_POINT('',(13.754402927239880,8.899999999999999,0.740000000000000));
#7601=VERTEX_POINT('',#7600);
#7602=CARTESIAN_POINT('',(13.754402927239880,8.899999999999999,0.750000000000000));
#7603=DIRECTION('',(0.0,0.0,-1.0));
#7604=VECTOR('',#7603,0.010000000000000);
#7605=LINE('',#7602,#7604);
#7606=EDGE_CURVE('',#7599,#7601,#7605,.T.);
#7607=ORIENTED_EDGE('',*,*,#7606,.T.);
#7608=CARTESIAN_POINT('',(14.216283142591575,8.100000000000005,0.740000000000000));
#7609=VERTEX_POINT('',#7608);
#7610=CARTESIAN_POINT('',(14.216283142591575,8.100000000000005,0.740000000000000));
#7611=DIRECTION('',(-0.500000000000000,0.866025403784439,0.0));
#7612=VECTOR('',#7611,0.923760430703394);
#7613=LINE('',#7610,#7612);
#7614=EDGE_CURVE('',#7609,#7601,#7613,.T.);
#7615=ORIENTED_EDGE('',*,*,#7614,.F.);
#7616=CARTESIAN_POINT('',(14.216283142591575,8.100000000000005,0.750000000000000));
#7617=VERTEX_POINT('',#7616);
#7618=CARTESIAN_POINT('',(14.216283142591575,8.100000000000005,0.740000000000000));
#7619=DIRECTION('',(0.0,0.0,1.0));
#7620=VECTOR('',#7619,0.010000000000000);
#7621=LINE('',#7618,#7620);
#7622=EDGE_CURVE('',#7609,#7617,#7621,.T.);
#7623=ORIENTED_EDGE('',*,*,#7622,.T.);
#7624=CARTESIAN_POINT('',(13.754402927239877,8.899999999999999,0.750000000000000));
#7625=DIRECTION('',(0.500000000000000,-0.866025403784439,0.0));
#7626=VECTOR('',#7625,0.923760430703394);
#7627=LINE('',#7624,#7626);
#7628=EDGE_CURVE('',#7599,#7617,#7627,.T.);
#7629=ORIENTED_EDGE('',*,*,#7628,.F.);
#7630=EDGE_LOOP('',(#7607,#7615,#7623,#7629));
#7631=FACE_OUTER_BOUND('',#7630,.T.);
#7632=ADVANCED_FACE('',(#7631),#7597,.F.);
#7633=CARTESIAN_POINT('',(14.216283142591575,8.100000000000005,0.750000000000000));
#7634=DIRECTION('',(0.866025403784439,0.499999999999999,0.0));
#7635=DIRECTION('',(0.0,0.0,-1.0));
#7636=AXIS2_PLACEMENT_3D('',#7633,#7634,#7635);
#7637=PLANE('',#7636);
#7638=CARTESIAN_POINT('',(11.421241419777981,12.941154273188005,0.740000000000000));
#7639=VERTEX_POINT('',#7638);
#7640=CARTESIAN_POINT('',(11.421241419777981,12.941154273188005,0.750000000000000));
#7641=VERTEX_POINT('',#7640);
#7642=CARTESIAN_POINT('',(11.421241419777981,12.941154273188005,0.740000000000000));
#7643=DIRECTION('',(0.0,0.0,1.0));
#7644=VECTOR('',#7643,0.010000000000000);
#7645=LINE('',#7642,#7644);
#7646=EDGE_CURVE('',#7639,#7641,#7645,.T.);
#7647=ORIENTED_EDGE('',*,*,#7646,.T.);
#7648=CARTESIAN_POINT('',(10.959361204426280,13.741154273188009,0.750000000000000));
#7649=VERTEX_POINT('',#7648);
#7650=CARTESIAN_POINT('',(10.959361204426276,13.741154273188009,0.750000000000000));
#7651=DIRECTION('',(0.500000000000000,-0.866025403784438,0.0));
#7652=VECTOR('',#7651,0.923760430703406);
#7653=LINE('',#7650,#7652);
#7654=EDGE_CURVE('',#7649,#7641,#7653,.T.);
#7655=ORIENTED_EDGE('',*,*,#7654,.F.);
#7656=CARTESIAN_POINT('',(10.959361204426280,13.741154273188009,0.740000000000000));
#7657=VERTEX_POINT('',#7656);
#7658=CARTESIAN_POINT('',(10.959361204426280,13.741154273188009,0.750000000000000));
#7659=DIRECTION('',(0.0,0.0,-1.0));
#7660=VECTOR('',#7659,0.010000000000000);
#7661=LINE('',#7658,#7660);
#7662=EDGE_CURVE('',#7649,#7657,#7661,.T.);
#7663=ORIENTED_EDGE('',*,*,#7662,.T.);
#7664=CARTESIAN_POINT('',(11.421241419777981,12.941154273188005,0.740000000000000));
#7665=DIRECTION('',(-0.499999999999999,0.866025403784439,0.0));
#7666=VECTOR('',#7665,0.923760430703408);
#7667=LINE('',#7664,#7666);
#7668=EDGE_CURVE('',#7639,#7657,#7667,.T.);
#7669=ORIENTED_EDGE('',*,*,#7668,.F.);
#7670=EDGE_LOOP('',(#7647,#7655,#7663,#7669));
#7671=FACE_OUTER_BOUND('',#7670,.T.);
#7672=ADVANCED_FACE('',(#7671),#7637,.F.);
#7673=CARTESIAN_POINT('',(14.216283142591575,8.100000000000005,0.750000000000000));
#7674=DIRECTION('',(0.866025403784439,0.499999999999999,0.0));
#7675=DIRECTION('',(0.0,0.0,-1.0));
#7676=AXIS2_PLACEMENT_3D('',#7673,#7674,#7675);
#7677=PLANE('',#7676);
#7678=CARTESIAN_POINT('',(11.536711473615906,12.741154273188007,0.750000000000000));
#7679=VERTEX_POINT('',#7678);
#7680=CARTESIAN_POINT('',(11.536711473615906,12.741154273188007,0.740000000000000));
#7681=VERTEX_POINT('',#7680);
#7682=CARTESIAN_POINT('',(11.536711473615906,12.741154273188009,0.750000000000000));
#7683=DIRECTION('',(0.0,0.0,-1.0));
#7684=VECTOR('',#7683,0.010000000000000);
#7685=LINE('',#7682,#7684);
#7686=EDGE_CURVE('',#7679,#7681,#7685,.T.);
#7687=ORIENTED_EDGE('',*,*,#7686,.T.);
#7688=CARTESIAN_POINT('',(13.638932873401952,9.100000000000001,0.740000000000000));
#7689=VERTEX_POINT('',#7688);
#7690=CARTESIAN_POINT('',(13.638932873401952,9.100000000000001,0.740000000000000));
#7691=DIRECTION('',(-0.499999999999999,0.866025403784439,0.0));
#7692=VECTOR('',#7691,4.204442799572099);
#7693=LINE('',#7690,#7692);
#7694=EDGE_CURVE('',#7689,#7681,#7693,.T.);
#7695=ORIENTED_EDGE('',*,*,#7694,.F.);
#7696=CARTESIAN_POINT('',(13.638932873401952,9.100000000000001,0.750000000000000));
#7697=VERTEX_POINT('',#7696);
#7698=CARTESIAN_POINT('',(13.638932873401954,9.100000000000001,0.740000000000000));
#7699=DIRECTION('',(0.0,0.0,1.0));
#7700=VECTOR('',#7699,0.010000000000000);
#7701=LINE('',#7698,#7700);
#7702=EDGE_CURVE('',#7689,#7697,#7701,.T.);
#7703=ORIENTED_EDGE('',*,*,#7702,.T.);
#7704=CARTESIAN_POINT('',(11.536711473615904,12.741154273188005,0.750000000000000));
#7705=DIRECTION('',(0.499999999999999,-0.866025403784439,0.0));
#7706=VECTOR('',#7705,4.204442799572099);
#7707=LINE('',#7704,#7706);
#7708=EDGE_CURVE('',#7679,#7697,#7707,.T.);
#7709=ORIENTED_EDGE('',*,*,#7708,.F.);
#7710=EDGE_LOOP('',(#7687,#7695,#7703,#7709));
#7711=FACE_OUTER_BOUND('',#7710,.T.);
#7712=ADVANCED_FACE('',(#7711),#7677,.F.);
#7713=CARTESIAN_POINT('',(10.959361204426280,13.741154273188009,0.750000000000000));
#7714=DIRECTION('',(0.866025403784439,-0.499999999999999,0.0));
#7715=DIRECTION('',(0.0,0.0,-1.0));
#7716=AXIS2_PLACEMENT_3D('',#7713,#7714,#7715);
#7717=PLANE('',#7716);
#7718=CARTESIAN_POINT('',(16.780282972585042,23.823286522522675,0.740000000000000));
#7719=VERTEX_POINT('',#7718);
#7720=CARTESIAN_POINT('',(10.959361204426280,13.741154273188007,0.740000000000000));
#7721=DIRECTION('',(0.499999999999999,0.866025403784439,0.0));
#7722=VECTOR('',#7721,11.641843536317548);
#7723=LINE('',#7720,#7722);
#7724=EDGE_CURVE('',#7657,#7719,#7723,.T.);
#7725=ORIENTED_EDGE('',*,*,#7724,.F.);
#7726=ORIENTED_EDGE('',*,*,#7662,.F.);
#7727=CARTESIAN_POINT('',(16.780282972585042,23.823286522522675,0.750000000000000));
#7728=VERTEX_POINT('',#7727);
#7729=CARTESIAN_POINT('',(16.780282972585049,23.823286522522675,0.750000000000000));
#7730=DIRECTION('',(-0.499999999999999,-0.866025403784439,0.0));
#7731=VECTOR('',#7730,11.641843536317550);
#7732=LINE('',#7729,#7731);
#7733=EDGE_CURVE('',#7728,#7649,#7732,.T.);
#7734=ORIENTED_EDGE('',*,*,#7733,.F.);
#7735=CARTESIAN_POINT('',(16.780282972585042,23.823286522522675,0.750000000000000));
#7736=DIRECTION('',(0.0,0.0,-1.0));
#7737=VECTOR('',#7736,0.010000000000000);
#7738=LINE('',#7735,#7737);
#7739=EDGE_CURVE('',#7728,#7719,#7738,.T.);
#7740=ORIENTED_EDGE('',*,*,#7739,.T.);
#7741=EDGE_LOOP('',(#7725,#7726,#7734,#7740));
#7742=FACE_OUTER_BOUND('',#7741,.T.);
#7743=ADVANCED_FACE('',(#7742),#7717,.F.);
#7744=CARTESIAN_POINT('',(10.959361204426282,11.741154273188009,0.750000000000000));
#7745=DIRECTION('',(0.866025403784439,-0.500000000000000,0.0));
#7746=DIRECTION('',(0.0,0.0,-1.0));
#7747=AXIS2_PLACEMENT_3D('',#7744,#7745,#7746);
#7748=PLANE('',#7747);
#7749=ORIENTED_EDGE('',*,*,#7686,.F.);
#7750=CARTESIAN_POINT('',(17.680627642932848,23.382729235888920,0.750000000000000));
#7751=VERTEX_POINT('',#7750);
#7752=CARTESIAN_POINT('',(17.680627642932855,23.382729235888917,0.750000000000000));
#7753=DIRECTION('',(-0.500000000000000,-0.866025403784439,0.0));
#7754=VECTOR('',#7753,12.287832338633903);
#7755=LINE('',#7752,#7754);
#7756=EDGE_CURVE('',#7751,#7679,#7755,.T.);
#7757=ORIENTED_EDGE('',*,*,#7756,.F.);
#7758=CARTESIAN_POINT('',(17.680627642932848,23.382729235888920,0.740000000000000));
#7759=VERTEX_POINT('',#7758);
#7760=CARTESIAN_POINT('',(17.680627642932848,23.382729235888920,0.750000000000000));
#7761=DIRECTION('',(0.0,0.0,-1.0));
#7762=VECTOR('',#7761,0.010000000000000);
#7763=LINE('',#7760,#7762);
#7764=EDGE_CURVE('',#7751,#7759,#7763,.T.);
#7765=ORIENTED_EDGE('',*,*,#7764,.T.);
#7766=CARTESIAN_POINT('',(11.536711473615934,12.741154273187991,0.740000000000000));
#7767=DIRECTION('',(0.499999999999997,0.866025403784440,0.0));
#7768=VECTOR('',#7767,12.287832338633901);
#7769=LINE('',#7766,#7768);
#7770=EDGE_CURVE('',#7681,#7759,#7769,.T.);
#7771=ORIENTED_EDGE('',*,*,#7770,.F.);
#7772=EDGE_LOOP('',(#7749,#7757,#7765,#7771));
#7773=FACE_OUTER_BOUND('',#7772,.T.);
#7774=ADVANCED_FACE('',(#7773),#7748,.F.);
#7775=CARTESIAN_POINT('',(12.368762281184784,8.899999999999995,0.750000000000000));
#7776=DIRECTION('',(0.0,-1.0,0.0));
#7777=DIRECTION('',(0.0,0.0,-1.0));
#7778=AXIS2_PLACEMENT_3D('',#7775,#7776,#7777);
#7779=PLANE('',#7778);
#7780=ORIENTED_EDGE('',*,*,#7606,.F.);
#7781=CARTESIAN_POINT('',(16.837258300203047,8.900000000000002,0.750000000000000));
#7782=VERTEX_POINT('',#7781);
#7783=CARTESIAN_POINT('',(16.837258300203047,8.900000000000008,0.750000000000000));
#7784=DIRECTION('',(-1.0,0.0,0.0));
#7785=VECTOR('',#7784,3.082855372963167);
#7786=LINE('',#7783,#7785);
#7787=EDGE_CURVE('',#7782,#7599,#7786,.T.);
#7788=ORIENTED_EDGE('',*,*,#7787,.F.);
#7789=CARTESIAN_POINT('',(16.837258300203047,8.900000000000002,0.740000000000000));
#7790=VERTEX_POINT('',#7789);
#7791=CARTESIAN_POINT('',(16.837258300203047,8.900000000000002,0.750000000000000));
#7792=DIRECTION('',(0.0,0.0,-1.0));
#7793=VECTOR('',#7792,0.010000000000000);
#7794=LINE('',#7791,#7793);
#7795=EDGE_CURVE('',#7782,#7790,#7794,.T.);
#7796=ORIENTED_EDGE('',*,*,#7795,.T.);
#7797=CARTESIAN_POINT('',(13.754402927239880,8.900000000000002,0.740000000000000));
#7798=DIRECTION('',(1.0,0.0,0.0));
#7799=VECTOR('',#7798,3.082855372963167);
#7800=LINE('',#7797,#7799);
#7801=EDGE_CURVE('',#7601,#7790,#7800,.T.);
#7802=ORIENTED_EDGE('',*,*,#7801,.F.);
#7803=EDGE_LOOP('',(#7780,#7788,#7796,#7802));
#7804=FACE_OUTER_BOUND('',#7803,.T.);
#7805=ADVANCED_FACE('',(#7804),#7779,.F.);
#7806=CARTESIAN_POINT('',(1.899999999999990,12.049880383003329,0.750000000000000));
#7807=DIRECTION('',(0.866025403784439,-0.500000000000000,0.0));
#7808=DIRECTION('',(0.0,0.0,-1.0));
#7809=AXIS2_PLACEMENT_3D('',#7806,#7807,#7808);
#7810=PLANE('',#7809);
#7811=ORIENTED_EDGE('',*,*,#7449,.T.);
#7812=CARTESIAN_POINT('',(10.711003056420015,27.310985342367466,0.750000000000000));
#7813=VERTEX_POINT('',#7812);
#7814=CARTESIAN_POINT('',(10.711003056420015,27.310985342367466,0.750000000000000));
#7815=DIRECTION('',(-0.500000000000000,-0.866025403784438,0.0));
#7816=VECTOR('',#7815,17.222006112840042);
#7817=LINE('',#7814,#7816);
#7818=EDGE_CURVE('',#7813,#7436,#7817,.T.);
#7819=ORIENTED_EDGE('',*,*,#7818,.F.);
#7820=CARTESIAN_POINT('',(10.711003056420015,27.310985342367466,0.740000000000000));
#7821=VERTEX_POINT('',#7820);
#7822=CARTESIAN_POINT('',(10.711003056420015,27.310985342367466,0.750000000000000));
#7823=DIRECTION('',(0.0,0.0,-1.0));
#7824=VECTOR('',#7823,0.010000000000000);
#7825=LINE('',#7822,#7824);
#7826=EDGE_CURVE('',#7813,#7821,#7825,.T.);
#7827=ORIENTED_EDGE('',*,*,#7826,.T.);
#7828=CARTESIAN_POINT('',(2.099999999999980,12.396290544517106,0.740000000000000));
#7829=DIRECTION('',(0.500000000000001,0.866025403784438,0.0));
#7830=VECTOR('',#7829,17.222006112840045);
#7831=LINE('',#7828,#7830);
#7832=EDGE_CURVE('',#7444,#7821,#7831,.T.);
#7833=ORIENTED_EDGE('',*,*,#7832,.F.);
#7834=EDGE_LOOP('',(#7811,#7819,#7827,#7833));
#7835=FACE_OUTER_BOUND('',#7834,.T.);
#7836=ADVANCED_FACE('',(#7835),#7810,.F.);
#7837=CARTESIAN_POINT('',(1.899999999999990,12.049880383003329,0.750000000000000));
#7838=DIRECTION('',(-1.0,0.0,0.0));
#7839=DIRECTION('',(0.0,0.0,1.0));
#7840=AXIS2_PLACEMENT_3D('',#7837,#7838,#7839);
#7841=PLANE('',#7840);
#7842=CARTESIAN_POINT('',(1.899999999999990,12.449880383003325,0.750000000000000));
#7843=VERTEX_POINT('',#7842);
#7844=CARTESIAN_POINT('',(1.899999999999992,10.449880383003341,0.750000000000000));
#7845=DIRECTION('',(0.0,1.0,0.0));
#7846=VECTOR('',#7845,1.999999999999984);
#7847=LINE('',#7844,#7846);
#7848=EDGE_CURVE('',#7317,#7843,#7847,.T.);
#7849=ORIENTED_EDGE('',*,*,#7848,.F.);
#7850=ORIENTED_EDGE('',*,*,#7322,.F.);
#7851=CARTESIAN_POINT('',(1.899999999999990,12.449880383003325,0.740000000000000));
#7852=VERTEX_POINT('',#7851);
#7853=CARTESIAN_POINT('',(1.899999999999990,12.449880383003325,0.740000000000000));
#7854=DIRECTION('',(0.0,-1.0,0.0));
#7855=VECTOR('',#7854,1.999999999999989);
#7856=LINE('',#7853,#7855);
#7857=EDGE_CURVE('',#7852,#7315,#7856,.T.);
#7858=ORIENTED_EDGE('',*,*,#7857,.F.);
#7859=CARTESIAN_POINT('',(1.899999999999990,12.449880383003325,0.750000000000000));
#7860=DIRECTION('',(0.0,0.0,-1.0));
#7861=VECTOR('',#7860,0.010000000000000);
#7862=LINE('',#7859,#7861);
#7863=EDGE_CURVE('',#7843,#7852,#7862,.T.);
#7864=ORIENTED_EDGE('',*,*,#7863,.F.);
#7865=EDGE_LOOP('',(#7849,#7850,#7858,#7864));
#7866=FACE_OUTER_BOUND('',#7865,.T.);
#7867=ADVANCED_FACE('',(#7866),#7841,.F.);
#7868=CARTESIAN_POINT('',(10.959361204426282,11.741154273188009,0.750000000000000));
#7869=DIRECTION('',(0.866025403784439,-0.500000000000000,0.0));
#7870=DIRECTION('',(0.0,0.0,-1.0));
#7871=AXIS2_PLACEMENT_3D('',#7868,#7869,#7870);
#7872=PLANE('',#7871);
#7873=ORIENTED_EDGE('',*,*,#7566,.F.);
#7874=CARTESIAN_POINT('',(10.959361204426282,11.741154273188009,0.740000000000000));
#7875=VERTEX_POINT('',#7874);
#7876=CARTESIAN_POINT('',(10.959361204426282,11.741154273188007,0.740000000000000));
#7877=DIRECTION('',(0.499999999999999,0.866025403784439,0.0));
#7878=VECTOR('',#7877,0.923760430703401);
#7879=LINE('',#7876,#7878);
#7880=EDGE_CURVE('',#7875,#7559,#7879,.T.);
#7881=ORIENTED_EDGE('',*,*,#7880,.F.);
#7882=CARTESIAN_POINT('',(10.959361204426282,11.741154273188009,0.750000000000000));
#7883=VERTEX_POINT('',#7882);
#7884=CARTESIAN_POINT('',(10.959361204426282,11.741154273188009,0.750000000000000));
#7885=DIRECTION('',(0.0,0.0,-1.0));
#7886=VECTOR('',#7885,0.010000000000000);
#7887=LINE('',#7884,#7886);
#7888=EDGE_CURVE('',#7883,#7875,#7887,.T.);
#7889=ORIENTED_EDGE('',*,*,#7888,.F.);
#7890=CARTESIAN_POINT('',(11.421241419777983,12.541154273188008,0.750000000000000));
#7891=DIRECTION('',(-0.500000000000001,-0.866025403784438,0.0));
#7892=VECTOR('',#7891,0.923760430703402);
#7893=LINE('',#7890,#7892);
#7894=EDGE_CURVE('',#7561,#7883,#7893,.T.);
#7895=ORIENTED_EDGE('',*,*,#7894,.F.);
#7896=EDGE_LOOP('',(#7873,#7881,#7889,#7895));
#7897=FACE_OUTER_BOUND('',#7896,.T.);
#7898=ADVANCED_FACE('',(#7897),#7872,.F.);
#7899=CARTESIAN_POINT('',(16.547372055837130,21.819872981077829,0.750000000000000));
#7900=DIRECTION('',(-0.866025403784439,0.500000000000000,0.0));
#7901=DIRECTION('',(0.0,0.0,1.0));
#7902=AXIS2_PLACEMENT_3D('',#7899,#7900,#7901);
#7903=PLANE('',#7902);
#7904=ORIENTED_EDGE('',*,*,#7533,.F.);
#7905=ORIENTED_EDGE('',*,*,#3346,.F.);
#7906=CARTESIAN_POINT('',(10.728421096750431,11.741154273188005,0.740000000000000));
#7907=VERTEX_POINT('',#7906);
#7908=CARTESIAN_POINT('',(10.728421096750431,11.741154273188005,0.750000000000000));
#7909=DIRECTION('',(0.0,0.0,-1.0));
#7910=VECTOR('',#7909,0.010000000000000);
#7911=LINE('',#7908,#7910);
#7912=EDGE_CURVE('',#3333,#7907,#7911,.T.);
#7913=ORIENTED_EDGE('',*,*,#7912,.T.);
#7914=CARTESIAN_POINT('',(11.305771365940053,12.741154273188005,0.740000000000000));
#7915=DIRECTION('',(-0.499999999999999,-0.866025403784439,0.0));
#7916=VECTOR('',#7915,1.154700538379251);
#7917=LINE('',#7914,#7916);
#7918=EDGE_CURVE('',#7528,#7907,#7917,.T.);
#7919=ORIENTED_EDGE('',*,*,#7918,.F.);
#7920=EDGE_LOOP('',(#7904,#7905,#7913,#7919));
#7921=FACE_OUTER_BOUND('',#7920,.T.);
#7922=ADVANCED_FACE('',(#7921),#7903,.F.);
#7923=CARTESIAN_POINT('',(19.881107838717334,0.118892161282667,0.750000000000000));
#7924=DIRECTION('',(0.862063075096461,0.506801000941428,0.0));
#7925=DIRECTION('',(0.0,0.0,-1.0));
#7926=AXIS2_PLACEMENT_3D('',#7923,#7924,#7925);
#7927=PLANE('',#7926);
#7928=CARTESIAN_POINT('',(18.390928891636026,2.653670591432977,0.740000000000000));
#7929=VERTEX_POINT('',#7928);
#7930=CARTESIAN_POINT('',(18.390928891636026,2.653670591432977,0.750000000000000));
#7931=VERTEX_POINT('',#7930);
#7932=CARTESIAN_POINT('',(18.390928891636026,2.653670591432976,0.740000000000000));
#7933=DIRECTION('',(0.0,0.0,1.0));
#7934=VECTOR('',#7933,0.010000000000000);
#7935=LINE('',#7932,#7934);
#7936=EDGE_CURVE('',#7929,#7931,#7935,.T.);
#7937=ORIENTED_EDGE('',*,*,#7936,.T.);
#7938=CARTESIAN_POINT('',(18.100000000000009,3.148537520449042,0.750000000000000));
#7939=VERTEX_POINT('',#7938);
#7940=CARTESIAN_POINT('',(18.100000000000009,3.148537520449040,0.750000000000000));
#7941=DIRECTION('',(0.506801000941425,-0.862063075096463,0.0));
#7942=VECTOR('',#7941,0.574049560075045);
#7943=LINE('',#7940,#7942);
#7944=EDGE_CURVE('',#7939,#7931,#7943,.T.);
#7945=ORIENTED_EDGE('',*,*,#7944,.F.);
#7946=CARTESIAN_POINT('',(18.100000000000009,3.148537520449042,0.740000000000000));
#7947=VERTEX_POINT('',#7946);
#7948=CARTESIAN_POINT('',(18.100000000000009,3.148537520449042,0.750000000000000));
#7949=DIRECTION('',(0.0,0.0,-1.0));
#7950=VECTOR('',#7949,0.010000000000000);
#7951=LINE('',#7948,#7950);
#7952=EDGE_CURVE('',#7939,#7947,#7951,.T.);
#7953=ORIENTED_EDGE('',*,*,#7952,.T.);
#7954=CARTESIAN_POINT('',(18.390928891636030,2.653670591432976,0.740000000000000));
#7955=DIRECTION('',(-0.506801000941430,0.862063075096460,0.0));
#7956=VECTOR('',#7955,0.574049560075047);
#7957=LINE('',#7954,#7956);
#7958=EDGE_CURVE('',#7929,#7947,#7957,.T.);
#7959=ORIENTED_EDGE('',*,*,#7958,.F.);
#7960=EDGE_LOOP('',(#7937,#7945,#7953,#7959));
#7961=FACE_OUTER_BOUND('',#7960,.T.);
#7962=ADVANCED_FACE('',(#7961),#7927,.F.);
#7963=CARTESIAN_POINT('',(19.881107838717334,0.118892161282667,0.750000000000000));
#7964=DIRECTION('',(0.862063075096461,0.506801000941428,0.0));
#7965=DIRECTION('',(0.0,0.0,-1.0));
#7966=AXIS2_PLACEMENT_3D('',#7963,#7964,#7965);
#7967=PLANE('',#7966);
#7968=CARTESIAN_POINT('',(18.495647082653232,2.475546069975561,0.750000000000000));
#7969=VERTEX_POINT('',#7968);
#7970=CARTESIAN_POINT('',(18.495647082653232,2.475546069975561,0.740000000000000));
#7971=VERTEX_POINT('',#7970);
#7972=CARTESIAN_POINT('',(18.495647082653232,2.475546069975561,0.750000000000000));
#7973=DIRECTION('',(0.0,0.0,-1.0));
#7974=VECTOR('',#7973,0.010000000000000);
#7975=LINE('',#7972,#7974);
#7976=EDGE_CURVE('',#7969,#7971,#7975,.T.);
#7977=ORIENTED_EDGE('',*,*,#7976,.T.);
#7978=CARTESIAN_POINT('',(19.881107838717334,0.118892161282667,0.740000000000000));
#7979=VERTEX_POINT('',#7978);
#7980=CARTESIAN_POINT('',(19.881107838717334,0.118892161282666,0.740000000000000));
#7981=DIRECTION('',(-0.506801000941427,0.862063075096462,0.0));
#7982=VECTOR('',#7981,2.733737213404244);
#7983=LINE('',#7980,#7982);
#7984=EDGE_CURVE('',#7979,#7971,#7983,.T.);
#7985=ORIENTED_EDGE('',*,*,#7984,.F.);
#7986=CARTESIAN_POINT('',(19.881107838717334,0.118892161282667,0.750000000000000));
#7987=VERTEX_POINT('',#7986);
#7988=CARTESIAN_POINT('',(19.881107838717334,0.118892161282667,0.750000000000000));
#7989=DIRECTION('',(0.0,0.0,-1.0));
#7990=VECTOR('',#7989,0.010000000000000);
#7991=LINE('',#7988,#7990);
#7992=EDGE_CURVE('',#7987,#7979,#7991,.T.);
#7993=ORIENTED_EDGE('',*,*,#7992,.F.);
#7994=CARTESIAN_POINT('',(18.495647082653232,2.475546069975560,0.750000000000000));
#7995=DIRECTION('',(0.506801000941428,-0.862063075096461,0.0));
#7996=VECTOR('',#7995,2.733737213404247);
#7997=LINE('',#7994,#7996);
#7998=EDGE_CURVE('',#7969,#7987,#7997,.T.);
#7999=ORIENTED_EDGE('',*,*,#7998,.F.);
#8000=EDGE_LOOP('',(#7977,#7985,#7993,#7999));
#8001=FACE_OUTER_BOUND('',#8000,.T.);
#8002=ADVANCED_FACE('',(#8001),#7967,.F.);
#8003=CARTESIAN_POINT('',(17.900000000000006,3.094103166670215,0.750000000000000));
#8004=DIRECTION('',(-0.862063075096461,-0.506801000941428,0.0));
#8005=DIRECTION('',(0.0,0.0,1.0));
#8006=AXIS2_PLACEMENT_3D('',#8003,#8004,#8005);
#8007=PLANE('',#8006);
#8008=CARTESIAN_POINT('',(18.244822347165307,2.507564046962256,0.740000000000000));
#8009=VERTEX_POINT('',#8008);
#8010=CARTESIAN_POINT('',(18.244822347165307,2.507564046962256,0.750000000000000));
#8011=DIRECTION('',(0.0,0.0,-1.0));
#8012=VECTOR('',#8011,0.010000000000000);
#8013=LINE('',#8010,#8012);
#8014=EDGE_CURVE('',#3261,#8009,#8013,.T.);
#8015=ORIENTED_EDGE('',*,*,#8014,.T.);
#8016=CARTESIAN_POINT('',(17.900000000000006,3.094103166670215,0.740000000000000));
#8017=VERTEX_POINT('',#8016);
#8018=CARTESIAN_POINT('',(17.900000000000009,3.094103166670214,0.740000000000000));
#8019=DIRECTION('',(0.506801000941427,-0.862063075096462,0.0));
#8020=VECTOR('',#8019,0.680390027890159);
#8021=LINE('',#8018,#8020);
#8022=EDGE_CURVE('',#8017,#8009,#8021,.T.);
#8023=ORIENTED_EDGE('',*,*,#8022,.F.);
#8024=CARTESIAN_POINT('',(17.900000000000006,3.094103166670215,0.750000000000000));
#8025=DIRECTION('',(0.0,0.0,-1.0));
#8026=VECTOR('',#8025,0.010000000000000);
#8027=LINE('',#8024,#8026);
#8028=EDGE_CURVE('',#3269,#8017,#8027,.T.);
#8029=ORIENTED_EDGE('',*,*,#8028,.F.);
#8030=ORIENTED_EDGE('',*,*,#3274,.F.);
#8031=EDGE_LOOP('',(#8015,#8023,#8029,#8030));
#8032=FACE_OUTER_BOUND('',#8031,.T.);
#8033=ADVANCED_FACE('',(#8032),#8007,.F.);
#8034=CARTESIAN_POINT('',(16.851462479550939,1.900000000000000,0.750000000000000));
#8035=DIRECTION('',(-0.506801000941427,-0.862063075096462,0.0));
#8036=DIRECTION('',(0.0,0.0,1.0));
#8037=AXIS2_PLACEMENT_3D('',#8034,#8035,#8036);
#8038=PLANE('',#8037);
#8039=CARTESIAN_POINT('',(17.346329408567023,1.609071108363971,0.750000000000000));
#8040=VERTEX_POINT('',#8039);
#8041=CARTESIAN_POINT('',(17.346329408567023,1.609071108363971,0.740000000000000));
#8042=VERTEX_POINT('',#8041);
#8043=CARTESIAN_POINT('',(17.346329408567019,1.609071108363971,0.750000000000000));
#8044=DIRECTION('',(0.0,0.0,-1.0));
#8045=VECTOR('',#8044,0.010000000000000);
#8046=LINE('',#8043,#8045);
#8047=EDGE_CURVE('',#8040,#8042,#8046,.T.);
#8048=ORIENTED_EDGE('',*,*,#8047,.T.);
#8049=CARTESIAN_POINT('',(16.851462479550939,1.900000000000000,0.740000000000000));
#8050=VERTEX_POINT('',#8049);
#8051=CARTESIAN_POINT('',(16.851462479550939,1.900000000000000,0.740000000000000));
#8052=DIRECTION('',(0.862063075096462,-0.506801000941426,0.0));
#8053=VECTOR('',#8052,0.574049560075067);
#8054=LINE('',#8051,#8053);
#8055=EDGE_CURVE('',#8050,#8042,#8054,.T.);
#8056=ORIENTED_EDGE('',*,*,#8055,.F.);
#8057=CARTESIAN_POINT('',(16.851462479550939,1.900000000000000,0.750000000000000));
#8058=VERTEX_POINT('',#8057);
#8059=CARTESIAN_POINT('',(16.851462479550939,1.900000000000000,0.750000000000000));
#8060=DIRECTION('',(0.0,0.0,-1.0));
#8061=VECTOR('',#8060,0.010000000000000);
#8062=LINE('',#8059,#8061);
#8063=EDGE_CURVE('',#8058,#8050,#8062,.T.);
#8064=ORIENTED_EDGE('',*,*,#8063,.F.);
#8065=CARTESIAN_POINT('',(17.346329408567023,1.609071108363971,0.750000000000000));
#8066=DIRECTION('',(-0.862063075096463,0.506801000941425,0.0));
#8067=VECTOR('',#8066,0.574049560075067);
#8068=LINE('',#8065,#8067);
#8069=EDGE_CURVE('',#8040,#8058,#8068,.T.);
#8070=ORIENTED_EDGE('',*,*,#8069,.F.);
#8071=EDGE_LOOP('',(#8048,#8056,#8064,#8070));
#8072=FACE_OUTER_BOUND('',#8071,.T.);
#8073=ADVANCED_FACE('',(#8072),#8038,.F.);
#8074=CARTESIAN_POINT('',(16.851462479550939,1.900000000000000,0.750000000000000));
#8075=DIRECTION('',(-0.506801000941427,-0.862063075096462,0.0));
#8076=DIRECTION('',(0.0,0.0,1.0));
#8077=AXIS2_PLACEMENT_3D('',#8074,#8075,#8076);
#8078=PLANE('',#8077);
#8079=CARTESIAN_POINT('',(17.524453930024436,1.504352917346766,0.740000000000000));
#8080=VERTEX_POINT('',#8079);
#8081=CARTESIAN_POINT('',(17.524453930024436,1.504352917346766,0.750000000000000));
#8082=VERTEX_POINT('',#8081);
#8083=CARTESIAN_POINT('',(17.524453930024436,1.504352917346765,0.740000000000000));
#8084=DIRECTION('',(0.0,0.0,1.0));
#8085=VECTOR('',#8084,0.010000000000000);
#8086=LINE('',#8083,#8085);
#8087=EDGE_CURVE('',#8080,#8082,#8086,.T.);
#8088=ORIENTED_EDGE('',*,*,#8087,.T.);
#8089=CARTESIAN_POINT('',(19.881107838717334,0.118892161282666,0.750000000000000));
#8090=DIRECTION('',(-0.862063075096462,0.506801000941427,0.0));
#8091=VECTOR('',#8090,2.733737213404248);
#8092=LINE('',#8089,#8091);
#8093=EDGE_CURVE('',#7987,#8082,#8092,.T.);
#8094=ORIENTED_EDGE('',*,*,#8093,.F.);
#8095=ORIENTED_EDGE('',*,*,#7992,.T.);
#8096=CARTESIAN_POINT('',(17.524453930024439,1.504352917346766,0.740000000000000));
#8097=DIRECTION('',(0.862063075096462,-0.506801000941427,0.0));
#8098=VECTOR('',#8097,2.733737213404245);
#8099=LINE('',#8096,#8098);
#8100=EDGE_CURVE('',#8080,#7979,#8099,.T.);
#8101=ORIENTED_EDGE('',*,*,#8100,.F.);
#8102=EDGE_LOOP('',(#8088,#8094,#8095,#8101));
#8103=FACE_OUTER_BOUND('',#8102,.T.);
#8104=ADVANCED_FACE('',(#8103),#8078,.F.);
#8105=CARTESIAN_POINT('',(19.318143158415666,0.681856841584330,0.750000000000000));
#8106=DIRECTION('',(0.506801000941430,0.862063075096460,0.0));
#8107=DIRECTION('',(0.0,0.0,-1.0));
#8108=AXIS2_PLACEMENT_3D('',#8105,#8106,#8107);
#8109=PLANE('',#8108);
#8110=CARTESIAN_POINT('',(17.492435953037742,1.755177652834690,0.740000000000000));
#8111=VERTEX_POINT('',#8110);
#8112=CARTESIAN_POINT('',(17.492435953037742,1.755177652834691,0.740000000000000));
#8113=DIRECTION('',(0.0,0.0,1.0));
#8114=VECTOR('',#8113,0.010000000000000);
#8115=LINE('',#8112,#8114);
#8116=EDGE_CURVE('',#8111,#3253,#8115,.T.);
#8117=ORIENTED_EDGE('',*,*,#8116,.T.);
#8118=ORIENTED_EDGE('',*,*,#3258,.F.);
#8119=CARTESIAN_POINT('',(16.905896833329766,2.100000000000000,0.740000000000000));
#8120=VERTEX_POINT('',#8119);
#8121=CARTESIAN_POINT('',(16.905896833329766,2.100000000000000,0.750000000000000));
#8122=DIRECTION('',(0.0,0.0,-1.0));
#8123=VECTOR('',#8122,0.010000000000000);
#8124=LINE('',#8121,#8123);
#8125=EDGE_CURVE('',#3245,#8120,#8124,.T.);
#8126=ORIENTED_EDGE('',*,*,#8125,.T.);
#8127=CARTESIAN_POINT('',(17.492435953037742,1.755177652834689,0.740000000000000));
#8128=DIRECTION('',(-0.862063075096460,0.506801000941429,0.0));
#8129=VECTOR('',#8128,0.680390027890180);
#8130=LINE('',#8127,#8129);
#8131=EDGE_CURVE('',#8111,#8120,#8130,.T.);
#8132=ORIENTED_EDGE('',*,*,#8131,.F.);
#8133=EDGE_LOOP('',(#8117,#8118,#8126,#8132));
#8134=FACE_OUTER_BOUND('',#8133,.T.);
#8135=ADVANCED_FACE('',(#8134),#8109,.F.);
#8136=CARTESIAN_POINT('',(18.100000000000009,3.148537520449042,0.750000000000000));
#8137=DIRECTION('',(1.0,0.0,0.0));
#8138=DIRECTION('',(0.0,0.0,-1.0));
#8139=AXIS2_PLACEMENT_3D('',#8136,#8137,#8138);
#8140=PLANE('',#8139);
#8141=CARTESIAN_POINT('',(18.099999999999994,6.851462479550943,0.740000000000000));
#8142=VERTEX_POINT('',#8141);
#8143=CARTESIAN_POINT('',(18.099999999999991,3.148537520449042,0.740000000000000));
#8144=DIRECTION('',(0.0,1.0,0.0));
#8145=VECTOR('',#8144,3.702924959101900);
#8146=LINE('',#8143,#8145);
#8147=EDGE_CURVE('',#7947,#8142,#8146,.T.);
#8148=ORIENTED_EDGE('',*,*,#8147,.F.);
#8149=ORIENTED_EDGE('',*,*,#7952,.F.);
#8150=CARTESIAN_POINT('',(18.099999999999994,6.851462479550943,0.750000000000000));
#8151=VERTEX_POINT('',#8150);
#8152=CARTESIAN_POINT('',(18.100000000000009,6.851462479550943,0.750000000000000));
#8153=DIRECTION('',(0.0,-1.0,0.0));
#8154=VECTOR('',#8153,3.702924959101900);
#8155=LINE('',#8152,#8154);
#8156=EDGE_CURVE('',#8151,#7939,#8155,.T.);
#8157=ORIENTED_EDGE('',*,*,#8156,.F.);
#8158=CARTESIAN_POINT('',(18.099999999999994,6.851462479550943,0.750000000000000));
#8159=DIRECTION('',(0.0,0.0,-1.0));
#8160=VECTOR('',#8159,0.010000000000000);
#8161=LINE('',#8158,#8160);
#8162=EDGE_CURVE('',#8151,#8142,#8161,.T.);
#8163=ORIENTED_EDGE('',*,*,#8162,.T.);
#8164=EDGE_LOOP('',(#8148,#8149,#8157,#8163));
#8165=FACE_OUTER_BOUND('',#8164,.T.);
#8166=ADVANCED_FACE('',(#8165),#8140,.F.);
#8167=CARTESIAN_POINT('',(17.900000000000006,3.094103166670215,0.750000000000000));
#8168=DIRECTION('',(-0.862063075096461,-0.506801000941428,0.0));
#8169=DIRECTION('',(0.0,0.0,1.0));
#8170=AXIS2_PLACEMENT_3D('',#8167,#8168,#8169);
#8171=PLANE('',#8170);
#8172=CARTESIAN_POINT('',(18.349540538182513,2.329439525504841,0.740000000000000));
#8173=VERTEX_POINT('',#8172);
#8174=CARTESIAN_POINT('',(18.349540538182513,2.329439525504841,0.750000000000000));
#8175=VERTEX_POINT('',#8174);
#8176=CARTESIAN_POINT('',(18.349540538182513,2.329439525504840,0.740000000000000));
#8177=DIRECTION('',(0.0,0.0,1.0));
#8178=VECTOR('',#8177,0.010000000000000);
#8179=LINE('',#8176,#8178);
#8180=EDGE_CURVE('',#8173,#8175,#8179,.T.);
#8181=ORIENTED_EDGE('',*,*,#8180,.T.);
#8182=CARTESIAN_POINT('',(19.318143158415666,0.681856841584330,0.750000000000000));
#8183=VERTEX_POINT('',#8182);
#8184=CARTESIAN_POINT('',(19.318143158415666,0.681856841584328,0.750000000000000));
#8185=DIRECTION('',(-0.506801000941428,0.862063075096461,0.0));
#8186=VECTOR('',#8185,1.911208972424850);
#8187=LINE('',#8184,#8186);
#8188=EDGE_CURVE('',#8183,#8175,#8187,.T.);
#8189=ORIENTED_EDGE('',*,*,#8188,.F.);
#8190=CARTESIAN_POINT('',(19.318143158415666,0.681856841584330,0.740000000000000));
#8191=VERTEX_POINT('',#8190);
#8192=CARTESIAN_POINT('',(19.318143158415666,0.681856841584330,0.750000000000000));
#8193=DIRECTION('',(0.0,0.0,-1.0));
#8194=VECTOR('',#8193,0.010000000000000);
#8195=LINE('',#8192,#8194);
#8196=EDGE_CURVE('',#8183,#8191,#8195,.T.);
#8197=ORIENTED_EDGE('',*,*,#8196,.T.);
#8198=CARTESIAN_POINT('',(18.349540538182513,2.329439525504841,0.740000000000000));
#8199=DIRECTION('',(0.506801000941429,-0.862063075096461,0.0));
#8200=VECTOR('',#8199,1.911208972424848);
#8201=LINE('',#8198,#8200);
#8202=EDGE_CURVE('',#8173,#8191,#8201,.T.);
#8203=ORIENTED_EDGE('',*,*,#8202,.F.);
#8204=EDGE_LOOP('',(#8181,#8189,#8197,#8203));
#8205=FACE_OUTER_BOUND('',#8204,.T.);
#8206=ADVANCED_FACE('',(#8205),#8171,.F.);
#8207=CARTESIAN_POINT('',(19.318143158415666,0.681856841584330,0.750000000000000));
#8208=DIRECTION('',(0.506801000941430,0.862063075096460,0.0));
#8209=DIRECTION('',(0.0,0.0,-1.0));
#8210=AXIS2_PLACEMENT_3D('',#8207,#8208,#8209);
#8211=PLANE('',#8210);
#8212=CARTESIAN_POINT('',(17.670560474495154,1.650459461817484,0.750000000000000));
#8213=VERTEX_POINT('',#8212);
#8214=CARTESIAN_POINT('',(17.670560474495154,1.650459461817484,0.740000000000000));
#8215=VERTEX_POINT('',#8214);
#8216=CARTESIAN_POINT('',(17.670560474495154,1.650459461817484,0.750000000000000));
#8217=DIRECTION('',(0.0,0.0,-1.0));
#8218=VECTOR('',#8217,0.010000000000000);
#8219=LINE('',#8216,#8218);
#8220=EDGE_CURVE('',#8213,#8215,#8219,.T.);
#8221=ORIENTED_EDGE('',*,*,#8220,.T.);
#8222=CARTESIAN_POINT('',(19.318143158415662,0.681856841584330,0.740000000000000));
#8223=DIRECTION('',(-0.862063075096460,0.506801000941430,0.0));
#8224=VECTOR('',#8223,1.911208972424846);
#8225=LINE('',#8222,#8224);
#8226=EDGE_CURVE('',#8191,#8215,#8225,.T.);
#8227=ORIENTED_EDGE('',*,*,#8226,.F.);
#8228=ORIENTED_EDGE('',*,*,#8196,.F.);
#8229=CARTESIAN_POINT('',(17.670560474495154,1.650459461817484,0.750000000000000));
#8230=DIRECTION('',(0.862063075096460,-0.506801000941430,0.0));
#8231=VECTOR('',#8230,1.911208972424850);
#8232=LINE('',#8229,#8231);
#8233=EDGE_CURVE('',#8213,#8183,#8232,.T.);
#8234=ORIENTED_EDGE('',*,*,#8233,.F.);
#8235=EDGE_LOOP('',(#8221,#8227,#8228,#8234));
#8236=FACE_OUTER_BOUND('',#8235,.T.);
#8237=ADVANCED_FACE('',(#8236),#8211,.F.);
#8238=CARTESIAN_POINT('',(16.905896833329766,2.100000000000000,0.750000000000000));
#8239=DIRECTION('',(0.0,1.0,0.0));
#8240=DIRECTION('',(0.0,0.0,1.0));
#8241=AXIS2_PLACEMENT_3D('',#8238,#8239,#8240);
#8242=PLANE('',#8241);
#8243=CARTESIAN_POINT('',(3.094103166670210,2.099999999999989,0.740000000000000));
#8244=VERTEX_POINT('',#8243);
#8245=CARTESIAN_POINT('',(16.905896833329759,2.100000000000011,0.740000000000000));
#8246=DIRECTION('',(-1.0,0.0,0.0));
#8247=VECTOR('',#8246,13.811793666659549);
#8248=LINE('',#8245,#8247);
#8249=EDGE_CURVE('',#8120,#8244,#8248,.T.);
#8250=ORIENTED_EDGE('',*,*,#8249,.F.);
#8251=ORIENTED_EDGE('',*,*,#8125,.F.);
#8252=ORIENTED_EDGE('',*,*,#3250,.F.);
#8253=CARTESIAN_POINT('',(3.094103166670210,2.099999999999989,0.750000000000000));
#8254=DIRECTION('',(0.0,0.0,-1.0));
#8255=VECTOR('',#8254,0.010000000000000);
#8256=LINE('',#8253,#8255);
#8257=EDGE_CURVE('',#3237,#8244,#8256,.T.);
#8258=ORIENTED_EDGE('',*,*,#8257,.T.);
#8259=EDGE_LOOP('',(#8250,#8251,#8252,#8258));
#8260=FACE_OUTER_BOUND('',#8259,.T.);
#8261=ADVANCED_FACE('',(#8260),#8242,.F.);
#8262=CARTESIAN_POINT('',(16.920101012677669,0.899999999999999,0.750000000000000));
#8263=DIRECTION('',(0.707106781186547,-0.707106781186548,0.0));
#8264=DIRECTION('',(0.0,0.0,-1.0));
#8265=AXIS2_PLACEMENT_3D('',#8262,#8263,#8264);
#8266=PLANE('',#8265);
#8267=ORIENTED_EDGE('',*,*,#8180,.F.);
#8268=CARTESIAN_POINT('',(17.670560474495158,1.650459461817485,0.740000000000000));
#8269=DIRECTION('',(0.707106781186547,0.707106781186548,0.0));
#8270=VECTOR('',#8269,0.960222814647606);
#8271=LINE('',#8268,#8270);
#8272=EDGE_CURVE('',#8215,#8173,#8271,.T.);
#8273=ORIENTED_EDGE('',*,*,#8272,.F.);
#8274=ORIENTED_EDGE('',*,*,#8220,.F.);
#8275=CARTESIAN_POINT('',(18.349540538182513,2.329439525504840,0.750000000000000));
#8276=DIRECTION('',(-0.707106781186547,-0.707106781186548,0.0));
#8277=VECTOR('',#8276,0.960222814647607);
#8278=LINE('',#8275,#8277);
#8279=EDGE_CURVE('',#8175,#8213,#8278,.T.);
#8280=ORIENTED_EDGE('',*,*,#8279,.F.);
#8281=EDGE_LOOP('',(#8267,#8273,#8274,#8280));
#8282=FACE_OUTER_BOUND('',#8281,.T.);
#8283=ADVANCED_FACE('',(#8282),#8266,.F.);
#8284=CARTESIAN_POINT('',(16.920101012677669,0.899999999999999,0.750000000000000));
#8285=DIRECTION('',(0.707106781186547,-0.707106781186548,0.0));
#8286=DIRECTION('',(0.0,0.0,-1.0));
#8287=AXIS2_PLACEMENT_3D('',#8284,#8285,#8286);
#8288=PLANE('',#8287);
#8289=ORIENTED_EDGE('',*,*,#8087,.F.);
#8290=CARTESIAN_POINT('',(16.920101012677669,0.899999999999999,0.740000000000000));
#8291=VERTEX_POINT('',#8290);
#8292=CARTESIAN_POINT('',(16.920101012677669,0.899999999999999,0.740000000000000));
#8293=DIRECTION('',(0.707106781186549,0.707106781186546,0.0));
#8294=VECTOR('',#8293,0.854684092171546);
#8295=LINE('',#8292,#8294);
#8296=EDGE_CURVE('',#8291,#8080,#8295,.T.);
#8297=ORIENTED_EDGE('',*,*,#8296,.F.);
#8298=CARTESIAN_POINT('',(16.920101012677669,0.899999999999999,0.750000000000000));
#8299=VERTEX_POINT('',#8298);
#8300=CARTESIAN_POINT('',(16.920101012677669,0.899999999999999,0.750000000000000));
#8301=DIRECTION('',(0.0,0.0,-1.0));
#8302=VECTOR('',#8301,0.010000000000000);
#8303=LINE('',#8300,#8302);
#8304=EDGE_CURVE('',#8299,#8291,#8303,.T.);
#8305=ORIENTED_EDGE('',*,*,#8304,.F.);
#8306=CARTESIAN_POINT('',(17.524453930024439,1.504352917346765,0.750000000000000));
#8307=DIRECTION('',(-0.707106781186549,-0.707106781186546,0.0));
#8308=VECTOR('',#8307,0.854684092171547);
#8309=LINE('',#8306,#8308);
#8310=EDGE_CURVE('',#8082,#8299,#8309,.T.);
#8311=ORIENTED_EDGE('',*,*,#8310,.F.);
#8312=EDGE_LOOP('',(#8289,#8297,#8305,#8311));
#8313=FACE_OUTER_BOUND('',#8312,.T.);
#8314=ADVANCED_FACE('',(#8313),#8288,.F.);
#8315=CARTESIAN_POINT('',(18.900000000000002,3.162741699796954,0.750000000000000));
#8316=DIRECTION('',(-0.707106781186548,0.707106781186547,0.0));
#8317=DIRECTION('',(0.0,0.0,1.0));
#8318=AXIS2_PLACEMENT_3D('',#8315,#8316,#8317);
#8319=PLANE('',#8318);
#8320=ORIENTED_EDGE('',*,*,#8047,.F.);
#8321=CARTESIAN_POINT('',(16.837258300203047,1.099999999999994,0.750000000000000));
#8322=VERTEX_POINT('',#8321);
#8323=CARTESIAN_POINT('',(16.837258300203047,1.099999999999995,0.750000000000000));
#8324=DIRECTION('',(0.707106781186547,0.707106781186548,0.0));
#8325=VECTOR('',#8324,0.719935265660639);
#8326=LINE('',#8323,#8325);
#8327=EDGE_CURVE('',#8322,#8040,#8326,.T.);
#8328=ORIENTED_EDGE('',*,*,#8327,.F.);
#8329=CARTESIAN_POINT('',(16.837258300203047,1.099999999999994,0.740000000000000));
#8330=VERTEX_POINT('',#8329);
#8331=CARTESIAN_POINT('',(16.837258300203047,1.099999999999994,0.750000000000000));
#8332=DIRECTION('',(0.0,0.0,-1.0));
#8333=VECTOR('',#8332,0.010000000000000);
#8334=LINE('',#8331,#8333);
#8335=EDGE_CURVE('',#8322,#8330,#8334,.T.);
#8336=ORIENTED_EDGE('',*,*,#8335,.T.);
#8337=CARTESIAN_POINT('',(17.346329408567023,1.609071108363972,0.740000000000000));
#8338=DIRECTION('',(-0.707106781186547,-0.707106781186548,0.0));
#8339=VECTOR('',#8338,0.719935265660639);
#8340=LINE('',#8337,#8339);
#8341=EDGE_CURVE('',#8042,#8330,#8340,.T.);
#8342=ORIENTED_EDGE('',*,*,#8341,.F.);
#8343=EDGE_LOOP('',(#8320,#8328,#8336,#8342));
#8344=FACE_OUTER_BOUND('',#8343,.T.);
#8345=ADVANCED_FACE('',(#8344),#8319,.F.);
#8346=CARTESIAN_POINT('',(18.900000000000002,3.162741699796954,0.750000000000000));
#8347=DIRECTION('',(-0.707106781186548,0.707106781186547,0.0));
#8348=DIRECTION('',(0.0,0.0,1.0));
#8349=AXIS2_PLACEMENT_3D('',#8346,#8347,#8348);
#8350=PLANE('',#8349);
#8351=ORIENTED_EDGE('',*,*,#8014,.F.);
#8352=ORIENTED_EDGE('',*,*,#3266,.F.);
#8353=ORIENTED_EDGE('',*,*,#8116,.F.);
#8354=CARTESIAN_POINT('',(18.244822347165304,2.507564046962256,0.740000000000000));
#8355=DIRECTION('',(-0.707106781186546,-0.707106781186549,0.0));
#8356=VECTOR('',#8355,1.064035042720189);
#8357=LINE('',#8354,#8356);
#8358=EDGE_CURVE('',#8009,#8111,#8357,.T.);
#8359=ORIENTED_EDGE('',*,*,#8358,.F.);
#8360=EDGE_LOOP('',(#8351,#8352,#8353,#8359));
#8361=FACE_OUTER_BOUND('',#8360,.T.);
#8362=ADVANCED_FACE('',(#8361),#8350,.F.);
#8363=CARTESIAN_POINT('',(0.118892161282667,0.118892161282664,0.750000000000000));
#8364=DIRECTION('',(0.506801000941428,-0.862063075096461,0.0));
#8365=DIRECTION('',(0.0,0.0,-1.0));
#8366=AXIS2_PLACEMENT_3D('',#8363,#8364,#8365);
#8367=PLANE('',#8366);
#8368=CARTESIAN_POINT('',(2.653670591432971,1.609071108363970,0.740000000000000));
#8369=VERTEX_POINT('',#8368);
#8370=CARTESIAN_POINT('',(2.653670591432971,1.609071108363970,0.750000000000000));
#8371=VERTEX_POINT('',#8370);
#8372=CARTESIAN_POINT('',(2.653670591432971,1.609071108363970,0.740000000000000));
#8373=DIRECTION('',(0.0,0.0,1.0));
#8374=VECTOR('',#8373,0.010000000000000);
#8375=LINE('',#8372,#8374);
#8376=EDGE_CURVE('',#8369,#8371,#8375,.T.);
#8377=ORIENTED_EDGE('',*,*,#8376,.T.);
#8378=CARTESIAN_POINT('',(3.148537520449037,1.899999999999988,0.750000000000000));
#8379=VERTEX_POINT('',#8378);
#8380=CARTESIAN_POINT('',(3.148537520449037,1.899999999999989,0.750000000000000));
#8381=DIRECTION('',(-0.862063075096461,-0.506801000941429,0.0));
#8382=VECTOR('',#8381,0.574049560075047);
#8383=LINE('',#8380,#8382);
#8384=EDGE_CURVE('',#8379,#8371,#8383,.T.);
#8385=ORIENTED_EDGE('',*,*,#8384,.F.);
#8386=CARTESIAN_POINT('',(3.148537520449037,1.899999999999988,0.740000000000000));
#8387=VERTEX_POINT('',#8386);
#8388=CARTESIAN_POINT('',(3.148537520449037,1.899999999999988,0.750000000000000));
#8389=DIRECTION('',(0.0,0.0,-1.0));
#8390=VECTOR('',#8389,0.010000000000000);
#8391=LINE('',#8388,#8390);
#8392=EDGE_CURVE('',#8379,#8387,#8391,.T.);
#8393=ORIENTED_EDGE('',*,*,#8392,.T.);
#8394=CARTESIAN_POINT('',(2.653670591432971,1.609071108363970,0.740000000000000));
#8395=DIRECTION('',(0.862063075096461,0.506801000941428,0.0));
#8396=VECTOR('',#8395,0.574049560075046);
#8397=LINE('',#8394,#8396);
#8398=EDGE_CURVE('',#8369,#8387,#8397,.T.);
#8399=ORIENTED_EDGE('',*,*,#8398,.F.);
#8400=EDGE_LOOP('',(#8377,#8385,#8393,#8399));
#8401=FACE_OUTER_BOUND('',#8400,.T.);
#8402=ADVANCED_FACE('',(#8401),#8367,.F.);
#8403=CARTESIAN_POINT('',(0.118892161282667,0.118892161282664,0.750000000000000));
#8404=DIRECTION('',(0.506801000941428,-0.862063075096461,0.0));
#8405=DIRECTION('',(0.0,0.0,-1.0));
#8406=AXIS2_PLACEMENT_3D('',#8403,#8404,#8405);
#8407=PLANE('',#8406);
#8408=CARTESIAN_POINT('',(2.475546069975557,1.504352917346765,0.750000000000000));
#8409=VERTEX_POINT('',#8408);
#8410=CARTESIAN_POINT('',(2.475546069975557,1.504352917346765,0.740000000000000));
#8411=VERTEX_POINT('',#8410);
#8412=CARTESIAN_POINT('',(2.475546069975557,1.504352917346764,0.750000000000000));
#8413=DIRECTION('',(0.0,0.0,-1.0));
#8414=VECTOR('',#8413,0.010000000000000);
#8415=LINE('',#8412,#8414);
#8416=EDGE_CURVE('',#8409,#8411,#8415,.T.);
#8417=ORIENTED_EDGE('',*,*,#8416,.T.);
#8418=CARTESIAN_POINT('',(0.118892161282667,0.118892161282664,0.740000000000000));
#8419=VERTEX_POINT('',#8418);
#8420=CARTESIAN_POINT('',(0.118892161282667,0.118892161282664,0.740000000000000));
#8421=DIRECTION('',(0.862063075096461,0.506801000941428,0.0));
#8422=VECTOR('',#8421,2.733737213404241);
#8423=LINE('',#8420,#8422);
#8424=EDGE_CURVE('',#8419,#8411,#8423,.T.);
#8425=ORIENTED_EDGE('',*,*,#8424,.F.);
#8426=CARTESIAN_POINT('',(0.118892161282667,0.118892161282664,0.750000000000000));
#8427=VERTEX_POINT('',#8426);
#8428=CARTESIAN_POINT('',(0.118892161282667,0.118892161282664,0.750000000000000));
#8429=DIRECTION('',(0.0,0.0,-1.0));
#8430=VECTOR('',#8429,0.010000000000000);
#8431=LINE('',#8428,#8430);
#8432=EDGE_CURVE('',#8427,#8419,#8431,.T.);
#8433=ORIENTED_EDGE('',*,*,#8432,.F.);
#8434=CARTESIAN_POINT('',(2.475546069975558,1.504352917346764,0.750000000000000));
#8435=DIRECTION('',(-0.862063075096461,-0.506801000941428,0.0));
#8436=VECTOR('',#8435,2.733737213404243);
#8437=LINE('',#8434,#8436);
#8438=EDGE_CURVE('',#8409,#8427,#8437,.T.);
#8439=ORIENTED_EDGE('',*,*,#8438,.F.);
#8440=EDGE_LOOP('',(#8417,#8425,#8433,#8439));
#8441=FACE_OUTER_BOUND('',#8440,.T.);
#8442=ADVANCED_FACE('',(#8441),#8407,.F.);
#8443=CARTESIAN_POINT('',(3.094103166670210,2.099999999999989,0.750000000000000));
#8444=DIRECTION('',(-0.506801000941429,0.862063075096461,0.0));
#8445=DIRECTION('',(0.0,0.0,1.0));
#8446=AXIS2_PLACEMENT_3D('',#8443,#8444,#8445);
#8447=PLANE('',#8446);
#8448=CARTESIAN_POINT('',(2.507564046962250,1.755177652834689,0.740000000000000));
#8449=VERTEX_POINT('',#8448);
#8450=CARTESIAN_POINT('',(2.507564046962252,1.755177652834689,0.750000000000000));
#8451=DIRECTION('',(0.0,0.0,-1.0));
#8452=VECTOR('',#8451,0.010000000000000);
#8453=LINE('',#8450,#8452);
#8454=EDGE_CURVE('',#3229,#8449,#8453,.T.);
#8455=ORIENTED_EDGE('',*,*,#8454,.T.);
#8456=CARTESIAN_POINT('',(3.094103166670209,2.099999999999989,0.740000000000000));
#8457=DIRECTION('',(-0.862063075096461,-0.506801000941428,0.0));
#8458=VECTOR('',#8457,0.680390027890161);
#8459=LINE('',#8456,#8458);
#8460=EDGE_CURVE('',#8244,#8449,#8459,.T.);
#8461=ORIENTED_EDGE('',*,*,#8460,.F.);
#8462=ORIENTED_EDGE('',*,*,#8257,.F.);
#8463=ORIENTED_EDGE('',*,*,#3242,.F.);
#8464=EDGE_LOOP('',(#8455,#8461,#8462,#8463));
#8465=FACE_OUTER_BOUND('',#8464,.T.);
#8466=ADVANCED_FACE('',(#8465),#8447,.F.);
#8467=CARTESIAN_POINT('',(1.899999999999997,3.148537520449053,0.750000000000000));
#8468=DIRECTION('',(-0.862063075096462,0.506801000941427,0.0));
#8469=DIRECTION('',(0.0,0.0,1.0));
#8470=AXIS2_PLACEMENT_3D('',#8467,#8468,#8469);
#8471=PLANE('',#8470);
#8472=CARTESIAN_POINT('',(1.609071108363968,2.653670591432970,0.750000000000000));
#8473=VERTEX_POINT('',#8472);
#8474=CARTESIAN_POINT('',(1.609071108363968,2.653670591432970,0.740000000000000));
#8475=VERTEX_POINT('',#8474);
#8476=CARTESIAN_POINT('',(1.609071108363968,2.653670591432970,0.750000000000000));
#8477=DIRECTION('',(0.0,0.0,-1.0));
#8478=VECTOR('',#8477,0.010000000000000);
#8479=LINE('',#8476,#8478);
#8480=EDGE_CURVE('',#8473,#8475,#8479,.T.);
#8481=ORIENTED_EDGE('',*,*,#8480,.T.);
#8482=CARTESIAN_POINT('',(1.899999999999997,3.148537520449053,0.740000000000000));
#8483=DIRECTION('',(-0.506801000941426,-0.862063075096462,0.0));
#8484=VECTOR('',#8483,0.574049560075067);
#8485=LINE('',#8482,#8484);
#8486=EDGE_CURVE('',#7404,#8475,#8485,.T.);
#8487=ORIENTED_EDGE('',*,*,#8486,.F.);
#8488=ORIENTED_EDGE('',*,*,#7409,.F.);
#8489=CARTESIAN_POINT('',(1.609071108363968,2.653670591432972,0.750000000000000));
#8490=DIRECTION('',(0.506801000941427,0.862063075096462,0.0));
#8491=VECTOR('',#8490,0.574049560075064);
#8492=LINE('',#8489,#8491);
#8493=EDGE_CURVE('',#8473,#7396,#8492,.T.);
#8494=ORIENTED_EDGE('',*,*,#8493,.F.);
#8495=EDGE_LOOP('',(#8481,#8487,#8488,#8494));
#8496=FACE_OUTER_BOUND('',#8495,.T.);
#8497=ADVANCED_FACE('',(#8496),#8471,.F.);
#8498=CARTESIAN_POINT('',(1.899999999999997,3.148537520449053,0.750000000000000));
#8499=DIRECTION('',(-0.862063075096462,0.506801000941427,0.0));
#8500=DIRECTION('',(0.0,0.0,1.0));
#8501=AXIS2_PLACEMENT_3D('',#8498,#8499,#8500);
#8502=PLANE('',#8501);
#8503=CARTESIAN_POINT('',(1.504352917346764,2.475546069975557,0.740000000000000));
#8504=VERTEX_POINT('',#8503);
#8505=CARTESIAN_POINT('',(1.504352917346764,2.475546069975557,0.750000000000000));
#8506=VERTEX_POINT('',#8505);
#8507=CARTESIAN_POINT('',(1.504352917346764,2.475546069975557,0.740000000000000));
#8508=DIRECTION('',(0.0,0.0,1.0));
#8509=VECTOR('',#8508,0.010000000000000);
#8510=LINE('',#8507,#8509);
#8511=EDGE_CURVE('',#8504,#8506,#8510,.T.);
#8512=ORIENTED_EDGE('',*,*,#8511,.T.);
#8513=CARTESIAN_POINT('',(0.118892161282668,0.118892161282664,0.750000000000000));
#8514=DIRECTION('',(0.506801000941427,0.862063075096462,0.0));
#8515=VECTOR('',#8514,2.733737213404244);
#8516=LINE('',#8513,#8515);
#8517=EDGE_CURVE('',#8427,#8506,#8516,.T.);
#8518=ORIENTED_EDGE('',*,*,#8517,.F.);
#8519=ORIENTED_EDGE('',*,*,#8432,.T.);
#8520=CARTESIAN_POINT('',(1.504352917346764,2.475546069975557,0.740000000000000));
#8521=DIRECTION('',(-0.506801000941427,-0.862063075096462,0.0));
#8522=VECTOR('',#8521,2.733737213404242);
#8523=LINE('',#8520,#8522);
#8524=EDGE_CURVE('',#8504,#8419,#8523,.T.);
#8525=ORIENTED_EDGE('',*,*,#8524,.F.);
#8526=EDGE_LOOP('',(#8512,#8518,#8519,#8525));
#8527=FACE_OUTER_BOUND('',#8526,.T.);
#8528=ADVANCED_FACE('',(#8527),#8502,.F.);
#8529=CARTESIAN_POINT('',(0.681856841584330,0.681856841584334,0.750000000000000));
#8530=DIRECTION('',(0.862063075096460,-0.506801000941430,0.0));
#8531=DIRECTION('',(0.0,0.0,-1.0));
#8532=AXIS2_PLACEMENT_3D('',#8529,#8530,#8531);
#8533=PLANE('',#8532);
#8534=CARTESIAN_POINT('',(1.755177652834687,2.507564046962251,0.740000000000000));
#8535=VERTEX_POINT('',#8534);
#8536=CARTESIAN_POINT('',(1.755177652834686,2.507564046962252,0.740000000000000));
#8537=DIRECTION('',(0.0,0.0,1.0));
#8538=VECTOR('',#8537,0.010000000000000);
#8539=LINE('',#8536,#8538);
#8540=EDGE_CURVE('',#8535,#3221,#8539,.T.);
#8541=ORIENTED_EDGE('',*,*,#8540,.T.);
#8542=ORIENTED_EDGE('',*,*,#3226,.F.);
#8543=CARTESIAN_POINT('',(2.099999999999997,3.094103166670226,0.740000000000000));
#8544=VERTEX_POINT('',#8543);
#8545=CARTESIAN_POINT('',(2.099999999999997,3.094103166670226,0.750000000000000));
#8546=DIRECTION('',(0.0,0.0,-1.0));
#8547=VECTOR('',#8546,0.010000000000000);
#8548=LINE('',#8545,#8547);
#8549=EDGE_CURVE('',#3213,#8544,#8548,.T.);
#8550=ORIENTED_EDGE('',*,*,#8549,.T.);
#8551=CARTESIAN_POINT('',(1.755177652834687,2.507564046962251,0.740000000000000));
#8552=DIRECTION('',(0.506801000941430,0.862063075096460,0.0));
#8553=VECTOR('',#8552,0.680390027890180);
#8554=LINE('',#8551,#8553);
#8555=EDGE_CURVE('',#8535,#8544,#8554,.T.);
#8556=ORIENTED_EDGE('',*,*,#8555,.F.);
#8557=EDGE_LOOP('',(#8541,#8542,#8550,#8556));
#8558=FACE_OUTER_BOUND('',#8557,.T.);
#8559=ADVANCED_FACE('',(#8558),#8533,.F.);
#8560=CARTESIAN_POINT('',(3.148537520449037,1.899999999999988,0.750000000000000));
#8561=DIRECTION('',(0.0,-1.0,0.0));
#8562=DIRECTION('',(0.0,0.0,-1.0));
#8563=AXIS2_PLACEMENT_3D('',#8560,#8561,#8562);
#8564=PLANE('',#8563);
#8565=CARTESIAN_POINT('',(3.148537520449045,1.900000000000001,0.740000000000000));
#8566=DIRECTION('',(1.0,0.0,0.0));
#8567=VECTOR('',#8566,13.702924959101894);
#8568=LINE('',#8565,#8567);
#8569=EDGE_CURVE('',#8387,#8050,#8568,.T.);
#8570=ORIENTED_EDGE('',*,*,#8569,.F.);
#8571=ORIENTED_EDGE('',*,*,#8392,.F.);
#8572=CARTESIAN_POINT('',(16.851462479550939,1.899999999999995,0.750000000000000));
#8573=DIRECTION('',(-1.0,0.0,0.0));
#8574=VECTOR('',#8573,13.702924959101901);
#8575=LINE('',#8572,#8574);
#8576=EDGE_CURVE('',#8058,#8379,#8575,.T.);
#8577=ORIENTED_EDGE('',*,*,#8576,.F.);
#8578=ORIENTED_EDGE('',*,*,#8063,.T.);
#8579=EDGE_LOOP('',(#8570,#8571,#8577,#8578));
#8580=FACE_OUTER_BOUND('',#8579,.T.);
#8581=ADVANCED_FACE('',(#8580),#8564,.F.);
#8582=CARTESIAN_POINT('',(3.094103166670210,2.099999999999989,0.750000000000000));
#8583=DIRECTION('',(-0.506801000941429,0.862063075096461,0.0));
#8584=DIRECTION('',(0.0,0.0,1.0));
#8585=AXIS2_PLACEMENT_3D('',#8582,#8583,#8584);
#8586=PLANE('',#8585);
#8587=CARTESIAN_POINT('',(2.329439525504837,1.650459461817484,0.740000000000000));
#8588=VERTEX_POINT('',#8587);
#8589=CARTESIAN_POINT('',(2.329439525504837,1.650459461817484,0.750000000000000));
#8590=VERTEX_POINT('',#8589);
#8591=CARTESIAN_POINT('',(2.329439525504838,1.650459461817484,0.740000000000000));
#8592=DIRECTION('',(0.0,0.0,1.0));
#8593=VECTOR('',#8592,0.010000000000000);
#8594=LINE('',#8591,#8593);
#8595=EDGE_CURVE('',#8588,#8590,#8594,.T.);
#8596=ORIENTED_EDGE('',*,*,#8595,.T.);
#8597=CARTESIAN_POINT('',(0.681856841584330,0.681856841584334,0.750000000000000));
#8598=VERTEX_POINT('',#8597);
#8599=CARTESIAN_POINT('',(0.681856841584330,0.681856841584333,0.750000000000000));
#8600=DIRECTION('',(0.862063075096461,0.506801000941429,0.0));
#8601=VECTOR('',#8600,1.911208972424844);
#8602=LINE('',#8599,#8601);
#8603=EDGE_CURVE('',#8598,#8590,#8602,.T.);
#8604=ORIENTED_EDGE('',*,*,#8603,.F.);
#8605=CARTESIAN_POINT('',(0.681856841584330,0.681856841584334,0.740000000000000));
#8606=VERTEX_POINT('',#8605);
#8607=CARTESIAN_POINT('',(0.681856841584330,0.681856841584334,0.750000000000000));
#8608=DIRECTION('',(0.0,0.0,-1.0));
#8609=VECTOR('',#8608,0.010000000000000);
#8610=LINE('',#8607,#8609);
#8611=EDGE_CURVE('',#8598,#8606,#8610,.T.);
#8612=ORIENTED_EDGE('',*,*,#8611,.T.);
#8613=CARTESIAN_POINT('',(2.329439525504837,1.650459461817484,0.740000000000000));
#8614=DIRECTION('',(-0.862063075096461,-0.506801000941429,0.0));
#8615=VECTOR('',#8614,1.911208972424844);
#8616=LINE('',#8613,#8615);
#8617=EDGE_CURVE('',#8588,#8606,#8616,.T.);
#8618=ORIENTED_EDGE('',*,*,#8617,.F.);
#8619=EDGE_LOOP('',(#8596,#8604,#8612,#8618));
#8620=FACE_OUTER_BOUND('',#8619,.T.);
#8621=ADVANCED_FACE('',(#8620),#8586,.F.);
#8622=CARTESIAN_POINT('',(0.681856841584330,0.681856841584334,0.750000000000000));
#8623=DIRECTION('',(0.862063075096460,-0.506801000941430,0.0));
#8624=DIRECTION('',(0.0,0.0,-1.0));
#8625=AXIS2_PLACEMENT_3D('',#8622,#8623,#8624);
#8626=PLANE('',#8625);
#8627=CARTESIAN_POINT('',(1.650459461817482,2.329439525504839,0.750000000000000));
#8628=VERTEX_POINT('',#8627);
#8629=CARTESIAN_POINT('',(1.650459461817482,2.329439525504839,0.740000000000000));
#8630=VERTEX_POINT('',#8629);
#8631=CARTESIAN_POINT('',(1.650459461817482,2.329439525504840,0.750000000000000));
#8632=DIRECTION('',(0.0,0.0,-1.0));
#8633=VECTOR('',#8632,0.010000000000000);
#8634=LINE('',#8631,#8633);
#8635=EDGE_CURVE('',#8628,#8630,#8634,.T.);
#8636=ORIENTED_EDGE('',*,*,#8635,.T.);
#8637=CARTESIAN_POINT('',(0.681856841584331,0.681856841584334,0.740000000000000));
#8638=DIRECTION('',(0.506801000941430,0.862063075096460,0.0));
#8639=VECTOR('',#8638,1.911208972424842);
#8640=LINE('',#8637,#8639);
#8641=EDGE_CURVE('',#8606,#8630,#8640,.T.);
#8642=ORIENTED_EDGE('',*,*,#8641,.F.);
#8643=ORIENTED_EDGE('',*,*,#8611,.F.);
#8644=CARTESIAN_POINT('',(1.650459461817480,2.329439525504837,0.750000000000000));
#8645=DIRECTION('',(-0.506801000941430,-0.862063075096460,0.0));
#8646=VECTOR('',#8645,1.911208972424842);
#8647=LINE('',#8644,#8646);
#8648=EDGE_CURVE('',#8628,#8598,#8647,.T.);
#8649=ORIENTED_EDGE('',*,*,#8648,.F.);
#8650=EDGE_LOOP('',(#8636,#8642,#8643,#8649));
#8651=FACE_OUTER_BOUND('',#8650,.T.);
#8652=ADVANCED_FACE('',(#8651),#8626,.F.);
#8653=CARTESIAN_POINT('',(2.099999999999997,3.094103166670226,0.750000000000000));
#8654=DIRECTION('',(1.0,0.0,0.0));
#8655=DIRECTION('',(0.0,0.0,-1.0));
#8656=AXIS2_PLACEMENT_3D('',#8653,#8654,#8655);
#8657=PLANE('',#8656);
#8658=CARTESIAN_POINT('',(2.100000000000000,3.094103166670226,0.740000000000000));
#8659=DIRECTION('',(0.0,1.0,0.0));
#8660=VECTOR('',#8659,7.302187377846876);
#8661=LINE('',#8658,#8660);
#8662=EDGE_CURVE('',#8544,#7284,#8661,.T.);
#8663=ORIENTED_EDGE('',*,*,#8662,.F.);
#8664=ORIENTED_EDGE('',*,*,#8549,.F.);
#8665=ORIENTED_EDGE('',*,*,#3218,.F.);
#8666=ORIENTED_EDGE('',*,*,#7289,.F.);
#8667=EDGE_LOOP('',(#8663,#8664,#8665,#8666));
#8668=FACE_OUTER_BOUND('',#8667,.T.);
#8669=ADVANCED_FACE('',(#8668),#8657,.F.);
#8670=CARTESIAN_POINT('',(0.899999999999996,3.079898987322325,0.750000000000000));
#8671=DIRECTION('',(-0.707106781186548,-0.707106781186548,0.0));
#8672=DIRECTION('',(0.0,0.0,1.0));
#8673=AXIS2_PLACEMENT_3D('',#8670,#8671,#8672);
#8674=PLANE('',#8673);
#8675=ORIENTED_EDGE('',*,*,#8595,.F.);
#8676=CARTESIAN_POINT('',(1.650459461817482,2.329439525504840,0.740000000000000));
#8677=DIRECTION('',(0.707106781186548,-0.707106781186548,0.0));
#8678=VECTOR('',#8677,0.960222814647607);
#8679=LINE('',#8676,#8678);
#8680=EDGE_CURVE('',#8630,#8588,#8679,.T.);
#8681=ORIENTED_EDGE('',*,*,#8680,.F.);
#8682=ORIENTED_EDGE('',*,*,#8635,.F.);
#8683=CARTESIAN_POINT('',(2.329439525504837,1.650459461817483,0.750000000000000));
#8684=DIRECTION('',(-0.707106781186548,0.707106781186547,0.0));
#8685=VECTOR('',#8684,0.960222814647605);
#8686=LINE('',#8683,#8685);
#8687=EDGE_CURVE('',#8590,#8628,#8686,.T.);
#8688=ORIENTED_EDGE('',*,*,#8687,.F.);
#8689=EDGE_LOOP('',(#8675,#8681,#8682,#8688));
#8690=FACE_OUTER_BOUND('',#8689,.T.);
#8691=ADVANCED_FACE('',(#8690),#8674,.F.);
#8692=CARTESIAN_POINT('',(0.899999999999996,3.079898987322325,0.750000000000000));
#8693=DIRECTION('',(-0.707106781186548,-0.707106781186548,0.0));
#8694=DIRECTION('',(0.0,0.0,1.0));
#8695=AXIS2_PLACEMENT_3D('',#8692,#8693,#8694);
#8696=PLANE('',#8695);
#8697=ORIENTED_EDGE('',*,*,#8511,.F.);
#8698=CARTESIAN_POINT('',(0.899999999999996,3.079898987322325,0.740000000000000));
#8699=DIRECTION('',(0.707106781186548,-0.707106781186548,0.0));
#8700=VECTOR('',#8699,0.854684092171545);
#8701=LINE('',#8698,#8700);
#8702=EDGE_CURVE('',#7474,#8504,#8701,.T.);
#8703=ORIENTED_EDGE('',*,*,#8702,.F.);
#8704=ORIENTED_EDGE('',*,*,#7479,.F.);
#8705=CARTESIAN_POINT('',(1.504352917346764,2.475546069975557,0.750000000000000));
#8706=DIRECTION('',(-0.707106781186548,0.707106781186547,0.0));
#8707=VECTOR('',#8706,0.854684092171545);
#8708=LINE('',#8705,#8707);
#8709=EDGE_CURVE('',#8506,#7466,#8708,.T.);
#8710=ORIENTED_EDGE('',*,*,#8709,.F.);
#8711=EDGE_LOOP('',(#8697,#8703,#8704,#8710));
#8712=FACE_OUTER_BOUND('',#8711,.T.);
#8713=ADVANCED_FACE('',(#8712),#8696,.F.);
#8714=CARTESIAN_POINT('',(3.162741699796949,1.099999999999992,0.750000000000000));
#8715=DIRECTION('',(0.707106781186547,0.707106781186548,0.0));
#8716=DIRECTION('',(0.0,0.0,-1.0));
#8717=AXIS2_PLACEMENT_3D('',#8714,#8715,#8716);
#8718=PLANE('',#8717);
#8719=ORIENTED_EDGE('',*,*,#8480,.F.);
#8720=CARTESIAN_POINT('',(1.099999999999992,3.162741699796947,0.750000000000000));
#8721=VERTEX_POINT('',#8720);
#8722=CARTESIAN_POINT('',(1.099999999999991,3.162741699796946,0.750000000000000));
#8723=DIRECTION('',(0.707106781186548,-0.707106781186547,0.0));
#8724=VECTOR('',#8723,0.719935265660639);
#8725=LINE('',#8722,#8724);
#8726=EDGE_CURVE('',#8721,#8473,#8725,.T.);
#8727=ORIENTED_EDGE('',*,*,#8726,.F.);
#8728=CARTESIAN_POINT('',(1.099999999999992,3.162741699796947,0.740000000000000));
#8729=VERTEX_POINT('',#8728);
#8730=CARTESIAN_POINT('',(1.099999999999992,3.162741699796947,0.750000000000000));
#8731=DIRECTION('',(0.0,0.0,-1.0));
#8732=VECTOR('',#8731,0.010000000000000);
#8733=LINE('',#8730,#8732);
#8734=EDGE_CURVE('',#8721,#8729,#8733,.T.);
#8735=ORIENTED_EDGE('',*,*,#8734,.T.);
#8736=CARTESIAN_POINT('',(1.609071108363969,2.653670591432972,0.740000000000000));
#8737=DIRECTION('',(-0.707106781186548,0.707106781186547,0.0));
#8738=VECTOR('',#8737,0.719935265660639);
#8739=LINE('',#8736,#8738);
#8740=EDGE_CURVE('',#8475,#8729,#8739,.T.);
#8741=ORIENTED_EDGE('',*,*,#8740,.F.);
#8742=EDGE_LOOP('',(#8719,#8727,#8735,#8741));
#8743=FACE_OUTER_BOUND('',#8742,.T.);
#8744=ADVANCED_FACE('',(#8743),#8718,.F.);
#8745=CARTESIAN_POINT('',(3.162741699796949,1.099999999999992,0.750000000000000));
#8746=DIRECTION('',(0.707106781186547,0.707106781186548,0.0));
#8747=DIRECTION('',(0.0,0.0,-1.0));
#8748=AXIS2_PLACEMENT_3D('',#8745,#8746,#8747);
#8749=PLANE('',#8748);
#8750=ORIENTED_EDGE('',*,*,#8454,.F.);
#8751=ORIENTED_EDGE('',*,*,#3234,.F.);
#8752=ORIENTED_EDGE('',*,*,#8540,.F.);
#8753=CARTESIAN_POINT('',(2.507564046962253,1.755177652834689,0.740000000000000));
#8754=DIRECTION('',(-0.707106781186548,0.707106781186547,0.0));
#8755=VECTOR('',#8754,1.064035042720191);
#8756=LINE('',#8753,#8755);
#8757=EDGE_CURVE('',#8449,#8535,#8756,.T.);
#8758=ORIENTED_EDGE('',*,*,#8757,.F.);
#8759=EDGE_LOOP('',(#8750,#8751,#8752,#8758));
#8760=FACE_OUTER_BOUND('',#8759,.T.);
#8761=ADVANCED_FACE('',(#8760),#8749,.F.);
#8762=CARTESIAN_POINT('',(19.881107838717330,9.881107838717327,0.750000000000000));
#8763=DIRECTION('',(-0.506801000941427,0.862063075096462,0.0));
#8764=DIRECTION('',(0.0,0.0,1.0));
#8765=AXIS2_PLACEMENT_3D('',#8762,#8763,#8764);
#8766=PLANE('',#8765);
#8767=CARTESIAN_POINT('',(17.346329408567026,8.390928891636024,0.740000000000000));
#8768=VERTEX_POINT('',#8767);
#8769=CARTESIAN_POINT('',(17.346329408567026,8.390928891636024,0.750000000000000));
#8770=VERTEX_POINT('',#8769);
#8771=CARTESIAN_POINT('',(17.346329408567026,8.390928891636026,0.740000000000000));
#8772=DIRECTION('',(0.0,0.0,1.0));
#8773=VECTOR('',#8772,0.010000000000000);
#8774=LINE('',#8771,#8773);
#8775=EDGE_CURVE('',#8768,#8770,#8774,.T.);
#8776=ORIENTED_EDGE('',*,*,#8775,.T.);
#8777=CARTESIAN_POINT('',(16.851462479550957,8.100000000000005,0.750000000000000));
#8778=VERTEX_POINT('',#8777);
#8779=CARTESIAN_POINT('',(16.851462479550957,8.100000000000005,0.750000000000000));
#8780=DIRECTION('',(0.862063075096462,0.506801000941426,0.0));
#8781=VECTOR('',#8780,0.574049560075051);
#8782=LINE('',#8779,#8781);
#8783=EDGE_CURVE('',#8778,#8770,#8782,.T.);
#8784=ORIENTED_EDGE('',*,*,#8783,.F.);
#8785=CARTESIAN_POINT('',(16.851462479550957,8.100000000000005,0.740000000000000));
#8786=VERTEX_POINT('',#8785);
#8787=CARTESIAN_POINT('',(16.851462479550957,8.100000000000005,0.750000000000000));
#8788=DIRECTION('',(0.0,0.0,-1.0));
#8789=VECTOR('',#8788,0.010000000000000);
#8790=LINE('',#8787,#8789);
#8791=EDGE_CURVE('',#8778,#8786,#8790,.T.);
#8792=ORIENTED_EDGE('',*,*,#8791,.T.);
#8793=CARTESIAN_POINT('',(17.346329408567023,8.390928891636026,0.740000000000000));
#8794=DIRECTION('',(-0.862063075096461,-0.506801000941429,0.0));
#8795=VECTOR('',#8794,0.574049560075048);
#8796=LINE('',#8793,#8795);
#8797=EDGE_CURVE('',#8768,#8786,#8796,.T.);
#8798=ORIENTED_EDGE('',*,*,#8797,.F.);
#8799=EDGE_LOOP('',(#8776,#8784,#8792,#8798));
#8800=FACE_OUTER_BOUND('',#8799,.T.);
#8801=ADVANCED_FACE('',(#8800),#8766,.F.);
#8802=CARTESIAN_POINT('',(19.881107838717330,9.881107838717327,0.750000000000000));
#8803=DIRECTION('',(-0.506801000941427,0.862063075096462,0.0));
#8804=DIRECTION('',(0.0,0.0,1.0));
#8805=AXIS2_PLACEMENT_3D('',#8802,#8803,#8804);
#8806=PLANE('',#8805);
#8807=CARTESIAN_POINT('',(17.524453930024439,8.495647082653230,0.750000000000000));
#8808=VERTEX_POINT('',#8807);
#8809=CARTESIAN_POINT('',(17.524453930024439,8.495647082653230,0.740000000000000));
#8810=VERTEX_POINT('',#8809);
#8811=CARTESIAN_POINT('',(17.524453930024439,8.495647082653230,0.750000000000000));
#8812=DIRECTION('',(0.0,0.0,-1.0));
#8813=VECTOR('',#8812,0.010000000000000);
#8814=LINE('',#8811,#8813);
#8815=EDGE_CURVE('',#8808,#8810,#8814,.T.);
#8816=ORIENTED_EDGE('',*,*,#8815,.T.);
#8817=CARTESIAN_POINT('',(19.881107838717330,9.881107838717327,0.740000000000000));
#8818=VERTEX_POINT('',#8817);
#8819=CARTESIAN_POINT('',(19.881107838717327,9.881107838717327,0.740000000000000));
#8820=DIRECTION('',(-0.862063075096461,-0.506801000941428,0.0));
#8821=VECTOR('',#8820,2.733737213404238);
#8822=LINE('',#8819,#8821);
#8823=EDGE_CURVE('',#8818,#8810,#8822,.T.);
#8824=ORIENTED_EDGE('',*,*,#8823,.F.);
#8825=CARTESIAN_POINT('',(19.881107838717330,9.881107838717327,0.750000000000000));
#8826=VERTEX_POINT('',#8825);
#8827=CARTESIAN_POINT('',(19.881107838717330,9.881107838717327,0.750000000000000));
#8828=DIRECTION('',(0.0,0.0,-1.0));
#8829=VECTOR('',#8828,0.010000000000000);
#8830=LINE('',#8827,#8829);
#8831=EDGE_CURVE('',#8826,#8818,#8830,.T.);
#8832=ORIENTED_EDGE('',*,*,#8831,.F.);
#8833=CARTESIAN_POINT('',(17.524453930024439,8.495647082653230,0.750000000000000));
#8834=DIRECTION('',(0.862063075096462,0.506801000941427,0.0));
#8835=VECTOR('',#8834,2.733737213404241);
#8836=LINE('',#8833,#8835);
#8837=EDGE_CURVE('',#8808,#8826,#8836,.T.);
#8838=ORIENTED_EDGE('',*,*,#8837,.F.);
#8839=EDGE_LOOP('',(#8816,#8824,#8832,#8838));
#8840=FACE_OUTER_BOUND('',#8839,.T.);
#8841=ADVANCED_FACE('',(#8840),#8806,.F.);
#8842=CARTESIAN_POINT('',(16.905896833329784,7.900000000000008,0.750000000000000));
#8843=DIRECTION('',(0.506801000941428,-0.862063075096461,0.0));
#8844=DIRECTION('',(0.0,0.0,-1.0));
#8845=AXIS2_PLACEMENT_3D('',#8842,#8843,#8844);
#8846=PLANE('',#8845);
#8847=CARTESIAN_POINT('',(17.492435953037745,8.244822347165306,0.740000000000000));
#8848=VERTEX_POINT('',#8847);
#8849=CARTESIAN_POINT('',(17.492435953037745,8.244822347165306,0.750000000000000));
#8850=DIRECTION('',(0.0,0.0,-1.0));
#8851=VECTOR('',#8850,0.010000000000000);
#8852=LINE('',#8849,#8851);
#8853=EDGE_CURVE('',#3293,#8848,#8852,.T.);
#8854=ORIENTED_EDGE('',*,*,#8853,.T.);
#8855=CARTESIAN_POINT('',(16.905896833329784,7.900000000000008,0.740000000000000));
#8856=VERTEX_POINT('',#8855);
#8857=CARTESIAN_POINT('',(16.905896833329784,7.900000000000005,0.740000000000000));
#8858=DIRECTION('',(0.862063075096462,0.506801000941426,0.0));
#8859=VECTOR('',#8858,0.680390027890162);
#8860=LINE('',#8857,#8859);
#8861=EDGE_CURVE('',#8856,#8848,#8860,.T.);
#8862=ORIENTED_EDGE('',*,*,#8861,.F.);
#8863=CARTESIAN_POINT('',(16.905896833329784,7.900000000000008,0.750000000000000));
#8864=DIRECTION('',(0.0,0.0,-1.0));
#8865=VECTOR('',#8864,0.010000000000000);
#8866=LINE('',#8863,#8865);
#8867=EDGE_CURVE('',#3301,#8856,#8866,.T.);
#8868=ORIENTED_EDGE('',*,*,#8867,.F.);
#8869=ORIENTED_EDGE('',*,*,#3306,.F.);
#8870=EDGE_LOOP('',(#8854,#8862,#8868,#8869));
#8871=FACE_OUTER_BOUND('',#8870,.T.);
#8872=ADVANCED_FACE('',(#8871),#8846,.F.);
#8873=CARTESIAN_POINT('',(18.099999999999994,6.851462479550943,0.750000000000000));
#8874=DIRECTION('',(0.862063075096461,-0.506801000941427,0.0));
#8875=DIRECTION('',(0.0,0.0,-1.0));
#8876=AXIS2_PLACEMENT_3D('',#8873,#8874,#8875);
#8877=PLANE('',#8876);
#8878=CARTESIAN_POINT('',(18.390928891636026,7.346329408567025,0.750000000000000));
#8879=VERTEX_POINT('',#8878);
#8880=CARTESIAN_POINT('',(18.390928891636026,7.346329408567025,0.740000000000000));
#8881=VERTEX_POINT('',#8880);
#8882=CARTESIAN_POINT('',(18.390928891636026,7.346329408567024,0.750000000000000));
#8883=DIRECTION('',(0.0,0.0,-1.0));
#8884=VECTOR('',#8883,0.010000000000000);
#8885=LINE('',#8882,#8884);
#8886=EDGE_CURVE('',#8879,#8881,#8885,.T.);
#8887=ORIENTED_EDGE('',*,*,#8886,.T.);
#8888=CARTESIAN_POINT('',(18.099999999999994,6.851462479550943,0.740000000000000));
#8889=DIRECTION('',(0.506801000941431,0.862063075096460,0.0));
#8890=VECTOR('',#8889,0.574049560075067);
#8891=LINE('',#8888,#8890);
#8892=EDGE_CURVE('',#8142,#8881,#8891,.T.);
#8893=ORIENTED_EDGE('',*,*,#8892,.F.);
#8894=ORIENTED_EDGE('',*,*,#8162,.F.);
#8895=CARTESIAN_POINT('',(18.390928891636026,7.346329408567025,0.750000000000000));
#8896=DIRECTION('',(-0.506801000941426,-0.862063075096462,0.0));
#8897=VECTOR('',#8896,0.574049560075065);
#8898=LINE('',#8895,#8897);
#8899=EDGE_CURVE('',#8879,#8151,#8898,.T.);
#8900=ORIENTED_EDGE('',*,*,#8899,.F.);
#8901=EDGE_LOOP('',(#8887,#8893,#8894,#8900));
#8902=FACE_OUTER_BOUND('',#8901,.T.);
#8903=ADVANCED_FACE('',(#8902),#8877,.F.);
#8904=CARTESIAN_POINT('',(18.099999999999994,6.851462479550943,0.750000000000000));
#8905=DIRECTION('',(0.862063075096461,-0.506801000941427,0.0));
#8906=DIRECTION('',(0.0,0.0,-1.0));
#8907=AXIS2_PLACEMENT_3D('',#8904,#8905,#8906);
#8908=PLANE('',#8907);
#8909=CARTESIAN_POINT('',(18.495647082653228,7.524453930024437,0.740000000000000));
#8910=VERTEX_POINT('',#8909);
#8911=CARTESIAN_POINT('',(18.495647082653228,7.524453930024437,0.750000000000000));
#8912=VERTEX_POINT('',#8911);
#8913=CARTESIAN_POINT('',(18.495647082653232,7.524453930024437,0.740000000000000));
#8914=DIRECTION('',(0.0,0.0,1.0));
#8915=VECTOR('',#8914,0.010000000000000);
#8916=LINE('',#8913,#8915);
#8917=EDGE_CURVE('',#8910,#8912,#8916,.T.);
#8918=ORIENTED_EDGE('',*,*,#8917,.T.);
#8919=CARTESIAN_POINT('',(19.881107838717327,9.881107838717327,0.750000000000000));
#8920=DIRECTION('',(-0.506801000941427,-0.862063075096462,0.0));
#8921=VECTOR('',#8920,2.733737213404239);
#8922=LINE('',#8919,#8921);
#8923=EDGE_CURVE('',#8826,#8912,#8922,.T.);
#8924=ORIENTED_EDGE('',*,*,#8923,.F.);
#8925=ORIENTED_EDGE('',*,*,#8831,.T.);
#8926=CARTESIAN_POINT('',(18.495647082653228,7.524453930024437,0.740000000000000));
#8927=DIRECTION('',(0.506801000941428,0.862063075096461,0.0));
#8928=VECTOR('',#8927,2.733737213404241);
#8929=LINE('',#8926,#8928);
#8930=EDGE_CURVE('',#8910,#8818,#8929,.T.);
#8931=ORIENTED_EDGE('',*,*,#8930,.F.);
#8932=EDGE_LOOP('',(#8918,#8924,#8925,#8931));
#8933=FACE_OUTER_BOUND('',#8932,.T.);
#8934=ADVANCED_FACE('',(#8933),#8908,.F.);
#8935=CARTESIAN_POINT('',(19.318143158415666,9.318143158415657,0.750000000000000));
#8936=DIRECTION('',(-0.862063075096460,0.506801000941431,0.0));
#8937=DIRECTION('',(0.0,0.0,1.0));
#8938=AXIS2_PLACEMENT_3D('',#8935,#8936,#8937);
#8939=PLANE('',#8938);
#8940=CARTESIAN_POINT('',(18.244822347165307,7.492435953037742,0.740000000000000));
#8941=VERTEX_POINT('',#8940);
#8942=CARTESIAN_POINT('',(18.244822347165307,7.492435953037742,0.740000000000000));
#8943=DIRECTION('',(0.0,0.0,1.0));
#8944=VECTOR('',#8943,0.010000000000000);
#8945=LINE('',#8942,#8944);
#8946=EDGE_CURVE('',#8941,#3285,#8945,.T.);
#8947=ORIENTED_EDGE('',*,*,#8946,.T.);
#8948=ORIENTED_EDGE('',*,*,#3290,.F.);
#8949=CARTESIAN_POINT('',(17.899999999999999,6.905896833329770,0.740000000000000));
#8950=VERTEX_POINT('',#8949);
#8951=CARTESIAN_POINT('',(17.899999999999999,6.905896833329770,0.750000000000000));
#8952=DIRECTION('',(0.0,0.0,-1.0));
#8953=VECTOR('',#8952,0.010000000000000);
#8954=LINE('',#8951,#8953);
#8955=EDGE_CURVE('',#3277,#8950,#8954,.T.);
#8956=ORIENTED_EDGE('',*,*,#8955,.T.);
#8957=CARTESIAN_POINT('',(18.244822347165307,7.492435953037742,0.740000000000000));
#8958=DIRECTION('',(-0.506801000941430,-0.862063075096460,0.0));
#8959=VECTOR('',#8958,0.680390027890176);
#8960=LINE('',#8957,#8959);
#8961=EDGE_CURVE('',#8941,#8950,#8960,.T.);
#8962=ORIENTED_EDGE('',*,*,#8961,.F.);
#8963=EDGE_LOOP('',(#8947,#8948,#8956,#8962));
#8964=FACE_OUTER_BOUND('',#8963,.T.);
#8965=ADVANCED_FACE('',(#8964),#8939,.F.);
#8966=CARTESIAN_POINT('',(16.851462479550957,8.100000000000005,0.750000000000000));
#8967=DIRECTION('',(0.0,1.0,0.0));
#8968=DIRECTION('',(0.0,0.0,1.0));
#8969=AXIS2_PLACEMENT_3D('',#8966,#8967,#8968);
#8970=PLANE('',#8969);
#8971=CARTESIAN_POINT('',(16.851462479550960,8.100000000000005,0.740000000000000));
#8972=DIRECTION('',(-1.0,0.0,0.0));
#8973=VECTOR('',#8972,2.635179336959386);
#8974=LINE('',#8971,#8973);
#8975=EDGE_CURVE('',#8786,#7609,#8974,.T.);
#8976=ORIENTED_EDGE('',*,*,#8975,.F.);
#8977=ORIENTED_EDGE('',*,*,#8791,.F.);
#8978=CARTESIAN_POINT('',(14.216283142591575,8.100000000000007,0.750000000000000));
#8979=DIRECTION('',(1.0,0.0,0.0));
#8980=VECTOR('',#8979,2.635179336959382);
#8981=LINE('',#8978,#8980);
#8982=EDGE_CURVE('',#7617,#8778,#8981,.T.);
#8983=ORIENTED_EDGE('',*,*,#8982,.F.);
#8984=ORIENTED_EDGE('',*,*,#7622,.F.);
#8985=EDGE_LOOP('',(#8976,#8977,#8983,#8984));
#8986=FACE_OUTER_BOUND('',#8985,.T.);
#8987=ADVANCED_FACE('',(#8986),#8970,.F.);
#8988=CARTESIAN_POINT('',(16.905896833329784,7.900000000000008,0.750000000000000));
#8989=DIRECTION('',(0.506801000941428,-0.862063075096461,0.0));
#8990=DIRECTION('',(0.0,0.0,-1.0));
#8991=AXIS2_PLACEMENT_3D('',#8988,#8989,#8990);
#8992=PLANE('',#8991);
#8993=CARTESIAN_POINT('',(17.670560474495158,8.349540538182509,0.740000000000000));
#8994=VERTEX_POINT('',#8993);
#8995=CARTESIAN_POINT('',(17.670560474495158,8.349540538182509,0.750000000000000));
#8996=VERTEX_POINT('',#8995);
#8997=CARTESIAN_POINT('',(17.670560474495154,8.349540538182511,0.740000000000000));
#8998=DIRECTION('',(0.0,0.0,1.0));
#8999=VECTOR('',#8998,0.010000000000000);
#9000=LINE('',#8997,#8999);
#9001=EDGE_CURVE('',#8994,#8996,#9000,.T.);
#9002=ORIENTED_EDGE('',*,*,#9001,.T.);
#9003=CARTESIAN_POINT('',(19.318143158415666,9.318143158415657,0.750000000000000));
#9004=VERTEX_POINT('',#9003);
#9005=CARTESIAN_POINT('',(19.318143158415666,9.318143158415660,0.750000000000000));
#9006=DIRECTION('',(-0.862063075096461,-0.506801000941428,0.0));
#9007=VECTOR('',#9006,1.911208972424843);
#9008=LINE('',#9005,#9007);
#9009=EDGE_CURVE('',#9004,#8996,#9008,.T.);
#9010=ORIENTED_EDGE('',*,*,#9009,.F.);
#9011=CARTESIAN_POINT('',(19.318143158415666,9.318143158415657,0.740000000000000));
#9012=VERTEX_POINT('',#9011);
#9013=CARTESIAN_POINT('',(19.318143158415666,9.318143158415657,0.750000000000000));
#9014=DIRECTION('',(0.0,0.0,-1.0));
#9015=VECTOR('',#9014,0.010000000000000);
#9016=LINE('',#9013,#9015);
#9017=EDGE_CURVE('',#9004,#9012,#9016,.T.);
#9018=ORIENTED_EDGE('',*,*,#9017,.T.);
#9019=CARTESIAN_POINT('',(17.670560474495158,8.349540538182509,0.740000000000000));
#9020=DIRECTION('',(0.862063075096461,0.506801000941428,0.0));
#9021=VECTOR('',#9020,1.911208972424842);
#9022=LINE('',#9019,#9021);
#9023=EDGE_CURVE('',#8994,#9012,#9022,.T.);
#9024=ORIENTED_EDGE('',*,*,#9023,.F.);
#9025=EDGE_LOOP('',(#9002,#9010,#9018,#9024));
#9026=FACE_OUTER_BOUND('',#9025,.T.);
#9027=ADVANCED_FACE('',(#9026),#8992,.F.);
#9028=CARTESIAN_POINT('',(19.318143158415666,9.318143158415657,0.750000000000000));
#9029=DIRECTION('',(-0.862063075096460,0.506801000941431,0.0));
#9030=DIRECTION('',(0.0,0.0,1.0));
#9031=AXIS2_PLACEMENT_3D('',#9028,#9029,#9030);
#9032=PLANE('',#9031);
#9033=CARTESIAN_POINT('',(18.349540538182513,7.670560474495154,0.750000000000000));
#9034=VERTEX_POINT('',#9033);
#9035=CARTESIAN_POINT('',(18.349540538182513,7.670560474495154,0.740000000000000));
#9036=VERTEX_POINT('',#9035);
#9037=CARTESIAN_POINT('',(18.349540538182513,7.670560474495154,0.750000000000000));
#9038=DIRECTION('',(0.0,0.0,-1.0));
#9039=VECTOR('',#9038,0.010000000000000);
#9040=LINE('',#9037,#9039);
#9041=EDGE_CURVE('',#9034,#9036,#9040,.T.);
#9042=ORIENTED_EDGE('',*,*,#9041,.T.);
#9043=CARTESIAN_POINT('',(19.318143158415666,9.318143158415658,0.740000000000000));
#9044=DIRECTION('',(-0.506801000941430,-0.862063075096460,0.0));
#9045=VECTOR('',#9044,1.911208972424843);
#9046=LINE('',#9043,#9045);
#9047=EDGE_CURVE('',#9012,#9036,#9046,.T.);
#9048=ORIENTED_EDGE('',*,*,#9047,.F.);
#9049=ORIENTED_EDGE('',*,*,#9017,.F.);
#9050=CARTESIAN_POINT('',(18.349540538182513,7.670560474495153,0.750000000000000));
#9051=DIRECTION('',(0.506801000941432,0.862063075096459,0.0));
#9052=VECTOR('',#9051,1.911208972424844);
#9053=LINE('',#9050,#9052);
#9054=EDGE_CURVE('',#9034,#9004,#9053,.T.);
#9055=ORIENTED_EDGE('',*,*,#9054,.F.);
#9056=EDGE_LOOP('',(#9042,#9048,#9049,#9055));
#9057=FACE_OUTER_BOUND('',#9056,.T.);
#9058=ADVANCED_FACE('',(#9057),#9032,.F.);
#9059=CARTESIAN_POINT('',(17.899999999999999,6.905896833329770,0.750000000000000));
#9060=DIRECTION('',(-1.0,0.0,0.0));
#9061=DIRECTION('',(0.0,0.0,1.0));
#9062=AXIS2_PLACEMENT_3D('',#9059,#9060,#9061);
#9063=PLANE('',#9062);
#9064=CARTESIAN_POINT('',(17.900000000000002,6.905896833329768,0.740000000000000));
#9065=DIRECTION('',(0.0,-1.0,0.0));
#9066=VECTOR('',#9065,3.811793666659554);
#9067=LINE('',#9064,#9066);
#9068=EDGE_CURVE('',#8950,#8017,#9067,.T.);
#9069=ORIENTED_EDGE('',*,*,#9068,.F.);
#9070=ORIENTED_EDGE('',*,*,#8955,.F.);
#9071=ORIENTED_EDGE('',*,*,#3282,.F.);
#9072=ORIENTED_EDGE('',*,*,#8028,.T.);
#9073=EDGE_LOOP('',(#9069,#9070,#9071,#9072));
#9074=FACE_OUTER_BOUND('',#9073,.T.);
#9075=ADVANCED_FACE('',(#9074),#9063,.F.);
#9076=CARTESIAN_POINT('',(19.099999999999998,6.920101012677669,0.750000000000000));
#9077=DIRECTION('',(0.707106781186548,0.707106781186547,0.0));
#9078=DIRECTION('',(0.0,0.0,-1.0));
#9079=AXIS2_PLACEMENT_3D('',#9076,#9077,#9078);
#9080=PLANE('',#9079);
#9081=ORIENTED_EDGE('',*,*,#9001,.F.);
#9082=CARTESIAN_POINT('',(18.349540538182513,7.670560474495153,0.740000000000000));
#9083=DIRECTION('',(-0.707106781186547,0.707106781186548,0.0));
#9084=VECTOR('',#9083,0.960222814647606);
#9085=LINE('',#9082,#9084);
#9086=EDGE_CURVE('',#9036,#8994,#9085,.T.);
#9087=ORIENTED_EDGE('',*,*,#9086,.F.);
#9088=ORIENTED_EDGE('',*,*,#9041,.F.);
#9089=CARTESIAN_POINT('',(17.670560474495158,8.349540538182511,0.750000000000000));
#9090=DIRECTION('',(0.707106781186548,-0.707106781186548,0.0));
#9091=VECTOR('',#9090,0.960222814647605);
#9092=LINE('',#9089,#9091);
#9093=EDGE_CURVE('',#8996,#9034,#9092,.T.);
#9094=ORIENTED_EDGE('',*,*,#9093,.F.);
#9095=EDGE_LOOP('',(#9081,#9087,#9088,#9094));
#9096=FACE_OUTER_BOUND('',#9095,.T.);
#9097=ADVANCED_FACE('',(#9096),#9080,.F.);
#9098=CARTESIAN_POINT('',(19.099999999999998,6.920101012677669,0.750000000000000));
#9099=DIRECTION('',(0.707106781186548,0.707106781186547,0.0));
#9100=DIRECTION('',(0.0,0.0,-1.0));
#9101=AXIS2_PLACEMENT_3D('',#9098,#9099,#9100);
#9102=PLANE('',#9101);
#9103=ORIENTED_EDGE('',*,*,#8917,.F.);
#9104=CARTESIAN_POINT('',(19.099999999999998,6.920101012677669,0.740000000000000));
#9105=VERTEX_POINT('',#9104);
#9106=CARTESIAN_POINT('',(19.099999999999998,6.920101012677669,0.740000000000000));
#9107=DIRECTION('',(-0.707106781186546,0.707106781186549,0.0));
#9108=VECTOR('',#9107,0.854684092171544);
#9109=LINE('',#9106,#9108);
#9110=EDGE_CURVE('',#9105,#8910,#9109,.T.);
#9111=ORIENTED_EDGE('',*,*,#9110,.F.);
#9112=CARTESIAN_POINT('',(19.099999999999998,6.920101012677669,0.750000000000000));
#9113=VERTEX_POINT('',#9112);
#9114=CARTESIAN_POINT('',(19.099999999999998,6.920101012677669,0.750000000000000));
#9115=DIRECTION('',(0.0,0.0,-1.0));
#9116=VECTOR('',#9115,0.010000000000000);
#9117=LINE('',#9114,#9116);
#9118=EDGE_CURVE('',#9113,#9105,#9117,.T.);
#9119=ORIENTED_EDGE('',*,*,#9118,.F.);
#9120=CARTESIAN_POINT('',(18.495647082653228,7.524453930024439,0.750000000000000));
#9121=DIRECTION('',(0.707106781186548,-0.707106781186548,0.0));
#9122=VECTOR('',#9121,0.854684092171548);
#9123=LINE('',#9120,#9122);
#9124=EDGE_CURVE('',#8912,#9113,#9123,.T.);
#9125=ORIENTED_EDGE('',*,*,#9124,.F.);
#9126=EDGE_LOOP('',(#9103,#9111,#9119,#9125));
#9127=FACE_OUTER_BOUND('',#9126,.T.);
#9128=ADVANCED_FACE('',(#9127),#9102,.F.);
#9129=CARTESIAN_POINT('',(16.837258300203047,8.900000000000002,0.750000000000000));
#9130=DIRECTION('',(-0.707106781186548,-0.707106781186548,0.0));
#9131=DIRECTION('',(0.0,0.0,1.0));
#9132=AXIS2_PLACEMENT_3D('',#9129,#9130,#9131);
#9133=PLANE('',#9132);
#9134=ORIENTED_EDGE('',*,*,#8886,.F.);
#9135=CARTESIAN_POINT('',(18.900000000000002,6.837258300203047,0.750000000000000));
#9136=VERTEX_POINT('',#9135);
#9137=CARTESIAN_POINT('',(18.900000000000002,6.837258300203046,0.750000000000000));
#9138=DIRECTION('',(-0.707106781186546,0.707106781186549,0.0));
#9139=VECTOR('',#9138,0.719935265660640);
#9140=LINE('',#9137,#9139);
#9141=EDGE_CURVE('',#9136,#8879,#9140,.T.);
#9142=ORIENTED_EDGE('',*,*,#9141,.F.);
#9143=CARTESIAN_POINT('',(18.900000000000002,6.837258300203047,0.740000000000000));
#9144=VERTEX_POINT('',#9143);
#9145=CARTESIAN_POINT('',(18.900000000000002,6.837258300203047,0.750000000000000));
#9146=DIRECTION('',(0.0,0.0,-1.0));
#9147=VECTOR('',#9146,0.010000000000000);
#9148=LINE('',#9145,#9147);
#9149=EDGE_CURVE('',#9136,#9144,#9148,.T.);
#9150=ORIENTED_EDGE('',*,*,#9149,.T.);
#9151=CARTESIAN_POINT('',(18.390928891636026,7.346329408567024,0.740000000000000));
#9152=DIRECTION('',(0.707106781186547,-0.707106781186548,0.0));
#9153=VECTOR('',#9152,0.719935265660639);
#9154=LINE('',#9151,#9153);
#9155=EDGE_CURVE('',#8881,#9144,#9154,.T.);
#9156=ORIENTED_EDGE('',*,*,#9155,.F.);
#9157=EDGE_LOOP('',(#9134,#9142,#9150,#9156));
#9158=FACE_OUTER_BOUND('',#9157,.T.);
#9159=ADVANCED_FACE('',(#9158),#9133,.F.);
#9160=CARTESIAN_POINT('',(16.837258300203047,8.900000000000002,0.750000000000000));
#9161=DIRECTION('',(-0.707106781186548,-0.707106781186548,0.0));
#9162=DIRECTION('',(0.0,0.0,1.0));
#9163=AXIS2_PLACEMENT_3D('',#9160,#9161,#9162);
#9164=PLANE('',#9163);
#9165=ORIENTED_EDGE('',*,*,#8853,.F.);
#9166=ORIENTED_EDGE('',*,*,#3298,.F.);
#9167=ORIENTED_EDGE('',*,*,#8946,.F.);
#9168=CARTESIAN_POINT('',(17.492435953037742,8.244822347165306,0.740000000000000));
#9169=DIRECTION('',(0.707106781186548,-0.707106781186548,0.0));
#9170=VECTOR('',#9169,1.064035042720192);
#9171=LINE('',#9168,#9170);
#9172=EDGE_CURVE('',#8848,#8941,#9171,.T.);
#9173=ORIENTED_EDGE('',*,*,#9172,.F.);
#9174=EDGE_LOOP('',(#9165,#9166,#9167,#9173));
#9175=FACE_OUTER_BOUND('',#9174,.T.);
#9176=ADVANCED_FACE('',(#9175),#9164,.F.);
#9177=CARTESIAN_POINT('',(16.920101012677669,0.899999999999999,0.750000000000000));
#9178=DIRECTION('',(0.707106781186547,-0.707106781186548,0.0));
#9179=DIRECTION('',(0.0,0.0,-1.0));
#9180=AXIS2_PLACEMENT_3D('',#9177,#9178,#9179);
#9181=PLANE('',#9180);
#9182=ORIENTED_EDGE('',*,*,#7976,.F.);
#9183=CARTESIAN_POINT('',(19.100000000000009,3.079898987322338,0.750000000000000));
#9184=VERTEX_POINT('',#9183);
#9185=CARTESIAN_POINT('',(19.100000000000012,3.079898987322337,0.750000000000000));
#9186=DIRECTION('',(-0.707106781186548,-0.707106781186548,0.0));
#9187=VECTOR('',#9186,0.854684092171558);
#9188=LINE('',#9185,#9187);
#9189=EDGE_CURVE('',#9184,#7969,#9188,.T.);
#9190=ORIENTED_EDGE('',*,*,#9189,.F.);
#9191=CARTESIAN_POINT('',(19.100000000000009,3.079898987322338,0.740000000000000));
#9192=VERTEX_POINT('',#9191);
#9193=CARTESIAN_POINT('',(19.100000000000009,3.079898987322338,0.750000000000000));
#9194=DIRECTION('',(0.0,0.0,-1.0));
#9195=VECTOR('',#9194,0.010000000000000);
#9196=LINE('',#9193,#9195);
#9197=EDGE_CURVE('',#9184,#9192,#9196,.T.);
#9198=ORIENTED_EDGE('',*,*,#9197,.T.);
#9199=CARTESIAN_POINT('',(18.495647082653235,2.475546069975561,0.740000000000000));
#9200=DIRECTION('',(0.707106781186547,0.707106781186548,0.0));
#9201=VECTOR('',#9200,0.854684092171558);
#9202=LINE('',#9199,#9201);
#9203=EDGE_CURVE('',#7971,#9192,#9202,.T.);
#9204=ORIENTED_EDGE('',*,*,#9203,.F.);
#9205=EDGE_LOOP('',(#9182,#9190,#9198,#9204));
#9206=FACE_OUTER_BOUND('',#9205,.T.);
#9207=ADVANCED_FACE('',(#9206),#9181,.F.);
#9208=CARTESIAN_POINT('',(19.100000000000009,3.079898987322338,0.750000000000000));
#9209=DIRECTION('',(1.0,0.0,0.0));
#9210=DIRECTION('',(0.0,0.0,-1.0));
#9211=AXIS2_PLACEMENT_3D('',#9208,#9209,#9210);
#9212=PLANE('',#9211);
#9213=CARTESIAN_POINT('',(19.100000000000005,3.079898987322334,0.740000000000000));
#9214=DIRECTION('',(0.0,1.0,0.0));
#9215=VECTOR('',#9214,3.840202025355334);
#9216=LINE('',#9213,#9215);
#9217=EDGE_CURVE('',#9192,#9105,#9216,.T.);
#9218=ORIENTED_EDGE('',*,*,#9217,.F.);
#9219=ORIENTED_EDGE('',*,*,#9197,.F.);
#9220=CARTESIAN_POINT('',(19.099999999999998,6.920101012677669,0.750000000000000));
#9221=DIRECTION('',(0.0,-1.0,0.0));
#9222=VECTOR('',#9221,3.840202025355330);
#9223=LINE('',#9220,#9222);
#9224=EDGE_CURVE('',#9113,#9184,#9223,.T.);
#9225=ORIENTED_EDGE('',*,*,#9224,.F.);
#9226=ORIENTED_EDGE('',*,*,#9118,.T.);
#9227=EDGE_LOOP('',(#9218,#9219,#9225,#9226));
#9228=FACE_OUTER_BOUND('',#9227,.T.);
#9229=ADVANCED_FACE('',(#9228),#9212,.F.);
#9230=CARTESIAN_POINT('',(18.900000000000002,3.162741699796954,0.750000000000000));
#9231=DIRECTION('',(-0.707106781186548,0.707106781186547,0.0));
#9232=DIRECTION('',(0.0,0.0,1.0));
#9233=AXIS2_PLACEMENT_3D('',#9230,#9231,#9232);
#9234=PLANE('',#9233);
#9235=ORIENTED_EDGE('',*,*,#7936,.F.);
#9236=CARTESIAN_POINT('',(18.900000000000002,3.162741699796954,0.740000000000000));
#9237=VERTEX_POINT('',#9236);
#9238=CARTESIAN_POINT('',(18.900000000000002,3.162741699796954,0.740000000000000));
#9239=DIRECTION('',(-0.707106781186547,-0.707106781186548,0.0));
#9240=VECTOR('',#9239,0.719935265660639);
#9241=LINE('',#9238,#9240);
#9242=EDGE_CURVE('',#9237,#7929,#9241,.T.);
#9243=ORIENTED_EDGE('',*,*,#9242,.F.);
#9244=CARTESIAN_POINT('',(18.900000000000002,3.162741699796954,0.750000000000000));
#9245=VERTEX_POINT('',#9244);
#9246=CARTESIAN_POINT('',(18.900000000000002,3.162741699796954,0.750000000000000));
#9247=DIRECTION('',(0.0,0.0,-1.0));
#9248=VECTOR('',#9247,0.010000000000000);
#9249=LINE('',#9246,#9248);
#9250=EDGE_CURVE('',#9245,#9237,#9249,.T.);
#9251=ORIENTED_EDGE('',*,*,#9250,.F.);
#9252=CARTESIAN_POINT('',(18.390928891636026,2.653670591432978,0.750000000000000));
#9253=DIRECTION('',(0.707106781186549,0.707106781186546,0.0));
#9254=VECTOR('',#9253,0.719935265660642);
#9255=LINE('',#9252,#9254);
#9256=EDGE_CURVE('',#7931,#9245,#9255,.T.);
#9257=ORIENTED_EDGE('',*,*,#9256,.F.);
#9258=EDGE_LOOP('',(#9235,#9243,#9251,#9257));
#9259=FACE_OUTER_BOUND('',#9258,.T.);
#9260=ADVANCED_FACE('',(#9259),#9234,.F.);
#9261=CARTESIAN_POINT('',(16.837258300203047,1.099999999999994,0.750000000000000));
#9262=DIRECTION('',(0.0,1.0,0.0));
#9263=DIRECTION('',(0.0,0.0,1.0));
#9264=AXIS2_PLACEMENT_3D('',#9261,#9262,#9263);
#9265=PLANE('',#9264);
#9266=CARTESIAN_POINT('',(3.162741699796949,1.099999999999992,0.740000000000000));
#9267=VERTEX_POINT('',#9266);
#9268=CARTESIAN_POINT('',(16.837258300203043,1.099999999999999,0.740000000000000));
#9269=DIRECTION('',(-1.0,0.0,0.0));
#9270=VECTOR('',#9269,13.674516600406093);
#9271=LINE('',#9268,#9270);
#9272=EDGE_CURVE('',#8330,#9267,#9271,.T.);
#9273=ORIENTED_EDGE('',*,*,#9272,.F.);
#9274=ORIENTED_EDGE('',*,*,#8335,.F.);
#9275=CARTESIAN_POINT('',(3.162741699796949,1.099999999999992,0.750000000000000));
#9276=VERTEX_POINT('',#9275);
#9277=CARTESIAN_POINT('',(3.162741699796950,1.099999999999996,0.750000000000000));
#9278=DIRECTION('',(1.0,0.0,0.0));
#9279=VECTOR('',#9278,13.674516600406097);
#9280=LINE('',#9277,#9279);
#9281=EDGE_CURVE('',#9276,#8322,#9280,.T.);
#9282=ORIENTED_EDGE('',*,*,#9281,.F.);
#9283=CARTESIAN_POINT('',(3.162741699796949,1.099999999999992,0.750000000000000));
#9284=DIRECTION('',(0.0,0.0,-1.0));
#9285=VECTOR('',#9284,0.010000000000000);
#9286=LINE('',#9283,#9285);
#9287=EDGE_CURVE('',#9276,#9267,#9286,.T.);
#9288=ORIENTED_EDGE('',*,*,#9287,.T.);
#9289=EDGE_LOOP('',(#9273,#9274,#9282,#9288));
#9290=FACE_OUTER_BOUND('',#9289,.T.);
#9291=ADVANCED_FACE('',(#9290),#9265,.F.);
#9292=CARTESIAN_POINT('',(0.899999999999996,3.079898987322325,0.750000000000000));
#9293=DIRECTION('',(-0.707106781186548,-0.707106781186548,0.0));
#9294=DIRECTION('',(0.0,0.0,1.0));
#9295=AXIS2_PLACEMENT_3D('',#9292,#9293,#9294);
#9296=PLANE('',#9295);
#9297=ORIENTED_EDGE('',*,*,#8416,.F.);
#9298=CARTESIAN_POINT('',(3.079898987322334,0.899999999999985,0.750000000000000));
#9299=VERTEX_POINT('',#9298);
#9300=CARTESIAN_POINT('',(3.079898987322334,0.899999999999986,0.750000000000000));
#9301=DIRECTION('',(-0.707106781186547,0.707106781186548,0.0));
#9302=VECTOR('',#9301,0.854684092171559);
#9303=LINE('',#9300,#9302);
#9304=EDGE_CURVE('',#9299,#8409,#9303,.T.);
#9305=ORIENTED_EDGE('',*,*,#9304,.F.);
#9306=CARTESIAN_POINT('',(3.079898987322334,0.899999999999985,0.740000000000000));
#9307=VERTEX_POINT('',#9306);
#9308=CARTESIAN_POINT('',(3.079898987322334,0.899999999999985,0.750000000000000));
#9309=DIRECTION('',(0.0,0.0,-1.0));
#9310=VECTOR('',#9309,0.010000000000000);
#9311=LINE('',#9308,#9310);
#9312=EDGE_CURVE('',#9299,#9307,#9311,.T.);
#9313=ORIENTED_EDGE('',*,*,#9312,.T.);
#9314=CARTESIAN_POINT('',(2.475546069975557,1.504352917346765,0.740000000000000));
#9315=DIRECTION('',(0.707106781186548,-0.707106781186547,0.0));
#9316=VECTOR('',#9315,0.854684092171560);
#9317=LINE('',#9314,#9316);
#9318=EDGE_CURVE('',#8411,#9307,#9317,.T.);
#9319=ORIENTED_EDGE('',*,*,#9318,.F.);
#9320=EDGE_LOOP('',(#9297,#9305,#9313,#9319));
#9321=FACE_OUTER_BOUND('',#9320,.T.);
#9322=ADVANCED_FACE('',(#9321),#9296,.F.);
#9323=CARTESIAN_POINT('',(3.079898987322334,0.899999999999985,0.750000000000000));
#9324=DIRECTION('',(0.0,-1.0,0.0));
#9325=DIRECTION('',(0.0,0.0,-1.0));
#9326=AXIS2_PLACEMENT_3D('',#9323,#9324,#9325);
#9327=PLANE('',#9326);
#9328=CARTESIAN_POINT('',(3.079898987322338,0.899999999999968,0.740000000000000));
#9329=DIRECTION('',(1.0,0.0,0.0));
#9330=VECTOR('',#9329,13.840202025355332);
#9331=LINE('',#9328,#9330);
#9332=EDGE_CURVE('',#9307,#8291,#9331,.T.);
#9333=ORIENTED_EDGE('',*,*,#9332,.F.);
#9334=ORIENTED_EDGE('',*,*,#9312,.F.);
#9335=CARTESIAN_POINT('',(16.920101012677669,0.900000000000040,0.750000000000000));
#9336=DIRECTION('',(-1.0,0.0,0.0));
#9337=VECTOR('',#9336,13.840202025355335);
#9338=LINE('',#9335,#9337);
#9339=EDGE_CURVE('',#8299,#9299,#9338,.T.);
#9340=ORIENTED_EDGE('',*,*,#9339,.F.);
#9341=ORIENTED_EDGE('',*,*,#8304,.T.);
#9342=EDGE_LOOP('',(#9333,#9334,#9340,#9341));
#9343=FACE_OUTER_BOUND('',#9342,.T.);
#9344=ADVANCED_FACE('',(#9343),#9327,.F.);
#9345=CARTESIAN_POINT('',(3.162741699796949,1.099999999999992,0.750000000000000));
#9346=DIRECTION('',(0.707106781186547,0.707106781186548,0.0));
#9347=DIRECTION('',(0.0,0.0,-1.0));
#9348=AXIS2_PLACEMENT_3D('',#9345,#9346,#9347);
#9349=PLANE('',#9348);
#9350=ORIENTED_EDGE('',*,*,#8376,.F.);
#9351=CARTESIAN_POINT('',(3.162741699796950,1.099999999999994,0.740000000000000));
#9352=DIRECTION('',(-0.707106781186548,0.707106781186547,0.0));
#9353=VECTOR('',#9352,0.719935265660640);
#9354=LINE('',#9351,#9353);
#9355=EDGE_CURVE('',#9267,#8369,#9354,.T.);
#9356=ORIENTED_EDGE('',*,*,#9355,.F.);
#9357=ORIENTED_EDGE('',*,*,#9287,.F.);
#9358=CARTESIAN_POINT('',(2.653670591432971,1.609071108363970,0.750000000000000));
#9359=DIRECTION('',(0.707106781186548,-0.707106781186547,0.0));
#9360=VECTOR('',#9359,0.719935265660641);
#9361=LINE('',#9358,#9360);
#9362=EDGE_CURVE('',#8371,#9276,#9361,.T.);
#9363=ORIENTED_EDGE('',*,*,#9362,.F.);
#9364=EDGE_LOOP('',(#9350,#9356,#9357,#9363));
#9365=FACE_OUTER_BOUND('',#9364,.T.);
#9366=ADVANCED_FACE('',(#9365),#9349,.F.);
#9367=CARTESIAN_POINT('',(1.099999999999992,3.162741699796947,0.750000000000000));
#9368=DIRECTION('',(1.0,0.0,0.0));
#9369=DIRECTION('',(0.0,0.0,-1.0));
#9370=AXIS2_PLACEMENT_3D('',#9367,#9368,#9369);
#9371=PLANE('',#9370);
#9372=CARTESIAN_POINT('',(1.099999999999993,3.162741699796946,0.740000000000000));
#9373=DIRECTION('',(0.0,1.0,0.0));
#9374=VECTOR('',#9373,5.501498037151276);
#9375=LINE('',#9372,#9374);
#9376=EDGE_CURVE('',#8729,#7365,#9375,.T.);
#9377=ORIENTED_EDGE('',*,*,#9376,.F.);
#9378=ORIENTED_EDGE('',*,*,#8734,.F.);
#9379=CARTESIAN_POINT('',(1.099999999999989,8.664239736948220,0.750000000000000));
#9380=DIRECTION('',(0.0,-1.0,0.0));
#9381=VECTOR('',#9380,5.501498037151273);
#9382=LINE('',#9379,#9381);
#9383=EDGE_CURVE('',#7373,#8721,#9382,.T.);
#9384=ORIENTED_EDGE('',*,*,#9383,.F.);
#9385=ORIENTED_EDGE('',*,*,#7378,.F.);
#9386=EDGE_LOOP('',(#9377,#9378,#9384,#9385));
#9387=FACE_OUTER_BOUND('',#9386,.T.);
#9388=ADVANCED_FACE('',(#9387),#9371,.F.);
#9389=CARTESIAN_POINT('',(19.099999999999998,6.920101012677669,0.750000000000000));
#9390=DIRECTION('',(0.707106781186548,0.707106781186547,0.0));
#9391=DIRECTION('',(0.0,0.0,-1.0));
#9392=AXIS2_PLACEMENT_3D('',#9389,#9390,#9391);
#9393=PLANE('',#9392);
#9394=ORIENTED_EDGE('',*,*,#8815,.F.);
#9395=CARTESIAN_POINT('',(16.920101012677662,9.100000000000009,0.750000000000000));
#9396=VERTEX_POINT('',#9395);
#9397=CARTESIAN_POINT('',(16.920101012677662,9.100000000000009,0.750000000000000));
#9398=DIRECTION('',(0.707106781186548,-0.707106781186548,0.0));
#9399=VECTOR('',#9398,0.854684092171558);
#9400=LINE('',#9397,#9399);
#9401=EDGE_CURVE('',#9396,#8808,#9400,.T.);
#9402=ORIENTED_EDGE('',*,*,#9401,.F.);
#9403=CARTESIAN_POINT('',(16.920101012677662,9.100000000000009,0.740000000000000));
#9404=VERTEX_POINT('',#9403);
#9405=CARTESIAN_POINT('',(16.920101012677662,9.100000000000009,0.750000000000000));
#9406=DIRECTION('',(0.0,0.0,-1.0));
#9407=VECTOR('',#9406,0.010000000000000);
#9408=LINE('',#9405,#9407);
#9409=EDGE_CURVE('',#9396,#9404,#9408,.T.);
#9410=ORIENTED_EDGE('',*,*,#9409,.T.);
#9411=CARTESIAN_POINT('',(17.524453930024439,8.495647082653230,0.740000000000000));
#9412=DIRECTION('',(-0.707106781186548,0.707106781186548,0.0));
#9413=VECTOR('',#9412,0.854684092171558);
#9414=LINE('',#9411,#9413);
#9415=EDGE_CURVE('',#8810,#9404,#9414,.T.);
#9416=ORIENTED_EDGE('',*,*,#9415,.F.);
#9417=EDGE_LOOP('',(#9394,#9402,#9410,#9416));
#9418=FACE_OUTER_BOUND('',#9417,.T.);
#9419=ADVANCED_FACE('',(#9418),#9393,.F.);
#9420=CARTESIAN_POINT('',(16.920101012677662,9.100000000000009,0.750000000000000));
#9421=DIRECTION('',(0.0,1.0,0.0));
#9422=DIRECTION('',(0.0,0.0,1.0));
#9423=AXIS2_PLACEMENT_3D('',#9420,#9421,#9422);
#9424=PLANE('',#9423);
#9425=CARTESIAN_POINT('',(16.920101012677662,9.100000000000001,0.740000000000000));
#9426=DIRECTION('',(-1.0,0.0,0.0));
#9427=VECTOR('',#9426,3.281168139275710);
#9428=LINE('',#9425,#9427);
#9429=EDGE_CURVE('',#9404,#7689,#9428,.T.);
#9430=ORIENTED_EDGE('',*,*,#9429,.F.);
#9431=ORIENTED_EDGE('',*,*,#9409,.F.);
#9432=CARTESIAN_POINT('',(13.638932873401952,9.100000000000000,0.750000000000000));
#9433=DIRECTION('',(1.0,0.0,0.0));
#9434=VECTOR('',#9433,3.281168139275714);
#9435=LINE('',#9432,#9434);
#9436=EDGE_CURVE('',#7697,#9396,#9435,.T.);
#9437=ORIENTED_EDGE('',*,*,#9436,.F.);
#9438=ORIENTED_EDGE('',*,*,#7702,.F.);
#9439=EDGE_LOOP('',(#9430,#9431,#9437,#9438));
#9440=FACE_OUTER_BOUND('',#9439,.T.);
#9441=ADVANCED_FACE('',(#9440),#9424,.F.);
#9442=CARTESIAN_POINT('',(16.837258300203047,8.900000000000002,0.750000000000000));
#9443=DIRECTION('',(-0.707106781186548,-0.707106781186548,0.0));
#9444=DIRECTION('',(0.0,0.0,1.0));
#9445=AXIS2_PLACEMENT_3D('',#9442,#9443,#9444);
#9446=PLANE('',#9445);
#9447=ORIENTED_EDGE('',*,*,#8775,.F.);
#9448=CARTESIAN_POINT('',(16.837258300203047,8.900000000000000,0.740000000000000));
#9449=DIRECTION('',(0.707106781186549,-0.707106781186546,0.0));
#9450=VECTOR('',#9449,0.719935265660637);
#9451=LINE('',#9448,#9450);
#9452=EDGE_CURVE('',#7790,#8768,#9451,.T.);
#9453=ORIENTED_EDGE('',*,*,#9452,.F.);
#9454=ORIENTED_EDGE('',*,*,#7795,.F.);
#9455=CARTESIAN_POINT('',(17.346329408567026,8.390928891636024,0.750000000000000));
#9456=DIRECTION('',(-0.707106781186550,0.707106781186545,0.0));
#9457=VECTOR('',#9456,0.719935265660641);
#9458=LINE('',#9455,#9457);
#9459=EDGE_CURVE('',#8770,#7782,#9458,.T.);
#9460=ORIENTED_EDGE('',*,*,#9459,.F.);
#9461=EDGE_LOOP('',(#9447,#9453,#9454,#9460));
#9462=FACE_OUTER_BOUND('',#9461,.T.);
#9463=ADVANCED_FACE('',(#9462),#9446,.F.);
#9464=CARTESIAN_POINT('',(18.900000000000002,6.837258300203047,0.750000000000000));
#9465=DIRECTION('',(-1.0,0.0,0.0));
#9466=DIRECTION('',(0.0,0.0,1.0));
#9467=AXIS2_PLACEMENT_3D('',#9464,#9465,#9466);
#9468=PLANE('',#9467);
#9469=CARTESIAN_POINT('',(18.900000000000002,6.837258300203049,0.740000000000000));
#9470=DIRECTION('',(0.0,-1.0,0.0));
#9471=VECTOR('',#9470,3.674516600406096);
#9472=LINE('',#9469,#9471);
#9473=EDGE_CURVE('',#9144,#9237,#9472,.T.);
#9474=ORIENTED_EDGE('',*,*,#9473,.F.);
#9475=ORIENTED_EDGE('',*,*,#9149,.F.);
#9476=CARTESIAN_POINT('',(18.899999999999999,3.162741699796955,0.750000000000000));
#9477=DIRECTION('',(0.0,1.0,0.0));
#9478=VECTOR('',#9477,3.674516600406092);
#9479=LINE('',#9476,#9478);
#9480=EDGE_CURVE('',#9245,#9136,#9479,.T.);
#9481=ORIENTED_EDGE('',*,*,#9480,.F.);
#9482=ORIENTED_EDGE('',*,*,#9250,.T.);
#9483=EDGE_LOOP('',(#9474,#9475,#9481,#9482));
#9484=FACE_OUTER_BOUND('',#9483,.T.);
#9485=ADVANCED_FACE('',(#9484),#9468,.F.);
#9486=CARTESIAN_POINT('',(12.484232335022705,9.100000000000001,0.750000000000000));
#9487=DIRECTION('',(0.0,1.0,0.0));
#9488=DIRECTION('',(0.0,0.0,1.0));
#9489=AXIS2_PLACEMENT_3D('',#9486,#9487,#9488);
#9490=PLANE('',#9489);
#9491=ORIENTED_EDGE('',*,*,#7582,.F.);
#9492=CARTESIAN_POINT('',(12.484232335022705,9.100000000000001,0.750000000000000));
#9493=VERTEX_POINT('',#9492);
#9494=CARTESIAN_POINT('',(12.484232335022705,9.100000000000003,0.750000000000000));
#9495=DIRECTION('',(1.0,0.0,0.0));
#9496=VECTOR('',#9495,0.923760430703402);
#9497=LINE('',#9494,#9496);
#9498=EDGE_CURVE('',#9493,#7569,#9497,.T.);
#9499=ORIENTED_EDGE('',*,*,#9498,.F.);
#9500=CARTESIAN_POINT('',(12.484232335022705,9.100000000000001,0.740000000000000));
#9501=VERTEX_POINT('',#9500);
#9502=CARTESIAN_POINT('',(12.484232335022705,9.100000000000001,0.750000000000000));
#9503=DIRECTION('',(0.0,0.0,-1.0));
#9504=VECTOR('',#9503,0.010000000000000);
#9505=LINE('',#9502,#9504);
#9506=EDGE_CURVE('',#9493,#9501,#9505,.T.);
#9507=ORIENTED_EDGE('',*,*,#9506,.T.);
#9508=CARTESIAN_POINT('',(13.407992765726107,9.100000000000001,0.740000000000000));
#9509=DIRECTION('',(-1.0,0.0,0.0));
#9510=VECTOR('',#9509,0.923760430703403);
#9511=LINE('',#9508,#9510);
#9512=EDGE_CURVE('',#7577,#9501,#9511,.T.);
#9513=ORIENTED_EDGE('',*,*,#9512,.F.);
#9514=EDGE_LOOP('',(#9491,#9499,#9507,#9513));
#9515=FACE_OUTER_BOUND('',#9514,.T.);
#9516=ADVANCED_FACE('',(#9515),#9490,.F.);
#9517=CARTESIAN_POINT('',(12.368762281184784,8.899999999999995,0.750000000000000));
#9518=DIRECTION('',(0.0,-1.0,0.0));
#9519=DIRECTION('',(0.0,0.0,-1.0));
#9520=AXIS2_PLACEMENT_3D('',#9517,#9518,#9519);
#9521=PLANE('',#9520);
#9522=ORIENTED_EDGE('',*,*,#7502,.F.);
#9523=CARTESIAN_POINT('',(12.368762281184784,8.899999999999995,0.740000000000000));
#9524=VERTEX_POINT('',#9523);
#9525=CARTESIAN_POINT('',(12.368762281184784,8.899999999999995,0.740000000000000));
#9526=DIRECTION('',(1.0,0.0,0.0));
#9527=VECTOR('',#9526,1.154700538379251);
#9528=LINE('',#9525,#9527);
#9529=EDGE_CURVE('',#9524,#7497,#9528,.T.);
#9530=ORIENTED_EDGE('',*,*,#9529,.F.);
#9531=CARTESIAN_POINT('',(12.368762281184784,8.899999999999995,0.750000000000000));
#9532=DIRECTION('',(0.0,0.0,-1.0));
#9533=VECTOR('',#9532,0.010000000000000);
#9534=LINE('',#9531,#9533);
#9535=EDGE_CURVE('',#3325,#9524,#9534,.T.);
#9536=ORIENTED_EDGE('',*,*,#9535,.F.);
#9537=ORIENTED_EDGE('',*,*,#3330,.F.);
#9538=EDGE_LOOP('',(#9522,#9530,#9536,#9537));
#9539=FACE_OUTER_BOUND('',#9538,.T.);
#9540=ADVANCED_FACE('',(#9539),#9521,.F.);
#9541=CARTESIAN_POINT('',(12.484232335022705,9.100000000000001,0.750000000000000));
#9542=DIRECTION('',(0.866025403784439,0.499999999999999,0.0));
#9543=DIRECTION('',(0.0,0.0,-1.0));
#9544=AXIS2_PLACEMENT_3D('',#9541,#9542,#9543);
#9545=PLANE('',#9544);
#9546=CARTESIAN_POINT('',(12.484232335022705,9.100000000000001,0.740000000000000));
#9547=DIRECTION('',(-0.499999999999999,0.866025403784439,0.0));
#9548=VECTOR('',#9547,3.049742261192852);
#9549=LINE('',#9546,#9548);
#9550=EDGE_CURVE('',#9501,#7875,#9549,.T.);
#9551=ORIENTED_EDGE('',*,*,#9550,.F.);
#9552=ORIENTED_EDGE('',*,*,#9506,.F.);
#9553=CARTESIAN_POINT('',(10.959361204426282,11.741154273188009,0.750000000000000));
#9554=DIRECTION('',(0.500000000000000,-0.866025403784439,0.0));
#9555=VECTOR('',#9554,3.049742261192850);
#9556=LINE('',#9553,#9555);
#9557=EDGE_CURVE('',#7883,#9493,#9556,.T.);
#9558=ORIENTED_EDGE('',*,*,#9557,.F.);
#9559=ORIENTED_EDGE('',*,*,#7888,.T.);
#9560=EDGE_LOOP('',(#9551,#9552,#9558,#9559));
#9561=FACE_OUTER_BOUND('',#9560,.T.);
#9562=ADVANCED_FACE('',(#9561),#9545,.F.);
#9563=CARTESIAN_POINT('',(10.728421096750431,11.741154273188005,0.750000000000000));
#9564=DIRECTION('',(-0.866025403784439,-0.500000000000000,0.0));
#9565=DIRECTION('',(0.0,0.0,1.0));
#9566=AXIS2_PLACEMENT_3D('',#9563,#9564,#9565);
#9567=PLANE('',#9566);
#9568=CARTESIAN_POINT('',(10.728421096750431,11.741154273188005,0.740000000000000));
#9569=DIRECTION('',(0.500000000000000,-0.866025403784439,0.0));
#9570=VECTOR('',#9569,3.280682368868708);
#9571=LINE('',#9568,#9570);
#9572=EDGE_CURVE('',#7907,#9524,#9571,.T.);
#9573=ORIENTED_EDGE('',*,*,#9572,.F.);
#9574=ORIENTED_EDGE('',*,*,#7912,.F.);
#9575=ORIENTED_EDGE('',*,*,#3338,.F.);
#9576=ORIENTED_EDGE('',*,*,#9535,.T.);
#9577=EDGE_LOOP('',(#9573,#9574,#9575,#9576));
#9578=FACE_OUTER_BOUND('',#9577,.T.);
#9579=ADVANCED_FACE('',(#9578),#9567,.F.);
#9580=CARTESIAN_POINT('',(14.100813088753657,7.900000000000002,0.750000000000000));
#9581=DIRECTION('',(0.0,-1.0,0.0));
#9582=DIRECTION('',(0.0,0.0,-1.0));
#9583=AXIS2_PLACEMENT_3D('',#9580,#9581,#9582);
#9584=PLANE('',#9583);
#9585=CARTESIAN_POINT('',(14.100813088753654,7.900000000000006,0.740000000000000));
#9586=DIRECTION('',(1.0,0.0,0.0));
#9587=VECTOR('',#9586,2.805083744576130);
#9588=LINE('',#9585,#9587);
#9589=EDGE_CURVE('',#7506,#8856,#9588,.T.);
#9590=ORIENTED_EDGE('',*,*,#9589,.F.);
#9591=ORIENTED_EDGE('',*,*,#7511,.F.);
#9592=ORIENTED_EDGE('',*,*,#3314,.F.);
#9593=ORIENTED_EDGE('',*,*,#8867,.T.);
#9594=EDGE_LOOP('',(#9590,#9591,#9592,#9593));
#9595=FACE_OUTER_BOUND('',#9594,.T.);
#9596=ADVANCED_FACE('',(#9595),#9584,.F.);
#9597=CARTESIAN_POINT('',(19.837590287377040,25.556482448659736,0.750000000000000));
#9598=DIRECTION('',(-0.007871003930428,0.999969023168782,0.0));
#9599=DIRECTION('',(0.0,0.0,1.0));
#9600=AXIS2_PLACEMENT_3D('',#9597,#9598,#9599);
#9601=PLANE('',#9600);
#9602=CARTESIAN_POINT('',(16.897318300361384,25.533338839377727,0.740000000000000));
#9603=VERTEX_POINT('',#9602);
#9604=CARTESIAN_POINT('',(16.897318300361384,25.533338839377727,0.750000000000000));
#9605=VERTEX_POINT('',#9604);
#9606=CARTESIAN_POINT('',(16.897318300361384,25.533338839377727,0.740000000000000));
#9607=DIRECTION('',(0.0,0.0,1.0));
#9608=VECTOR('',#9607,0.010000000000000);
#9609=LINE('',#9606,#9608);
#9610=EDGE_CURVE('',#9603,#9605,#9609,.T.);
#9611=ORIENTED_EDGE('',*,*,#9610,.T.);
#9612=CARTESIAN_POINT('',(16.323286522522672,25.528820493034114,0.750000000000000));
#9613=VERTEX_POINT('',#9612);
#9614=CARTESIAN_POINT('',(16.323286522522672,25.528820493034118,0.750000000000000));
#9615=DIRECTION('',(0.999969023168782,0.007871003930424,0.0));
#9616=VECTOR('',#9615,0.574049560075046);
#9617=LINE('',#9614,#9616);
#9618=EDGE_CURVE('',#9613,#9605,#9617,.T.);
#9619=ORIENTED_EDGE('',*,*,#9618,.F.);
#9620=CARTESIAN_POINT('',(16.323286522522672,25.528820493034114,0.740000000000000));
#9621=VERTEX_POINT('',#9620);
#9622=CARTESIAN_POINT('',(16.323286522522672,25.528820493034114,0.750000000000000));
#9623=DIRECTION('',(0.0,0.0,-1.0));
#9624=VECTOR('',#9623,0.010000000000000);
#9625=LINE('',#9622,#9624);
#9626=EDGE_CURVE('',#9613,#9621,#9625,.T.);
#9627=ORIENTED_EDGE('',*,*,#9626,.T.);
#9628=CARTESIAN_POINT('',(16.897318300361384,25.533338839377727,0.740000000000000));
#9629=DIRECTION('',(-0.999969023168782,-0.007871003930430,0.0));
#9630=VECTOR('',#9629,0.574049560075046);
#9631=LINE('',#9628,#9630);
#9632=EDGE_CURVE('',#9603,#9621,#9631,.T.);
#9633=ORIENTED_EDGE('',*,*,#9632,.F.);
#9634=EDGE_LOOP('',(#9611,#9619,#9627,#9633));
#9635=FACE_OUTER_BOUND('',#9634,.T.);
#9636=ADVANCED_FACE('',(#9635),#9601,.F.);
#9637=CARTESIAN_POINT('',(19.837590287377040,25.556482448659736,0.750000000000000));
#9638=DIRECTION('',(-0.007871003930428,0.999969023168782,0.0));
#9639=DIRECTION('',(0.0,0.0,1.0));
#9640=AXIS2_PLACEMENT_3D('',#9637,#9638,#9639);
#9641=PLANE('',#9640);
#9642=CARTESIAN_POINT('',(17.103937756489056,25.534965192308267,0.750000000000000));
#9643=VERTEX_POINT('',#9642);
#9644=CARTESIAN_POINT('',(17.103937756489056,25.534965192308267,0.740000000000000));
#9645=VERTEX_POINT('',#9644);
#9646=CARTESIAN_POINT('',(17.103937756489053,25.534965192308270,0.750000000000000));
#9647=DIRECTION('',(0.0,0.0,-1.0));
#9648=VECTOR('',#9647,0.010000000000000);
#9649=LINE('',#9646,#9648);
#9650=EDGE_CURVE('',#9643,#9645,#9649,.T.);
#9651=ORIENTED_EDGE('',*,*,#9650,.T.);
#9652=CARTESIAN_POINT('',(19.837590287377040,25.556482448659736,0.740000000000000));
#9653=VERTEX_POINT('',#9652);
#9654=CARTESIAN_POINT('',(19.837590287377040,25.556482448659732,0.740000000000000));
#9655=DIRECTION('',(-0.999969023168782,-0.007871003930428,0.0));
#9656=VECTOR('',#9655,2.733737213404239);
#9657=LINE('',#9654,#9656);
#9658=EDGE_CURVE('',#9653,#9645,#9657,.T.);
#9659=ORIENTED_EDGE('',*,*,#9658,.F.);
#9660=CARTESIAN_POINT('',(19.837590287377040,25.556482448659736,0.750000000000000));
#9661=VERTEX_POINT('',#9660);
#9662=CARTESIAN_POINT('',(19.837590287377040,25.556482448659736,0.750000000000000));
#9663=DIRECTION('',(0.0,0.0,-1.0));
#9664=VECTOR('',#9663,0.010000000000000);
#9665=LINE('',#9662,#9664);
#9666=EDGE_CURVE('',#9661,#9653,#9665,.T.);
#9667=ORIENTED_EDGE('',*,*,#9666,.F.);
#9668=CARTESIAN_POINT('',(17.103937756489056,25.534965192308274,0.750000000000000));
#9669=DIRECTION('',(0.999969023168782,0.007871003930428,0.0));
#9670=VECTOR('',#9669,2.733737213404239);
#9671=LINE('',#9668,#9670);
#9672=EDGE_CURVE('',#9643,#9661,#9671,.T.);
#9673=ORIENTED_EDGE('',*,*,#9672,.F.);
#9674=EDGE_LOOP('',(#9651,#9659,#9667,#9673));
#9675=FACE_OUTER_BOUND('',#9674,.T.);
#9676=ADVANCED_FACE('',(#9675),#9641,.F.);
#9677=CARTESIAN_POINT('',(16.270428055733728,25.328398235387812,0.750000000000000));
#9678=DIRECTION('',(0.007871003930429,-0.999969023168782,0.0));
#9679=DIRECTION('',(0.0,0.0,-1.0));
#9680=AXIS2_PLACEMENT_3D('',#9677,#9678,#9679);
#9681=PLANE('',#9680);
#9682=CARTESIAN_POINT('',(16.950797007296828,25.333753587971557,0.740000000000000));
#9683=VERTEX_POINT('',#9682);
#9684=CARTESIAN_POINT('',(16.950797007296828,25.333753587971557,0.750000000000000));
#9685=DIRECTION('',(0.0,0.0,-1.0));
#9686=VECTOR('',#9685,0.010000000000000);
#9687=LINE('',#9684,#9686);
#9688=EDGE_CURVE('',#3373,#9683,#9687,.T.);
#9689=ORIENTED_EDGE('',*,*,#9688,.T.);
#9690=CARTESIAN_POINT('',(16.270428055733728,25.328398235387812,0.740000000000000));
#9691=VERTEX_POINT('',#9690);
#9692=CARTESIAN_POINT('',(16.270428055733728,25.328398235387812,0.740000000000000));
#9693=DIRECTION('',(0.999969023168781,0.007871003930430,0.0));
#9694=VECTOR('',#9693,0.680390027890157);
#9695=LINE('',#9692,#9694);
#9696=EDGE_CURVE('',#9691,#9683,#9695,.T.);
#9697=ORIENTED_EDGE('',*,*,#9696,.F.);
#9698=CARTESIAN_POINT('',(16.270428055733728,25.328398235387812,0.750000000000000));
#9699=DIRECTION('',(0.0,0.0,-1.0));
#9700=VECTOR('',#9699,0.010000000000000);
#9701=LINE('',#9698,#9700);
#9702=EDGE_CURVE('',#3381,#9691,#9701,.T.);
#9703=ORIENTED_EDGE('',*,*,#9702,.F.);
#9704=ORIENTED_EDGE('',*,*,#3386,.F.);
#9705=EDGE_LOOP('',(#9689,#9697,#9703,#9704));
#9706=FACE_OUTER_BOUND('',#9705,.T.);
#9707=ADVANCED_FACE('',(#9706),#9681,.F.);
#9708=CARTESIAN_POINT('',(16.780282972585042,23.823286522522675,0.750000000000000));
#9709=DIRECTION('',(0.493168022227356,-0.869934079026887,0.0));
#9710=DIRECTION('',(0.0,0.0,-1.0));
#9711=AXIS2_PLACEMENT_3D('',#9708,#9709,#9710);
#9712=PLANE('',#9711);
#9713=CARTESIAN_POINT('',(17.279668247944734,24.106389408725377,0.750000000000000));
#9714=VERTEX_POINT('',#9713);
#9715=CARTESIAN_POINT('',(17.279668247944734,24.106389408725377,0.740000000000000));
#9716=VERTEX_POINT('',#9715);
#9717=CARTESIAN_POINT('',(17.279668247944734,24.106389408725377,0.750000000000000));
#9718=DIRECTION('',(0.0,0.0,-1.0));
#9719=VECTOR('',#9718,0.010000000000000);
#9720=LINE('',#9717,#9719);
#9721=EDGE_CURVE('',#9714,#9716,#9720,.T.);
#9722=ORIENTED_EDGE('',*,*,#9721,.T.);
#9723=CARTESIAN_POINT('',(16.780282972585045,23.823286522522675,0.740000000000000));
#9724=DIRECTION('',(0.869934079026887,0.493168022227355,0.0));
#9725=VECTOR('',#9724,0.574049560075062);
#9726=LINE('',#9723,#9725);
#9727=EDGE_CURVE('',#7719,#9716,#9726,.T.);
#9728=ORIENTED_EDGE('',*,*,#9727,.F.);
#9729=ORIENTED_EDGE('',*,*,#7739,.F.);
#9730=CARTESIAN_POINT('',(17.279668247944734,24.106389408725381,0.750000000000000));
#9731=DIRECTION('',(-0.869934079026886,-0.493168022227357,0.0));
#9732=VECTOR('',#9731,0.574049560075067);
#9733=LINE('',#9730,#9732);
#9734=EDGE_CURVE('',#9714,#7728,#9733,.T.);
#9735=ORIENTED_EDGE('',*,*,#9734,.F.);
#9736=EDGE_LOOP('',(#9722,#9728,#9729,#9735));
#9737=FACE_OUTER_BOUND('',#9736,.T.);
#9738=ADVANCED_FACE('',(#9737),#9712,.F.);
#9739=CARTESIAN_POINT('',(16.780282972585042,23.823286522522675,0.750000000000000));
#9740=DIRECTION('',(0.493168022227356,-0.869934079026887,0.0));
#9741=DIRECTION('',(0.0,0.0,-1.0));
#9742=AXIS2_PLACEMENT_3D('',#9739,#9740,#9741);
#9743=PLANE('',#9742);
#9744=CARTESIAN_POINT('',(17.459419122332690,24.208290673835844,0.740000000000000));
#9745=VERTEX_POINT('',#9744);
#9746=CARTESIAN_POINT('',(17.459419122332690,24.208290673835844,0.750000000000000));
#9747=VERTEX_POINT('',#9746);
#9748=CARTESIAN_POINT('',(17.459419122332690,24.208290673835844,0.740000000000000));
#9749=DIRECTION('',(0.0,0.0,1.0));
#9750=VECTOR('',#9749,0.010000000000000);
#9751=LINE('',#9748,#9750);
#9752=EDGE_CURVE('',#9745,#9747,#9751,.T.);
#9753=ORIENTED_EDGE('',*,*,#9752,.T.);
#9754=CARTESIAN_POINT('',(19.837590287377040,25.556482448659736,0.750000000000000));
#9755=DIRECTION('',(-0.869934079026887,-0.493168022227355,0.0));
#9756=VECTOR('',#9755,2.733737213404243);
#9757=LINE('',#9754,#9756);
#9758=EDGE_CURVE('',#9661,#9747,#9757,.T.);
#9759=ORIENTED_EDGE('',*,*,#9758,.F.);
#9760=ORIENTED_EDGE('',*,*,#9666,.T.);
#9761=CARTESIAN_POINT('',(17.459419122332694,24.208290673835844,0.740000000000000));
#9762=DIRECTION('',(0.869934079026887,0.493168022227356,0.0));
#9763=VECTOR('',#9762,2.733737213404240);
#9764=LINE('',#9761,#9763);
#9765=EDGE_CURVE('',#9745,#9653,#9764,.T.);
#9766=ORIENTED_EDGE('',*,*,#9765,.F.);
#9767=EDGE_LOOP('',(#9753,#9759,#9760,#9766));
#9768=FACE_OUTER_BOUND('',#9767,.T.);
#9769=ADVANCED_FACE('',(#9768),#9743,.F.);
#9770=CARTESIAN_POINT('',(19.068566232651580,25.350423074235930,0.750000000000000));
#9771=DIRECTION('',(-0.493168022227352,0.869934079026889,0.0));
#9772=DIRECTION('',(0.0,0.0,1.0));
#9773=AXIS2_PLACEMENT_3D('',#9770,#9771,#9772);
#9774=PLANE('',#9773);
#9775=CARTESIAN_POINT('',(17.226189541009290,24.305974660131540,0.740000000000000));
#9776=VERTEX_POINT('',#9775);
#9777=CARTESIAN_POINT('',(17.226189541009290,24.305974660131536,0.740000000000000));
#9778=DIRECTION('',(0.0,0.0,1.0));
#9779=VECTOR('',#9778,0.010000000000000);
#9780=LINE('',#9777,#9779);
#9781=EDGE_CURVE('',#9776,#3365,#9780,.T.);
#9782=ORIENTED_EDGE('',*,*,#9781,.T.);
#9783=ORIENTED_EDGE('',*,*,#3370,.F.);
#9784=CARTESIAN_POINT('',(16.634295068717570,23.970428055733727,0.740000000000000));
#9785=VERTEX_POINT('',#9784);
#9786=CARTESIAN_POINT('',(16.634295068717570,23.970428055733727,0.750000000000000));
#9787=DIRECTION('',(0.0,0.0,-1.0));
#9788=VECTOR('',#9787,0.010000000000000);
#9789=LINE('',#9786,#9788);
#9790=EDGE_CURVE('',#3357,#9785,#9789,.T.);
#9791=ORIENTED_EDGE('',*,*,#9790,.T.);
#9792=CARTESIAN_POINT('',(17.226189541009290,24.305974660131540,0.740000000000000));
#9793=DIRECTION('',(-0.869934079026888,-0.493168022227353,0.0));
#9794=VECTOR('',#9793,0.680390027890177);
#9795=LINE('',#9792,#9794);
#9796=EDGE_CURVE('',#9776,#9785,#9795,.T.);
#9797=ORIENTED_EDGE('',*,*,#9796,.F.);
#9798=EDGE_LOOP('',(#9782,#9783,#9791,#9797));
#9799=FACE_OUTER_BOUND('',#9798,.T.);
#9800=ADVANCED_FACE('',(#9799),#9774,.F.);
#9801=CARTESIAN_POINT('',(16.323286522522672,25.528820493034114,0.750000000000000));
#9802=DIRECTION('',(0.499999999999999,0.866025403784439,0.0));
#9803=DIRECTION('',(0.0,0.0,1.0));
#9804=AXIS2_PLACEMENT_3D('',#9801,#9802,#9803);
#9805=PLANE('',#9804);
#9806=CARTESIAN_POINT('',(13.116459439632964,27.380282972585039,0.740000000000000));
#9807=VERTEX_POINT('',#9806);
#9808=CARTESIAN_POINT('',(16.323286522522661,25.528820493034079,0.740000000000000));
#9809=DIRECTION('',(-0.866025403784439,0.500000000000000,0.0));
#9810=VECTOR('',#9809,3.702924959101899);
#9811=LINE('',#9808,#9810);
#9812=EDGE_CURVE('',#9621,#9807,#9811,.T.);
#9813=ORIENTED_EDGE('',*,*,#9812,.F.);
#9814=ORIENTED_EDGE('',*,*,#9626,.F.);
#9815=CARTESIAN_POINT('',(13.116459439632964,27.380282972585039,0.750000000000000));
#9816=VERTEX_POINT('',#9815);
#9817=CARTESIAN_POINT('',(13.116459439632973,27.380282972585061,0.750000000000000));
#9818=DIRECTION('',(0.866025403784439,-0.499999999999999,0.0));
#9819=VECTOR('',#9818,3.702924959101893);
#9820=LINE('',#9817,#9819);
#9821=EDGE_CURVE('',#9816,#9613,#9820,.T.);
#9822=ORIENTED_EDGE('',*,*,#9821,.F.);
#9823=CARTESIAN_POINT('',(13.116459439632964,27.380282972585039,0.750000000000000));
#9824=DIRECTION('',(0.0,0.0,-1.0));
#9825=VECTOR('',#9824,0.010000000000000);
#9826=LINE('',#9823,#9825);
#9827=EDGE_CURVE('',#9816,#9807,#9826,.T.);
#9828=ORIENTED_EDGE('',*,*,#9827,.T.);
#9829=EDGE_LOOP('',(#9813,#9814,#9822,#9828));
#9830=FACE_OUTER_BOUND('',#9829,.T.);
#9831=ADVANCED_FACE('',(#9830),#9805,.F.);
#9832=CARTESIAN_POINT('',(16.270428055733728,25.328398235387812,0.750000000000000));
#9833=DIRECTION('',(0.007871003930429,-0.999969023168782,0.0));
#9834=DIRECTION('',(0.0,0.0,-1.0));
#9835=AXIS2_PLACEMENT_3D('',#9832,#9833,#9834);
#9836=PLANE('',#9835);
#9837=CARTESIAN_POINT('',(17.157416463424500,25.335379940902104,0.740000000000000));
#9838=VERTEX_POINT('',#9837);
#9839=CARTESIAN_POINT('',(17.157416463424500,25.335379940902104,0.750000000000000));
#9840=VERTEX_POINT('',#9839);
#9841=CARTESIAN_POINT('',(17.157416463424500,25.335379940902104,0.740000000000000));
#9842=DIRECTION('',(0.0,0.0,1.0));
#9843=VECTOR('',#9842,0.010000000000000);
#9844=LINE('',#9841,#9843);
#9845=EDGE_CURVE('',#9838,#9840,#9844,.T.);
#9846=ORIENTED_EDGE('',*,*,#9845,.T.);
#9847=CARTESIAN_POINT('',(19.068566232651580,25.350423074235930,0.750000000000000));
#9848=VERTEX_POINT('',#9847);
#9849=CARTESIAN_POINT('',(19.068566232651580,25.350423074235934,0.750000000000000));
#9850=DIRECTION('',(-0.999969023168782,-0.007871003930428,0.0));
#9851=VECTOR('',#9850,1.911208972424842);
#9852=LINE('',#9849,#9851);
#9853=EDGE_CURVE('',#9848,#9840,#9852,.T.);
#9854=ORIENTED_EDGE('',*,*,#9853,.F.);
#9855=CARTESIAN_POINT('',(19.068566232651580,25.350423074235930,0.740000000000000));
#9856=VERTEX_POINT('',#9855);
#9857=CARTESIAN_POINT('',(19.068566232651580,25.350423074235930,0.750000000000000));
#9858=DIRECTION('',(0.0,0.0,-1.0));
#9859=VECTOR('',#9858,0.010000000000000);
#9860=LINE('',#9857,#9859);
#9861=EDGE_CURVE('',#9848,#9856,#9860,.T.);
#9862=ORIENTED_EDGE('',*,*,#9861,.T.);
#9863=CARTESIAN_POINT('',(17.157416463424500,25.335379940902104,0.740000000000000));
#9864=DIRECTION('',(0.999969023168782,0.007871003930428,0.0));
#9865=VECTOR('',#9864,1.911208972424842);
#9866=LINE('',#9863,#9865);
#9867=EDGE_CURVE('',#9838,#9856,#9866,.T.);
#9868=ORIENTED_EDGE('',*,*,#9867,.F.);
#9869=EDGE_LOOP('',(#9846,#9854,#9862,#9868));
#9870=FACE_OUTER_BOUND('',#9869,.T.);
#9871=ADVANCED_FACE('',(#9870),#9836,.F.);
#9872=CARTESIAN_POINT('',(19.068566232651580,25.350423074235930,0.750000000000000));
#9873=DIRECTION('',(-0.493168022227352,0.869934079026889,0.0));
#9874=DIRECTION('',(0.0,0.0,1.0));
#9875=AXIS2_PLACEMENT_3D('',#9872,#9873,#9874);
#9876=PLANE('',#9875);
#9877=CARTESIAN_POINT('',(17.405940415397247,24.407875925242006,0.750000000000000));
#9878=VERTEX_POINT('',#9877);
#9879=CARTESIAN_POINT('',(17.405940415397247,24.407875925242006,0.740000000000000));
#9880=VERTEX_POINT('',#9879);
#9881=CARTESIAN_POINT('',(17.405940415397250,24.407875925242003,0.750000000000000));
#9882=DIRECTION('',(0.0,0.0,-1.0));
#9883=VECTOR('',#9882,0.010000000000000);
#9884=LINE('',#9881,#9883);
#9885=EDGE_CURVE('',#9878,#9880,#9884,.T.);
#9886=ORIENTED_EDGE('',*,*,#9885,.T.);
#9887=CARTESIAN_POINT('',(19.068566232651580,25.350423074235934,0.740000000000000));
#9888=DIRECTION('',(-0.869934079026888,-0.493168022227353,0.0));
#9889=VECTOR('',#9888,1.911208972424841);
#9890=LINE('',#9887,#9889);
#9891=EDGE_CURVE('',#9856,#9880,#9890,.T.);
#9892=ORIENTED_EDGE('',*,*,#9891,.F.);
#9893=ORIENTED_EDGE('',*,*,#9861,.F.);
#9894=CARTESIAN_POINT('',(17.405940415397247,24.407875925242003,0.750000000000000));
#9895=DIRECTION('',(0.869934079026889,0.493168022227352,0.0));
#9896=VECTOR('',#9895,1.911208972424840);
#9897=LINE('',#9894,#9896);
#9898=EDGE_CURVE('',#9878,#9848,#9897,.T.);
#9899=ORIENTED_EDGE('',*,*,#9898,.F.);
#9900=EDGE_LOOP('',(#9886,#9892,#9893,#9899));
#9901=FACE_OUTER_BOUND('',#9900,.T.);
#9902=ADVANCED_FACE('',(#9901),#9876,.F.);
#9903=CARTESIAN_POINT('',(16.634295068717570,23.970428055733727,0.750000000000000));
#9904=DIRECTION('',(-0.866025403784439,0.499999999999999,0.0));
#9905=DIRECTION('',(0.0,0.0,1.0));
#9906=AXIS2_PLACEMENT_3D('',#9903,#9904,#9905);
#9907=PLANE('',#9906);
#9908=CARTESIAN_POINT('',(16.634295068717570,23.970428055733720,0.740000000000000));
#9909=DIRECTION('',(-0.500000000000000,-0.866025403784439,0.0));
#9910=VECTOR('',#9909,11.811747943934291);
#9911=LINE('',#9908,#9910);
#9912=EDGE_CURVE('',#9785,#7536,#9911,.T.);
#9913=ORIENTED_EDGE('',*,*,#9912,.F.);
#9914=ORIENTED_EDGE('',*,*,#9790,.F.);
#9915=ORIENTED_EDGE('',*,*,#3362,.F.);
#9916=ORIENTED_EDGE('',*,*,#7547,.T.);
#9917=EDGE_LOOP('',(#9913,#9914,#9915,#9916));
#9918=FACE_OUTER_BOUND('',#9917,.T.);
#9919=ADVANCED_FACE('',(#9918),#9907,.F.);
#9920=CARTESIAN_POINT('',(17.680627642932848,23.382729235888920,0.750000000000000));
#9921=DIRECTION('',(0.965925826289068,0.258819045102521,0.0));
#9922=DIRECTION('',(0.0,0.0,-1.0));
#9923=AXIS2_PLACEMENT_3D('',#9920,#9921,#9922);
#9924=PLANE('',#9923);
#9925=ORIENTED_EDGE('',*,*,#9845,.F.);
#9926=CARTESIAN_POINT('',(17.405940415397250,24.407875925242003,0.740000000000000));
#9927=DIRECTION('',(-0.258819045102522,0.965925826289068,0.0));
#9928=VECTOR('',#9927,0.960222814647608);
#9929=LINE('',#9926,#9928);
#9930=EDGE_CURVE('',#9880,#9838,#9929,.T.);
#9931=ORIENTED_EDGE('',*,*,#9930,.F.);
#9932=ORIENTED_EDGE('',*,*,#9885,.F.);
#9933=CARTESIAN_POINT('',(17.157416463424504,25.335379940902104,0.750000000000000));
#9934=DIRECTION('',(0.258819045102521,-0.965925826289068,0.0));
#9935=VECTOR('',#9934,0.960222814647600);
#9936=LINE('',#9933,#9935);
#9937=EDGE_CURVE('',#9840,#9878,#9936,.T.);
#9938=ORIENTED_EDGE('',*,*,#9937,.F.);
#9939=EDGE_LOOP('',(#9925,#9931,#9932,#9938));
#9940=FACE_OUTER_BOUND('',#9939,.T.);
#9941=ADVANCED_FACE('',(#9940),#9924,.F.);
#9942=CARTESIAN_POINT('',(17.680627642932848,23.382729235888920,0.750000000000000));
#9943=DIRECTION('',(0.965925826289068,0.258819045102521,0.0));
#9944=DIRECTION('',(0.0,0.0,-1.0));
#9945=AXIS2_PLACEMENT_3D('',#9942,#9943,#9944);
#9946=PLANE('',#9945);
#9947=ORIENTED_EDGE('',*,*,#9752,.F.);
#9948=CARTESIAN_POINT('',(17.680627642932848,23.382729235888920,0.740000000000000));
#9949=DIRECTION('',(-0.258819045102520,0.965925826289068,0.0));
#9950=VECTOR('',#9949,0.854684092171547);
#9951=LINE('',#9948,#9950);
#9952=EDGE_CURVE('',#7759,#9745,#9951,.T.);
#9953=ORIENTED_EDGE('',*,*,#9952,.F.);
#9954=ORIENTED_EDGE('',*,*,#7764,.F.);
#9955=CARTESIAN_POINT('',(17.459419122332694,24.208290673835844,0.750000000000000));
#9956=DIRECTION('',(0.258819045102523,-0.965925826289068,0.0));
#9957=VECTOR('',#9956,0.854684092171551);
#9958=LINE('',#9955,#9957);
#9959=EDGE_CURVE('',#9747,#7751,#9958,.T.);
#9960=ORIENTED_EDGE('',*,*,#9959,.F.);
#9961=EDGE_LOOP('',(#9947,#9953,#9954,#9960));
#9962=FACE_OUTER_BOUND('',#9961,.T.);
#9963=ADVANCED_FACE('',(#9962),#9946,.F.);
#9964=CARTESIAN_POINT('',(16.710985342367465,26.228742905735622,0.750000000000000));
#9965=DIRECTION('',(-0.965925826289068,-0.258819045102522,0.0));
#9966=DIRECTION('',(0.0,0.0,1.0));
#9967=AXIS2_PLACEMENT_3D('',#9964,#9965,#9966);
#9968=PLANE('',#9967);
#9969=ORIENTED_EDGE('',*,*,#9721,.F.);
#9970=CARTESIAN_POINT('',(17.466001205938650,23.410985342367489,0.750000000000000));
#9971=VERTEX_POINT('',#9970);
#9972=CARTESIAN_POINT('',(17.466001205938653,23.410985342367489,0.750000000000000));
#9973=DIRECTION('',(-0.258819045102521,0.965925826289068,0.0));
#9974=VECTOR('',#9973,0.719935265660634);
#9975=LINE('',#9972,#9974);
#9976=EDGE_CURVE('',#9971,#9714,#9975,.T.);
#9977=ORIENTED_EDGE('',*,*,#9976,.F.);
#9978=CARTESIAN_POINT('',(17.466001205938650,23.410985342367489,0.740000000000000));
#9979=VERTEX_POINT('',#9978);
#9980=CARTESIAN_POINT('',(17.466001205938650,23.410985342367489,0.750000000000000));
#9981=DIRECTION('',(0.0,0.0,-1.0));
#9982=VECTOR('',#9981,0.010000000000000);
#9983=LINE('',#9980,#9982);
#9984=EDGE_CURVE('',#9971,#9979,#9983,.T.);
#9985=ORIENTED_EDGE('',*,*,#9984,.T.);
#9986=CARTESIAN_POINT('',(17.279668247944734,24.106389408725377,0.740000000000000));
#9987=DIRECTION('',(0.258819045102521,-0.965925826289068,0.0));
#9988=VECTOR('',#9987,0.719935265660634);
#9989=LINE('',#9986,#9988);
#9990=EDGE_CURVE('',#9716,#9979,#9989,.T.);
#9991=ORIENTED_EDGE('',*,*,#9990,.F.);
#9992=EDGE_LOOP('',(#9969,#9977,#9985,#9991));
#9993=FACE_OUTER_BOUND('',#9992,.T.);
#9994=ADVANCED_FACE('',(#9993),#9968,.F.);
#9995=CARTESIAN_POINT('',(16.710985342367465,26.228742905735622,0.750000000000000));
#9996=DIRECTION('',(-0.965925826289068,-0.258819045102522,0.0));
#9997=DIRECTION('',(0.0,0.0,1.0));
#9998=AXIS2_PLACEMENT_3D('',#9995,#9996,#9997);
#9999=PLANE('',#9998);
#10000=ORIENTED_EDGE('',*,*,#9688,.F.);
#10001=ORIENTED_EDGE('',*,*,#3378,.F.);
#10002=ORIENTED_EDGE('',*,*,#9781,.F.);
#10003=CARTESIAN_POINT('',(16.950797007296828,25.333753587971561,0.740000000000000));
#10004=DIRECTION('',(0.258819045102523,-0.965925826289068,0.0));
#10005=VECTOR('',#10004,1.064035042720192);
#10006=LINE('',#10003,#10005);
#10007=EDGE_CURVE('',#9683,#9776,#10006,.T.);
#10008=ORIENTED_EDGE('',*,*,#10007,.F.);
#10009=EDGE_LOOP('',(#10000,#10001,#10002,#10008));
#10010=FACE_OUTER_BOUND('',#10009,.T.);
#10011=ADVANCED_FACE('',(#10010),#9999,.F.);
#10012=CARTESIAN_POINT('',(11.383263513495908,30.437590287377034,0.750000000000000));
#10013=DIRECTION('',(-0.999969023168782,-0.007871003930426,0.0));
#10014=DIRECTION('',(0.0,0.0,1.0));
#10015=AXIS2_PLACEMENT_3D('',#10012,#10013,#10014);
#10016=PLANE('',#10015);
#10017=CARTESIAN_POINT('',(11.406407122777910,27.497318300361382,0.740000000000000));
#10018=VERTEX_POINT('',#10017);
#10019=CARTESIAN_POINT('',(11.406407122777910,27.497318300361382,0.750000000000000));
#10020=VERTEX_POINT('',#10019);
#10021=CARTESIAN_POINT('',(11.406407122777910,27.497318300361382,0.740000000000000));
#10022=DIRECTION('',(0.0,0.0,1.0));
#10023=VECTOR('',#10022,0.010000000000000);
#10024=LINE('',#10021,#10023);
#10025=EDGE_CURVE('',#10018,#10020,#10024,.T.);
#10026=ORIENTED_EDGE('',*,*,#10025,.T.);
#10027=CARTESIAN_POINT('',(11.410925469121519,26.923286522522673,0.750000000000000));
#10028=VERTEX_POINT('',#10027);
#10029=CARTESIAN_POINT('',(11.410925469121523,26.923286522522670,0.750000000000000));
#10030=DIRECTION('',(-0.007871003930427,0.999969023168782,0.0));
#10031=VECTOR('',#10030,0.574049560075046);
#10032=LINE('',#10029,#10031);
#10033=EDGE_CURVE('',#10028,#10020,#10032,.T.);
#10034=ORIENTED_EDGE('',*,*,#10033,.F.);
#10035=CARTESIAN_POINT('',(11.410925469121519,26.923286522522673,0.740000000000000));
#10036=VERTEX_POINT('',#10035);
#10037=CARTESIAN_POINT('',(11.410925469121519,26.923286522522673,0.750000000000000));
#10038=DIRECTION('',(0.0,0.0,-1.0));
#10039=VECTOR('',#10038,0.010000000000000);
#10040=LINE('',#10037,#10039);
#10041=EDGE_CURVE('',#10028,#10036,#10040,.T.);
#10042=ORIENTED_EDGE('',*,*,#10041,.T.);
#10043=CARTESIAN_POINT('',(11.406407122777908,27.497318300361382,0.740000000000000));
#10044=DIRECTION('',(0.007871003930427,-0.999969023168782,0.0));
#10045=VECTOR('',#10044,0.574049560075046);
#10046=LINE('',#10043,#10045);
#10047=EDGE_CURVE('',#10018,#10036,#10046,.T.);
#10048=ORIENTED_EDGE('',*,*,#10047,.F.);
#10049=EDGE_LOOP('',(#10026,#10034,#10042,#10048));
#10050=FACE_OUTER_BOUND('',#10049,.T.);
#10051=ADVANCED_FACE('',(#10050),#10016,.F.);
#10052=CARTESIAN_POINT('',(11.383263513495908,30.437590287377034,0.750000000000000));
#10053=DIRECTION('',(-0.999969023168782,-0.007871003930426,0.0));
#10054=DIRECTION('',(0.0,0.0,1.0));
#10055=AXIS2_PLACEMENT_3D('',#10052,#10053,#10054);
#10056=PLANE('',#10055);
#10057=CARTESIAN_POINT('',(11.404780769847367,27.703937756489051,0.750000000000000));
#10058=VERTEX_POINT('',#10057);
#10059=CARTESIAN_POINT('',(11.404780769847367,27.703937756489051,0.740000000000000));
#10060=VERTEX_POINT('',#10059);
#10061=CARTESIAN_POINT('',(11.404780769847367,27.703937756489051,0.750000000000000));
#10062=DIRECTION('',(0.0,0.0,-1.0));
#10063=VECTOR('',#10062,0.010000000000000);
#10064=LINE('',#10061,#10063);
#10065=EDGE_CURVE('',#10058,#10060,#10064,.T.);
#10066=ORIENTED_EDGE('',*,*,#10065,.T.);
#10067=CARTESIAN_POINT('',(11.383263513495908,30.437590287377034,0.740000000000000));
#10068=VERTEX_POINT('',#10067);
#10069=CARTESIAN_POINT('',(11.383263513495908,30.437590287377034,0.740000000000000));
#10070=DIRECTION('',(0.007871003930426,-0.999969023168782,0.0));
#10071=VECTOR('',#10070,2.733737213404239);
#10072=LINE('',#10069,#10071);
#10073=EDGE_CURVE('',#10068,#10060,#10072,.T.);
#10074=ORIENTED_EDGE('',*,*,#10073,.F.);
#10075=CARTESIAN_POINT('',(11.383263513495908,30.437590287377034,0.750000000000000));
#10076=VERTEX_POINT('',#10075);
#10077=CARTESIAN_POINT('',(11.383263513495908,30.437590287377034,0.750000000000000));
#10078=DIRECTION('',(0.0,0.0,-1.0));
#10079=VECTOR('',#10078,0.010000000000000);
#10080=LINE('',#10077,#10079);
#10081=EDGE_CURVE('',#10076,#10068,#10080,.T.);
#10082=ORIENTED_EDGE('',*,*,#10081,.F.);
#10083=CARTESIAN_POINT('',(11.404780769847369,27.703937756489047,0.750000000000000));
#10084=DIRECTION('',(-0.007871003930426,0.999969023168782,0.0));
#10085=VECTOR('',#10084,2.733737213404239);
#10086=LINE('',#10083,#10085);
#10087=EDGE_CURVE('',#10058,#10076,#10086,.T.);
#10088=ORIENTED_EDGE('',*,*,#10087,.F.);
#10089=EDGE_LOOP('',(#10066,#10074,#10082,#10088));
#10090=FACE_OUTER_BOUND('',#10089,.T.);
#10091=ADVANCED_FACE('',(#10090),#10056,.F.);
#10092=CARTESIAN_POINT('',(11.611347726767821,26.870428055733726,0.750000000000000));
#10093=DIRECTION('',(0.999969023168782,0.007871003930427,0.0));
#10094=DIRECTION('',(0.0,0.0,-1.0));
#10095=AXIS2_PLACEMENT_3D('',#10092,#10093,#10094);
#10096=PLANE('',#10095);
#10097=CARTESIAN_POINT('',(11.605992374184076,27.550797007296829,0.740000000000000));
#10098=VERTEX_POINT('',#10097);
#10099=CARTESIAN_POINT('',(11.605992374184076,27.550797007296829,0.750000000000000));
#10100=DIRECTION('',(0.0,0.0,-1.0));
#10101=VECTOR('',#10100,0.010000000000000);
#10102=LINE('',#10099,#10101);
#10103=EDGE_CURVE('',#3189,#10098,#10102,.T.);
#10104=ORIENTED_EDGE('',*,*,#10103,.T.);
#10105=CARTESIAN_POINT('',(11.611347726767823,26.870428055733726,0.740000000000000));
#10106=DIRECTION('',(-0.007871003930427,0.999969023168782,0.0));
#10107=VECTOR('',#10106,0.680390027890160);
#10108=LINE('',#10105,#10107);
#10109=EDGE_CURVE('',#7293,#10098,#10108,.T.);
#10110=ORIENTED_EDGE('',*,*,#10109,.F.);
#10111=ORIENTED_EDGE('',*,*,#7298,.F.);
#10112=ORIENTED_EDGE('',*,*,#3202,.F.);
#10113=EDGE_LOOP('',(#10104,#10110,#10111,#10112));
#10114=FACE_OUTER_BOUND('',#10113,.T.);
#10115=ADVANCED_FACE('',(#10114),#10096,.F.);
#10116=CARTESIAN_POINT('',(13.116459439632964,27.380282972585039,0.750000000000000));
#10117=DIRECTION('',(0.869934079026888,0.493168022227354,0.0));
#10118=DIRECTION('',(0.0,0.0,-1.0));
#10119=AXIS2_PLACEMENT_3D('',#10116,#10117,#10118);
#10120=PLANE('',#10119);
#10121=CARTESIAN_POINT('',(12.833356553430262,27.879668247944732,0.750000000000000));
#10122=VERTEX_POINT('',#10121);
#10123=CARTESIAN_POINT('',(12.833356553430262,27.879668247944732,0.740000000000000));
#10124=VERTEX_POINT('',#10123);
#10125=CARTESIAN_POINT('',(12.833356553430262,27.879668247944732,0.750000000000000));
#10126=DIRECTION('',(0.0,0.0,-1.0));
#10127=VECTOR('',#10126,0.010000000000000);
#10128=LINE('',#10125,#10127);
#10129=EDGE_CURVE('',#10122,#10124,#10128,.T.);
#10130=ORIENTED_EDGE('',*,*,#10129,.T.);
#10131=CARTESIAN_POINT('',(13.116459439632964,27.380282972585036,0.740000000000000));
#10132=DIRECTION('',(-0.493168022227353,0.869934079026889,0.0));
#10133=VECTOR('',#10132,0.574049560075065);
#10134=LINE('',#10131,#10133);
#10135=EDGE_CURVE('',#9807,#10124,#10134,.T.);
#10136=ORIENTED_EDGE('',*,*,#10135,.F.);
#10137=ORIENTED_EDGE('',*,*,#9827,.F.);
#10138=CARTESIAN_POINT('',(12.833356553430260,27.879668247944732,0.750000000000000));
#10139=DIRECTION('',(0.493168022227355,-0.869934079026887,0.0));
#10140=VECTOR('',#10139,0.574049560075062);
#10141=LINE('',#10138,#10140);
#10142=EDGE_CURVE('',#10122,#9816,#10141,.T.);
#10143=ORIENTED_EDGE('',*,*,#10142,.F.);
#10144=EDGE_LOOP('',(#10130,#10136,#10137,#10143));
#10145=FACE_OUTER_BOUND('',#10144,.T.);
#10146=ADVANCED_FACE('',(#10145),#10120,.F.);
#10147=CARTESIAN_POINT('',(13.116459439632964,27.380282972585039,0.750000000000000));
#10148=DIRECTION('',(0.869934079026888,0.493168022227354,0.0));
#10149=DIRECTION('',(0.0,0.0,-1.0));
#10150=AXIS2_PLACEMENT_3D('',#10147,#10148,#10149);
#10151=PLANE('',#10150);
#10152=CARTESIAN_POINT('',(12.731455288319800,28.059419122332688,0.740000000000000));
#10153=VERTEX_POINT('',#10152);
#10154=CARTESIAN_POINT('',(12.731455288319800,28.059419122332688,0.750000000000000));
#10155=VERTEX_POINT('',#10154);
#10156=CARTESIAN_POINT('',(12.731455288319800,28.059419122332688,0.740000000000000));
#10157=DIRECTION('',(0.0,0.0,1.0));
#10158=VECTOR('',#10157,0.010000000000000);
#10159=LINE('',#10156,#10158);
#10160=EDGE_CURVE('',#10153,#10155,#10159,.T.);
#10161=ORIENTED_EDGE('',*,*,#10160,.T.);
#10162=CARTESIAN_POINT('',(11.383263513495910,30.437590287377038,0.750000000000000));
#10163=DIRECTION('',(0.493168022227354,-0.869934079026888,0.0));
#10164=VECTOR('',#10163,2.733737213404241);
#10165=LINE('',#10162,#10164);
#10166=EDGE_CURVE('',#10076,#10155,#10165,.T.);
#10167=ORIENTED_EDGE('',*,*,#10166,.F.);
#10168=ORIENTED_EDGE('',*,*,#10081,.T.);
#10169=CARTESIAN_POINT('',(12.731455288319799,28.059419122332685,0.740000000000000));
#10170=DIRECTION('',(-0.493168022227354,0.869934079026888,0.0));
#10171=VECTOR('',#10170,2.733737213404242);
#10172=LINE('',#10169,#10171);
#10173=EDGE_CURVE('',#10153,#10068,#10172,.T.);
#10174=ORIENTED_EDGE('',*,*,#10173,.F.);
#10175=EDGE_LOOP('',(#10161,#10167,#10168,#10174));
#10176=FACE_OUTER_BOUND('',#10175,.T.);
#10177=ADVANCED_FACE('',(#10176),#10151,.F.);
#10178=CARTESIAN_POINT('',(11.589322887919709,29.668566232651578,0.750000000000000));
#10179=DIRECTION('',(-0.869934079026890,-0.493168022227351,0.0));
#10180=DIRECTION('',(0.0,0.0,1.0));
#10181=AXIS2_PLACEMENT_3D('',#10178,#10179,#10180);
#10182=PLANE('',#10181);
#10183=CARTESIAN_POINT('',(12.633771302024099,27.826189541009288,0.740000000000000));
#10184=VERTEX_POINT('',#10183);
#10185=CARTESIAN_POINT('',(12.633771302024099,27.826189541009288,0.740000000000000));
#10186=DIRECTION('',(0.0,0.0,1.0));
#10187=VECTOR('',#10186,0.010000000000000);
#10188=LINE('',#10185,#10187);
#10189=EDGE_CURVE('',#10184,#3181,#10188,.T.);
#10190=ORIENTED_EDGE('',*,*,#10189,.T.);
#10191=ORIENTED_EDGE('',*,*,#3186,.F.);
#10192=CARTESIAN_POINT('',(12.969317906421910,27.234295068717564,0.740000000000000));
#10193=VERTEX_POINT('',#10192);
#10194=CARTESIAN_POINT('',(12.969317906421910,27.234295068717564,0.750000000000000));
#10195=DIRECTION('',(0.0,0.0,-1.0));
#10196=VECTOR('',#10195,0.010000000000000);
#10197=LINE('',#10194,#10196);
#10198=EDGE_CURVE('',#3179,#10193,#10197,.T.);
#10199=ORIENTED_EDGE('',*,*,#10198,.T.);
#10200=CARTESIAN_POINT('',(12.633771302024098,27.826189541009288,0.740000000000000));
#10201=DIRECTION('',(0.493168022227351,-0.869934079026890,0.0));
#10202=VECTOR('',#10201,0.680390027890180);
#10203=LINE('',#10200,#10202);
#10204=EDGE_CURVE('',#10184,#10193,#10203,.T.);
#10205=ORIENTED_EDGE('',*,*,#10204,.F.);
#10206=EDGE_LOOP('',(#10190,#10191,#10199,#10205));
#10207=FACE_OUTER_BOUND('',#10206,.T.);
#10208=ADVANCED_FACE('',(#10207),#10182,.F.);
#10209=CARTESIAN_POINT('',(11.410925469121519,26.923286522522673,0.750000000000000));
#10210=DIRECTION('',(-0.866025403784438,0.500000000000001,0.0));
#10211=DIRECTION('',(0.0,0.0,1.0));
#10212=AXIS2_PLACEMENT_3D('',#10209,#10210,#10211);
#10213=PLANE('',#10212);
#10214=CARTESIAN_POINT('',(11.410925469121517,26.923286522522666,0.740000000000000));
#10215=DIRECTION('',(-0.500000000000000,-0.866025403784438,0.0));
#10216=VECTOR('',#10215,18.621850938243043);
#10217=LINE('',#10214,#10216);
#10218=EDGE_CURVE('',#10036,#7428,#10217,.T.);
#10219=ORIENTED_EDGE('',*,*,#10218,.F.);
#10220=ORIENTED_EDGE('',*,*,#10041,.F.);
#10221=CARTESIAN_POINT('',(2.099999999999984,10.796290544517115,0.750000000000000));
#10222=DIRECTION('',(0.500000000000000,0.866025403784438,0.0));
#10223=VECTOR('',#10222,18.621850938243053);
#10224=LINE('',#10221,#10223);
#10225=EDGE_CURVE('',#7426,#10028,#10224,.T.);
#10226=ORIENTED_EDGE('',*,*,#10225,.F.);
#10227=ORIENTED_EDGE('',*,*,#7433,.T.);
#10228=EDGE_LOOP('',(#10219,#10220,#10226,#10227));
#10229=FACE_OUTER_BOUND('',#10228,.T.);
#10230=ADVANCED_FACE('',(#10229),#10213,.F.);
#10231=CARTESIAN_POINT('',(11.611347726767821,26.870428055733726,0.750000000000000));
#10232=DIRECTION('',(0.999969023168782,0.007871003930427,0.0));
#10233=DIRECTION('',(0.0,0.0,-1.0));
#10234=AXIS2_PLACEMENT_3D('',#10231,#10232,#10233);
#10235=PLANE('',#10234);
#10236=CARTESIAN_POINT('',(11.604366021253531,27.757416463424494,0.740000000000000));
#10237=VERTEX_POINT('',#10236);
#10238=CARTESIAN_POINT('',(11.604366021253531,27.757416463424494,0.750000000000000));
#10239=VERTEX_POINT('',#10238);
#10240=CARTESIAN_POINT('',(11.604366021253531,27.757416463424494,0.740000000000000));
#10241=DIRECTION('',(0.0,0.0,1.0));
#10242=VECTOR('',#10241,0.010000000000000);
#10243=LINE('',#10240,#10242);
#10244=EDGE_CURVE('',#10237,#10239,#10243,.T.);
#10245=ORIENTED_EDGE('',*,*,#10244,.T.);
#10246=CARTESIAN_POINT('',(11.589322887919709,29.668566232651578,0.750000000000000));
#10247=VERTEX_POINT('',#10246);
#10248=CARTESIAN_POINT('',(11.589322887919709,29.668566232651578,0.750000000000000));
#10249=DIRECTION('',(0.007871003930428,-0.999969023168782,0.0));
#10250=VECTOR('',#10249,1.911208972424842);
#10251=LINE('',#10248,#10250);
#10252=EDGE_CURVE('',#10247,#10239,#10251,.T.);
#10253=ORIENTED_EDGE('',*,*,#10252,.F.);
#10254=CARTESIAN_POINT('',(11.589322887919709,29.668566232651578,0.740000000000000));
#10255=VERTEX_POINT('',#10254);
#10256=CARTESIAN_POINT('',(11.589322887919709,29.668566232651578,0.750000000000000));
#10257=DIRECTION('',(0.0,0.0,-1.0));
#10258=VECTOR('',#10257,0.010000000000000);
#10259=LINE('',#10256,#10258);
#10260=EDGE_CURVE('',#10247,#10255,#10259,.T.);
#10261=ORIENTED_EDGE('',*,*,#10260,.T.);
#10262=CARTESIAN_POINT('',(11.604366021253533,27.757416463424494,0.740000000000000));
#10263=DIRECTION('',(-0.007871003930428,0.999969023168782,0.0));
#10264=VECTOR('',#10263,1.911208972424846);
#10265=LINE('',#10262,#10264);
#10266=EDGE_CURVE('',#10237,#10255,#10265,.T.);
#10267=ORIENTED_EDGE('',*,*,#10266,.F.);
#10268=EDGE_LOOP('',(#10245,#10253,#10261,#10267));
#10269=FACE_OUTER_BOUND('',#10268,.T.);
#10270=ADVANCED_FACE('',(#10269),#10235,.F.);
#10271=CARTESIAN_POINT('',(11.589322887919709,29.668566232651578,0.750000000000000));
#10272=DIRECTION('',(-0.869934079026890,-0.493168022227351,0.0));
#10273=DIRECTION('',(0.0,0.0,1.0));
#10274=AXIS2_PLACEMENT_3D('',#10271,#10272,#10273);
#10275=PLANE('',#10274);
#10276=CARTESIAN_POINT('',(12.531870036913638,28.005940415397244,0.750000000000000));
#10277=VERTEX_POINT('',#10276);
#10278=CARTESIAN_POINT('',(12.531870036913638,28.005940415397244,0.740000000000000));
#10279=VERTEX_POINT('',#10278);
#10280=CARTESIAN_POINT('',(12.531870036913638,28.005940415397244,0.750000000000000));
#10281=DIRECTION('',(0.0,0.0,-1.0));
#10282=VECTOR('',#10281,0.010000000000000);
#10283=LINE('',#10280,#10282);
#10284=EDGE_CURVE('',#10277,#10279,#10283,.T.);
#10285=ORIENTED_EDGE('',*,*,#10284,.T.);
#10286=CARTESIAN_POINT('',(11.589322887919709,29.668566232651578,0.740000000000000));
#10287=DIRECTION('',(0.493168022227351,-0.869934079026890,0.0));
#10288=VECTOR('',#10287,1.911208972424842);
#10289=LINE('',#10286,#10288);
#10290=EDGE_CURVE('',#10255,#10279,#10289,.T.);
#10291=ORIENTED_EDGE('',*,*,#10290,.F.);
#10292=ORIENTED_EDGE('',*,*,#10260,.F.);
#10293=CARTESIAN_POINT('',(12.531870036913634,28.005940415397244,0.750000000000000));
#10294=DIRECTION('',(-0.493168022227350,0.869934079026890,0.0));
#10295=VECTOR('',#10294,1.911208972424842);
#10296=LINE('',#10293,#10295);
#10297=EDGE_CURVE('',#10277,#10247,#10296,.T.);
#10298=ORIENTED_EDGE('',*,*,#10297,.F.);
#10299=EDGE_LOOP('',(#10285,#10291,#10292,#10298));
#10300=FACE_OUTER_BOUND('',#10299,.T.);
#10301=ADVANCED_FACE('',(#10300),#10275,.F.);
#10302=CARTESIAN_POINT('',(12.969317906421910,27.234295068717564,0.750000000000000));
#10303=DIRECTION('',(-0.500000000000001,-0.866025403784438,0.0));
#10304=DIRECTION('',(0.0,0.0,1.0));
#10305=AXIS2_PLACEMENT_3D('',#10302,#10303,#10304);
#10306=PLANE('',#10305);
#10307=CARTESIAN_POINT('',(12.969317906421919,27.234295068717582,0.740000000000000));
#10308=DIRECTION('',(0.866025403784440,-0.499999999999998,0.0));
#10309=VECTOR('',#10308,3.811793666659553);
#10310=LINE('',#10307,#10309);
#10311=EDGE_CURVE('',#10193,#9691,#10310,.T.);
#10312=ORIENTED_EDGE('',*,*,#10311,.F.);
#10313=ORIENTED_EDGE('',*,*,#10198,.F.);
#10314=ORIENTED_EDGE('',*,*,#3392,.F.);
#10315=ORIENTED_EDGE('',*,*,#9702,.T.);
#10316=EDGE_LOOP('',(#10312,#10313,#10314,#10315));
#10317=FACE_OUTER_BOUND('',#10316,.T.);
#10318=ADVANCED_FACE('',(#10317),#10306,.F.);
#10319=CARTESIAN_POINT('',(13.557016726266720,28.280627642932838,0.750000000000000));
#10320=DIRECTION('',(-0.258819045102520,0.965925826289069,0.0));
#10321=DIRECTION('',(0.0,0.0,1.0));
#10322=AXIS2_PLACEMENT_3D('',#10319,#10320,#10321);
#10323=PLANE('',#10322);
#10324=ORIENTED_EDGE('',*,*,#10244,.F.);
#10325=CARTESIAN_POINT('',(12.531870036913636,28.005940415397241,0.740000000000000));
#10326=DIRECTION('',(-0.965925826289069,-0.258819045102519,0.0));
#10327=VECTOR('',#10326,0.960222814647605);
#10328=LINE('',#10325,#10327);
#10329=EDGE_CURVE('',#10279,#10237,#10328,.T.);
#10330=ORIENTED_EDGE('',*,*,#10329,.F.);
#10331=ORIENTED_EDGE('',*,*,#10284,.F.);
#10332=CARTESIAN_POINT('',(11.604366021253529,27.757416463424494,0.750000000000000));
#10333=DIRECTION('',(0.965925826289069,0.258819045102518,0.0));
#10334=VECTOR('',#10333,0.960222814647609);
#10335=LINE('',#10332,#10334);
#10336=EDGE_CURVE('',#10239,#10277,#10335,.T.);
#10337=ORIENTED_EDGE('',*,*,#10336,.F.);
#10338=EDGE_LOOP('',(#10324,#10330,#10331,#10337));
#10339=FACE_OUTER_BOUND('',#10338,.T.);
#10340=ADVANCED_FACE('',(#10339),#10323,.F.);
#10341=CARTESIAN_POINT('',(13.557016726266720,28.280627642932838,0.750000000000000));
#10342=DIRECTION('',(-0.258819045102520,0.965925826289069,0.0));
#10343=DIRECTION('',(0.0,0.0,1.0));
#10344=AXIS2_PLACEMENT_3D('',#10341,#10342,#10343);
#10345=PLANE('',#10344);
#10346=ORIENTED_EDGE('',*,*,#10160,.F.);
#10347=CARTESIAN_POINT('',(13.557016726266720,28.280627642932838,0.740000000000000));
#10348=VERTEX_POINT('',#10347);
#10349=CARTESIAN_POINT('',(13.557016726266720,28.280627642932838,0.740000000000000));
#10350=DIRECTION('',(-0.965925826289068,-0.258819045102521,0.0));
#10351=VECTOR('',#10350,0.854684092171543);
#10352=LINE('',#10349,#10351);
#10353=EDGE_CURVE('',#10348,#10153,#10352,.T.);
#10354=ORIENTED_EDGE('',*,*,#10353,.F.);
#10355=CARTESIAN_POINT('',(13.557016726266720,28.280627642932838,0.750000000000000));
#10356=VERTEX_POINT('',#10355);
#10357=CARTESIAN_POINT('',(13.557016726266720,28.280627642932838,0.750000000000000));
#10358=DIRECTION('',(0.0,0.0,-1.0));
#10359=VECTOR('',#10358,0.010000000000000);
#10360=LINE('',#10357,#10359);
#10361=EDGE_CURVE('',#10356,#10348,#10360,.T.);
#10362=ORIENTED_EDGE('',*,*,#10361,.F.);
#10363=CARTESIAN_POINT('',(12.731455288319799,28.059419122332685,0.750000000000000));
#10364=DIRECTION('',(0.965925826289068,0.258819045102521,0.0));
#10365=VECTOR('',#10364,0.854684092171543);
#10366=LINE('',#10363,#10365);
#10367=EDGE_CURVE('',#10155,#10356,#10366,.T.);
#10368=ORIENTED_EDGE('',*,*,#10367,.F.);
#10369=EDGE_LOOP('',(#10346,#10354,#10362,#10368));
#10370=FACE_OUTER_BOUND('',#10369,.T.);
#10371=ADVANCED_FACE('',(#10370),#10345,.F.);
#10372=CARTESIAN_POINT('',(10.711003056420015,27.310985342367466,0.750000000000000));
#10373=DIRECTION('',(0.258819045102521,-0.965925826289068,0.0));
#10374=DIRECTION('',(0.0,0.0,-1.0));
#10375=AXIS2_PLACEMENT_3D('',#10372,#10373,#10374);
#10376=PLANE('',#10375);
#10377=ORIENTED_EDGE('',*,*,#10129,.F.);
#10378=CARTESIAN_POINT('',(13.528760619788155,28.066001205938640,0.750000000000000));
#10379=VERTEX_POINT('',#10378);
#10380=CARTESIAN_POINT('',(13.528760619788155,28.066001205938647,0.750000000000000));
#10381=DIRECTION('',(-0.965925826289069,-0.258819045102520,0.0));
#10382=VECTOR('',#10381,0.719935265660638);
#10383=LINE('',#10380,#10382);
#10384=EDGE_CURVE('',#10379,#10122,#10383,.T.);
#10385=ORIENTED_EDGE('',*,*,#10384,.F.);
#10386=CARTESIAN_POINT('',(13.528760619788155,28.066001205938640,0.740000000000000));
#10387=VERTEX_POINT('',#10386);
#10388=CARTESIAN_POINT('',(13.528760619788155,28.066001205938640,0.750000000000000));
#10389=DIRECTION('',(0.0,0.0,-1.0));
#10390=VECTOR('',#10389,0.010000000000000);
#10391=LINE('',#10388,#10390);
#10392=EDGE_CURVE('',#10379,#10387,#10391,.T.);
#10393=ORIENTED_EDGE('',*,*,#10392,.T.);
#10394=CARTESIAN_POINT('',(12.833356553430264,27.879668247944728,0.740000000000000));
#10395=DIRECTION('',(0.965925826289069,0.258819045102520,0.0));
#10396=VECTOR('',#10395,0.719935265660638);
#10397=LINE('',#10394,#10396);
#10398=EDGE_CURVE('',#10124,#10387,#10397,.T.);
#10399=ORIENTED_EDGE('',*,*,#10398,.F.);
#10400=EDGE_LOOP('',(#10377,#10385,#10393,#10399));
#10401=FACE_OUTER_BOUND('',#10400,.T.);
#10402=ADVANCED_FACE('',(#10401),#10376,.F.);
#10403=CARTESIAN_POINT('',(10.711003056420015,27.310985342367466,0.750000000000000));
#10404=DIRECTION('',(0.258819045102521,-0.965925826289068,0.0));
#10405=DIRECTION('',(0.0,0.0,-1.0));
#10406=AXIS2_PLACEMENT_3D('',#10403,#10404,#10405);
#10407=PLANE('',#10406);
#10408=ORIENTED_EDGE('',*,*,#10103,.F.);
#10409=ORIENTED_EDGE('',*,*,#3194,.F.);
#10410=ORIENTED_EDGE('',*,*,#10189,.F.);
#10411=CARTESIAN_POINT('',(11.605992374184076,27.550797007296822,0.740000000000000));
#10412=DIRECTION('',(0.965925826289068,0.258819045102524,0.0));
#10413=VECTOR('',#10412,1.064035042720190);
#10414=LINE('',#10411,#10413);
#10415=EDGE_CURVE('',#10098,#10184,#10414,.T.);
#10416=ORIENTED_EDGE('',*,*,#10415,.F.);
#10417=EDGE_LOOP('',(#10408,#10409,#10410,#10416));
#10418=FACE_OUTER_BOUND('',#10417,.T.);
#10419=ADVANCED_FACE('',(#10418),#10407,.F.);
#10420=CARTESIAN_POINT('',(17.680627642932848,23.382729235888920,0.750000000000000));
#10421=DIRECTION('',(0.965925826289068,0.258819045102521,0.0));
#10422=DIRECTION('',(0.0,0.0,-1.0));
#10423=AXIS2_PLACEMENT_3D('',#10420,#10421,#10422);
#10424=PLANE('',#10423);
#10425=ORIENTED_EDGE('',*,*,#9650,.F.);
#10426=CARTESIAN_POINT('',(16.882729235888899,26.360526630255205,0.750000000000000));
#10427=VERTEX_POINT('',#10426);
#10428=CARTESIAN_POINT('',(16.882729235888903,26.360526630255205,0.750000000000000));
#10429=DIRECTION('',(0.258819045102520,-0.965925826289069,0.0));
#10430=VECTOR('',#10429,0.854684092171561);
#10431=LINE('',#10428,#10430);
#10432=EDGE_CURVE('',#10427,#9643,#10431,.T.);
#10433=ORIENTED_EDGE('',*,*,#10432,.F.);
#10434=CARTESIAN_POINT('',(16.882729235888899,26.360526630255205,0.740000000000000));
#10435=VERTEX_POINT('',#10434);
#10436=CARTESIAN_POINT('',(16.882729235888899,26.360526630255205,0.750000000000000));
#10437=DIRECTION('',(0.0,0.0,-1.0));
#10438=VECTOR('',#10437,0.010000000000000);
#10439=LINE('',#10436,#10438);
#10440=EDGE_CURVE('',#10427,#10435,#10439,.T.);
#10441=ORIENTED_EDGE('',*,*,#10440,.T.);
#10442=CARTESIAN_POINT('',(17.103937756489056,25.534965192308274,0.740000000000000));
#10443=DIRECTION('',(-0.258819045102522,0.965925826289068,0.0));
#10444=VECTOR('',#10443,0.854684092171555);
#10445=LINE('',#10442,#10444);
#10446=EDGE_CURVE('',#9645,#10435,#10445,.T.);
#10447=ORIENTED_EDGE('',*,*,#10446,.F.);
#10448=EDGE_LOOP('',(#10425,#10433,#10441,#10447));
#10449=FACE_OUTER_BOUND('',#10448,.T.);
#10450=ADVANCED_FACE('',(#10449),#10424,.F.);
#10451=CARTESIAN_POINT('',(16.882729235888899,26.360526630255205,0.750000000000000));
#10452=DIRECTION('',(0.499999999999996,0.866025403784441,0.0));
#10453=DIRECTION('',(0.0,0.0,1.0));
#10454=AXIS2_PLACEMENT_3D('',#10451,#10452,#10453);
#10455=PLANE('',#10454);
#10456=CARTESIAN_POINT('',(16.882729235888895,26.360526630255176,0.740000000000000));
#10457=DIRECTION('',(-0.866025403784440,0.499999999999998,0.0));
#10458=VECTOR('',#10457,3.840202025355330);
#10459=LINE('',#10456,#10458);
#10460=EDGE_CURVE('',#10435,#10348,#10459,.T.);
#10461=ORIENTED_EDGE('',*,*,#10460,.F.);
#10462=ORIENTED_EDGE('',*,*,#10440,.F.);
#10463=CARTESIAN_POINT('',(13.557016726266729,28.280627642932856,0.750000000000000));
#10464=DIRECTION('',(0.866025403784441,-0.499999999999997,0.0));
#10465=VECTOR('',#10464,3.840202025355322);
#10466=LINE('',#10463,#10465);
#10467=EDGE_CURVE('',#10356,#10427,#10466,.T.);
#10468=ORIENTED_EDGE('',*,*,#10467,.F.);
#10469=ORIENTED_EDGE('',*,*,#10361,.T.);
#10470=EDGE_LOOP('',(#10461,#10462,#10468,#10469));
#10471=FACE_OUTER_BOUND('',#10470,.T.);
#10472=ADVANCED_FACE('',(#10471),#10455,.F.);
#10473=CARTESIAN_POINT('',(16.710985342367465,26.228742905735622,0.750000000000000));
#10474=DIRECTION('',(-0.965925826289068,-0.258819045102522,0.0));
#10475=DIRECTION('',(0.0,0.0,1.0));
#10476=AXIS2_PLACEMENT_3D('',#10473,#10474,#10475);
#10477=PLANE('',#10476);
#10478=ORIENTED_EDGE('',*,*,#9610,.F.);
#10479=CARTESIAN_POINT('',(16.710985342367465,26.228742905735622,0.740000000000000));
#10480=VERTEX_POINT('',#10479);
#10481=CARTESIAN_POINT('',(16.710985342367465,26.228742905735622,0.740000000000000));
#10482=DIRECTION('',(0.258819045102524,-0.965925826289068,0.0));
#10483=VECTOR('',#10482,0.719935265660642);
#10484=LINE('',#10481,#10483);
#10485=EDGE_CURVE('',#10480,#9603,#10484,.T.);
#10486=ORIENTED_EDGE('',*,*,#10485,.F.);
#10487=CARTESIAN_POINT('',(16.710985342367465,26.228742905735622,0.750000000000000));
#10488=VERTEX_POINT('',#10487);
#10489=CARTESIAN_POINT('',(16.710985342367465,26.228742905735622,0.750000000000000));
#10490=DIRECTION('',(0.0,0.0,-1.0));
#10491=VECTOR('',#10490,0.010000000000000);
#10492=LINE('',#10489,#10491);
#10493=EDGE_CURVE('',#10488,#10480,#10492,.T.);
#10494=ORIENTED_EDGE('',*,*,#10493,.F.);
#10495=CARTESIAN_POINT('',(16.897318300361388,25.533338839377727,0.750000000000000));
#10496=DIRECTION('',(-0.258819045102524,0.965925826289068,0.0));
#10497=VECTOR('',#10496,0.719935265660642);
#10498=LINE('',#10495,#10497);
#10499=EDGE_CURVE('',#9605,#10488,#10498,.T.);
#10500=ORIENTED_EDGE('',*,*,#10499,.F.);
#10501=EDGE_LOOP('',(#10478,#10486,#10494,#10500));
#10502=FACE_OUTER_BOUND('',#10501,.T.);
#10503=ADVANCED_FACE('',(#10502),#10477,.F.);
#10504=CARTESIAN_POINT('',(17.466001205938650,23.410985342367489,0.750000000000000));
#10505=DIRECTION('',(-0.866025403784439,0.499999999999999,0.0));
#10506=DIRECTION('',(0.0,0.0,1.0));
#10507=AXIS2_PLACEMENT_3D('',#10504,#10505,#10506);
#10508=PLANE('',#10507);
#10509=CARTESIAN_POINT('',(17.466001205938653,23.410985342367482,0.740000000000000));
#10510=DIRECTION('',(-0.500000000000000,-0.866025403784439,0.0));
#10511=VECTOR('',#10510,12.089519572321350);
#10512=LINE('',#10509,#10511);
#10513=EDGE_CURVE('',#9979,#7639,#10512,.T.);
#10514=ORIENTED_EDGE('',*,*,#10513,.F.);
#10515=ORIENTED_EDGE('',*,*,#9984,.F.);
#10516=CARTESIAN_POINT('',(11.421241419777985,12.941154273188001,0.750000000000000));
#10517=DIRECTION('',(0.499999999999999,0.866025403784439,0.0));
#10518=VECTOR('',#10517,12.089519572321358);
#10519=LINE('',#10516,#10518);
#10520=EDGE_CURVE('',#7641,#9971,#10519,.T.);
#10521=ORIENTED_EDGE('',*,*,#10520,.F.);
#10522=ORIENTED_EDGE('',*,*,#7646,.F.);
#10523=EDGE_LOOP('',(#10514,#10515,#10521,#10522));
#10524=FACE_OUTER_BOUND('',#10523,.T.);
#10525=ADVANCED_FACE('',(#10524),#10508,.F.);
#10526=CARTESIAN_POINT('',(13.557016726266720,28.280627642932838,0.750000000000000));
#10527=DIRECTION('',(-0.258819045102520,0.965925826289069,0.0));
#10528=DIRECTION('',(0.0,0.0,1.0));
#10529=AXIS2_PLACEMENT_3D('',#10526,#10527,#10528);
#10530=PLANE('',#10529);
#10531=ORIENTED_EDGE('',*,*,#10065,.F.);
#10532=CARTESIAN_POINT('',(10.579219331900429,27.482729235888897,0.750000000000000));
#10533=VERTEX_POINT('',#10532);
#10534=CARTESIAN_POINT('',(10.579219331900429,27.482729235888893,0.750000000000000));
#10535=DIRECTION('',(0.965925826289069,0.258819045102520,0.0));
#10536=VECTOR('',#10535,0.854684092171561);
#10537=LINE('',#10534,#10536);
#10538=EDGE_CURVE('',#10533,#10058,#10537,.T.);
#10539=ORIENTED_EDGE('',*,*,#10538,.F.);
#10540=CARTESIAN_POINT('',(10.579219331900429,27.482729235888897,0.740000000000000));
#10541=VERTEX_POINT('',#10540);
#10542=CARTESIAN_POINT('',(10.579219331900429,27.482729235888897,0.750000000000000));
#10543=DIRECTION('',(0.0,0.0,-1.0));
#10544=VECTOR('',#10543,0.010000000000000);
#10545=LINE('',#10542,#10544);
#10546=EDGE_CURVE('',#10533,#10541,#10545,.T.);
#10547=ORIENTED_EDGE('',*,*,#10546,.T.);
#10548=CARTESIAN_POINT('',(11.404780769847369,27.703937756489051,0.740000000000000));
#10549=DIRECTION('',(-0.965925826289068,-0.258819045102520,0.0));
#10550=VECTOR('',#10549,0.854684092171560);
#10551=LINE('',#10548,#10550);
#10552=EDGE_CURVE('',#10060,#10541,#10551,.T.);
#10553=ORIENTED_EDGE('',*,*,#10552,.F.);
#10554=EDGE_LOOP('',(#10531,#10539,#10547,#10553));
#10555=FACE_OUTER_BOUND('',#10554,.T.);
#10556=ADVANCED_FACE('',(#10555),#10530,.F.);
#10557=CARTESIAN_POINT('',(10.579219331900429,27.482729235888897,0.750000000000000));
#10558=DIRECTION('',(-0.866025403784440,0.499999999999998,0.0));
#10559=DIRECTION('',(0.0,0.0,1.0));
#10560=AXIS2_PLACEMENT_3D('',#10557,#10558,#10559);
#10561=PLANE('',#10560);
#10562=CARTESIAN_POINT('',(10.579219331900436,27.482729235888890,0.740000000000000));
#10563=DIRECTION('',(-0.500000000000000,-0.866025403784438,0.0));
#10564=VECTOR('',#10563,17.358438663800882);
#10565=LINE('',#10562,#10564);
#10566=EDGE_CURVE('',#10541,#7852,#10565,.T.);
#10567=ORIENTED_EDGE('',*,*,#10566,.F.);
#10568=ORIENTED_EDGE('',*,*,#10546,.F.);
#10569=CARTESIAN_POINT('',(1.900000000000024,12.449880383003300,0.750000000000000));
#10570=DIRECTION('',(0.499999999999998,0.866025403784440,0.0));
#10571=VECTOR('',#10570,17.358438663800889);
#10572=LINE('',#10569,#10571);
#10573=EDGE_CURVE('',#7843,#10533,#10572,.T.);
#10574=ORIENTED_EDGE('',*,*,#10573,.F.);
#10575=ORIENTED_EDGE('',*,*,#7863,.T.);
#10576=EDGE_LOOP('',(#10567,#10568,#10574,#10575));
#10577=FACE_OUTER_BOUND('',#10576,.T.);
#10578=ADVANCED_FACE('',(#10577),#10561,.F.);
#10579=CARTESIAN_POINT('',(10.711003056420015,27.310985342367466,0.750000000000000));
#10580=DIRECTION('',(0.258819045102521,-0.965925826289068,0.0));
#10581=DIRECTION('',(0.0,0.0,-1.0));
#10582=AXIS2_PLACEMENT_3D('',#10579,#10580,#10581);
#10583=PLANE('',#10582);
#10584=ORIENTED_EDGE('',*,*,#10025,.F.);
#10585=CARTESIAN_POINT('',(10.711003056420017,27.310985342367463,0.740000000000000));
#10586=DIRECTION('',(0.965925826289069,0.258819045102520,0.0));
#10587=VECTOR('',#10586,0.719935265660639);
#10588=LINE('',#10585,#10587);
#10589=EDGE_CURVE('',#7821,#10018,#10588,.T.);
#10590=ORIENTED_EDGE('',*,*,#10589,.F.);
#10591=ORIENTED_EDGE('',*,*,#7826,.F.);
#10592=CARTESIAN_POINT('',(11.406407122777910,27.497318300361382,0.750000000000000));
#10593=DIRECTION('',(-0.965925826289069,-0.258819045102519,0.0));
#10594=VECTOR('',#10593,0.719935265660641);
#10595=LINE('',#10592,#10594);
#10596=EDGE_CURVE('',#10020,#7813,#10595,.T.);
#10597=ORIENTED_EDGE('',*,*,#10596,.F.);
#10598=EDGE_LOOP('',(#10584,#10590,#10591,#10597));
#10599=FACE_OUTER_BOUND('',#10598,.T.);
#10600=ADVANCED_FACE('',(#10599),#10583,.F.);
#10601=CARTESIAN_POINT('',(13.528760619788155,28.066001205938640,0.750000000000000));
#10602=DIRECTION('',(-0.500000000000001,-0.866025403784438,0.0));
#10603=DIRECTION('',(0.0,0.0,1.0));
#10604=AXIS2_PLACEMENT_3D('',#10601,#10602,#10603);
#10605=PLANE('',#10604);
#10606=CARTESIAN_POINT('',(13.528760619788157,28.066001205938658,0.740000000000000));
#10607=DIRECTION('',(0.866025403784439,-0.499999999999999,0.0));
#10608=VECTOR('',#10607,3.674516600406089);
#10609=LINE('',#10606,#10608);
#10610=EDGE_CURVE('',#10387,#10480,#10609,.T.);
#10611=ORIENTED_EDGE('',*,*,#10610,.F.);
#10612=ORIENTED_EDGE('',*,*,#10392,.F.);
#10613=CARTESIAN_POINT('',(16.710985342367458,26.228742905735604,0.750000000000000));
#10614=DIRECTION('',(-0.866025403784438,0.500000000000001,0.0));
#10615=VECTOR('',#10614,3.674516600406082);
#10616=LINE('',#10613,#10615);
#10617=EDGE_CURVE('',#10488,#10379,#10616,.T.);
#10618=ORIENTED_EDGE('',*,*,#10617,.F.);
#10619=ORIENTED_EDGE('',*,*,#10493,.T.);
#10620=EDGE_LOOP('',(#10611,#10612,#10618,#10619));
#10621=FACE_OUTER_BOUND('',#10620,.T.);
#10622=ADVANCED_FACE('',(#10621),#10605,.F.);
#10623=CARTESIAN_POINT('',(12.196153927571821,27.403841961060035,0.740000000000000));
#10624=DIRECTION('',(0.0,0.0,1.0));
#10625=DIRECTION('',(1.0,0.0,0.0));
#10626=AXIS2_PLACEMENT_3D('',#10623,#10624,#10625);
#10627=PLANE('',#10626);
#10628=ORIENTED_EDGE('',*,*,#10073,.T.);
#10629=ORIENTED_EDGE('',*,*,#10552,.T.);
#10630=ORIENTED_EDGE('',*,*,#10566,.T.);
#10631=ORIENTED_EDGE('',*,*,#7857,.T.);
#10632=ORIENTED_EDGE('',*,*,#7344,.T.);
#10633=ORIENTED_EDGE('',*,*,#7485,.T.);
#10634=ORIENTED_EDGE('',*,*,#8702,.T.);
#10635=ORIENTED_EDGE('',*,*,#8524,.T.);
#10636=ORIENTED_EDGE('',*,*,#8424,.T.);
#10637=ORIENTED_EDGE('',*,*,#9318,.T.);
#10638=ORIENTED_EDGE('',*,*,#9332,.T.);
#10639=ORIENTED_EDGE('',*,*,#8296,.T.);
#10640=ORIENTED_EDGE('',*,*,#8100,.T.);
#10641=ORIENTED_EDGE('',*,*,#7984,.T.);
#10642=ORIENTED_EDGE('',*,*,#9203,.T.);
#10643=ORIENTED_EDGE('',*,*,#9217,.T.);
#10644=ORIENTED_EDGE('',*,*,#9110,.T.);
#10645=ORIENTED_EDGE('',*,*,#8930,.T.);
#10646=ORIENTED_EDGE('',*,*,#8823,.T.);
#10647=ORIENTED_EDGE('',*,*,#9415,.T.);
#10648=ORIENTED_EDGE('',*,*,#9429,.T.);
#10649=ORIENTED_EDGE('',*,*,#7694,.T.);
#10650=ORIENTED_EDGE('',*,*,#7770,.T.);
#10651=ORIENTED_EDGE('',*,*,#9952,.T.);
#10652=ORIENTED_EDGE('',*,*,#9765,.T.);
#10653=ORIENTED_EDGE('',*,*,#9658,.T.);
#10654=ORIENTED_EDGE('',*,*,#10446,.T.);
#10655=ORIENTED_EDGE('',*,*,#10460,.T.);
#10656=ORIENTED_EDGE('',*,*,#10353,.T.);
#10657=ORIENTED_EDGE('',*,*,#10173,.T.);
#10658=EDGE_LOOP('',(#10628,#10629,#10630,#10631,#10632,#10633,#10634,#10635,#10636,#10637,#10638,#10639,#10640,#10641,#10642,#10643,#10644,#10645,#10646,#10647,#10648,#10649,#10650,#10651,#10652,#10653,#10654,#10655,#10656,#10657));
#10659=FACE_OUTER_BOUND('',#10658,.T.);
#10660=ORIENTED_EDGE('',*,*,#10589,.T.);
#10661=ORIENTED_EDGE('',*,*,#10047,.T.);
#10662=ORIENTED_EDGE('',*,*,#10218,.T.);
#10663=ORIENTED_EDGE('',*,*,#7455,.T.);
#10664=ORIENTED_EDGE('',*,*,#7832,.T.);
#10665=EDGE_LOOP('',(#10660,#10661,#10662,#10663,#10664));
#10666=FACE_BOUND('',#10665,.T.);
#10667=ORIENTED_EDGE('',*,*,#10109,.T.);
#10668=ORIENTED_EDGE('',*,*,#10415,.T.);
#10669=ORIENTED_EDGE('',*,*,#10204,.T.);
#10670=ORIENTED_EDGE('',*,*,#10311,.T.);
#10671=ORIENTED_EDGE('',*,*,#9696,.T.);
#10672=ORIENTED_EDGE('',*,*,#10007,.T.);
#10673=ORIENTED_EDGE('',*,*,#9796,.T.);
#10674=ORIENTED_EDGE('',*,*,#9912,.T.);
#10675=ORIENTED_EDGE('',*,*,#7541,.T.);
#10676=ORIENTED_EDGE('',*,*,#7918,.T.);
#10677=ORIENTED_EDGE('',*,*,#9572,.T.);
#10678=ORIENTED_EDGE('',*,*,#9529,.T.);
#10679=ORIENTED_EDGE('',*,*,#7517,.T.);
#10680=ORIENTED_EDGE('',*,*,#9589,.T.);
#10681=ORIENTED_EDGE('',*,*,#8861,.T.);
#10682=ORIENTED_EDGE('',*,*,#9172,.T.);
#10683=ORIENTED_EDGE('',*,*,#8961,.T.);
#10684=ORIENTED_EDGE('',*,*,#9068,.T.);
#10685=ORIENTED_EDGE('',*,*,#8022,.T.);
#10686=ORIENTED_EDGE('',*,*,#8358,.T.);
#10687=ORIENTED_EDGE('',*,*,#8131,.T.);
#10688=ORIENTED_EDGE('',*,*,#8249,.T.);
#10689=ORIENTED_EDGE('',*,*,#8460,.T.);
#10690=ORIENTED_EDGE('',*,*,#8757,.T.);
#10691=ORIENTED_EDGE('',*,*,#8555,.T.);
#10692=ORIENTED_EDGE('',*,*,#8662,.T.);
#10693=ORIENTED_EDGE('',*,*,#7304,.T.);
#10694=EDGE_LOOP('',(#10667,#10668,#10669,#10670,#10671,#10672,#10673,#10674,#10675,#10676,#10677,#10678,#10679,#10680,#10681,#10682,#10683,#10684,#10685,#10686,#10687,#10688,#10689,#10690,#10691,#10692,#10693));
#10695=FACE_BOUND('',#10694,.T.);
#10696=ORIENTED_EDGE('',*,*,#10329,.T.);
#10697=ORIENTED_EDGE('',*,*,#10266,.T.);
#10698=ORIENTED_EDGE('',*,*,#10290,.T.);
#10699=EDGE_LOOP('',(#10696,#10697,#10698));
#10700=FACE_BOUND('',#10699,.T.);
#10701=ORIENTED_EDGE('',*,*,#9930,.T.);
#10702=ORIENTED_EDGE('',*,*,#9867,.T.);
#10703=ORIENTED_EDGE('',*,*,#9891,.T.);
#10704=EDGE_LOOP('',(#10701,#10702,#10703));
#10705=FACE_BOUND('',#10704,.T.);
#10706=ORIENTED_EDGE('',*,*,#10513,.T.);
#10707=ORIENTED_EDGE('',*,*,#7668,.T.);
#10708=ORIENTED_EDGE('',*,*,#7724,.T.);
#10709=ORIENTED_EDGE('',*,*,#9727,.T.);
#10710=ORIENTED_EDGE('',*,*,#9990,.T.);
#10711=EDGE_LOOP('',(#10706,#10707,#10708,#10709,#10710));
#10712=FACE_BOUND('',#10711,.T.);
#10713=ORIENTED_EDGE('',*,*,#8569,.T.);
#10714=ORIENTED_EDGE('',*,*,#8055,.T.);
#10715=ORIENTED_EDGE('',*,*,#8341,.T.);
#10716=ORIENTED_EDGE('',*,*,#9272,.T.);
#10717=ORIENTED_EDGE('',*,*,#9355,.T.);
#10718=ORIENTED_EDGE('',*,*,#8398,.T.);
#10719=EDGE_LOOP('',(#10713,#10714,#10715,#10716,#10717,#10718));
#10720=FACE_BOUND('',#10719,.T.);
#10721=ORIENTED_EDGE('',*,*,#8975,.T.);
#10722=ORIENTED_EDGE('',*,*,#7614,.T.);
#10723=ORIENTED_EDGE('',*,*,#7801,.T.);
#10724=ORIENTED_EDGE('',*,*,#9452,.T.);
#10725=ORIENTED_EDGE('',*,*,#8797,.T.);
#10726=EDGE_LOOP('',(#10721,#10722,#10723,#10724,#10725));
#10727=FACE_BOUND('',#10726,.T.);
#10728=ORIENTED_EDGE('',*,*,#9086,.T.);
#10729=ORIENTED_EDGE('',*,*,#9023,.T.);
#10730=ORIENTED_EDGE('',*,*,#9047,.T.);
#10731=EDGE_LOOP('',(#10728,#10729,#10730));
#10732=FACE_BOUND('',#10731,.T.);
#10733=ORIENTED_EDGE('',*,*,#8680,.T.);
#10734=ORIENTED_EDGE('',*,*,#8617,.T.);
#10735=ORIENTED_EDGE('',*,*,#8641,.T.);
#10736=EDGE_LOOP('',(#10733,#10734,#10735));
#10737=FACE_BOUND('',#10736,.T.);
#10738=ORIENTED_EDGE('',*,*,#9376,.T.);
#10739=ORIENTED_EDGE('',*,*,#7370,.T.);
#10740=ORIENTED_EDGE('',*,*,#7415,.T.);
#10741=ORIENTED_EDGE('',*,*,#8486,.T.);
#10742=ORIENTED_EDGE('',*,*,#8740,.T.);
#10743=EDGE_LOOP('',(#10738,#10739,#10740,#10741,#10742));
#10744=FACE_BOUND('',#10743,.T.);
#10745=ORIENTED_EDGE('',*,*,#8272,.T.);
#10746=ORIENTED_EDGE('',*,*,#8202,.T.);
#10747=ORIENTED_EDGE('',*,*,#8226,.T.);
#10748=EDGE_LOOP('',(#10745,#10746,#10747));
#10749=FACE_BOUND('',#10748,.T.);
#10750=ORIENTED_EDGE('',*,*,#9242,.T.);
#10751=ORIENTED_EDGE('',*,*,#7958,.T.);
#10752=ORIENTED_EDGE('',*,*,#8147,.T.);
#10753=ORIENTED_EDGE('',*,*,#8892,.T.);
#10754=ORIENTED_EDGE('',*,*,#9155,.T.);
#10755=ORIENTED_EDGE('',*,*,#9473,.T.);
#10756=EDGE_LOOP('',(#10750,#10751,#10752,#10753,#10754,#10755));
#10757=FACE_BOUND('',#10756,.T.);
#10758=ORIENTED_EDGE('',*,*,#9550,.T.);
#10759=ORIENTED_EDGE('',*,*,#7880,.T.);
#10760=ORIENTED_EDGE('',*,*,#7588,.T.);
#10761=ORIENTED_EDGE('',*,*,#9512,.T.);
#10762=EDGE_LOOP('',(#10758,#10759,#10760,#10761));
#10763=FACE_BOUND('',#10762,.T.);
#10764=ORIENTED_EDGE('',*,*,#10485,.T.);
#10765=ORIENTED_EDGE('',*,*,#9632,.T.);
#10766=ORIENTED_EDGE('',*,*,#9812,.T.);
#10767=ORIENTED_EDGE('',*,*,#10135,.T.);
#10768=ORIENTED_EDGE('',*,*,#10398,.T.);
#10769=ORIENTED_EDGE('',*,*,#10610,.T.);
#10770=EDGE_LOOP('',(#10764,#10765,#10766,#10767,#10768,#10769));
#10771=FACE_BOUND('',#10770,.T.);
#10772=ADVANCED_FACE('',(#10659,#10666,#10695,#10700,#10705,#10712,#10720,#10727,#10732,#10737,#10744,#10749,#10757,#10763,#10771),#10627,.T.);
#10773=CARTESIAN_POINT('',(10.961953998718965,12.746656831701618,0.750000000000000));
#10774=DIRECTION('',(0.0,0.0,1.0));
#10775=DIRECTION('',(1.0,0.0,0.0));
#10776=AXIS2_PLACEMENT_3D('',#10773,#10774,#10775);
#10777=PLANE('',#10776);
#10778=ORIENTED_EDGE('',*,*,#10252,.T.);
#10779=ORIENTED_EDGE('',*,*,#10336,.T.);
#10780=ORIENTED_EDGE('',*,*,#10297,.T.);
#10781=EDGE_LOOP('',(#10778,#10779,#10780));
#10782=FACE_OUTER_BOUND('',#10781,.T.);
#10783=ADVANCED_FACE('',(#10782),#10777,.T.);
#10784=CARTESIAN_POINT('',(10.961953998718965,12.746656831701618,0.750000000000000));
#10785=DIRECTION('',(0.0,0.0,1.0));
#10786=DIRECTION('',(1.0,0.0,0.0));
#10787=AXIS2_PLACEMENT_3D('',#10784,#10785,#10786);
#10788=PLANE('',#10787);
#10789=ORIENTED_EDGE('',*,*,#2412,.T.);
#10790=ORIENTED_EDGE('',*,*,#2454,.T.);
#10791=ORIENTED_EDGE('',*,*,#2491,.T.);
#10792=ORIENTED_EDGE('',*,*,#2528,.T.);
#10793=ORIENTED_EDGE('',*,*,#2565,.T.);
#10794=ORIENTED_EDGE('',*,*,#2602,.T.);
#10795=ORIENTED_EDGE('',*,*,#2639,.T.);
#10796=ORIENTED_EDGE('',*,*,#2667,.T.);
#10797=EDGE_LOOP('',(#10789,#10790,#10791,#10792,#10793,#10794,#10795,#10796));
#10798=FACE_OUTER_BOUND('',#10797,.T.);
#10799=ADVANCED_FACE('',(#10798),#10788,.T.);
#10800=CARTESIAN_POINT('',(10.961953998718965,12.746656831701618,0.750000000000000));
#10801=DIRECTION('',(0.0,0.0,1.0));
#10802=DIRECTION('',(1.0,0.0,0.0));
#10803=AXIS2_PLACEMENT_3D('',#10800,#10801,#10802);
#10804=PLANE('',#10803);
#10805=CARTESIAN_POINT('',(-1.238469E-015,10.905394010136252,0.750000000000000));
#10806=VERTEX_POINT('',#10805);
#10807=CARTESIAN_POINT('',(0.026794919243107,11.005394010136252,0.750000000000000));
#10808=VERTEX_POINT('',#10807);
#10809=CARTESIAN_POINT('',(0.199999999999999,10.905394010136252,0.750000000000000));
#10810=DIRECTION('',(0.0,0.0,-1.0));
#10811=DIRECTION('',(-0.965925826289070,0.258819045102515,0.0));
#10812=AXIS2_PLACEMENT_3D('',#10809,#10810,#10811);
#10813=CIRCLE('',#10812,0.200000000000000);
#10814=EDGE_CURVE('',#10806,#10808,#10813,.T.);
#10815=ORIENTED_EDGE('',*,*,#10814,.F.);
#10816=CARTESIAN_POINT('',(-2.271297E-017,0.200000000000000,0.750000000000000));
#10817=VERTEX_POINT('',#10816);
#10818=CARTESIAN_POINT('',(-2.271297E-017,0.200000000000001,0.750000000000000));
#10819=DIRECTION('',(0.0,1.0,0.0));
#10820=VECTOR('',#10819,10.705394010136251);
#10821=LINE('',#10818,#10820);
#10822=EDGE_CURVE('',#10817,#10806,#10821,.T.);
#10823=ORIENTED_EDGE('',*,*,#10822,.F.);
#10824=CARTESIAN_POINT('',(0.200000000000000,0.0,0.750000000000000));
#10825=VERTEX_POINT('',#10824);
#10826=CARTESIAN_POINT('',(0.200000000000000,0.200000000000000,0.750000000000000));
#10827=DIRECTION('',(0.0,0.0,-1.000000000000000));
#10828=DIRECTION('',(-0.707106781186548,-0.707106781186547,0.0));
#10829=AXIS2_PLACEMENT_3D('',#10826,#10827,#10828);
#10830=CIRCLE('',#10829,0.200000000000000);
#10831=EDGE_CURVE('',#10825,#10817,#10830,.T.);
#10832=ORIENTED_EDGE('',*,*,#10831,.F.);
#10833=CARTESIAN_POINT('',(19.800000000000001,0.0,0.750000000000000));
#10834=VERTEX_POINT('',#10833);
#10835=CARTESIAN_POINT('',(19.800000000000001,0.0,0.750000000000000));
#10836=DIRECTION('',(-1.0,0.0,0.0));
#10837=VECTOR('',#10836,19.600000000000001);
#10838=LINE('',#10835,#10837);
#10839=EDGE_CURVE('',#10834,#10825,#10838,.T.);
#10840=ORIENTED_EDGE('',*,*,#10839,.F.);
#10841=CARTESIAN_POINT('',(20.0,0.200000000000000,0.750000000000000));
#10842=VERTEX_POINT('',#10841);
#10843=CARTESIAN_POINT('',(19.800000000000001,0.200000000000000,0.750000000000000));
#10844=DIRECTION('',(0.0,0.0,-1.000000000000000));
#10845=DIRECTION('',(0.707106781186548,-0.707106781186548,0.0));
#10846=AXIS2_PLACEMENT_3D('',#10843,#10844,#10845);
#10847=CIRCLE('',#10846,0.200000000000000);
#10848=EDGE_CURVE('',#10842,#10834,#10847,.T.);
#10849=ORIENTED_EDGE('',*,*,#10848,.F.);
#10850=CARTESIAN_POINT('',(20.0,9.799999999999997,0.750000000000000));
#10851=VERTEX_POINT('',#10850);
#10852=CARTESIAN_POINT('',(20.0,9.799999999999997,0.750000000000000));
#10853=DIRECTION('',(0.0,-1.0,0.0));
#10854=VECTOR('',#10853,9.599999999999998);
#10855=LINE('',#10852,#10854);
#10856=EDGE_CURVE('',#10851,#10842,#10855,.T.);
#10857=ORIENTED_EDGE('',*,*,#10856,.F.);
#10858=CARTESIAN_POINT('',(19.800000000000001,10.0,0.750000000000000));
#10859=VERTEX_POINT('',#10858);
#10860=CARTESIAN_POINT('',(19.800000000000001,9.799999999999997,0.750000000000000));
#10861=DIRECTION('',(0.0,0.0,-1.000000000000000));
#10862=DIRECTION('',(0.707106781186548,0.707106781186548,0.0));
#10863=AXIS2_PLACEMENT_3D('',#10860,#10861,#10862);
#10864=CIRCLE('',#10863,0.200000000000000);
#10865=EDGE_CURVE('',#10859,#10851,#10864,.T.);
#10866=ORIENTED_EDGE('',*,*,#10865,.F.);
#10867=CARTESIAN_POINT('',(15.741154273188009,9.999999999999996,0.750000000000000));
#10868=VERTEX_POINT('',#10867);
#10869=CARTESIAN_POINT('',(15.741154273188009,10.0,0.750000000000000));
#10870=DIRECTION('',(1.0,0.0,0.0));
#10871=VECTOR('',#10870,4.058845726811992);
#10872=LINE('',#10869,#10871);
#10873=EDGE_CURVE('',#10868,#10859,#10872,.T.);
#10874=ORIENTED_EDGE('',*,*,#10873,.F.);
#10875=CARTESIAN_POINT('',(13.367245036914923,14.111731409782017,0.750000000000000));
#10876=VERTEX_POINT('',#10875);
#10877=CARTESIAN_POINT('',(15.741154273188009,12.741154273188011,0.750000000000000));
#10878=DIRECTION('',(0.0,0.0,1.0));
#10879=DIRECTION('',(0.866025403784438,-0.500000000000000,0.0));
#10880=AXIS2_PLACEMENT_3D('',#10877,#10878,#10879);
#10881=CIRCLE('',#10880,2.741154273188012);
#10882=EDGE_CURVE('',#10876,#10868,#10881,.T.);
#10883=ORIENTED_EDGE('',*,*,#10882,.F.);
#10884=CARTESIAN_POINT('',(19.999999999999993,25.600000000000001,0.750000000000000));
#10885=VERTEX_POINT('',#10884);
#10886=CARTESIAN_POINT('',(19.999999999999993,25.600000000000001,0.750000000000000));
#10887=DIRECTION('',(-0.500000000000000,-0.866025403784439,0.0));
#10888=VECTOR('',#10887,13.265509926170148);
#10889=LINE('',#10886,#10888);
#10890=EDGE_CURVE('',#10885,#10876,#10889,.T.);
#10891=ORIENTED_EDGE('',*,*,#10890,.F.);
#10892=CARTESIAN_POINT('',(11.339745962155614,30.600000000000005,0.750000000000000));
#10893=VERTEX_POINT('',#10892);
#10894=CARTESIAN_POINT('',(11.339745962155614,30.600000000000005,0.750000000000000));
#10895=DIRECTION('',(0.866025403784438,-0.500000000000001,0.0));
#10896=VECTOR('',#10895,9.999999999999995);
#10897=LINE('',#10894,#10896);
#10898=EDGE_CURVE('',#10893,#10885,#10897,.T.);
#10899=ORIENTED_EDGE('',*,*,#10898,.F.);
#10900=CARTESIAN_POINT('',(0.026794919243109,11.005394010136254,0.750000000000000));
#10901=DIRECTION('',(0.500000000000000,0.866025403784438,0.0));
#10902=VECTOR('',#10901,22.625902085824990);
#10903=LINE('',#10900,#10902);
#10904=EDGE_CURVE('',#10808,#10893,#10903,.T.);
#10905=ORIENTED_EDGE('',*,*,#10904,.F.);
#10906=EDGE_LOOP('',(#10815,#10823,#10832,#10840,#10849,#10857,#10866,#10874,#10883,#10891,#10899,#10905));
#10907=FACE_OUTER_BOUND('',#10906,.T.);
#10908=ORIENTED_EDGE('',*,*,#10087,.T.);
#10909=ORIENTED_EDGE('',*,*,#10166,.T.);
#10910=ORIENTED_EDGE('',*,*,#10367,.T.);
#10911=ORIENTED_EDGE('',*,*,#10467,.T.);
#10912=ORIENTED_EDGE('',*,*,#10432,.T.);
#10913=ORIENTED_EDGE('',*,*,#9672,.T.);
#10914=ORIENTED_EDGE('',*,*,#9758,.T.);
#10915=ORIENTED_EDGE('',*,*,#9959,.T.);
#10916=ORIENTED_EDGE('',*,*,#7756,.T.);
#10917=ORIENTED_EDGE('',*,*,#7708,.T.);
#10918=ORIENTED_EDGE('',*,*,#9436,.T.);
#10919=ORIENTED_EDGE('',*,*,#9401,.T.);
#10920=ORIENTED_EDGE('',*,*,#8837,.T.);
#10921=ORIENTED_EDGE('',*,*,#8923,.T.);
#10922=ORIENTED_EDGE('',*,*,#9124,.T.);
#10923=ORIENTED_EDGE('',*,*,#9224,.T.);
#10924=ORIENTED_EDGE('',*,*,#9189,.T.);
#10925=ORIENTED_EDGE('',*,*,#7998,.T.);
#10926=ORIENTED_EDGE('',*,*,#8093,.T.);
#10927=ORIENTED_EDGE('',*,*,#8310,.T.);
#10928=ORIENTED_EDGE('',*,*,#9339,.T.);
#10929=ORIENTED_EDGE('',*,*,#9304,.T.);
#10930=ORIENTED_EDGE('',*,*,#8438,.T.);
#10931=ORIENTED_EDGE('',*,*,#8517,.T.);
#10932=ORIENTED_EDGE('',*,*,#8709,.T.);
#10933=ORIENTED_EDGE('',*,*,#7471,.T.);
#10934=ORIENTED_EDGE('',*,*,#7330,.T.);
#10935=ORIENTED_EDGE('',*,*,#7848,.T.);
#10936=ORIENTED_EDGE('',*,*,#10573,.T.);
#10937=ORIENTED_EDGE('',*,*,#10538,.T.);
#10938=EDGE_LOOP('',(#10908,#10909,#10910,#10911,#10912,#10913,#10914,#10915,#10916,#10917,#10918,#10919,#10920,#10921,#10922,#10923,#10924,#10925,#10926,#10927,#10928,#10929,#10930,#10931,#10932,#10933,#10934,#10935,#10936,#10937));
#10939=FACE_BOUND('',#10938,.T.);
#10940=ADVANCED_FACE('',(#10907,#10939),#10804,.T.);
#10941=CARTESIAN_POINT('',(10.961953998718965,12.746656831701618,0.750000000000000));
#10942=DIRECTION('',(0.0,0.0,1.0));
#10943=DIRECTION('',(1.0,0.0,0.0));
#10944=AXIS2_PLACEMENT_3D('',#10941,#10942,#10943);
#10945=PLANE('',#10944);
#10946=ORIENTED_EDGE('',*,*,#10033,.T.);
#10947=ORIENTED_EDGE('',*,*,#10596,.T.);
#10948=ORIENTED_EDGE('',*,*,#7818,.T.);
#10949=ORIENTED_EDGE('',*,*,#7441,.T.);
#10950=ORIENTED_EDGE('',*,*,#10225,.T.);
#10951=EDGE_LOOP('',(#10946,#10947,#10948,#10949,#10950));
#10952=FACE_OUTER_BOUND('',#10951,.T.);
#10953=ADVANCED_FACE('',(#10952),#10945,.T.);
#10954=CARTESIAN_POINT('',(10.961953998718965,12.746656831701618,0.750000000000000));
#10955=DIRECTION('',(0.0,0.0,1.0));
#10956=DIRECTION('',(1.0,0.0,0.0));
#10957=AXIS2_PLACEMENT_3D('',#10954,#10955,#10956);
#10958=PLANE('',#10957);
#10959=ORIENTED_EDGE('',*,*,#9853,.T.);
#10960=ORIENTED_EDGE('',*,*,#9937,.T.);
#10961=ORIENTED_EDGE('',*,*,#9898,.T.);
#10962=EDGE_LOOP('',(#10959,#10960,#10961));
#10963=FACE_OUTER_BOUND('',#10962,.T.);
#10964=ADVANCED_FACE('',(#10963),#10958,.T.);
#10965=CARTESIAN_POINT('',(10.961953998718965,12.746656831701618,0.750000000000000));
#10966=DIRECTION('',(0.0,0.0,1.0));
#10967=DIRECTION('',(1.0,0.0,0.0));
#10968=AXIS2_PLACEMENT_3D('',#10965,#10966,#10967);
#10969=PLANE('',#10968);
#10970=ORIENTED_EDGE('',*,*,#9618,.T.);
#10971=ORIENTED_EDGE('',*,*,#10499,.T.);
#10972=ORIENTED_EDGE('',*,*,#10617,.T.);
#10973=ORIENTED_EDGE('',*,*,#10384,.T.);
#10974=ORIENTED_EDGE('',*,*,#10142,.T.);
#10975=ORIENTED_EDGE('',*,*,#9821,.T.);
#10976=EDGE_LOOP('',(#10970,#10971,#10972,#10973,#10974,#10975));
#10977=FACE_OUTER_BOUND('',#10976,.T.);
#10978=ADVANCED_FACE('',(#10977),#10969,.T.);
#10979=CARTESIAN_POINT('',(10.961953998718965,12.746656831701618,0.750000000000000));
#10980=DIRECTION('',(0.0,0.0,1.0));
#10981=DIRECTION('',(1.0,0.0,0.0));
#10982=AXIS2_PLACEMENT_3D('',#10979,#10980,#10981);
#10983=PLANE('',#10982);
#10984=ORIENTED_EDGE('',*,*,#9009,.T.);
#10985=ORIENTED_EDGE('',*,*,#9093,.T.);
#10986=ORIENTED_EDGE('',*,*,#9054,.T.);
#10987=EDGE_LOOP('',(#10984,#10985,#10986));
#10988=FACE_OUTER_BOUND('',#10987,.T.);
#10989=ADVANCED_FACE('',(#10988),#10983,.T.);
#10990=CARTESIAN_POINT('',(10.961953998718965,12.746656831701618,0.750000000000000));
#10991=DIRECTION('',(0.0,0.0,1.0));
#10992=DIRECTION('',(1.0,0.0,0.0));
#10993=AXIS2_PLACEMENT_3D('',#10990,#10991,#10992);
#10994=PLANE('',#10993);
#10995=ORIENTED_EDGE('',*,*,#8783,.T.);
#10996=ORIENTED_EDGE('',*,*,#9459,.T.);
#10997=ORIENTED_EDGE('',*,*,#7787,.T.);
#10998=ORIENTED_EDGE('',*,*,#7628,.T.);
#10999=ORIENTED_EDGE('',*,*,#8982,.T.);
#11000=EDGE_LOOP('',(#10995,#10996,#10997,#10998,#10999));
#11001=FACE_OUTER_BOUND('',#11000,.T.);
#11002=ADVANCED_FACE('',(#11001),#10994,.T.);
#11003=CARTESIAN_POINT('',(10.961953998718965,12.746656831701618,0.750000000000000));
#11004=DIRECTION('',(0.0,0.0,1.0));
#11005=DIRECTION('',(1.0,0.0,0.0));
#11006=AXIS2_PLACEMENT_3D('',#11003,#11004,#11005);
#11007=PLANE('',#11006);
#11008=ORIENTED_EDGE('',*,*,#8603,.T.);
#11009=ORIENTED_EDGE('',*,*,#8687,.T.);
#11010=ORIENTED_EDGE('',*,*,#8648,.T.);
#11011=EDGE_LOOP('',(#11008,#11009,#11010));
#11012=FACE_OUTER_BOUND('',#11011,.T.);
#11013=ADVANCED_FACE('',(#11012),#11007,.T.);
#11014=CARTESIAN_POINT('',(10.961953998718965,12.746656831701618,0.750000000000000));
#11015=DIRECTION('',(0.0,0.0,1.0));
#11016=DIRECTION('',(1.0,0.0,0.0));
#11017=AXIS2_PLACEMENT_3D('',#11014,#11015,#11016);
#11018=PLANE('',#11017);
#11019=ORIENTED_EDGE('',*,*,#8384,.T.);
#11020=ORIENTED_EDGE('',*,*,#9362,.T.);
#11021=ORIENTED_EDGE('',*,*,#9281,.T.);
#11022=ORIENTED_EDGE('',*,*,#8327,.T.);
#11023=ORIENTED_EDGE('',*,*,#8069,.T.);
#11024=ORIENTED_EDGE('',*,*,#8576,.T.);
#11025=EDGE_LOOP('',(#11019,#11020,#11021,#11022,#11023,#11024));
#11026=FACE_OUTER_BOUND('',#11025,.T.);
#11027=ADVANCED_FACE('',(#11026),#11018,.T.);
#11028=CARTESIAN_POINT('',(10.961953998718965,12.746656831701618,0.750000000000000));
#11029=DIRECTION('',(0.0,0.0,1.0));
#11030=DIRECTION('',(1.0,0.0,0.0));
#11031=AXIS2_PLACEMENT_3D('',#11028,#11029,#11030);
#11032=PLANE('',#11031);
#11033=ORIENTED_EDGE('',*,*,#8188,.T.);
#11034=ORIENTED_EDGE('',*,*,#8279,.T.);
#11035=ORIENTED_EDGE('',*,*,#8233,.T.);
#11036=EDGE_LOOP('',(#11033,#11034,#11035));
#11037=FACE_OUTER_BOUND('',#11036,.T.);
#11038=ADVANCED_FACE('',(#11037),#11032,.T.);
#11039=CARTESIAN_POINT('',(10.961953998718965,12.746656831701618,0.750000000000000));
#11040=DIRECTION('',(0.0,0.0,1.0));
#11041=DIRECTION('',(1.0,0.0,0.0));
#11042=AXIS2_PLACEMENT_3D('',#11039,#11040,#11041);
#11043=PLANE('',#11042);
#11044=ORIENTED_EDGE('',*,*,#7944,.T.);
#11045=ORIENTED_EDGE('',*,*,#9256,.T.);
#11046=ORIENTED_EDGE('',*,*,#9480,.T.);
#11047=ORIENTED_EDGE('',*,*,#9141,.T.);
#11048=ORIENTED_EDGE('',*,*,#8899,.T.);
#11049=ORIENTED_EDGE('',*,*,#8156,.T.);
#11050=EDGE_LOOP('',(#11044,#11045,#11046,#11047,#11048,#11049));
#11051=FACE_OUTER_BOUND('',#11050,.T.);
#11052=ADVANCED_FACE('',(#11051),#11043,.T.);
#11053=CARTESIAN_POINT('',(10.961953998718965,12.746656831701618,0.750000000000000));
#11054=DIRECTION('',(0.0,0.0,1.0));
#11055=DIRECTION('',(1.0,0.0,0.0));
#11056=AXIS2_PLACEMENT_3D('',#11053,#11054,#11055);
#11057=PLANE('',#11056);
#11058=ORIENTED_EDGE('',*,*,#7654,.T.);
#11059=ORIENTED_EDGE('',*,*,#10520,.T.);
#11060=ORIENTED_EDGE('',*,*,#9976,.T.);
#11061=ORIENTED_EDGE('',*,*,#9734,.T.);
#11062=ORIENTED_EDGE('',*,*,#7733,.T.);
#11063=EDGE_LOOP('',(#11058,#11059,#11060,#11061,#11062));
#11064=FACE_OUTER_BOUND('',#11063,.T.);
#11065=ADVANCED_FACE('',(#11064),#11057,.T.);
#11066=CARTESIAN_POINT('',(10.961953998718965,12.746656831701618,0.750000000000000));
#11067=DIRECTION('',(0.0,0.0,1.0));
#11068=DIRECTION('',(1.0,0.0,0.0));
#11069=AXIS2_PLACEMENT_3D('',#11066,#11067,#11068);
#11070=PLANE('',#11069);
#11071=ORIENTED_EDGE('',*,*,#7574,.T.);
#11072=ORIENTED_EDGE('',*,*,#7894,.T.);
#11073=ORIENTED_EDGE('',*,*,#9557,.T.);
#11074=ORIENTED_EDGE('',*,*,#9498,.T.);
#11075=EDGE_LOOP('',(#11071,#11072,#11073,#11074));
#11076=FACE_OUTER_BOUND('',#11075,.T.);
#11077=ADVANCED_FACE('',(#11076),#11070,.T.);
#11078=CARTESIAN_POINT('',(0.199999999999999,10.905394010136252,0.0));
#11079=DIRECTION('',(0.0,0.0,-1.0));
#11080=DIRECTION('',(-0.965925826289070,0.258819045102515,0.0));
#11081=AXIS2_PLACEMENT_3D('',#11078,#11079,#11080);
#11082=CYLINDRICAL_SURFACE('',#11081,0.200000000000000);
#11083=ORIENTED_EDGE('',*,*,#7014,.T.);
#11084=CARTESIAN_POINT('',(-1.249001E-015,10.905394010136252,-0.750000000000000));
#11085=DIRECTION('',(0.0,0.0,1.0));
#11086=VECTOR('',#11085,1.500000000000000);
#11087=LINE('',#11084,#11086);
#11088=EDGE_CURVE('',#7008,#10806,#11087,.T.);
#11089=ORIENTED_EDGE('',*,*,#11088,.T.);
#11090=ORIENTED_EDGE('',*,*,#10814,.T.);
#11091=CARTESIAN_POINT('',(0.026794919243111,11.005394010136252,0.750000000000000));
#11092=DIRECTION('',(0.0,0.0,-1.0));
#11093=VECTOR('',#11092,1.500000000000000);
#11094=LINE('',#11091,#11093);
#11095=EDGE_CURVE('',#10808,#7006,#11094,.T.);
#11096=ORIENTED_EDGE('',*,*,#11095,.T.);
#11097=EDGE_LOOP('',(#11083,#11089,#11090,#11096));
#11098=FACE_OUTER_BOUND('',#11097,.T.);
#11099=ADVANCED_FACE('',(#11098),#11082,.T.);
#11100=CARTESIAN_POINT('',(0.0,0.0,0.0));
#11101=DIRECTION('',(-1.0,0.0,0.0));
#11102=DIRECTION('',(0.0,0.0,1.0));
#11103=AXIS2_PLACEMENT_3D('',#11100,#11101,#11102);
#11104=PLANE('',#11103);
#11105=ORIENTED_EDGE('',*,*,#11088,.F.);
#11106=ORIENTED_EDGE('',*,*,#7104,.T.);
#11107=CARTESIAN_POINT('',(-3.469447E-017,0.200000000000000,0.750000000000000));
#11108=DIRECTION('',(0.0,0.0,-1.0));
#11109=VECTOR('',#11108,1.500000000000000);
#11110=LINE('',#11107,#11109);
#11111=EDGE_CURVE('',#10817,#7092,#11110,.T.);
#11112=ORIENTED_EDGE('',*,*,#11111,.F.);
#11113=ORIENTED_EDGE('',*,*,#10822,.T.);
#11114=EDGE_LOOP('',(#11105,#11106,#11112,#11113));
#11115=FACE_OUTER_BOUND('',#11114,.T.);
#11116=ADVANCED_FACE('',(#11115),#11104,.T.);
#11117=CARTESIAN_POINT('',(10.961953998718965,12.746656831701614,-0.750000000000000));
#11118=DIRECTION('',(0.0,0.0,1.0));
#11119=DIRECTION('',(1.0,0.0,0.0));
#11120=AXIS2_PLACEMENT_3D('',#11117,#11118,#11119);
#11121=PLANE('',#11120);
#11122=ORIENTED_EDGE('',*,*,#3570,.T.);
#11123=ORIENTED_EDGE('',*,*,#3615,.T.);
#11124=ORIENTED_EDGE('',*,*,#4686,.T.);
#11125=ORIENTED_EDGE('',*,*,#4940,.T.);
#11126=ORIENTED_EDGE('',*,*,#5583,.T.);
#11127=EDGE_LOOP('',(#11122,#11123,#11124,#11125,#11126));
#11128=FACE_OUTER_BOUND('',#11127,.T.);
#11129=ADVANCED_FACE('',(#11128),#11121,.F.);
#11130=CARTESIAN_POINT('',(0.200000000000000,0.200000000000000,0.0));
#11131=DIRECTION('',(0.0,0.0,1.0));
#11132=DIRECTION('',(-0.707106781186548,-0.707106781186547,0.0));
#11133=AXIS2_PLACEMENT_3D('',#11130,#11131,#11132);
#11134=CYLINDRICAL_SURFACE('',#11133,0.200000000000000);
#11135=ORIENTED_EDGE('',*,*,#10831,.T.);
#11136=ORIENTED_EDGE('',*,*,#11111,.T.);
#11137=ORIENTED_EDGE('',*,*,#7098,.T.);
#11138=CARTESIAN_POINT('',(0.200000000000000,0.0,-0.750000000000000));
#11139=DIRECTION('',(0.0,0.0,1.0));
#11140=VECTOR('',#11139,1.500000000000000);
#11141=LINE('',#11138,#11140);
#11142=EDGE_CURVE('',#7084,#10825,#11141,.T.);
#11143=ORIENTED_EDGE('',*,*,#11142,.T.);
#11144=EDGE_LOOP('',(#11135,#11136,#11137,#11143));
#11145=FACE_OUTER_BOUND('',#11144,.T.);
#11146=ADVANCED_FACE('',(#11145),#11134,.T.);
#11147=CARTESIAN_POINT('',(20.0,0.0,0.0));
#11148=DIRECTION('',(0.0,-1.0,0.0));
#11149=DIRECTION('',(0.0,0.0,-1.0));
#11150=AXIS2_PLACEMENT_3D('',#11147,#11148,#11149);
#11151=PLANE('',#11150);
#11152=ORIENTED_EDGE('',*,*,#11142,.F.);
#11153=ORIENTED_EDGE('',*,*,#7089,.T.);
#11154=CARTESIAN_POINT('',(19.800000000000001,0.0,0.750000000000000));
#11155=DIRECTION('',(0.0,0.0,-1.0));
#11156=VECTOR('',#11155,1.500000000000000);
#11157=LINE('',#11154,#11156);
#11158=EDGE_CURVE('',#10834,#7075,#11157,.T.);
#11159=ORIENTED_EDGE('',*,*,#11158,.F.);
#11160=ORIENTED_EDGE('',*,*,#10839,.T.);
#11161=EDGE_LOOP('',(#11152,#11153,#11159,#11160));
#11162=FACE_OUTER_BOUND('',#11161,.T.);
#11163=ADVANCED_FACE('',(#11162),#11151,.T.);
#11164=CARTESIAN_POINT('',(19.800000000000001,9.799999999999997,0.0));
#11165=DIRECTION('',(0.0,0.0,1.0));
#11166=DIRECTION('',(0.707106781186548,0.707106781186548,0.0));
#11167=AXIS2_PLACEMENT_3D('',#11164,#11165,#11166);
#11168=CYLINDRICAL_SURFACE('',#11167,0.200000000000000);
#11169=ORIENTED_EDGE('',*,*,#10865,.T.);
#11170=CARTESIAN_POINT('',(20.0,9.799999999999997,0.750000000000000));
#11171=DIRECTION('',(0.0,0.0,-1.0));
#11172=VECTOR('',#11171,1.500000000000000);
#11173=LINE('',#11170,#11172);
#11174=EDGE_CURVE('',#10851,#7058,#11173,.T.);
#11175=ORIENTED_EDGE('',*,*,#11174,.T.);
#11176=ORIENTED_EDGE('',*,*,#7064,.T.);
#11177=CARTESIAN_POINT('',(19.800000000000001,9.999999999999996,-0.750000000000000));
#11178=DIRECTION('',(0.0,0.0,1.0));
#11179=VECTOR('',#11178,1.500000000000000);
#11180=LINE('',#11177,#11179);
#11181=EDGE_CURVE('',#7050,#10859,#11180,.T.);
#11182=ORIENTED_EDGE('',*,*,#11181,.T.);
#11183=EDGE_LOOP('',(#11169,#11175,#11176,#11182));
#11184=FACE_OUTER_BOUND('',#11183,.T.);
#11185=ADVANCED_FACE('',(#11184),#11168,.T.);
#11186=CARTESIAN_POINT('',(20.0,10.0,0.0));
#11187=DIRECTION('',(1.0,0.0,0.0));
#11188=DIRECTION('',(0.0,0.0,-1.0));
#11189=AXIS2_PLACEMENT_3D('',#11186,#11187,#11188);
#11190=PLANE('',#11189);
#11191=ORIENTED_EDGE('',*,*,#11174,.F.);
#11192=ORIENTED_EDGE('',*,*,#10856,.T.);
#11193=CARTESIAN_POINT('',(20.0,0.200000000000000,-0.750000000000000));
#11194=DIRECTION('',(0.0,0.0,1.0));
#11195=VECTOR('',#11194,1.500000000000000);
#11196=LINE('',#11193,#11195);
#11197=EDGE_CURVE('',#7067,#10842,#11196,.T.);
#11198=ORIENTED_EDGE('',*,*,#11197,.F.);
#11199=ORIENTED_EDGE('',*,*,#7072,.T.);
#11200=EDGE_LOOP('',(#11191,#11192,#11198,#11199));
#11201=FACE_OUTER_BOUND('',#11200,.T.);
#11202=ADVANCED_FACE('',(#11201),#11190,.T.);
#11203=CARTESIAN_POINT('',(19.800000000000001,0.200000000000000,0.0));
#11204=DIRECTION('',(0.0,0.0,1.0));
#11205=DIRECTION('',(0.707106781186548,-0.707106781186548,0.0));
#11206=AXIS2_PLACEMENT_3D('',#11203,#11204,#11205);
#11207=CYLINDRICAL_SURFACE('',#11206,0.200000000000000);
#11208=ORIENTED_EDGE('',*,*,#10848,.T.);
#11209=ORIENTED_EDGE('',*,*,#11158,.T.);
#11210=ORIENTED_EDGE('',*,*,#7081,.T.);
#11211=ORIENTED_EDGE('',*,*,#11197,.T.);
#11212=EDGE_LOOP('',(#11208,#11209,#11210,#11211));
#11213=FACE_OUTER_BOUND('',#11212,.T.);
#11214=ADVANCED_FACE('',(#11213),#11207,.T.);
#11215=CARTESIAN_POINT('',(5.0,5.000000000000001,0.0));
#11216=DIRECTION('',(0.0,0.0,1.0));
#11217=DIRECTION('',(-1.0,0.0,0.0));
#11218=AXIS2_PLACEMENT_3D('',#11215,#11216,#11217);
#11219=CYLINDRICAL_SURFACE('',#11218,1.500000000000000);
#11220=ORIENTED_EDGE('',*,*,#1698,.F.);
#11221=EDGE_LOOP('',(#11220));
#11222=FACE_OUTER_BOUND('',#11221,.T.);
#11223=ORIENTED_EDGE('',*,*,#3403,.F.);
#11224=EDGE_LOOP('',(#11223));
#11225=FACE_BOUND('',#11224,.T.);
#11226=ADVANCED_FACE('',(#11222,#11225),#11219,.F.);
#11227=CARTESIAN_POINT('',(14.999999999999998,5.0,0.0));
#11228=DIRECTION('',(0.0,0.0,1.0));
#11229=DIRECTION('',(-1.0,0.0,0.0));
#11230=AXIS2_PLACEMENT_3D('',#11227,#11228,#11229);
#11231=CYLINDRICAL_SURFACE('',#11230,1.500000000000000);
#11232=ORIENTED_EDGE('',*,*,#1709,.F.);
#11233=EDGE_LOOP('',(#11232));
#11234=FACE_OUTER_BOUND('',#11233,.T.);
#11235=ORIENTED_EDGE('',*,*,#3414,.F.);
#11236=EDGE_LOOP('',(#11235));
#11237=FACE_BOUND('',#11236,.T.);
#11238=ADVANCED_FACE('',(#11234,#11237),#11231,.F.);
#11239=CARTESIAN_POINT('',(13.169872981077804,23.769872981077814,0.0));
#11240=DIRECTION('',(0.0,0.0,1.0));
#11241=DIRECTION('',(-1.0,0.0,0.0));
#11242=AXIS2_PLACEMENT_3D('',#11239,#11240,#11241);
#11243=CYLINDRICAL_SURFACE('',#11242,1.500000000000000);
#11244=ORIENTED_EDGE('',*,*,#1720,.F.);
#11245=EDGE_LOOP('',(#11244));
#11246=FACE_OUTER_BOUND('',#11245,.T.);
#11247=ORIENTED_EDGE('',*,*,#3425,.F.);
#11248=EDGE_LOOP('',(#11247));
#11249=FACE_BOUND('',#11248,.T.);
#11250=ADVANCED_FACE('',(#11246,#11249),#11243,.F.);
#11251=CARTESIAN_POINT('',(9.261284993072952,17.0,0.0));
#11252=DIRECTION('',(0.0,0.0,1.0));
#11253=DIRECTION('',(-1.0,0.0,0.0));
#11254=AXIS2_PLACEMENT_3D('',#11251,#11252,#11253);
#11255=CYLINDRICAL_SURFACE('',#11254,1.500000000000000);
#11256=ORIENTED_EDGE('',*,*,#1731,.F.);
#11257=EDGE_LOOP('',(#11256));
#11258=FACE_OUTER_BOUND('',#11257,.T.);
#11259=ORIENTED_EDGE('',*,*,#3436,.F.);
#11260=EDGE_LOOP('',(#11259));
#11261=FACE_BOUND('',#11260,.T.);
#11262=ADVANCED_FACE('',(#11258,#11261),#11255,.F.);
#11263=CARTESIAN_POINT('',(-1.244555E-015,10.958983848622477,0.0));
#11264=DIRECTION('',(-0.866025403784438,0.500000000000000,0.0));
#11265=DIRECTION('',(0.0,0.0,1.0));
#11266=AXIS2_PLACEMENT_3D('',#11263,#11264,#11265);
#11267=PLANE('',#11266);
#11268=ORIENTED_EDGE('',*,*,#11095,.F.);
#11269=ORIENTED_EDGE('',*,*,#10904,.T.);
#11270=CARTESIAN_POINT('',(11.339745962155614,30.600000000000005,-0.750000000000000));
#11271=DIRECTION('',(0.0,0.0,1.0));
#11272=VECTOR('',#11271,1.500000000000000);
#11273=LINE('',#11270,#11272);
#11274=EDGE_CURVE('',#7017,#10893,#11273,.T.);
#11275=ORIENTED_EDGE('',*,*,#11274,.F.);
#11276=ORIENTED_EDGE('',*,*,#7022,.T.);
#11277=EDGE_LOOP('',(#11268,#11269,#11275,#11276));
#11278=FACE_OUTER_BOUND('',#11277,.T.);
#11279=ADVANCED_FACE('',(#11278),#11267,.T.);
#11280=CARTESIAN_POINT('',(11.339745962155614,30.600000000000005,0.0));
#11281=DIRECTION('',(0.500000000000001,0.866025403784438,0.0));
#11282=DIRECTION('',(0.0,0.0,-1.0));
#11283=AXIS2_PLACEMENT_3D('',#11280,#11281,#11282);
#11284=PLANE('',#11283);
#11285=ORIENTED_EDGE('',*,*,#10898,.T.);
#11286=CARTESIAN_POINT('',(19.999999999999993,25.600000000000001,-0.750000000000000));
#11287=DIRECTION('',(0.0,0.0,1.0));
#11288=VECTOR('',#11287,1.500000000000000);
#11289=LINE('',#11286,#11288);
#11290=EDGE_CURVE('',#7025,#10885,#11289,.T.);
#11291=ORIENTED_EDGE('',*,*,#11290,.F.);
#11292=ORIENTED_EDGE('',*,*,#7030,.T.);
#11293=ORIENTED_EDGE('',*,*,#11274,.T.);
#11294=EDGE_LOOP('',(#11285,#11291,#11292,#11293));
#11295=FACE_OUTER_BOUND('',#11294,.T.);
#11296=ADVANCED_FACE('',(#11295),#11284,.T.);
#11297=CARTESIAN_POINT('',(19.999999999999993,25.600000000000001,0.0));
#11298=DIRECTION('',(0.866025403784439,-0.500000000000000,0.0));
#11299=DIRECTION('',(0.0,0.0,-1.0));
#11300=AXIS2_PLACEMENT_3D('',#11297,#11298,#11299);
#11301=PLANE('',#11300);
#11302=ORIENTED_EDGE('',*,*,#10890,.T.);
#11303=CARTESIAN_POINT('',(13.367245036914923,14.111731409782017,-0.750000000000000));
#11304=DIRECTION('',(0.0,0.0,1.0));
#11305=VECTOR('',#11304,1.500000000000000);
#11306=LINE('',#11303,#11305);
#11307=EDGE_CURVE('',#7033,#10876,#11306,.T.);
#11308=ORIENTED_EDGE('',*,*,#11307,.F.);
#11309=ORIENTED_EDGE('',*,*,#7038,.T.);
#11310=ORIENTED_EDGE('',*,*,#11290,.T.);
#11311=EDGE_LOOP('',(#11302,#11308,#11309,#11310));
#11312=FACE_OUTER_BOUND('',#11311,.T.);
#11313=ADVANCED_FACE('',(#11312),#11301,.T.);
#11314=CARTESIAN_POINT('',(15.741154273188009,12.741154273188011,0.0));
#11315=DIRECTION('',(0.0,0.0,1.0));
#11316=DIRECTION('',(0.866025403784438,-0.500000000000000,0.0));
#11317=AXIS2_PLACEMENT_3D('',#11314,#11315,#11316);
#11318=CYLINDRICAL_SURFACE('',#11317,2.741154273188012);
#11319=ORIENTED_EDGE('',*,*,#10882,.T.);
#11320=CARTESIAN_POINT('',(15.741154273188009,9.999999999999996,-0.750000000000000));
#11321=DIRECTION('',(0.0,0.0,1.0));
#11322=VECTOR('',#11321,1.500000000000000);
#11323=LINE('',#11320,#11322);
#11324=EDGE_CURVE('',#7041,#10868,#11323,.T.);
#11325=ORIENTED_EDGE('',*,*,#11324,.F.);
#11326=ORIENTED_EDGE('',*,*,#7047,.T.);
#11327=ORIENTED_EDGE('',*,*,#11307,.T.);
#11328=EDGE_LOOP('',(#11319,#11325,#11326,#11327));
#11329=FACE_OUTER_BOUND('',#11328,.T.);
#11330=ADVANCED_FACE('',(#11329),#11318,.F.);
#11331=CARTESIAN_POINT('',(15.741154273188009,9.999999999999996,0.0));
#11332=DIRECTION('',(0.0,1.0,0.0));
#11333=DIRECTION('',(0.0,0.0,1.0));
#11334=AXIS2_PLACEMENT_3D('',#11331,#11332,#11333);
#11335=PLANE('',#11334);
#11336=ORIENTED_EDGE('',*,*,#11181,.F.);
#11337=ORIENTED_EDGE('',*,*,#7055,.T.);
#11338=ORIENTED_EDGE('',*,*,#11324,.T.);
#11339=ORIENTED_EDGE('',*,*,#10873,.T.);
#11340=EDGE_LOOP('',(#11336,#11337,#11338,#11339));
#11341=FACE_OUTER_BOUND('',#11340,.T.);
#11342=ADVANCED_FACE('',(#11341),#11335,.T.);
#11343=CARTESIAN_POINT('',(10.961953998718965,12.746656831701618,0.750000000000000));
#11344=DIRECTION('',(0.0,0.0,1.0));
#11345=DIRECTION('',(1.0,0.0,0.0));
#11346=AXIS2_PLACEMENT_3D('',#11343,#11344,#11345);
#11347=PLANE('',#11346);
#11348=ORIENTED_EDGE('',*,*,#7384,.T.);
#11349=ORIENTED_EDGE('',*,*,#9383,.T.);
#11350=ORIENTED_EDGE('',*,*,#8726,.T.);
#11351=ORIENTED_EDGE('',*,*,#8493,.T.);
#11352=ORIENTED_EDGE('',*,*,#7401,.T.);
#11353=EDGE_LOOP('',(#11348,#11349,#11350,#11351,#11352));
#11354=FACE_OUTER_BOUND('',#11353,.T.);
#11355=ADVANCED_FACE('',(#11354),#11347,.T.);
#11356=CLOSED_SHELL('',(#107,#138,#169,#200,#231,#264,#297,#330,#361,#394,#427,#460,#491,#513,#535,#575,#606,#637,#659,#671,#717,#754,#791,#828,#865,#902,#939,#967,#1013,#1050,#1087,#1124,#1161,#1192,#1223,#1260,#1297,#1334,#1371,#1408,#1436,#1467,#1772,#1812,#1843,#1874,#1905,#1936,#1969,#2002,#2035,#2066,#2099,#2132,#2165,#2196,#2218,#2240,#2280,#2311,#2342,#2364,#2376,#2422,#2459,#2496,#2533,#2570,#2607,#2644,#2672,#2718,#2755,#2792,#2829,#2866,#2897,#2928,#2965,#3002,#3039,#3076,#3113,#3141,#3172,#3477,#3508,#3548,#3588,#3619,#3659,#3690,#3721,#3752,#3792,#3832,#3872,#3912,#3943,#3974,#4005,#4036,#4067,#4098,#4122,#4162,#4202,#4233,#4273,#4304,#4335,#4366,#4406,#4437,#4461,#4483,#4514,#4545,#4562,#4602,#4642,#4666,#4697,#4728,#4759,#4781,#4821,#4852,#4869,#4891,#4913,#4944,#4961,#5001,#5041,#5072,#5103,#5134,#5165,#5187,#5227,#5258,#5275,#5297,#5328,#5359,#5376,#5407,#5429,#5460,#5491,#5522,#5544,#5566,#5588,#5619,#5641,#5663,#5685,#5716,#5740,#5762,#5779,#5796,#5836,#5876,#5907,#5938,#5969,#6000,#6031,#6071,#6102,#6119,#6141,#6163,#6194,#6211,#6251,#6291,#6315,#6346,#6377,#6408,#6430,#6470,#6501,#6518,#6540,#6571,#6602,#6619,#6650,#6672,#6703,#6725,#6756,#6778,#6800,#6822,#6972,#6983,#6999,#7140,#7153,#7164,#7178,#7189,#7202,#7213,#7227,#7238,#7252,#7265,#7277,#7308,#7348,#7388,#7419,#7459,#7490,#7521,#7552,#7592,#7632,#7672,#7712,#7743,#7774,#7805,#7836,#7867,#7898,#7922,#7962,#8002,#8033,#8073,#8104,#8135,#8166,#8206,#8237,#8261,#8283,#8314,#8345,#8362,#8402,#8442,#8466,#8497,#8528,#8559,#8581,#8621,#8652,#8669,#8691,#8713,#8744,#8761,#8801,#8841,#8872,#8903,#8934,#8965,#8987,#9027,#9058,#9075,#9097,#9128,#9159,#9176,#9207,#9229,#9260,#9291,#9322,#9344,#9366,#9388,#9419,#9441,#9463,#9485,#9516,#9540,#9562,#9579,#9596,#9636,#9676,#9707,#9738,#9769,#9800,#9831,#9871,#9902,#9919,#9941,#9963,#9994,#10011,#10051,#10091,#10115,#10146,#10177,#10208,#10230,#10270,#10301,#10318,#10340,#10371,#10402,#10419,#10450,#10472,#10503,#10525,#10556,#10578,#10600,#10622,#10772,#10783,#10799,#10940,#10953,#10964,#10978,#10989,#11002,#11013,#11027,#11038,#11052,#11065,#11077,#11099,#11116,#11129,#11146,#11163,#11185,#11202,#11214,#11226,#11238,#11250,#11262,#11279,#11296,#11313,#11330,#11342,#11355));
#11357=MANIFOLD_SOLID_BREP('Solid1',#11356);
#11358=COLOUR_RGB('Metal-Steel',0.639216005802155,0.639216005802155,0.686275005340576);
#11359=FILL_AREA_STYLE_COLOUR('Metal-Steel',#11358);
#11360=FILL_AREA_STYLE('Metal-Steel',(#11359));
#11361=SURFACE_STYLE_FILL_AREA(#11360);
#11362=SURFACE_SIDE_STYLE('Metal-Steel',(#11361));
#11363=SURFACE_STYLE_USAGE(.BOTH.,#11362);
#11364=PRESENTATION_STYLE_ASSIGNMENT((#11363));
#11365=STYLED_ITEM('',(#11364),#11357);
#11366=MECHANICAL_DESIGN_GEOMETRIC_PRESENTATION_REPRESENTATION('',(#11365),#36);
#11367=ADVANCED_BREP_SHAPE_REPRESENTATION('ABSR',(#11357),#36);
#11368=SHAPE_REPRESENTATION_RELATIONSHIP('SRR','None',#11367,#41);
ENDSEC;
END-ISO-10303-21;
